date,key,title,state,rank,reason,interpretation,confidence
2025-09-09,SP500,S&P500,확인 부족,-1,이력 부족: 0/252관측,현재 상태를 판단할 자료가 부족합니다.,확인 부족
2025-09-09,NASDAQ,Nasdaq,확인 부족,-1,이력 부족: 0/252관측,현재 상태를 판단할 자료가 부족합니다.,확인 부족
2025-09-09,RUSSELL,Russell 2000,정상,0,5일 +1.3% · 20일 +7.5% · 고점 대비 -2.5%,지표 고유의 상태와 다른 시장 영역의 동반 신호를 구분해 확인합니다.,낮음
2025-09-09,MA200,200일 이동평균 이격,확인 부족,-1,이력 부족: 0/200관측,현재 상태를 판단할 자료가 부족합니다.,확인 부족
2025-09-09,EW,동일가중 상대성과,정상,0,RSP가 SPY 대비 20일 +0.5%p · 5일 상대성과 -1.26%p,지표 고유의 상태와 다른 시장 영역의 동반 신호를 구분해 확인합니다.,낮음
2025-09-09,CAPE,CAPE,확인 부족,-1,이력 부족: 0/120관측,현재 상태를 판단할 자료가 부족합니다.,확인 부족
2025-09-09,ADV,상승 종목 비율,확인 부족,-1,이력 부족: 0/21관측,현재 상태를 판단할 자료가 부족합니다.,확인 부족
2025-09-09,ABOVE200,200DMA 위 종목 비율,확인 부족,-1,이력 부족: 0/21관측,현재 상태를 판단할 자료가 부족합니다.,확인 부족
2025-09-09,HILO,52주 신고가-신저가 비율,확인 부족,-1,이력 부족: 0/21관측,현재 상태를 판단할 자료가 부족합니다.,확인 부족
2025-09-09,EFFR,미국 기준금리,정상,0,20관측 +0bp · 유지 · EFFR 변화는 목표범위 결정 자체와 구분,금리 하락 또는 상대관계 변화을 관찰합니다. 물가·고용·신용의 동반 움직임으로 의미를 구분합니다.,낮음
2025-09-09,US3M,미국 3개월물 국채수익률,확인 부족,-1,이력 부족: 0/25관측,현재 상태를 판단할 자료가 부족합니다.,확인 부족
2025-09-09,US2Y,미국 2년물 국채수익률,확인 부족,-1,이력 부족: 0/25관측,현재 상태를 판단할 자료가 부족합니다.,확인 부족
2025-09-09,US10Y,미국 10년물 국채수익률,확인 부족,-1,이력 부족: 0/25관측,현재 상태를 판단할 자료가 부족합니다.,확인 부족
2025-09-09,US30Y,미국 30년물 국채수익률,확인 부족,-1,이력 부족: 0/25관측,현재 상태를 판단할 자료가 부족합니다.,확인 부족
2025-09-09,REAL10,미국 10년물 실질금리,확인 부족,-1,이력 부족: 0/25관측,현재 상태를 판단할 자료가 부족합니다.,확인 부족
2025-09-09,TERM,미국 10년물 기간프리미엄,정상,0,과거 504관측 대비 46.0백분위 · 20일 -7bp,금리 하락 또는 상대관계 변화을 관찰합니다. 물가·고용·신용의 동반 움직임으로 의미를 구분합니다.,낮음
2025-09-09,CURVE2,미국 10년물-2년물 금리차,확인 부족,-1,이력 부족: 0/22관측,현재 상태를 판단할 자료가 부족합니다.,확인 부족
2025-09-09,CURVE3,미국 10년물-3개월물 금리차,확인 부족,-1,이력 부족: 0/22관측,현재 상태를 판단할 자료가 부족합니다.,확인 부족
2025-09-09,CURVEFED,미국 10년물-기준금리 차,확인 부족,-1,이력 부족: 0/22관측,현재 상태를 판단할 자료가 부족합니다.,확인 부족
2025-09-09,VIX,VIX,정상,0,VIX 15.0 · 5일 -12.4% · 20일 +2.1% · 5일 -2.1포인트,지표 고유의 상태와 다른 시장 영역의 동반 신호를 구분해 확인합니다.,낮음
2025-09-09,VIXPOS,VIX 1년 위치,참고,0,과거 252관측 대비 14.7백분위,최근 분포에서의 위치입니다. 별도 위험 신호로 중복 집계하지 않습니다.,낮음
2025-09-09,HY,하이일드 OAS,안정,0,HY 2.87%p · 5일 -5bp · 20일 -3bp,지표 고유의 상태와 다른 시장 영역의 동반 신호를 구분해 확인합니다.,낮음
2025-09-09,BBB,BBB OAS,안정,0,BBB 1.01%p · 5일 -2bp · 20일 +3bp,지표 고유의 상태와 다른 시장 영역의 동반 신호를 구분해 확인합니다.,낮음
2025-09-09,HYPOS,HY 1년 위치,참고,0,과거 252관측 대비 40.5백분위,최근 분포에서의 위치입니다. 별도 위험 신호로 중복 집계하지 않습니다.,낮음
2025-09-09,UNEMP,미국 실업률,관찰,1,3개월 +0.30%p · Sahm 0.23%p,고용 약화 신호를 관찰합니다. 실업률과 Sahm은 같은 원자료여서 독립 증거로 중복 계산하지 않습니다.,낮음
2025-09-09,SAHM,Sahm Rule,정상,0,3개월 평균이 이전 12개월 저점 대비 0.23%p 상승,고용 약화 신호를 관찰합니다. 실업률과 Sahm은 같은 원자료여서 독립 증거로 중복 계산하지 않습니다.,낮음
2025-09-09,CLAIMS,신규실업수당 4주평균,확인 부족,-1,이력 부족: 0/55관측,현재 상태를 판단할 자료가 부족합니다.,확인 부족
2025-09-09,CPI,CPI,확인 부족,-1,이력 부족: 0/16관측,현재 상태를 판단할 자료가 부족합니다.,확인 부족
2025-09-09,CORECPI,근원 CPI,확인 부족,-1,이력 부족: 0/16관측,현재 상태를 판단할 자료가 부족합니다.,확인 부족
2025-09-09,COREPCE,근원 PCE,확인 부족,-1,이력 부족: 0/16관측,현재 상태를 판단할 자료가 부족합니다.,확인 부족
2025-09-09,DXY,달러지수,확인 부족,-1,이력 부족: 0/147관측,현재 상태를 판단할 자료가 부족합니다.,확인 부족
2025-09-09,USDKRW,달러/원,확인 부족,-1,이력 부족: 0/147관측,현재 상태를 판단할 자료가 부족합니다.,확인 부족
2025-09-09,USDJPY,달러/엔,확인 부족,-1,이력 부족: 0/147관측,현재 상태를 판단할 자료가 부족합니다.,확인 부족
2025-09-09,WTI,WTI,확인 부족,-1,이력 부족: 0/147관측,현재 상태를 판단할 자료가 부족합니다.,확인 부족
2025-09-09,GOLD,금,관찰,1,5일 +2.65% · 20일 +8.65% · 변동성 기준 75.4/95.4백분위,가격 움직임은 확인되지만 원인을 구분할 교차 근거가 충분하지 않습니다.,낮음
2025-09-09,SILVER,은,정상,0,5일 -0.47% · 20일 +8.54% · 변동성 기준 9.1/78.0백분위,금과 은이 함께 상승합니다. 귀금속 공통 흐름을 확인합니다.,낮음
2025-09-09,COPPER,구리,정상,0,5일 -1.50% · 20일 +1.75% · 변동성 기준 38.9/19.4백분위,가격 움직임은 확인되지만 원인을 구분할 교차 근거가 충분하지 않습니다.,낮음
2025-09-10,SP500,S&P500,확인 부족,-1,이력 부족: 0/252관측,현재 상태를 판단할 자료가 부족합니다.,확인 부족
2025-09-10,NASDAQ,Nasdaq,확인 부족,-1,이력 부족: 0/252관측,현재 상태를 판단할 자료가 부족합니다.,확인 부족
2025-09-10,RUSSELL,Russell 2000,정상,0,5일 +1.2% · 20일 +4.2% · 고점 대비 -2.6%,지표 고유의 상태와 다른 시장 영역의 동반 신호를 구분해 확인합니다.,낮음
2025-09-10,MA200,200일 이동평균 이격,확인 부족,-1,이력 부족: 0/200관측,현재 상태를 판단할 자료가 부족합니다.,확인 부족
2025-09-10,EW,동일가중 상대성과,정상,0,RSP가 SPY 대비 20일 -0.1%p · 5일 상대성과 -0.95%p,지표 고유의 상태와 다른 시장 영역의 동반 신호를 구분해 확인합니다.,낮음
2025-09-10,CAPE,CAPE,확인 부족,-1,이력 부족: 0/120관측,현재 상태를 판단할 자료가 부족합니다.,확인 부족
2025-09-10,ADV,상승 종목 비율,확인 부족,-1,이력 부족: 0/21관측,현재 상태를 판단할 자료가 부족합니다.,확인 부족
2025-09-10,ABOVE200,200DMA 위 종목 비율,확인 부족,-1,이력 부족: 0/21관측,현재 상태를 판단할 자료가 부족합니다.,확인 부족
2025-09-10,HILO,52주 신고가-신저가 비율,확인 부족,-1,이력 부족: 0/21관측,현재 상태를 판단할 자료가 부족합니다.,확인 부족
2025-09-10,EFFR,미국 기준금리,정상,0,20관측 +0bp · 유지 · EFFR 변화는 목표범위 결정 자체와 구분,금리 하락 또는 상대관계 변화을 관찰합니다. 물가·고용·신용의 동반 움직임으로 의미를 구분합니다.,낮음
2025-09-10,US3M,미국 3개월물 국채수익률,확인 부족,-1,이력 부족: 0/25관측,현재 상태를 판단할 자료가 부족합니다.,확인 부족
2025-09-10,US2Y,미국 2년물 국채수익률,확인 부족,-1,이력 부족: 0/25관측,현재 상태를 판단할 자료가 부족합니다.,확인 부족
2025-09-10,US10Y,미국 10년물 국채수익률,확인 부족,-1,이력 부족: 0/25관측,현재 상태를 판단할 자료가 부족합니다.,확인 부족
2025-09-10,US30Y,미국 30년물 국채수익률,확인 부족,-1,이력 부족: 0/25관측,현재 상태를 판단할 자료가 부족합니다.,확인 부족
2025-09-10,REAL10,미국 10년물 실질금리,확인 부족,-1,이력 부족: 0/25관측,현재 상태를 판단할 자료가 부족합니다.,확인 부족
2025-09-10,TERM,미국 10년물 기간프리미엄,정상,0,과거 504관측 대비 45.2백분위 · 20일 -8bp,금리 하락 또는 상대관계 변화을 관찰합니다. 물가·고용·신용의 동반 움직임으로 의미를 구분합니다.,낮음
2025-09-10,CURVE2,미국 10년물-2년물 금리차,확인 부족,-1,이력 부족: 0/22관측,현재 상태를 판단할 자료가 부족합니다.,확인 부족
2025-09-10,CURVE3,미국 10년물-3개월물 금리차,확인 부족,-1,이력 부족: 0/22관측,현재 상태를 판단할 자료가 부족합니다.,확인 부족
2025-09-10,CURVEFED,미국 10년물-기준금리 차,확인 부족,-1,이력 부족: 0/22관측,현재 상태를 판단할 자료가 부족합니다.,확인 부족
2025-09-10,VIX,VIX,정상,0,VIX 15.3 · 5일 -6.1% · 20일 +5.9% · 5일 -1.0포인트,지표 고유의 상태와 다른 시장 영역의 동반 신호를 구분해 확인합니다.,낮음
2025-09-10,VIXPOS,VIX 1년 위치,참고,0,과거 252관측 대비 19.6백분위,최근 분포에서의 위치입니다. 별도 위험 신호로 중복 집계하지 않습니다.,낮음
2025-09-10,HY,하이일드 OAS,안정,0,HY 2.84%p · 5일 -4bp · 20일 -5bp,지표 고유의 상태와 다른 시장 영역의 동반 신호를 구분해 확인합니다.,낮음
2025-09-10,BBB,BBB OAS,안정,0,BBB 1.00%p · 5일 -2bp · 20일 +3bp,지표 고유의 상태와 다른 시장 영역의 동반 신호를 구분해 확인합니다.,낮음
2025-09-10,HYPOS,HY 1년 위치,참고,0,과거 252관측 대비 34.5백분위,최근 분포에서의 위치입니다. 별도 위험 신호로 중복 집계하지 않습니다.,낮음
2025-09-10,UNEMP,미국 실업률,관찰,1,3개월 +0.30%p · Sahm 0.23%p,고용 약화 신호를 관찰합니다. 실업률과 Sahm은 같은 원자료여서 독립 증거로 중복 계산하지 않습니다.,낮음
2025-09-10,SAHM,Sahm Rule,정상,0,3개월 평균이 이전 12개월 저점 대비 0.23%p 상승,고용 약화 신호를 관찰합니다. 실업률과 Sahm은 같은 원자료여서 독립 증거로 중복 계산하지 않습니다.,낮음
2025-09-10,CLAIMS,신규실업수당 4주평균,확인 부족,-1,이력 부족: 0/55관측,현재 상태를 판단할 자료가 부족합니다.,확인 부족
2025-09-10,CPI,CPI,확인 부족,-1,이력 부족: 0/16관측,현재 상태를 판단할 자료가 부족합니다.,확인 부족
2025-09-10,CORECPI,근원 CPI,확인 부족,-1,이력 부족: 0/16관측,현재 상태를 판단할 자료가 부족합니다.,확인 부족
2025-09-10,COREPCE,근원 PCE,확인 부족,-1,이력 부족: 0/16관측,현재 상태를 판단할 자료가 부족합니다.,확인 부족
2025-09-10,DXY,달러지수,확인 부족,-1,이력 부족: 0/147관측,현재 상태를 판단할 자료가 부족합니다.,확인 부족
2025-09-10,USDKRW,달러/원,확인 부족,-1,이력 부족: 0/147관측,현재 상태를 판단할 자료가 부족합니다.,확인 부족
2025-09-10,USDJPY,달러/엔,확인 부족,-1,이력 부족: 0/147관측,현재 상태를 판단할 자료가 부족합니다.,확인 부족
2025-09-10,WTI,WTI,확인 부족,-1,이력 부족: 0/147관측,현재 상태를 판단할 자료가 부족합니다.,확인 부족
2025-09-10,GOLD,금,관찰,1,5일 +1.40% · 20일 +8.80% · 변동성 기준 48.4/95.6백분위,가격 움직임은 확인되지만 원인을 구분할 교차 근거가 충분하지 않습니다.,낮음
2025-09-10,SILVER,은,정상,0,5일 -0.98% · 20일 +8.53% · 변동성 기준 19.4/77.8백분위,금과 은이 함께 상승합니다. 귀금속 공통 흐름을 확인합니다.,낮음
2025-09-10,COPPER,구리,정상,0,5일 -0.19% · 20일 +0.92% · 변동성 기준 2.8/12.1백분위,가격 움직임은 확인되지만 원인을 구분할 교차 근거가 충분하지 않습니다.,낮음
2025-09-11,SP500,S&P500,확인 부족,-1,이력 부족: 0/252관측,현재 상태를 판단할 자료가 부족합니다.,확인 부족
2025-09-11,NASDAQ,Nasdaq,확인 부족,-1,이력 부족: 0/252관측,현재 상태를 판단할 자료가 부족합니다.,확인 부족
2025-09-11,RUSSELL,Russell 2000,정상,0,5일 +1.8% · 20일 +4.0% · 고점 대비 -0.8%,지표 고유의 상태와 다른 시장 영역의 동반 신호를 구분해 확인합니다.,낮음
2025-09-11,MA200,200일 이동평균 이격,확인 부족,-1,이력 부족: 0/200관측,현재 상태를 판단할 자료가 부족합니다.,확인 부족
2025-09-11,EW,동일가중 상대성과,정상,0,RSP가 SPY 대비 20일 -0.5%p · 5일 상대성과 -0.19%p,지표 고유의 상태와 다른 시장 영역의 동반 신호를 구분해 확인합니다.,낮음
2025-09-11,CAPE,CAPE,확인 부족,-1,이력 부족: 0/120관측,현재 상태를 판단할 자료가 부족합니다.,확인 부족
2025-09-11,ADV,상승 종목 비율,확인 부족,-1,이력 부족: 0/21관측,현재 상태를 판단할 자료가 부족합니다.,확인 부족
2025-09-11,ABOVE200,200DMA 위 종목 비율,확인 부족,-1,이력 부족: 0/21관측,현재 상태를 판단할 자료가 부족합니다.,확인 부족
2025-09-11,HILO,52주 신고가-신저가 비율,확인 부족,-1,이력 부족: 0/21관측,현재 상태를 판단할 자료가 부족합니다.,확인 부족
2025-09-11,EFFR,미국 기준금리,정상,0,20관측 +0bp · 유지 · EFFR 변화는 목표범위 결정 자체와 구분,금리 하락 또는 상대관계 변화을 관찰합니다. 물가·고용·신용의 동반 움직임으로 의미를 구분합니다.,낮음
2025-09-11,US3M,미국 3개월물 국채수익률,확인 부족,-1,이력 부족: 0/25관측,현재 상태를 판단할 자료가 부족합니다.,확인 부족
2025-09-11,US2Y,미국 2년물 국채수익률,확인 부족,-1,이력 부족: 0/25관측,현재 상태를 판단할 자료가 부족합니다.,확인 부족
2025-09-11,US10Y,미국 10년물 국채수익률,확인 부족,-1,이력 부족: 0/25관측,현재 상태를 판단할 자료가 부족합니다.,확인 부족
2025-09-11,US30Y,미국 30년물 국채수익률,확인 부족,-1,이력 부족: 0/25관측,현재 상태를 판단할 자료가 부족합니다.,확인 부족
2025-09-11,REAL10,미국 10년물 실질금리,확인 부족,-1,이력 부족: 0/25관측,현재 상태를 판단할 자료가 부족합니다.,확인 부족
2025-09-11,TERM,미국 10년물 기간프리미엄,정상,0,과거 504관측 대비 43.5백분위 · 20일 -7bp,금리 하락 또는 상대관계 변화을 관찰합니다. 물가·고용·신용의 동반 움직임으로 의미를 구분합니다.,낮음
2025-09-11,CURVE2,미국 10년물-2년물 금리차,확인 부족,-1,이력 부족: 0/22관측,현재 상태를 판단할 자료가 부족합니다.,확인 부족
2025-09-11,CURVE3,미국 10년물-3개월물 금리차,확인 부족,-1,이력 부족: 0/22관측,현재 상태를 판단할 자료가 부족합니다.,확인 부족
2025-09-11,CURVEFED,미국 10년물-기준금리 차,확인 부족,-1,이력 부족: 0/22관측,현재 상태를 판단할 자료가 부족합니다.,확인 부족
2025-09-11,VIX,VIX,안정,0,VIX 14.7 · 5일 -3.9% · 20일 -0.8% · 5일 -0.6포인트,지표 고유의 상태와 다른 시장 영역의 동반 신호를 구분해 확인합니다.,낮음
2025-09-11,VIXPOS,VIX 1년 위치,참고,0,과거 252관측 대비 9.3백분위,최근 분포에서의 위치입니다. 별도 위험 신호로 중복 집계하지 않습니다.,낮음
2025-09-11,HY,하이일드 OAS,안정,0,HY 2.78%p · 5일 -6bp · 20일 -10bp,지표 고유의 상태와 다른 시장 영역의 동반 신호를 구분해 확인합니다.,낮음
2025-09-11,BBB,BBB OAS,안정,0,BBB 0.98%p · 5일 -2bp · 20일 +2bp,지표 고유의 상태와 다른 시장 영역의 동반 신호를 구분해 확인합니다.,낮음
2025-09-11,HYPOS,HY 1년 위치,참고,0,과거 252관측 대비 25.0백분위,최근 분포에서의 위치입니다. 별도 위험 신호로 중복 집계하지 않습니다.,낮음
2025-09-11,UNEMP,미국 실업률,관찰,1,3개월 +0.30%p · Sahm 0.23%p,고용 약화 신호를 관찰합니다. 실업률과 Sahm은 같은 원자료여서 독립 증거로 중복 계산하지 않습니다.,낮음
2025-09-11,SAHM,Sahm Rule,정상,0,3개월 평균이 이전 12개월 저점 대비 0.23%p 상승,고용 약화 신호를 관찰합니다. 실업률과 Sahm은 같은 원자료여서 독립 증거로 중복 계산하지 않습니다.,낮음
2025-09-11,CLAIMS,신규실업수당 4주평균,확인 부족,-1,이력 부족: 0/55관측,현재 상태를 판단할 자료가 부족합니다.,확인 부족
2025-09-11,CPI,CPI,확인 부족,-1,이력 부족: 0/16관측,현재 상태를 판단할 자료가 부족합니다.,확인 부족
2025-09-11,CORECPI,근원 CPI,확인 부족,-1,이력 부족: 0/16관측,현재 상태를 판단할 자료가 부족합니다.,확인 부족
2025-09-11,COREPCE,근원 PCE,확인 부족,-1,이력 부족: 0/16관측,현재 상태를 판단할 자료가 부족합니다.,확인 부족
2025-09-11,DXY,달러지수,확인 부족,-1,이력 부족: 0/147관측,현재 상태를 판단할 자료가 부족합니다.,확인 부족
2025-09-11,USDKRW,달러/원,확인 부족,-1,이력 부족: 0/147관측,현재 상태를 판단할 자료가 부족합니다.,확인 부족
2025-09-11,USDJPY,달러/엔,확인 부족,-1,이력 부족: 0/147관측,현재 상태를 판단할 자료가 부족합니다.,확인 부족
2025-09-11,WTI,WTI,확인 부족,-1,이력 부족: 0/147관측,현재 상태를 판단할 자료가 부족합니다.,확인 부족
2025-09-11,GOLD,금,관찰,1,5일 +1.99% · 20일 +8.28% · 변동성 기준 64.5/94.4백분위,가격 움직임은 확인되지만 원인을 구분할 교차 근거가 충분하지 않습니다.,낮음
2025-09-11,SILVER,은,정상,0,5일 +1.92% · 20일 +8.31% · 변동성 기준 38.1/75.4백분위,금과 은이 함께 상승합니다. 귀금속 공통 흐름을 확인합니다.,낮음
2025-09-11,COPPER,구리,정상,0,5일 +2.28% · 20일 +2.42% · 변동성 기준 55.8/28.6백분위,가격 움직임은 확인되지만 원인을 구분할 교차 근거가 충분하지 않습니다.,낮음
2025-09-12,SP500,S&P500,확인 부족,-1,이력 부족: 0/252관측,현재 상태를 판단할 자료가 부족합니다.,확인 부족
2025-09-12,NASDAQ,Nasdaq,확인 부족,-1,이력 부족: 0/252관측,현재 상태를 판단할 자료가 부족합니다.,확인 부족
2025-09-12,RUSSELL,Russell 2000,정상,0,5일 +0.3% · 20일 +4.3% · 고점 대비 -1.8%,지표 고유의 상태와 다른 시장 영역의 동반 신호를 구분해 확인합니다.,낮음
2025-09-12,MA200,200일 이동평균 이격,확인 부족,-1,이력 부족: 0/200관측,현재 상태를 판단할 자료가 부족합니다.,확인 부족
2025-09-12,EW,동일가중 상대성과,정상,0,RSP가 SPY 대비 20일 -0.5%p · 5일 상대성과 -1.30%p,지표 고유의 상태와 다른 시장 영역의 동반 신호를 구분해 확인합니다.,낮음
2025-09-12,CAPE,CAPE,확인 부족,-1,이력 부족: 0/120관측,현재 상태를 판단할 자료가 부족합니다.,확인 부족
2025-09-12,ADV,상승 종목 비율,확인 부족,-1,이력 부족: 0/21관측,현재 상태를 판단할 자료가 부족합니다.,확인 부족
2025-09-12,ABOVE200,200DMA 위 종목 비율,확인 부족,-1,이력 부족: 0/21관측,현재 상태를 판단할 자료가 부족합니다.,확인 부족
2025-09-12,HILO,52주 신고가-신저가 비율,확인 부족,-1,이력 부족: 0/21관측,현재 상태를 판단할 자료가 부족합니다.,확인 부족
2025-09-12,EFFR,미국 기준금리,정상,0,20관측 +0bp · 유지 · EFFR 변화는 목표범위 결정 자체와 구분,금리 하락 또는 상대관계 변화을 관찰합니다. 물가·고용·신용의 동반 움직임으로 의미를 구분합니다.,낮음
2025-09-12,US3M,미국 3개월물 국채수익률,확인 부족,-1,이력 부족: 0/25관측,현재 상태를 판단할 자료가 부족합니다.,확인 부족
2025-09-12,US2Y,미국 2년물 국채수익률,확인 부족,-1,이력 부족: 0/25관측,현재 상태를 판단할 자료가 부족합니다.,확인 부족
2025-09-12,US10Y,미국 10년물 국채수익률,확인 부족,-1,이력 부족: 0/25관측,현재 상태를 판단할 자료가 부족합니다.,확인 부족
2025-09-12,US30Y,미국 30년물 국채수익률,확인 부족,-1,이력 부족: 0/25관측,현재 상태를 판단할 자료가 부족합니다.,확인 부족
2025-09-12,REAL10,미국 10년물 실질금리,확인 부족,-1,이력 부족: 0/25관측,현재 상태를 판단할 자료가 부족합니다.,확인 부족
2025-09-12,TERM,미국 10년물 기간프리미엄,정상,0,과거 504관측 대비 46.0백분위 · 20일 -7bp,금리 하락 또는 상대관계 변화을 관찰합니다. 물가·고용·신용의 동반 움직임으로 의미를 구분합니다.,낮음
2025-09-12,CURVE2,미국 10년물-2년물 금리차,확인 부족,-1,이력 부족: 0/22관측,현재 상태를 판단할 자료가 부족합니다.,확인 부족
2025-09-12,CURVE3,미국 10년물-3개월물 금리차,확인 부족,-1,이력 부족: 0/22관측,현재 상태를 판단할 자료가 부족합니다.,확인 부족
2025-09-12,CURVEFED,미국 10년물-기준금리 차,확인 부족,-1,이력 부족: 0/22관측,현재 상태를 판단할 자료가 부족합니다.,확인 부족
2025-09-12,VIX,VIX,안정,0,VIX 14.8 · 5일 -2.8% · 20일 -2.2% · 5일 -0.4포인트,지표 고유의 상태와 다른 시장 영역의 동반 신호를 구분해 확인합니다.,낮음
2025-09-12,VIXPOS,VIX 1년 위치,참고,0,과거 252관측 대비 10.7백분위,최근 분포에서의 위치입니다. 별도 위험 신호로 중복 집계하지 않습니다.,낮음
2025-09-12,HY,하이일드 OAS,안정,0,HY 2.79%p · 5일 -4bp · 20일 -9bp,지표 고유의 상태와 다른 시장 영역의 동반 신호를 구분해 확인합니다.,낮음
2025-09-12,BBB,BBB OAS,안정,0,BBB 0.97%p · 5일 -3bp · 20일 +1bp,지표 고유의 상태와 다른 시장 영역의 동반 신호를 구분해 확인합니다.,낮음
2025-09-12,HYPOS,HY 1년 위치,참고,0,과거 252관측 대비 26.4백분위,최근 분포에서의 위치입니다. 별도 위험 신호로 중복 집계하지 않습니다.,낮음
2025-09-12,UNEMP,미국 실업률,관찰,1,3개월 +0.30%p · Sahm 0.23%p,고용 약화 신호를 관찰합니다. 실업률과 Sahm은 같은 원자료여서 독립 증거로 중복 계산하지 않습니다.,낮음
2025-09-12,SAHM,Sahm Rule,정상,0,3개월 평균이 이전 12개월 저점 대비 0.23%p 상승,고용 약화 신호를 관찰합니다. 실업률과 Sahm은 같은 원자료여서 독립 증거로 중복 계산하지 않습니다.,낮음
2025-09-12,CLAIMS,신규실업수당 4주평균,확인 부족,-1,이력 부족: 0/55관측,현재 상태를 판단할 자료가 부족합니다.,확인 부족
2025-09-12,CPI,CPI,확인 부족,-1,이력 부족: 0/16관측,현재 상태를 판단할 자료가 부족합니다.,확인 부족
2025-09-12,CORECPI,근원 CPI,확인 부족,-1,이력 부족: 0/16관측,현재 상태를 판단할 자료가 부족합니다.,확인 부족
2025-09-12,COREPCE,근원 PCE,확인 부족,-1,이력 부족: 0/16관측,현재 상태를 판단할 자료가 부족합니다.,확인 부족
2025-09-12,DXY,달러지수,확인 부족,-1,이력 부족: 0/147관측,현재 상태를 판단할 자료가 부족합니다.,확인 부족
2025-09-12,USDKRW,달러/원,확인 부족,-1,이력 부족: 0/147관측,현재 상태를 판단할 자료가 부족합니다.,확인 부족
2025-09-12,USDJPY,달러/엔,확인 부족,-1,이력 부족: 0/147관측,현재 상태를 판단할 자료가 부족합니다.,확인 부족
2025-09-12,WTI,WTI,확인 부족,-1,이력 부족: 0/147관측,현재 상태를 판단할 자료가 부족합니다.,확인 부족
2025-09-12,GOLD,금,주의,2,5일 +1.00% · 20일 +9.42% · 변동성 기준 34.9/97.6백분위,가격 움직임은 확인되지만 원인을 구분할 교차 근거가 충분하지 않습니다.,낮음
2025-09-12,SILVER,은,관찰,1,5일 +3.20% · 20일 +11.60% · 변동성 기준 59.5/91.5백분위,금과 은이 함께 상승합니다. 귀금속 공통 흐름을 확인합니다.,낮음
2025-09-12,COPPER,구리,정상,0,5일 +2.36% · 20일 +2.78% · 변동성 기준 56.3/32.3백분위,가격 움직임은 확인되지만 원인을 구분할 교차 근거가 충분하지 않습니다.,낮음
2025-09-15,SP500,S&P500,확인 부족,-1,이력 부족: 0/252관측,현재 상태를 판단할 자료가 부족합니다.,확인 부족
2025-09-15,NASDAQ,Nasdaq,확인 부족,-1,이력 부족: 0/252관측,현재 상태를 판단할 자료가 부족합니다.,확인 부족
2025-09-15,RUSSELL,Russell 2000,정상,0,5일 +0.4% · 20일 +5.2% · 고점 대비 -1.5%,지표 고유의 상태와 다른 시장 영역의 동반 신호를 구분해 확인합니다.,낮음
2025-09-15,MA200,200일 이동평균 이격,확인 부족,-1,이력 부족: 0/200관측,현재 상태를 판단할 자료가 부족합니다.,확인 부족
2025-09-15,EW,동일가중 상대성과,정상,0,RSP가 SPY 대비 20일 -1.2%p · 5일 상대성과 -1.68%p,지표 고유의 상태와 다른 시장 영역의 동반 신호를 구분해 확인합니다.,낮음
2025-09-15,CAPE,CAPE,확인 부족,-1,이력 부족: 0/120관측,현재 상태를 판단할 자료가 부족합니다.,확인 부족
2025-09-15,ADV,상승 종목 비율,확인 부족,-1,이력 부족: 0/21관측,현재 상태를 판단할 자료가 부족합니다.,확인 부족
2025-09-15,ABOVE200,200DMA 위 종목 비율,확인 부족,-1,이력 부족: 0/21관측,현재 상태를 판단할 자료가 부족합니다.,확인 부족
2025-09-15,HILO,52주 신고가-신저가 비율,확인 부족,-1,이력 부족: 0/21관측,현재 상태를 판단할 자료가 부족합니다.,확인 부족
2025-09-15,EFFR,미국 기준금리,정상,0,20관측 +0bp · 유지 · EFFR 변화는 목표범위 결정 자체와 구분,금리 하락 또는 상대관계 변화을 관찰합니다. 물가·고용·신용의 동반 움직임으로 의미를 구분합니다.,낮음
2025-09-15,US3M,미국 3개월물 국채수익률,확인 부족,-1,이력 부족: 0/25관측,현재 상태를 판단할 자료가 부족합니다.,확인 부족
2025-09-15,US2Y,미국 2년물 국채수익률,확인 부족,-1,이력 부족: 0/25관측,현재 상태를 판단할 자료가 부족합니다.,확인 부족
2025-09-15,US10Y,미국 10년물 국채수익률,확인 부족,-1,이력 부족: 0/25관측,현재 상태를 판단할 자료가 부족합니다.,확인 부족
2025-09-15,US30Y,미국 30년물 국채수익률,확인 부족,-1,이력 부족: 0/25관측,현재 상태를 판단할 자료가 부족합니다.,확인 부족
2025-09-15,REAL10,미국 10년물 실질금리,확인 부족,-1,이력 부족: 0/25관측,현재 상태를 판단할 자료가 부족합니다.,확인 부족
2025-09-15,TERM,미국 10년물 기간프리미엄,정상,0,과거 504관측 대비 45.6백분위 · 20일 -9bp,금리 하락 또는 상대관계 변화을 관찰합니다. 물가·고용·신용의 동반 움직임으로 의미를 구분합니다.,낮음
2025-09-15,CURVE2,미국 10년물-2년물 금리차,확인 부족,-1,이력 부족: 0/22관측,현재 상태를 판단할 자료가 부족합니다.,확인 부족
2025-09-15,CURVE3,미국 10년물-3개월물 금리차,확인 부족,-1,이력 부족: 0/22관측,현재 상태를 판단할 자료가 부족합니다.,확인 부족
2025-09-15,CURVEFED,미국 10년물-기준금리 차,확인 부족,-1,이력 부족: 0/22관측,현재 상태를 판단할 자료가 부족합니다.,확인 부족
2025-09-15,VIX,VIX,정상,0,VIX 15.7 · 5일 +3.8% · 20일 +4.7% · 5일 +0.6포인트,지표 고유의 상태와 다른 시장 영역의 동반 신호를 구분해 확인합니다.,낮음
2025-09-15,VIXPOS,VIX 1년 위치,참고,0,과거 252관측 대비 26.0백분위,최근 분포에서의 위치입니다. 별도 위험 신호로 중복 집계하지 않습니다.,낮음
2025-09-15,HY,하이일드 OAS,안정,0,HY 2.75%p · 5일 -9bp · 20일 -15bp,지표 고유의 상태와 다른 시장 영역의 동반 신호를 구분해 확인합니다.,낮음
2025-09-15,BBB,BBB OAS,안정,0,BBB 0.95%p · 5일 -6bp · 20일 -2bp,지표 고유의 상태와 다른 시장 영역의 동반 신호를 구분해 확인합니다.,낮음
2025-09-15,HYPOS,HY 1년 위치,참고,0,과거 252관측 대비 23.4백분위,최근 분포에서의 위치입니다. 별도 위험 신호로 중복 집계하지 않습니다.,낮음
2025-09-15,UNEMP,미국 실업률,관찰,1,3개월 +0.30%p · Sahm 0.23%p,고용 약화 신호를 관찰합니다. 실업률과 Sahm은 같은 원자료여서 독립 증거로 중복 계산하지 않습니다.,낮음
2025-09-15,SAHM,Sahm Rule,정상,0,3개월 평균이 이전 12개월 저점 대비 0.23%p 상승,고용 약화 신호를 관찰합니다. 실업률과 Sahm은 같은 원자료여서 독립 증거로 중복 계산하지 않습니다.,낮음
2025-09-15,CLAIMS,신규실업수당 4주평균,확인 부족,-1,이력 부족: 0/55관측,현재 상태를 판단할 자료가 부족합니다.,확인 부족
2025-09-15,CPI,CPI,확인 부족,-1,이력 부족: 0/16관측,현재 상태를 판단할 자료가 부족합니다.,확인 부족
2025-09-15,CORECPI,근원 CPI,확인 부족,-1,이력 부족: 0/16관측,현재 상태를 판단할 자료가 부족합니다.,확인 부족
2025-09-15,COREPCE,근원 PCE,확인 부족,-1,이력 부족: 0/16관측,현재 상태를 판단할 자료가 부족합니다.,확인 부족
2025-09-15,DXY,달러지수,확인 부족,-1,이력 부족: 0/147관측,현재 상태를 판단할 자료가 부족합니다.,확인 부족
2025-09-15,USDKRW,달러/원,확인 부족,-1,이력 부족: 0/147관측,현재 상태를 판단할 자료가 부족합니다.,확인 부족
2025-09-15,USDJPY,달러/엔,확인 부족,-1,이력 부족: 0/147관측,현재 상태를 판단할 자료가 부족합니다.,확인 부족
2025-09-15,WTI,WTI,확인 부족,-1,이력 부족: 0/147관측,현재 상태를 판단할 자료가 부족합니다.,확인 부족
2025-09-15,GOLD,금,주의,2,5일 +1.21% · 20일 +10.38% · 변동성 기준 43.1/98.8백분위,가격 움직임은 확인되지만 원인을 구분할 교차 근거가 충분하지 않습니다.,낮음
2025-09-15,SILVER,은,관찰,1,5일 +2.63% · 20일 +12.20% · 변동성 기준 49.8/93.1백분위,금과 은이 함께 상승합니다. 귀금속 공통 흐름을 확인합니다.,낮음
2025-09-15,COPPER,구리,정상,0,5일 +3.67% · 20일 +3.96% · 변동성 기준 73.6/45.0백분위,가격 움직임은 확인되지만 원인을 구분할 교차 근거가 충분하지 않습니다.,낮음
2025-09-16,SP500,S&P500,확인 부족,-1,이력 부족: 0/252관측,현재 상태를 판단할 자료가 부족합니다.,확인 부족
2025-09-16,NASDAQ,Nasdaq,확인 부족,-1,이력 부족: 0/252관측,현재 상태를 판단할 자료가 부족합니다.,확인 부족
2025-09-16,RUSSELL,Russell 2000,정상,0,5일 +0.9% · 20일 +4.7% · 고점 대비 -1.6%,지표 고유의 상태와 다른 시장 영역의 동반 신호를 구분해 확인합니다.,낮음
2025-09-16,MA200,200일 이동평균 이격,확인 부족,-1,이력 부족: 0/200관측,현재 상태를 판단할 자료가 부족합니다.,확인 부족
2025-09-16,EW,동일가중 상대성과,정상,0,RSP가 SPY 대비 20일 -1.4%p · 5일 상대성과 -1.26%p,지표 고유의 상태와 다른 시장 영역의 동반 신호를 구분해 확인합니다.,낮음
2025-09-16,CAPE,CAPE,확인 부족,-1,이력 부족: 0/120관측,현재 상태를 판단할 자료가 부족합니다.,확인 부족
2025-09-16,ADV,상승 종목 비율,확인 부족,-1,이력 부족: 0/21관측,현재 상태를 판단할 자료가 부족합니다.,확인 부족
2025-09-16,ABOVE200,200DMA 위 종목 비율,확인 부족,-1,이력 부족: 0/21관측,현재 상태를 판단할 자료가 부족합니다.,확인 부족
2025-09-16,HILO,52주 신고가-신저가 비율,확인 부족,-1,이력 부족: 0/21관측,현재 상태를 판단할 자료가 부족합니다.,확인 부족
2025-09-16,EFFR,미국 기준금리,정상,0,20관측 +0bp · 유지 · EFFR 변화는 목표범위 결정 자체와 구분,금리 하락 또는 상대관계 변화을 관찰합니다. 물가·고용·신용의 동반 움직임으로 의미를 구분합니다.,낮음
2025-09-16,US3M,미국 3개월물 국채수익률,확인 부족,-1,이력 부족: 0/25관측,현재 상태를 판단할 자료가 부족합니다.,확인 부족
2025-09-16,US2Y,미국 2년물 국채수익률,확인 부족,-1,이력 부족: 0/25관측,현재 상태를 판단할 자료가 부족합니다.,확인 부족
2025-09-16,US10Y,미국 10년물 국채수익률,확인 부족,-1,이력 부족: 0/25관측,현재 상태를 판단할 자료가 부족합니다.,확인 부족
2025-09-16,US30Y,미국 30년물 국채수익률,확인 부족,-1,이력 부족: 0/25관측,현재 상태를 판단할 자료가 부족합니다.,확인 부족
2025-09-16,REAL10,미국 10년물 실질금리,확인 부족,-1,이력 부족: 0/25관측,현재 상태를 판단할 자료가 부족합니다.,확인 부족
2025-09-16,TERM,미국 10년물 기간프리미엄,정상,0,과거 504관측 대비 45.0백분위 · 20일 -10bp,금리 하락 또는 상대관계 변화을 관찰합니다. 물가·고용·신용의 동반 움직임으로 의미를 구분합니다.,낮음
2025-09-16,CURVE2,미국 10년물-2년물 금리차,확인 부족,-1,이력 부족: 0/22관측,현재 상태를 판단할 자료가 부족합니다.,확인 부족
2025-09-16,CURVE3,미국 10년물-3개월물 금리차,확인 부족,-1,이력 부족: 0/22관측,현재 상태를 판단할 자료가 부족합니다.,확인 부족
2025-09-16,CURVEFED,미국 10년물-기준금리 차,확인 부족,-1,이력 부족: 0/22관측,현재 상태를 판단할 자료가 부족합니다.,확인 부족
2025-09-16,VIX,VIX,정상,0,VIX 16.4 · 5일 +8.8% · 20일 +5.1% · 5일 +1.3포인트,지표 고유의 상태와 다른 시장 영역의 동반 신호를 구분해 확인합니다.,낮음
2025-09-16,VIXPOS,VIX 1년 위치,참고,0,과거 252관측 대비 35.3백분위,최근 분포에서의 위치입니다. 별도 위험 신호로 중복 집계하지 않습니다.,낮음
2025-09-16,HY,하이일드 OAS,안정,0,HY 2.79%p · 5일 -8bp · 20일 -15bp,지표 고유의 상태와 다른 시장 영역의 동반 신호를 구분해 확인합니다.,낮음
2025-09-16,BBB,BBB OAS,안정,0,BBB 0.96%p · 5일 -5bp · 20일 -2bp,지표 고유의 상태와 다른 시장 영역의 동반 신호를 구분해 확인합니다.,낮음
2025-09-16,HYPOS,HY 1년 위치,참고,0,과거 252관측 대비 27.0백분위,최근 분포에서의 위치입니다. 별도 위험 신호로 중복 집계하지 않습니다.,낮음
2025-09-16,UNEMP,미국 실업률,관찰,1,3개월 +0.30%p · Sahm 0.23%p,고용 약화 신호를 관찰합니다. 실업률과 Sahm은 같은 원자료여서 독립 증거로 중복 계산하지 않습니다.,낮음
2025-09-16,SAHM,Sahm Rule,정상,0,3개월 평균이 이전 12개월 저점 대비 0.23%p 상승,고용 약화 신호를 관찰합니다. 실업률과 Sahm은 같은 원자료여서 독립 증거로 중복 계산하지 않습니다.,낮음
2025-09-16,CLAIMS,신규실업수당 4주평균,확인 부족,-1,이력 부족: 0/55관측,현재 상태를 판단할 자료가 부족합니다.,확인 부족
2025-09-16,CPI,CPI,확인 부족,-1,이력 부족: 0/16관측,현재 상태를 판단할 자료가 부족합니다.,확인 부족
2025-09-16,CORECPI,근원 CPI,확인 부족,-1,이력 부족: 0/16관측,현재 상태를 판단할 자료가 부족합니다.,확인 부족
2025-09-16,COREPCE,근원 PCE,확인 부족,-1,이력 부족: 0/16관측,현재 상태를 판단할 자료가 부족합니다.,확인 부족
2025-09-16,DXY,달러지수,확인 부족,-1,이력 부족: 0/147관측,현재 상태를 판단할 자료가 부족합니다.,확인 부족
2025-09-16,USDKRW,달러/원,확인 부족,-1,이력 부족: 0/147관측,현재 상태를 판단할 자료가 부족합니다.,확인 부족
2025-09-16,USDJPY,달러/엔,확인 부족,-1,이력 부족: 0/147관측,현재 상태를 판단할 자료가 부족합니다.,확인 부족
2025-09-16,WTI,WTI,확인 부족,-1,이력 부족: 0/147관측,현재 상태를 판단할 자료가 부족합니다.,확인 부족
2025-09-16,GOLD,금,주의,2,5일 +1.25% · 20일 +10.72% · 변동성 기준 43.8/99.2백분위,가격 움직임은 확인되지만 원인을 구분할 교차 근거가 충분하지 않습니다.,낮음
2025-09-16,SILVER,은,관찰,1,5일 +3.90% · 20일 +11.91% · 변동성 기준 68.3/92.3백분위,금과 은이 함께 상승합니다. 귀금속 공통 흐름을 확인합니다.,낮음
2025-09-16,COPPER,구리,정상,0,5일 +2.93% · 20일 +3.95% · 변동성 기준 66.7/44.8백분위,가격 움직임은 확인되지만 원인을 구분할 교차 근거가 충분하지 않습니다.,낮음
2025-09-17,SP500,S&P500,확인 부족,-1,이력 부족: 0/252관측,현재 상태를 판단할 자료가 부족합니다.,확인 부족
2025-09-17,NASDAQ,Nasdaq,확인 부족,-1,이력 부족: 0/252관측,현재 상태를 판단할 자료가 부족합니다.,확인 부족
2025-09-17,RUSSELL,Russell 2000,정상,0,5일 +1.2% · 20일 +5.7% · 고점 대비 -1.4%,지표 고유의 상태와 다른 시장 영역의 동반 신호를 구분해 확인합니다.,낮음
2025-09-17,MA200,200일 이동평균 이격,확인 부족,-1,이력 부족: 0/200관측,현재 상태를 판단할 자료가 부족합니다.,확인 부족
2025-09-17,EW,동일가중 상대성과,관찰,1,RSP가 SPY 대비 20일 -2.2%p · 5일 상대성과 -0.65%p,지표 고유의 상태와 다른 시장 영역의 동반 신호를 구분해 확인합니다.,낮음
2025-09-17,CAPE,CAPE,확인 부족,-1,이력 부족: 0/120관측,현재 상태를 판단할 자료가 부족합니다.,확인 부족
2025-09-17,ADV,상승 종목 비율,확인 부족,-1,이력 부족: 0/21관측,현재 상태를 판단할 자료가 부족합니다.,확인 부족
2025-09-17,ABOVE200,200DMA 위 종목 비율,확인 부족,-1,이력 부족: 0/21관측,현재 상태를 판단할 자료가 부족합니다.,확인 부족
2025-09-17,HILO,52주 신고가-신저가 비율,확인 부족,-1,이력 부족: 0/21관측,현재 상태를 판단할 자료가 부족합니다.,확인 부족
2025-09-17,EFFR,미국 기준금리,정상,0,20관측 +0bp · 유지 · EFFR 변화는 목표범위 결정 자체와 구분,금리 하락 또는 상대관계 변화을 관찰합니다. 물가·고용·신용의 동반 움직임으로 의미를 구분합니다.,낮음
2025-09-17,US3M,미국 3개월물 국채수익률,확인 부족,-1,이력 부족: 0/25관측,현재 상태를 판단할 자료가 부족합니다.,확인 부족
2025-09-17,US2Y,미국 2년물 국채수익률,확인 부족,-1,이력 부족: 0/25관측,현재 상태를 판단할 자료가 부족합니다.,확인 부족
2025-09-17,US10Y,미국 10년물 국채수익률,확인 부족,-1,이력 부족: 0/25관측,현재 상태를 판단할 자료가 부족합니다.,확인 부족
2025-09-17,US30Y,미국 30년물 국채수익률,확인 부족,-1,이력 부족: 0/25관측,현재 상태를 판단할 자료가 부족합니다.,확인 부족
2025-09-17,REAL10,미국 10년물 실질금리,확인 부족,-1,이력 부족: 0/25관측,현재 상태를 판단할 자료가 부족합니다.,확인 부족
2025-09-17,TERM,미국 10년물 기간프리미엄,정상,0,과거 504관측 대비 47.4백분위 · 20일 -8bp,금리 하락 또는 상대관계 변화을 관찰합니다. 물가·고용·신용의 동반 움직임으로 의미를 구분합니다.,낮음
2025-09-17,CURVE2,미국 10년물-2년물 금리차,확인 부족,-1,이력 부족: 0/22관측,현재 상태를 판단할 자료가 부족합니다.,확인 부족
2025-09-17,CURVE3,미국 10년물-3개월물 금리차,확인 부족,-1,이력 부족: 0/22관측,현재 상태를 판단할 자료가 부족합니다.,확인 부족
2025-09-17,CURVEFED,미국 10년물-기준금리 차,확인 부족,-1,이력 부족: 0/22관측,현재 상태를 판단할 자료가 부족합니다.,확인 부족
2025-09-17,VIX,VIX,정상,0,VIX 15.7 · 5일 +2.4% · 20일 +0.2% · 5일 +0.4포인트,지표 고유의 상태와 다른 시장 영역의 동반 신호를 구분해 확인합니다.,낮음
2025-09-17,VIXPOS,VIX 1년 위치,참고,0,과거 252관측 대비 26.2백분위,최근 분포에서의 위치입니다. 별도 위험 신호로 중복 집계하지 않습니다.,낮음
2025-09-17,HY,하이일드 OAS,안정,0,HY 2.79%p · 5일 -5bp · 20일 -16bp,지표 고유의 상태와 다른 시장 영역의 동반 신호를 구분해 확인합니다.,낮음
2025-09-17,BBB,BBB OAS,안정,0,BBB 0.96%p · 5일 -4bp · 20일 -2bp,지표 고유의 상태와 다른 시장 영역의 동반 신호를 구분해 확인합니다.,낮음
2025-09-17,HYPOS,HY 1년 위치,참고,0,과거 252관측 대비 27.2백분위,최근 분포에서의 위치입니다. 별도 위험 신호로 중복 집계하지 않습니다.,낮음
2025-09-17,UNEMP,미국 실업률,관찰,1,3개월 +0.30%p · Sahm 0.23%p,고용 약화 신호를 관찰합니다. 실업률과 Sahm은 같은 원자료여서 독립 증거로 중복 계산하지 않습니다.,낮음
2025-09-17,SAHM,Sahm Rule,정상,0,3개월 평균이 이전 12개월 저점 대비 0.23%p 상승,고용 약화 신호를 관찰합니다. 실업률과 Sahm은 같은 원자료여서 독립 증거로 중복 계산하지 않습니다.,낮음
2025-09-17,CLAIMS,신규실업수당 4주평균,확인 부족,-1,이력 부족: 0/55관측,현재 상태를 판단할 자료가 부족합니다.,확인 부족
2025-09-17,CPI,CPI,확인 부족,-1,이력 부족: 0/16관측,현재 상태를 판단할 자료가 부족합니다.,확인 부족
2025-09-17,CORECPI,근원 CPI,확인 부족,-1,이력 부족: 0/16관측,현재 상태를 판단할 자료가 부족합니다.,확인 부족
2025-09-17,COREPCE,근원 PCE,확인 부족,-1,이력 부족: 0/16관측,현재 상태를 판단할 자료가 부족합니다.,확인 부족
2025-09-17,DXY,달러지수,확인 부족,-1,이력 부족: 0/147관측,현재 상태를 판단할 자료가 부족합니다.,확인 부족
2025-09-17,USDKRW,달러/원,확인 부족,-1,이력 부족: 0/147관측,현재 상태를 판단할 자료가 부족합니다.,확인 부족
2025-09-17,USDJPY,달러/엔,확인 부족,-1,이력 부족: 0/147관측,현재 상태를 판단할 자료가 부족합니다.,확인 부족
2025-09-17,WTI,WTI,확인 부족,-1,이력 부족: 0/147관측,현재 상태를 판단할 자료가 부족합니다.,확인 부족
2025-09-17,GOLD,금,주의,2,5일 +1.05% · 20일 +11.12% · 변동성 기준 37.1/99.2백분위,가격 움직임은 확인되지만 원인을 구분할 교차 근거가 충분하지 않습니다.,낮음
2025-09-17,SILVER,은,관찰,1,5일 +1.43% · 20일 +11.97% · 변동성 기준 27.2/92.5백분위,금과 은이 함께 상승합니다. 귀금속 공통 흐름을 확인합니다.,낮음
2025-09-17,COPPER,구리,정상,0,5일 +0.46% · 20일 +3.67% · 변동성 기준 11.7/40.7백분위,가격 움직임은 확인되지만 원인을 구분할 교차 근거가 충분하지 않습니다.,낮음
2025-09-18,SP500,S&P500,확인 부족,-1,이력 부족: 0/252관측,현재 상태를 판단할 자료가 부족합니다.,확인 부족
2025-09-18,NASDAQ,Nasdaq,확인 부족,-1,이력 부족: 0/252관측,현재 상태를 판단할 자료가 부족합니다.,확인 부족
2025-09-18,RUSSELL,Russell 2000,정상,0,5일 +1.9% · 20일 +8.7% · 고점 대비 0.0%,지표 고유의 상태와 다른 시장 영역의 동반 신호를 구분해 확인합니다.,낮음
2025-09-18,MA200,200일 이동평균 이격,확인 부족,-1,이력 부족: 0/200관측,현재 상태를 판단할 자료가 부족합니다.,확인 부족
2025-09-18,EW,동일가중 상대성과,관찰,1,RSP가 SPY 대비 20일 -2.2%p · 5일 상대성과 -1.12%p,지표 고유의 상태와 다른 시장 영역의 동반 신호를 구분해 확인합니다.,낮음
2025-09-18,CAPE,CAPE,확인 부족,-1,이력 부족: 0/120관측,현재 상태를 판단할 자료가 부족합니다.,확인 부족
2025-09-18,ADV,상승 종목 비율,확인 부족,-1,이력 부족: 0/21관측,현재 상태를 판단할 자료가 부족합니다.,확인 부족
2025-09-18,ABOVE200,200DMA 위 종목 비율,확인 부족,-1,이력 부족: 0/21관측,현재 상태를 판단할 자료가 부족합니다.,확인 부족
2025-09-18,HILO,52주 신고가-신저가 비율,확인 부족,-1,이력 부족: 0/21관측,현재 상태를 판단할 자료가 부족합니다.,확인 부족
2025-09-18,EFFR,미국 기준금리,관찰,1,20관측 -25bp · 인하 · EFFR 변화는 목표범위 결정 자체와 구분,금리 하락 또는 상대관계 변화을 관찰합니다. 물가·고용·신용의 동반 움직임으로 의미를 구분합니다.,낮음
2025-09-18,US3M,미국 3개월물 국채수익률,확인 부족,-1,이력 부족: 0/25관측,현재 상태를 판단할 자료가 부족합니다.,확인 부족
2025-09-18,US2Y,미국 2년물 국채수익률,확인 부족,-1,이력 부족: 0/25관측,현재 상태를 판단할 자료가 부족합니다.,확인 부족
2025-09-18,US10Y,미국 10년물 국채수익률,확인 부족,-1,이력 부족: 0/25관측,현재 상태를 판단할 자료가 부족합니다.,확인 부족
2025-09-18,US30Y,미국 30년물 국채수익률,확인 부족,-1,이력 부족: 0/25관측,현재 상태를 판단할 자료가 부족합니다.,확인 부족
2025-09-18,REAL10,미국 10년물 실질금리,확인 부족,-1,이력 부족: 0/25관측,현재 상태를 판단할 자료가 부족합니다.,확인 부족
2025-09-18,TERM,미국 10년물 기간프리미엄,정상,0,과거 504관측 대비 51.0백분위 · 20일 -5bp,금리 하락 또는 상대관계 변화을 관찰합니다. 물가·고용·신용의 동반 움직임으로 의미를 구분합니다.,낮음
2025-09-18,CURVE2,미국 10년물-2년물 금리차,확인 부족,-1,이력 부족: 0/22관측,현재 상태를 판단할 자료가 부족합니다.,확인 부족
2025-09-18,CURVE3,미국 10년물-3개월물 금리차,확인 부족,-1,이력 부족: 0/22관측,현재 상태를 판단할 자료가 부족합니다.,확인 부족
2025-09-18,CURVEFED,미국 10년물-기준금리 차,확인 부족,-1,이력 부족: 0/22관측,현재 상태를 판단할 자료가 부족합니다.,확인 부족
2025-09-18,VIX,VIX,정상,0,VIX 15.7 · 5일 +6.7% · 20일 -5.4% · 5일 +1.0포인트,지표 고유의 상태와 다른 시장 영역의 동반 신호를 구분해 확인합니다.,낮음
2025-09-18,VIXPOS,VIX 1년 위치,참고,0,과거 252관측 대비 25.8백분위,최근 분포에서의 위치입니다. 별도 위험 신호로 중복 집계하지 않습니다.,낮음
2025-09-18,HY,하이일드 OAS,안정,0,HY 2.71%p · 5일 -7bp · 20일 -17bp,지표 고유의 상태와 다른 시장 영역의 동반 신호를 구분해 확인합니다.,낮음
2025-09-18,BBB,BBB OAS,안정,0,BBB 0.94%p · 5일 -4bp · 20일 -3bp,지표 고유의 상태와 다른 시장 영역의 동반 신호를 구분해 확인합니다.,낮음
2025-09-18,HYPOS,HY 1년 위치,참고,0,과거 252관측 대비 18.8백분위,최근 분포에서의 위치입니다. 별도 위험 신호로 중복 집계하지 않습니다.,낮음
2025-09-18,UNEMP,미국 실업률,관찰,1,3개월 +0.30%p · Sahm 0.23%p,고용 약화 신호를 관찰합니다. 실업률과 Sahm은 같은 원자료여서 독립 증거로 중복 계산하지 않습니다.,낮음
2025-09-18,SAHM,Sahm Rule,정상,0,3개월 평균이 이전 12개월 저점 대비 0.23%p 상승,고용 약화 신호를 관찰합니다. 실업률과 Sahm은 같은 원자료여서 독립 증거로 중복 계산하지 않습니다.,낮음
2025-09-18,CLAIMS,신규실업수당 4주평균,확인 부족,-1,이력 부족: 0/55관측,현재 상태를 판단할 자료가 부족합니다.,확인 부족
2025-09-18,CPI,CPI,확인 부족,-1,이력 부족: 0/16관측,현재 상태를 판단할 자료가 부족합니다.,확인 부족
2025-09-18,CORECPI,근원 CPI,확인 부족,-1,이력 부족: 0/16관측,현재 상태를 판단할 자료가 부족합니다.,확인 부족
2025-09-18,COREPCE,근원 PCE,확인 부족,-1,이력 부족: 0/16관측,현재 상태를 판단할 자료가 부족합니다.,확인 부족
2025-09-18,DXY,달러지수,확인 부족,-1,이력 부족: 0/147관측,현재 상태를 판단할 자료가 부족합니다.,확인 부족
2025-09-18,USDKRW,달러/원,확인 부족,-1,이력 부족: 0/147관측,현재 상태를 판단할 자료가 부족합니다.,확인 부족
2025-09-18,USDJPY,달러/엔,확인 부족,-1,이력 부족: 0/147관측,현재 상태를 판단할 자료가 부족합니다.,확인 부족
2025-09-18,WTI,WTI,확인 부족,-1,이력 부족: 0/147관측,현재 상태를 판단할 자료가 부족합니다.,확인 부족
2025-09-18,GOLD,금,관찰,1,5일 +0.19% · 20일 +8.98% · 변동성 기준 6.5/96.2백분위,가격 움직임은 확인되지만 원인을 구분할 교차 근거가 충분하지 않습니다.,낮음
2025-09-18,SILVER,은,정상,0,5일 +0.02% · 20일 +10.61% · 변동성 기준 1.0/87.9백분위,금과 은이 함께 상승합니다. 귀금속 공통 흐름을 확인합니다.,낮음
2025-09-18,COPPER,구리,정상,0,5일 -1.08% · 20일 +2.60% · 변동성 기준 28.4/29.8백분위,가격 움직임은 확인되지만 원인을 구분할 교차 근거가 충분하지 않습니다.,낮음
2025-09-19,SP500,S&P500,확인 부족,-1,이력 부족: 0/252관측,현재 상태를 판단할 자료가 부족합니다.,확인 부족
2025-09-19,NASDAQ,Nasdaq,확인 부족,-1,이력 부족: 0/252관측,현재 상태를 판단할 자료가 부족합니다.,확인 부족
2025-09-19,RUSSELL,Russell 2000,정상,0,5일 +2.2% · 20일 +7.7% · 고점 대비 -0.8%,지표 고유의 상태와 다른 시장 영역의 동반 신호를 구분해 확인합니다.,낮음
2025-09-19,MA200,200일 이동평균 이격,확인 부족,-1,이력 부족: 0/200관측,현재 상태를 판단할 자료가 부족합니다.,확인 부족
2025-09-19,EW,동일가중 상대성과,관찰,1,RSP가 SPY 대비 20일 -2.6%p · 5일 상대성과 -0.82%p,지표 고유의 상태와 다른 시장 영역의 동반 신호를 구분해 확인합니다.,낮음
2025-09-19,CAPE,CAPE,확인 부족,-1,이력 부족: 0/120관측,현재 상태를 판단할 자료가 부족합니다.,확인 부족
2025-09-19,ADV,상승 종목 비율,확인 부족,-1,이력 부족: 0/21관측,현재 상태를 판단할 자료가 부족합니다.,확인 부족
2025-09-19,ABOVE200,200DMA 위 종목 비율,확인 부족,-1,이력 부족: 0/21관측,현재 상태를 판단할 자료가 부족합니다.,확인 부족
2025-09-19,HILO,52주 신고가-신저가 비율,확인 부족,-1,이력 부족: 0/21관측,현재 상태를 판단할 자료가 부족합니다.,확인 부족
2025-09-19,EFFR,미국 기준금리,관찰,1,20관측 -25bp · 인하 · EFFR 변화는 목표범위 결정 자체와 구분,금리 하락 또는 상대관계 변화을 관찰합니다. 물가·고용·신용의 동반 움직임으로 의미를 구분합니다.,낮음
2025-09-19,US3M,미국 3개월물 국채수익률,확인 부족,-1,이력 부족: 0/25관측,현재 상태를 판단할 자료가 부족합니다.,확인 부족
2025-09-19,US2Y,미국 2년물 국채수익률,확인 부족,-1,이력 부족: 0/25관측,현재 상태를 판단할 자료가 부족합니다.,확인 부족
2025-09-19,US10Y,미국 10년물 국채수익률,확인 부족,-1,이력 부족: 0/25관측,현재 상태를 판단할 자료가 부족합니다.,확인 부족
2025-09-19,US30Y,미국 30년물 국채수익률,확인 부족,-1,이력 부족: 0/25관측,현재 상태를 판단할 자료가 부족합니다.,확인 부족
2025-09-19,REAL10,미국 10년물 실질금리,확인 부족,-1,이력 부족: 0/25관측,현재 상태를 판단할 자료가 부족합니다.,확인 부족
2025-09-19,TERM,미국 10년물 기간프리미엄,정상,0,과거 504관측 대비 55.2백분위 · 20일 -5bp,금리 하락 또는 상대관계 변화을 관찰합니다. 물가·고용·신용의 동반 움직임으로 의미를 구분합니다.,낮음
2025-09-19,CURVE2,미국 10년물-2년물 금리차,확인 부족,-1,이력 부족: 0/22관측,현재 상태를 판단할 자료가 부족합니다.,확인 부족
2025-09-19,CURVE3,미국 10년물-3개월물 금리차,확인 부족,-1,이력 부족: 0/22관측,현재 상태를 판단할 자료가 부족합니다.,확인 부족
2025-09-19,CURVEFED,미국 10년물-기준금리 차,확인 부족,-1,이력 부족: 0/22관측,현재 상태를 판단할 자료가 부족합니다.,확인 부족
2025-09-19,VIX,VIX,정상,0,VIX 15.4 · 5일 +4.7% · 20일 +8.6% · 5일 +0.7포인트,지표 고유의 상태와 다른 시장 영역의 동반 신호를 구분해 확인합니다.,낮음
2025-09-19,VIXPOS,VIX 1년 위치,참고,0,과거 252관측 대비 22.6백분위,최근 분포에서의 위치입니다. 별도 위험 신호로 중복 집계하지 않습니다.,낮음
2025-09-19,HY,하이일드 OAS,안정,0,HY 2.72%p · 5일 -7bp · 20일 -8bp,지표 고유의 상태와 다른 시장 영역의 동반 신호를 구분해 확인합니다.,낮음
2025-09-19,BBB,BBB OAS,안정,0,BBB 0.93%p · 5일 -4bp · 20일 -3bp,지표 고유의 상태와 다른 시장 영역의 동반 신호를 구분해 확인합니다.,낮음
2025-09-19,HYPOS,HY 1년 위치,참고,0,과거 252관측 대비 20.2백분위,최근 분포에서의 위치입니다. 별도 위험 신호로 중복 집계하지 않습니다.,낮음
2025-09-19,UNEMP,미국 실업률,관찰,1,3개월 +0.30%p · Sahm 0.23%p,고용 약화 신호를 관찰합니다. 실업률과 Sahm은 같은 원자료여서 독립 증거로 중복 계산하지 않습니다.,낮음
2025-09-19,SAHM,Sahm Rule,정상,0,3개월 평균이 이전 12개월 저점 대비 0.23%p 상승,고용 약화 신호를 관찰합니다. 실업률과 Sahm은 같은 원자료여서 독립 증거로 중복 계산하지 않습니다.,낮음
2025-09-19,CLAIMS,신규실업수당 4주평균,확인 부족,-1,이력 부족: 0/55관측,현재 상태를 판단할 자료가 부족합니다.,확인 부족
2025-09-19,CPI,CPI,확인 부족,-1,이력 부족: 0/16관측,현재 상태를 판단할 자료가 부족합니다.,확인 부족
2025-09-19,CORECPI,근원 CPI,확인 부족,-1,이력 부족: 0/16관측,현재 상태를 판단할 자료가 부족합니다.,확인 부족
2025-09-19,COREPCE,근원 PCE,확인 부족,-1,이력 부족: 0/16관측,현재 상태를 판단할 자료가 부족합니다.,확인 부족
2025-09-19,DXY,달러지수,확인 부족,-1,이력 부족: 0/147관측,현재 상태를 판단할 자료가 부족합니다.,확인 부족
2025-09-19,USDKRW,달러/원,확인 부족,-1,이력 부족: 0/147관측,현재 상태를 판단할 자료가 부족합니다.,확인 부족
2025-09-19,USDJPY,달러/엔,확인 부족,-1,이력 부족: 0/147관측,현재 상태를 판단할 자료가 부족합니다.,확인 부족
2025-09-19,WTI,WTI,확인 부족,-1,이력 부족: 0/147관측,현재 상태를 판단할 자료가 부족합니다.,확인 부족
2025-09-19,GOLD,금,주의,2,5일 +0.61% · 20일 +10.03% · 변동성 기준 20.8/98.0백분위,가격 움직임은 확인되지만 원인을 구분할 교차 근거가 충분하지 않습니다.,낮음
2025-09-19,SILVER,은,관찰,1,5일 +0.35% · 20일 +11.86% · 변동성 기준 7.1/91.9백분위,금과 은이 함께 상승합니다. 귀금속 공통 흐름을 확인합니다.,낮음
2025-09-19,COPPER,구리,정상,0,5일 -0.42% · 20일 +3.10% · 변동성 기준 10.7/35.1백분위,가격 움직임은 확인되지만 원인을 구분할 교차 근거가 충분하지 않습니다.,낮음
2025-09-22,SP500,S&P500,확인 부족,-1,이력 부족: 0/252관측,현재 상태를 판단할 자료가 부족합니다.,확인 부족
2025-09-22,NASDAQ,Nasdaq,확인 부족,-1,이력 부족: 0/252관측,현재 상태를 판단할 자료가 부족합니다.,확인 부족
2025-09-22,RUSSELL,Russell 2000,정상,0,5일 +2.4% · 20일 +4.3% · 고점 대비 -0.2%,지표 고유의 상태와 다른 시장 영역의 동반 신호를 구분해 확인합니다.,낮음
2025-09-22,MA200,200일 이동평균 이격,확인 부족,-1,이력 부족: 0/200관측,현재 상태를 판단할 자료가 부족합니다.,확인 부족
2025-09-22,EW,동일가중 상대성과,관찰,1,RSP가 SPY 대비 20일 -3.9%p · 5일 상대성과 -0.98%p,지표 고유의 상태와 다른 시장 영역의 동반 신호를 구분해 확인합니다.,낮음
2025-09-22,CAPE,CAPE,확인 부족,-1,이력 부족: 0/120관측,현재 상태를 판단할 자료가 부족합니다.,확인 부족
2025-09-22,ADV,상승 종목 비율,확인 부족,-1,이력 부족: 0/21관측,현재 상태를 판단할 자료가 부족합니다.,확인 부족
2025-09-22,ABOVE200,200DMA 위 종목 비율,확인 부족,-1,이력 부족: 0/21관측,현재 상태를 판단할 자료가 부족합니다.,확인 부족
2025-09-22,HILO,52주 신고가-신저가 비율,확인 부족,-1,이력 부족: 0/21관측,현재 상태를 판단할 자료가 부족합니다.,확인 부족
2025-09-22,EFFR,미국 기준금리,정상,0,20관측 -24bp · 인하 · EFFR 변화는 목표범위 결정 자체와 구분,금리 하락 또는 상대관계 변화을 관찰합니다. 물가·고용·신용의 동반 움직임으로 의미를 구분합니다.,낮음
2025-09-22,US3M,미국 3개월물 국채수익률,확인 부족,-1,이력 부족: 0/25관측,현재 상태를 판단할 자료가 부족합니다.,확인 부족
2025-09-22,US2Y,미국 2년물 국채수익률,확인 부족,-1,이력 부족: 0/25관측,현재 상태를 판단할 자료가 부족합니다.,확인 부족
2025-09-22,US10Y,미국 10년물 국채수익률,확인 부족,-1,이력 부족: 0/25관측,현재 상태를 판단할 자료가 부족합니다.,확인 부족
2025-09-22,US30Y,미국 30년물 국채수익률,확인 부족,-1,이력 부족: 0/25관측,현재 상태를 판단할 자료가 부족합니다.,확인 부족
2025-09-22,REAL10,미국 10년물 실질금리,확인 부족,-1,이력 부족: 0/25관측,현재 상태를 판단할 자료가 부족합니다.,확인 부족
2025-09-22,TERM,미국 10년물 기간프리미엄,정상,0,과거 504관측 대비 58.1백분위 · 20일 -1bp,금리 하락 또는 상대관계 변화을 관찰합니다. 물가·고용·신용의 동반 움직임으로 의미를 구분합니다.,낮음
2025-09-22,CURVE2,미국 10년물-2년물 금리차,확인 부족,-1,이력 부족: 0/22관측,현재 상태를 판단할 자료가 부족합니다.,확인 부족
2025-09-22,CURVE3,미국 10년물-3개월물 금리차,확인 부족,-1,이력 부족: 0/22관측,현재 상태를 판단할 자료가 부족합니다.,확인 부족
2025-09-22,CURVEFED,미국 10년물-기준금리 차,확인 부족,-1,이력 부족: 0/22관측,현재 상태를 판단할 자료가 부족합니다.,확인 부족
2025-09-22,VIX,VIX,정상,0,VIX 16.1 · 5일 +2.6% · 20일 +8.9% · 5일 +0.4포인트,지표 고유의 상태와 다른 시장 영역의 동반 신호를 구분해 확인합니다.,낮음
2025-09-22,VIXPOS,VIX 1년 위치,참고,0,과거 252관측 대비 31.7백분위,최근 분포에서의 위치입니다. 별도 위험 신호로 중복 집계하지 않습니다.,낮음
2025-09-22,HY,하이일드 OAS,안정,0,HY 2.69%p · 5일 -6bp · 20일 -9bp,지표 고유의 상태와 다른 시장 영역의 동반 신호를 구분해 확인합니다.,낮음
2025-09-22,BBB,BBB OAS,안정,0,BBB 0.93%p · 5일 -2bp · 20일 -5bp,지표 고유의 상태와 다른 시장 영역의 동반 신호를 구분해 확인합니다.,낮음
2025-09-22,HYPOS,HY 1년 위치,참고,0,과거 252관측 대비 17.7백분위,최근 분포에서의 위치입니다. 별도 위험 신호로 중복 집계하지 않습니다.,낮음
2025-09-22,UNEMP,미국 실업률,관찰,1,3개월 +0.30%p · Sahm 0.23%p,고용 약화 신호를 관찰합니다. 실업률과 Sahm은 같은 원자료여서 독립 증거로 중복 계산하지 않습니다.,낮음
2025-09-22,SAHM,Sahm Rule,정상,0,3개월 평균이 이전 12개월 저점 대비 0.23%p 상승,고용 약화 신호를 관찰합니다. 실업률과 Sahm은 같은 원자료여서 독립 증거로 중복 계산하지 않습니다.,낮음
2025-09-22,CLAIMS,신규실업수당 4주평균,확인 부족,-1,이력 부족: 0/55관측,현재 상태를 판단할 자료가 부족합니다.,확인 부족
2025-09-22,CPI,CPI,확인 부족,-1,이력 부족: 0/16관측,현재 상태를 판단할 자료가 부족합니다.,확인 부족
2025-09-22,CORECPI,근원 CPI,확인 부족,-1,이력 부족: 0/16관측,현재 상태를 판단할 자료가 부족합니다.,확인 부족
2025-09-22,COREPCE,근원 PCE,확인 부족,-1,이력 부족: 0/16관측,현재 상태를 판단할 자료가 부족합니다.,확인 부족
2025-09-22,DXY,달러지수,확인 부족,-1,이력 부족: 0/147관측,현재 상태를 판단할 자료가 부족합니다.,확인 부족
2025-09-22,USDKRW,달러/원,확인 부족,-1,이력 부족: 0/147관측,현재 상태를 판단할 자료가 부족합니다.,확인 부족
2025-09-22,USDJPY,달러/엔,확인 부족,-1,이력 부족: 0/147관측,현재 상태를 판단할 자료가 부족합니다.,확인 부족
2025-09-22,WTI,WTI,확인 부족,-1,이력 부족: 0/147관측,현재 상태를 판단할 자료가 부족합니다.,확인 부족
2025-09-22,GOLD,금,주의,2,5일 +1.59% · 20일 +10.86% · 변동성 기준 54.0/99.0백분위,가격 움직임은 확인되지만 원인을 구분할 교차 근거가 충분하지 않습니다.,낮음
2025-09-22,SILVER,은,관찰,1,5일 +3.02% · 20일 +12.30% · 변동성 기준 54.8/93.8백분위,금과 은이 함께 상승합니다. 귀금속 공통 흐름을 확인합니다.,낮음
2025-09-22,COPPER,구리,정상,0,5일 -1.77% · 20일 +2.82% · 변동성 기준 46.2/32.5백분위,가격 움직임은 확인되지만 원인을 구분할 교차 근거가 충분하지 않습니다.,낮음
2025-09-23,SP500,S&P500,확인 부족,-1,이력 부족: 0/252관측,현재 상태를 판단할 자료가 부족합니다.,확인 부족
2025-09-23,NASDAQ,Nasdaq,확인 부족,-1,이력 부족: 0/252관측,현재 상태를 판단할 자료가 부족합니다.,확인 부족
2025-09-23,RUSSELL,Russell 2000,정상,0,5일 +2.3% · 20일 +5.1% · 고점 대비 -0.4%,지표 고유의 상태와 다른 시장 영역의 동반 신호를 구분해 확인합니다.,낮음
2025-09-23,MA200,200일 이동평균 이격,확인 부족,-1,이력 부족: 0/200관측,현재 상태를 판단할 자료가 부족합니다.,확인 부족
2025-09-23,EW,동일가중 상대성과,관찰,1,RSP가 SPY 대비 20일 -2.9%p · 5일 상대성과 -0.18%p,지표 고유의 상태와 다른 시장 영역의 동반 신호를 구분해 확인합니다.,낮음
2025-09-23,CAPE,CAPE,확인 부족,-1,이력 부족: 0/120관측,현재 상태를 판단할 자료가 부족합니다.,확인 부족
2025-09-23,ADV,상승 종목 비율,확인 부족,-1,이력 부족: 0/21관측,현재 상태를 판단할 자료가 부족합니다.,확인 부족
2025-09-23,ABOVE200,200DMA 위 종목 비율,확인 부족,-1,이력 부족: 0/21관측,현재 상태를 판단할 자료가 부족합니다.,확인 부족
2025-09-23,HILO,52주 신고가-신저가 비율,확인 부족,-1,이력 부족: 0/21관측,현재 상태를 판단할 자료가 부족합니다.,확인 부족
2025-09-23,EFFR,미국 기준금리,정상,0,20관측 -24bp · 인하 · EFFR 변화는 목표범위 결정 자체와 구분,금리 하락 또는 상대관계 변화을 관찰합니다. 물가·고용·신용의 동반 움직임으로 의미를 구분합니다.,낮음
2025-09-23,US3M,미국 3개월물 국채수익률,확인 부족,-1,이력 부족: 0/25관측,현재 상태를 판단할 자료가 부족합니다.,확인 부족
2025-09-23,US2Y,미국 2년물 국채수익률,확인 부족,-1,이력 부족: 0/25관측,현재 상태를 판단할 자료가 부족합니다.,확인 부족
2025-09-23,US10Y,미국 10년물 국채수익률,확인 부족,-1,이력 부족: 0/25관측,현재 상태를 판단할 자료가 부족합니다.,확인 부족
2025-09-23,US30Y,미국 30년물 국채수익률,확인 부족,-1,이력 부족: 0/25관측,현재 상태를 판단할 자료가 부족합니다.,확인 부족
2025-09-23,REAL10,미국 10년물 실질금리,확인 부족,-1,이력 부족: 0/25관측,현재 상태를 판단할 자료가 부족합니다.,확인 부족
2025-09-23,TERM,미국 10년물 기간프리미엄,정상,0,과거 504관측 대비 56.5백분위 · 20일 -2bp,금리 하락 또는 상대관계 변화을 관찰합니다. 물가·고용·신용의 동반 움직임으로 의미를 구분합니다.,낮음
2025-09-23,CURVE2,미국 10년물-2년물 금리차,확인 부족,-1,이력 부족: 0/22관측,현재 상태를 판단할 자료가 부족합니다.,확인 부족
2025-09-23,CURVE3,미국 10년물-3개월물 금리차,확인 부족,-1,이력 부족: 0/22관측,현재 상태를 판단할 자료가 부족합니다.,확인 부족
2025-09-23,CURVEFED,미국 10년물-기준금리 차,확인 부족,-1,이력 부족: 0/22관측,현재 상태를 판단할 자료가 부족합니다.,확인 부족
2025-09-23,VIX,VIX,정상,0,VIX 16.6 · 5일 +1.7% · 20일 +13.8% · 5일 +0.3포인트,지표 고유의 상태와 다른 시장 영역의 동반 신호를 구분해 확인합니다.,낮음
2025-09-23,VIXPOS,VIX 1년 위치,참고,0,과거 252관측 대비 41.5백분위,최근 분포에서의 위치입니다. 별도 위험 신호로 중복 집계하지 않습니다.,낮음
2025-09-23,HY,하이일드 OAS,안정,0,HY 2.71%p · 5일 -8bp · 20일 -7bp,지표 고유의 상태와 다른 시장 영역의 동반 신호를 구분해 확인합니다.,낮음
2025-09-23,BBB,BBB OAS,안정,0,BBB 0.94%p · 5일 -2bp · 20일 -5bp,지표 고유의 상태와 다른 시장 영역의 동반 신호를 구분해 확인합니다.,낮음
2025-09-23,HYPOS,HY 1년 위치,참고,0,과거 252관측 대비 19.4백분위,최근 분포에서의 위치입니다. 별도 위험 신호로 중복 집계하지 않습니다.,낮음
2025-09-23,UNEMP,미국 실업률,관찰,1,3개월 +0.30%p · Sahm 0.23%p,고용 약화 신호를 관찰합니다. 실업률과 Sahm은 같은 원자료여서 독립 증거로 중복 계산하지 않습니다.,낮음
2025-09-23,SAHM,Sahm Rule,정상,0,3개월 평균이 이전 12개월 저점 대비 0.23%p 상승,고용 약화 신호를 관찰합니다. 실업률과 Sahm은 같은 원자료여서 독립 증거로 중복 계산하지 않습니다.,낮음
2025-09-23,CLAIMS,신규실업수당 4주평균,확인 부족,-1,이력 부족: 0/55관측,현재 상태를 판단할 자료가 부족합니다.,확인 부족
2025-09-23,CPI,CPI,확인 부족,-1,이력 부족: 0/16관측,현재 상태를 판단할 자료가 부족합니다.,확인 부족
2025-09-23,CORECPI,근원 CPI,확인 부족,-1,이력 부족: 0/16관측,현재 상태를 판단할 자료가 부족합니다.,확인 부족
2025-09-23,COREPCE,근원 PCE,확인 부족,-1,이력 부족: 0/16관측,현재 상태를 판단할 자료가 부족합니다.,확인 부족
2025-09-23,DXY,달러지수,확인 부족,-1,이력 부족: 0/147관측,현재 상태를 판단할 자료가 부족합니다.,확인 부족
2025-09-23,USDKRW,달러/원,확인 부족,-1,이력 부족: 0/147관측,현재 상태를 판단할 자료가 부족합니다.,확인 부족
2025-09-23,USDJPY,달러/엔,확인 부족,-1,이력 부족: 0/147관측,현재 상태를 판단할 자료가 부족합니다.,확인 부족
2025-09-23,WTI,WTI,확인 부족,-1,이력 부족: 0/147관측,현재 상태를 판단할 자료가 부족합니다.,확인 부족
2025-09-23,GOLD,금,주의,2,5일 +2.49% · 20일 +12.06% · 변동성 기준 73.6/99.2백분위,가격 움직임은 확인되지만 원인을 구분할 교차 근거가 충분하지 않습니다.,낮음
2025-09-23,SILVER,은,주의,2,5일 +4.05% · 20일 +14.26% · 변동성 기준 70.6/97.8백분위,금과 은이 함께 상승합니다. 귀금속 공통 흐름을 확인합니다.,낮음
2025-09-23,COPPER,구리,정상,0,5일 -1.05% · 20일 +2.64% · 변동성 기준 27.6/30.2백분위,가격 움직임은 확인되지만 원인을 구분할 교차 근거가 충분하지 않습니다.,낮음
2025-09-24,SP500,S&P500,확인 부족,-1,이력 부족: 0/252관측,현재 상태를 판단할 자료가 부족합니다.,확인 부족
2025-09-24,NASDAQ,Nasdaq,확인 부족,-1,이력 부족: 0/252관측,현재 상태를 판단할 자료가 부족합니다.,확인 부족
2025-09-24,RUSSELL,Russell 2000,정상,0,5일 +1.1% · 20일 +3.2% · 고점 대비 -1.3%,지표 고유의 상태와 다른 시장 영역의 동반 신호를 구분해 확인합니다.,낮음
2025-09-24,MA200,200일 이동평균 이격,확인 부족,-1,이력 부족: 0/200관측,현재 상태를 판단할 자료가 부족합니다.,확인 부족
2025-09-24,EW,동일가중 상대성과,관찰,1,RSP가 SPY 대비 20일 -2.4%p · 5일 상대성과 -0.31%p,지표 고유의 상태와 다른 시장 영역의 동반 신호를 구분해 확인합니다.,낮음
2025-09-24,CAPE,CAPE,확인 부족,-1,이력 부족: 0/120관측,현재 상태를 판단할 자료가 부족합니다.,확인 부족
2025-09-24,ADV,상승 종목 비율,확인 부족,-1,이력 부족: 0/21관측,현재 상태를 판단할 자료가 부족합니다.,확인 부족
2025-09-24,ABOVE200,200DMA 위 종목 비율,확인 부족,-1,이력 부족: 0/21관측,현재 상태를 판단할 자료가 부족합니다.,확인 부족
2025-09-24,HILO,52주 신고가-신저가 비율,확인 부족,-1,이력 부족: 0/21관측,현재 상태를 판단할 자료가 부족합니다.,확인 부족
2025-09-24,EFFR,미국 기준금리,정상,0,20관측 -24bp · 인하 · EFFR 변화는 목표범위 결정 자체와 구분,금리 하락 또는 상대관계 변화을 관찰합니다. 물가·고용·신용의 동반 움직임으로 의미를 구분합니다.,낮음
2025-09-24,US3M,미국 3개월물 국채수익률,확인 부족,-1,이력 부족: 0/25관측,현재 상태를 판단할 자료가 부족합니다.,확인 부족
2025-09-24,US2Y,미국 2년물 국채수익률,확인 부족,-1,이력 부족: 0/25관측,현재 상태를 판단할 자료가 부족합니다.,확인 부족
2025-09-24,US10Y,미국 10년물 국채수익률,확인 부족,-1,이력 부족: 0/25관측,현재 상태를 판단할 자료가 부족합니다.,확인 부족
2025-09-24,US30Y,미국 30년물 국채수익률,확인 부족,-1,이력 부족: 0/25관측,현재 상태를 판단할 자료가 부족합니다.,확인 부족
2025-09-24,REAL10,미국 10년물 실질금리,확인 부족,-1,이력 부족: 0/25관측,현재 상태를 판단할 자료가 부족합니다.,확인 부족
2025-09-24,TERM,미국 10년물 기간프리미엄,정상,0,과거 504관측 대비 59.3백분위 · 20일 +0bp,금리 상승에 따른 부담을 관찰합니다. 물가·고용·신용의 동반 움직임으로 의미를 구분합니다.,낮음
2025-09-24,CURVE2,미국 10년물-2년물 금리차,확인 부족,-1,이력 부족: 0/22관측,현재 상태를 판단할 자료가 부족합니다.,확인 부족
2025-09-24,CURVE3,미국 10년물-3개월물 금리차,확인 부족,-1,이력 부족: 0/22관측,현재 상태를 판단할 자료가 부족합니다.,확인 부족
2025-09-24,CURVEFED,미국 10년물-기준금리 차,확인 부족,-1,이력 부족: 0/22관측,현재 상태를 판단할 자료가 부족합니다.,확인 부족
2025-09-24,VIX,VIX,정상,0,VIX 16.2 · 5일 +2.9% · 20일 +9.0% · 5일 +0.5포인트,지표 고유의 상태와 다른 시장 영역의 동반 신호를 구분해 확인합니다.,낮음
2025-09-24,VIXPOS,VIX 1년 위치,참고,0,과거 252관측 대비 33.7백분위,최근 분포에서의 위치입니다. 별도 위험 신호로 중복 집계하지 않습니다.,낮음
2025-09-24,HY,하이일드 OAS,안정,0,HY 2.70%p · 5일 -9bp · 20일 -5bp,지표 고유의 상태와 다른 시장 영역의 동반 신호를 구분해 확인합니다.,낮음
2025-09-24,BBB,BBB OAS,안정,0,BBB 0.95%p · 5일 -1bp · 20일 -4bp,지표 고유의 상태와 다른 시장 영역의 동반 신호를 구분해 확인합니다.,낮음
2025-09-24,HYPOS,HY 1년 위치,참고,0,과거 252관측 대비 19.0백분위,최근 분포에서의 위치입니다. 별도 위험 신호로 중복 집계하지 않습니다.,낮음
2025-09-24,UNEMP,미국 실업률,관찰,1,3개월 +0.30%p · Sahm 0.23%p,고용 약화 신호를 관찰합니다. 실업률과 Sahm은 같은 원자료여서 독립 증거로 중복 계산하지 않습니다.,낮음
2025-09-24,SAHM,Sahm Rule,정상,0,3개월 평균이 이전 12개월 저점 대비 0.23%p 상승,고용 약화 신호를 관찰합니다. 실업률과 Sahm은 같은 원자료여서 독립 증거로 중복 계산하지 않습니다.,낮음
2025-09-24,CLAIMS,신규실업수당 4주평균,확인 부족,-1,이력 부족: 0/55관측,현재 상태를 판단할 자료가 부족합니다.,확인 부족
2025-09-24,CPI,CPI,확인 부족,-1,이력 부족: 0/16관측,현재 상태를 판단할 자료가 부족합니다.,확인 부족
2025-09-24,CORECPI,근원 CPI,확인 부족,-1,이력 부족: 0/16관측,현재 상태를 판단할 자료가 부족합니다.,확인 부족
2025-09-24,COREPCE,근원 PCE,확인 부족,-1,이력 부족: 0/16관측,현재 상태를 판단할 자료가 부족합니다.,확인 부족
2025-09-24,DXY,달러지수,확인 부족,-1,이력 부족: 0/147관측,현재 상태를 판단할 자료가 부족합니다.,확인 부족
2025-09-24,USDKRW,달러/원,확인 부족,-1,이력 부족: 0/147관측,현재 상태를 판단할 자료가 부족합니다.,확인 부족
2025-09-24,USDJPY,달러/엔,확인 부족,-1,이력 부족: 0/147관측,현재 상태를 판단할 자료가 부족합니다.,확인 부족
2025-09-24,WTI,WTI,확인 부족,-1,이력 부족: 0/147관측,현재 상태를 판단할 자료가 부족합니다.,확인 부족
2025-09-24,GOLD,금,주의,2,5일 +1.37% · 20일 +10.14% · 변동성 기준 47.0/97.6백분위,가격 움직임은 확인되지만 원인을 구분할 교차 근거가 충분하지 않습니다.,낮음
2025-09-24,SILVER,은,관찰,1,5일 +4.93% · 20일 +13.46% · 변동성 기준 79.6/96.0백분위,금과 은이 함께 상승합니다. 귀금속 공통 흐름을 확인합니다.,낮음
2025-09-24,COPPER,구리,정상,0,5일 +3.97% · 20일 +6.79% · 변동성 기준 77.8/69.6백분위,가격 움직임은 확인되지만 원인을 구분할 교차 근거가 충분하지 않습니다.,낮음
2025-09-25,SP500,S&P500,확인 부족,-1,이력 부족: 0/252관측,현재 상태를 판단할 자료가 부족합니다.,확인 부족
2025-09-25,NASDAQ,Nasdaq,확인 부족,-1,이력 부족: 0/252관측,현재 상태를 판단할 자료가 부족합니다.,확인 부족
2025-09-25,RUSSELL,Russell 2000,정상,0,5일 -2.3% · 20일 +1.6% · 고점 대비 -2.3%,지표 고유의 상태와 다른 시장 영역의 동반 신호를 구분해 확인합니다.,낮음
2025-09-25,MA200,200일 이동평균 이격,확인 부족,-1,이력 부족: 0/200관측,현재 상태를 판단할 자료가 부족합니다.,확인 부족
2025-09-25,EW,동일가중 상대성과,관찰,1,RSP가 SPY 대비 20일 -2.9%p · 5일 상대성과 -0.85%p,지표 고유의 상태와 다른 시장 영역의 동반 신호를 구분해 확인합니다.,낮음
2025-09-25,CAPE,CAPE,확인 부족,-1,이력 부족: 0/120관측,현재 상태를 판단할 자료가 부족합니다.,확인 부족
2025-09-25,ADV,상승 종목 비율,확인 부족,-1,이력 부족: 0/21관측,현재 상태를 판단할 자료가 부족합니다.,확인 부족
2025-09-25,ABOVE200,200DMA 위 종목 비율,확인 부족,-1,이력 부족: 0/21관측,현재 상태를 판단할 자료가 부족합니다.,확인 부족
2025-09-25,HILO,52주 신고가-신저가 비율,확인 부족,-1,이력 부족: 0/21관측,현재 상태를 판단할 자료가 부족합니다.,확인 부족
2025-09-25,EFFR,미국 기준금리,정상,0,20관측 -24bp · 인하 · EFFR 변화는 목표범위 결정 자체와 구분,금리 하락 또는 상대관계 변화을 관찰합니다. 물가·고용·신용의 동반 움직임으로 의미를 구분합니다.,낮음
2025-09-25,US3M,미국 3개월물 국채수익률,확인 부족,-1,이력 부족: 0/25관측,현재 상태를 판단할 자료가 부족합니다.,확인 부족
2025-09-25,US2Y,미국 2년물 국채수익률,확인 부족,-1,이력 부족: 0/25관측,현재 상태를 판단할 자료가 부족합니다.,확인 부족
2025-09-25,US10Y,미국 10년물 국채수익률,확인 부족,-1,이력 부족: 0/25관측,현재 상태를 판단할 자료가 부족합니다.,확인 부족
2025-09-25,US30Y,미국 30년물 국채수익률,확인 부족,-1,이력 부족: 0/25관측,현재 상태를 판단할 자료가 부족합니다.,확인 부족
2025-09-25,REAL10,미국 10년물 실질금리,확인 부족,-1,이력 부족: 0/25관측,현재 상태를 판단할 자료가 부족합니다.,확인 부족
2025-09-25,TERM,미국 10년물 기간프리미엄,정상,0,과거 504관측 대비 64.1백분위 · 20일 +3bp,금리 상승에 따른 부담을 관찰합니다. 물가·고용·신용의 동반 움직임으로 의미를 구분합니다.,낮음
2025-09-25,CURVE2,미국 10년물-2년물 금리차,확인 부족,-1,이력 부족: 0/22관측,현재 상태를 판단할 자료가 부족합니다.,확인 부족
2025-09-25,CURVE3,미국 10년물-3개월물 금리차,확인 부족,-1,이력 부족: 0/22관측,현재 상태를 판단할 자료가 부족합니다.,확인 부족
2025-09-25,CURVEFED,미국 10년물-기준금리 차,확인 부족,-1,이력 부족: 0/22관측,현재 상태를 판단할 자료가 부족합니다.,확인 부족
2025-09-25,VIX,VIX,정상,0,VIX 16.7 · 5일 +6.6% · 20일 +16.0% · 5일 +1.0포인트,지표 고유의 상태와 다른 시장 영역의 동반 신호를 구분해 확인합니다.,낮음
2025-09-25,VIXPOS,VIX 1년 위치,참고,0,과거 252관측 대비 43.7백분위,최근 분포에서의 위치입니다. 별도 위험 신호로 중복 집계하지 않습니다.,낮음
2025-09-25,HY,하이일드 OAS,안정,0,HY 2.76%p · 5일 +5bp · 20일 -6bp,지표 고유의 상태와 다른 시장 영역의 동반 신호를 구분해 확인합니다.,낮음
2025-09-25,BBB,BBB OAS,안정,0,BBB 0.96%p · 5일 +2bp · 20일 -5bp,지표 고유의 상태와 다른 시장 영역의 동반 신호를 구분해 확인합니다.,낮음
2025-09-25,HYPOS,HY 1년 위치,참고,0,과거 252관측 대비 26.4백분위,최근 분포에서의 위치입니다. 별도 위험 신호로 중복 집계하지 않습니다.,낮음
2025-09-25,UNEMP,미국 실업률,관찰,1,3개월 +0.30%p · Sahm 0.23%p,고용 약화 신호를 관찰합니다. 실업률과 Sahm은 같은 원자료여서 독립 증거로 중복 계산하지 않습니다.,낮음
2025-09-25,SAHM,Sahm Rule,정상,0,3개월 평균이 이전 12개월 저점 대비 0.23%p 상승,고용 약화 신호를 관찰합니다. 실업률과 Sahm은 같은 원자료여서 독립 증거로 중복 계산하지 않습니다.,낮음
2025-09-25,CLAIMS,신규실업수당 4주평균,확인 부족,-1,이력 부족: 0/55관측,현재 상태를 판단할 자료가 부족합니다.,확인 부족
2025-09-25,CPI,CPI,확인 부족,-1,이력 부족: 0/16관측,현재 상태를 판단할 자료가 부족합니다.,확인 부족
2025-09-25,CORECPI,근원 CPI,확인 부족,-1,이력 부족: 0/16관측,현재 상태를 판단할 자료가 부족합니다.,확인 부족
2025-09-25,COREPCE,근원 PCE,확인 부족,-1,이력 부족: 0/16관측,현재 상태를 판단할 자료가 부족합니다.,확인 부족
2025-09-25,DXY,달러지수,확인 부족,-1,이력 부족: 0/147관측,현재 상태를 판단할 자료가 부족합니다.,확인 부족
2025-09-25,USDKRW,달러/원,확인 부족,-1,이력 부족: 0/147관측,현재 상태를 판단할 자료가 부족합니다.,확인 부족
2025-09-25,USDJPY,달러/엔,확인 부족,-1,이력 부족: 0/147관측,현재 상태를 판단할 자료가 부족합니다.,확인 부족
2025-09-25,WTI,WTI,확인 부족,-1,이력 부족: 0/147관측,현재 상태를 판단할 자료가 부족합니다.,확인 부족
2025-09-25,GOLD,금,관찰,1,5일 +2.56% · 20일 +9.76% · 변동성 기준 74.2/96.6백분위,가격 움직임은 확인되지만 원인을 구분할 교차 근거가 충분하지 않습니다.,낮음
2025-09-25,SILVER,은,주의,2,5일 +7.17% · 20일 +15.53% · 변동성 기준 91.9/98.2백분위,금과 은이 함께 상승합니다. 귀금속 공통 흐름을 확인합니다.,낮음
2025-09-25,COPPER,구리,정상,0,5일 +3.50% · 20일 +6.47% · 변동성 기준 71.8/66.5백분위,가격 움직임은 확인되지만 원인을 구분할 교차 근거가 충분하지 않습니다.,낮음
2025-09-26,SP500,S&P500,확인 부족,-1,이력 부족: 0/252관측,현재 상태를 판단할 자료가 부족합니다.,확인 부족
2025-09-26,NASDAQ,Nasdaq,확인 부족,-1,이력 부족: 0/252관측,현재 상태를 판단할 자료가 부족합니다.,확인 부족
2025-09-26,RUSSELL,Russell 2000,정상,0,5일 -0.6% · 20일 +2.4% · 고점 대비 -1.4%,지표 고유의 상태와 다른 시장 영역의 동반 신호를 구분해 확인합니다.,낮음
2025-09-26,MA200,200일 이동평균 이격,확인 부족,-1,이력 부족: 0/200관측,현재 상태를 판단할 자료가 부족합니다.,확인 부족
2025-09-26,EW,동일가중 상대성과,관찰,1,RSP가 SPY 대비 20일 -2.1%p · 5일 상대성과 -0.05%p,지표 고유의 상태와 다른 시장 영역의 동반 신호를 구분해 확인합니다.,낮음
2025-09-26,CAPE,CAPE,확인 부족,-1,이력 부족: 0/120관측,현재 상태를 판단할 자료가 부족합니다.,확인 부족
2025-09-26,ADV,상승 종목 비율,확인 부족,-1,이력 부족: 0/21관측,현재 상태를 판단할 자료가 부족합니다.,확인 부족
2025-09-26,ABOVE200,200DMA 위 종목 비율,확인 부족,-1,이력 부족: 0/21관측,현재 상태를 판단할 자료가 부족합니다.,확인 부족
2025-09-26,HILO,52주 신고가-신저가 비율,확인 부족,-1,이력 부족: 0/21관측,현재 상태를 판단할 자료가 부족합니다.,확인 부족
2025-09-26,EFFR,미국 기준금리,정상,0,20관측 -24bp · 인하 · EFFR 변화는 목표범위 결정 자체와 구분,금리 하락 또는 상대관계 변화을 관찰합니다. 물가·고용·신용의 동반 움직임으로 의미를 구분합니다.,낮음
2025-09-26,US3M,미국 3개월물 국채수익률,확인 부족,-1,이력 부족: 0/25관측,현재 상태를 판단할 자료가 부족합니다.,확인 부족
2025-09-26,US2Y,미국 2년물 국채수익률,확인 부족,-1,이력 부족: 0/25관측,현재 상태를 판단할 자료가 부족합니다.,확인 부족
2025-09-26,US10Y,미국 10년물 국채수익률,확인 부족,-1,이력 부족: 0/25관측,현재 상태를 판단할 자료가 부족합니다.,확인 부족
2025-09-26,US30Y,미국 30년물 국채수익률,확인 부족,-1,이력 부족: 0/25관측,현재 상태를 판단할 자료가 부족합니다.,확인 부족
2025-09-26,REAL10,미국 10년물 실질금리,확인 부족,-1,이력 부족: 0/25관측,현재 상태를 판단할 자료가 부족합니다.,확인 부족
2025-09-26,TERM,미국 10년물 기간프리미엄,정상,0,과거 504관측 대비 67.5백분위 · 20일 +4bp,금리 상승에 따른 부담을 관찰합니다. 물가·고용·신용의 동반 움직임으로 의미를 구분합니다.,낮음
2025-09-26,CURVE2,미국 10년물-2년물 금리차,확인 부족,-1,이력 부족: 0/22관측,현재 상태를 판단할 자료가 부족합니다.,확인 부족
2025-09-26,CURVE3,미국 10년물-3개월물 금리차,확인 부족,-1,이력 부족: 0/22관측,현재 상태를 판단할 자료가 부족합니다.,확인 부족
2025-09-26,CURVEFED,미국 10년물-기준금리 차,확인 부족,-1,이력 부족: 0/22관측,현재 상태를 판단할 자료가 부족합니다.,확인 부족
2025-09-26,VIX,VIX,정상,0,VIX 15.3 · 5일 -1.0% · 20일 -0.5% · 5일 -0.2포인트,지표 고유의 상태와 다른 시장 영역의 동반 신호를 구분해 확인합니다.,낮음
2025-09-26,VIXPOS,VIX 1년 위치,참고,0,과거 252관측 대비 19.8백분위,최근 분포에서의 위치입니다. 별도 위험 신호로 중복 집계하지 않습니다.,낮음
2025-09-26,HY,하이일드 OAS,안정,0,HY 2.75%p · 5일 +3bp · 20일 -9bp,지표 고유의 상태와 다른 시장 영역의 동반 신호를 구분해 확인합니다.,낮음
2025-09-26,BBB,BBB OAS,안정,0,BBB 0.95%p · 5일 +2bp · 20일 -7bp,지표 고유의 상태와 다른 시장 영역의 동반 신호를 구분해 확인합니다.,낮음
2025-09-26,HYPOS,HY 1년 위치,참고,0,과거 252관측 대비 25.6백분위,최근 분포에서의 위치입니다. 별도 위험 신호로 중복 집계하지 않습니다.,낮음
2025-09-26,UNEMP,미국 실업률,관찰,1,3개월 +0.30%p · Sahm 0.23%p,고용 약화 신호를 관찰합니다. 실업률과 Sahm은 같은 원자료여서 독립 증거로 중복 계산하지 않습니다.,낮음
2025-09-26,SAHM,Sahm Rule,정상,0,3개월 평균이 이전 12개월 저점 대비 0.23%p 상승,고용 약화 신호를 관찰합니다. 실업률과 Sahm은 같은 원자료여서 독립 증거로 중복 계산하지 않습니다.,낮음
2025-09-26,CLAIMS,신규실업수당 4주평균,확인 부족,-1,이력 부족: 0/55관측,현재 상태를 판단할 자료가 부족합니다.,확인 부족
2025-09-26,CPI,CPI,확인 부족,-1,이력 부족: 0/16관측,현재 상태를 판단할 자료가 부족합니다.,확인 부족
2025-09-26,CORECPI,근원 CPI,확인 부족,-1,이력 부족: 0/16관측,현재 상태를 판단할 자료가 부족합니다.,확인 부족
2025-09-26,COREPCE,근원 PCE,확인 부족,-1,이력 부족: 0/16관측,현재 상태를 판단할 자료가 부족합니다.,확인 부족
2025-09-26,DXY,달러지수,확인 부족,-1,이력 부족: 0/147관측,현재 상태를 판단할 자료가 부족합니다.,확인 부족
2025-09-26,USDKRW,달러/원,확인 부족,-1,이력 부족: 0/147관측,현재 상태를 판단할 자료가 부족합니다.,확인 부족
2025-09-26,USDJPY,달러/엔,확인 부족,-1,이력 부족: 0/147관측,현재 상태를 판단할 자료가 부족합니다.,확인 부족
2025-09-26,WTI,WTI,확인 부족,-1,이력 부족: 0/147관측,현재 상태를 판단할 자료가 부족합니다.,확인 부족
2025-09-26,GOLD,금,관찰,1,5일 +2.83% · 20일 +10.01% · 변동성 기준 78.2/97.2백분위,가격 움직임은 확인되지만 원인을 구분할 교차 근거가 충분하지 않습니다.,낮음
2025-09-26,SILVER,은,주의,2,5일 +8.66% · 20일 +17.94% · 변동성 기준 95.8/99.4백분위,금과 은이 함께 상승합니다. 귀금속 공통 흐름을 확인합니다.,낮음
2025-09-26,COPPER,구리,정상,0,5일 +3.21% · 20일 +5.65% · 변동성 기준 69.8/59.5백분위,가격 움직임은 확인되지만 원인을 구분할 교차 근거가 충분하지 않습니다.,낮음
2025-09-29,SP500,S&P500,확인 부족,-1,이력 부족: 0/252관측,현재 상태를 판단할 자료가 부족합니다.,확인 부족
2025-09-29,NASDAQ,Nasdaq,확인 부족,-1,이력 부족: 0/252관측,현재 상태를 판단할 자료가 부족합니다.,확인 부족
2025-09-29,RUSSELL,Russell 2000,정상,0,5일 -1.1% · 20일 +2.9% · 고점 대비 -1.3%,지표 고유의 상태와 다른 시장 영역의 동반 신호를 구분해 확인합니다.,낮음
2025-09-29,MA200,200일 이동평균 이격,확인 부족,-1,이력 부족: 0/200관측,현재 상태를 판단할 자료가 부족합니다.,확인 부족
2025-09-29,EW,동일가중 상대성과,관찰,1,RSP가 SPY 대비 20일 -2.6%p · 5일 상대성과 +0.86%p,지표 고유의 상태와 다른 시장 영역의 동반 신호를 구분해 확인합니다.,낮음
2025-09-29,CAPE,CAPE,확인 부족,-1,이력 부족: 0/120관측,현재 상태를 판단할 자료가 부족합니다.,확인 부족
2025-09-29,ADV,상승 종목 비율,확인 부족,-1,이력 부족: 0/21관측,현재 상태를 판단할 자료가 부족합니다.,확인 부족
2025-09-29,ABOVE200,200DMA 위 종목 비율,확인 부족,-1,이력 부족: 0/21관측,현재 상태를 판단할 자료가 부족합니다.,확인 부족
2025-09-29,HILO,52주 신고가-신저가 비율,확인 부족,-1,이력 부족: 0/21관측,현재 상태를 판단할 자료가 부족합니다.,확인 부족
2025-09-29,EFFR,미국 기준금리,정상,0,20관측 -24bp · 인하 · EFFR 변화는 목표범위 결정 자체와 구분,금리 하락 또는 상대관계 변화을 관찰합니다. 물가·고용·신용의 동반 움직임으로 의미를 구분합니다.,낮음
2025-09-29,US3M,미국 3개월물 국채수익률,확인 부족,-1,이력 부족: 0/25관측,현재 상태를 판단할 자료가 부족합니다.,확인 부족
2025-09-29,US2Y,미국 2년물 국채수익률,확인 부족,-1,이력 부족: 0/25관측,현재 상태를 판단할 자료가 부족합니다.,확인 부족
2025-09-29,US10Y,미국 10년물 국채수익률,확인 부족,-1,이력 부족: 0/25관측,현재 상태를 판단할 자료가 부족합니다.,확인 부족
2025-09-29,US30Y,미국 30년물 국채수익률,확인 부족,-1,이력 부족: 0/25관측,현재 상태를 판단할 자료가 부족합니다.,확인 부족
2025-09-29,REAL10,미국 10년물 실질금리,확인 부족,-1,이력 부족: 0/25관측,현재 상태를 판단할 자료가 부족합니다.,확인 부족
2025-09-29,TERM,미국 10년물 기간프리미엄,정상,0,과거 504관측 대비 62.7백분위 · 20일 +3bp,금리 상승에 따른 부담을 관찰합니다. 물가·고용·신용의 동반 움직임으로 의미를 구분합니다.,낮음
2025-09-29,CURVE2,미국 10년물-2년물 금리차,확인 부족,-1,이력 부족: 0/22관측,현재 상태를 판단할 자료가 부족합니다.,확인 부족
2025-09-29,CURVE3,미국 10년물-3개월물 금리차,확인 부족,-1,이력 부족: 0/22관측,현재 상태를 판단할 자료가 부족합니다.,확인 부족
2025-09-29,CURVEFED,미국 10년물-기준금리 차,확인 부족,-1,이력 부족: 0/22관측,현재 상태를 판단할 자료가 부족합니다.,확인 부족
2025-09-29,VIX,VIX,정상,0,VIX 16.1 · 5일 +0.1% · 20일 +0.0% · 5일 +0.0포인트,지표 고유의 상태와 다른 시장 영역의 동반 신호를 구분해 확인합니다.,낮음
2025-09-29,VIXPOS,VIX 1년 위치,참고,0,과거 252관측 대비 32.9백분위,최근 분포에서의 위치입니다. 별도 위험 신호로 중복 집계하지 않습니다.,낮음
2025-09-29,HY,하이일드 OAS,안정,0,HY 2.74%p · 5일 +5bp · 20일 -10bp,지표 고유의 상태와 다른 시장 영역의 동반 신호를 구분해 확인합니다.,낮음
2025-09-29,BBB,BBB OAS,안정,0,BBB 0.94%p · 5일 +1bp · 20일 -8bp,지표 고유의 상태와 다른 시장 영역의 동반 신호를 구분해 확인합니다.,낮음
2025-09-29,HYPOS,HY 1년 위치,참고,0,과거 252관측 대비 24.6백분위,최근 분포에서의 위치입니다. 별도 위험 신호로 중복 집계하지 않습니다.,낮음
2025-09-29,UNEMP,미국 실업률,관찰,1,3개월 +0.30%p · Sahm 0.23%p,고용 약화 신호를 관찰합니다. 실업률과 Sahm은 같은 원자료여서 독립 증거로 중복 계산하지 않습니다.,낮음
2025-09-29,SAHM,Sahm Rule,정상,0,3개월 평균이 이전 12개월 저점 대비 0.23%p 상승,고용 약화 신호를 관찰합니다. 실업률과 Sahm은 같은 원자료여서 독립 증거로 중복 계산하지 않습니다.,낮음
2025-09-29,CLAIMS,신규실업수당 4주평균,확인 부족,-1,이력 부족: 0/55관측,현재 상태를 판단할 자료가 부족합니다.,확인 부족
2025-09-29,CPI,CPI,확인 부족,-1,이력 부족: 0/16관측,현재 상태를 판단할 자료가 부족합니다.,확인 부족
2025-09-29,CORECPI,근원 CPI,확인 부족,-1,이력 부족: 0/16관측,현재 상태를 판단할 자료가 부족합니다.,확인 부족
2025-09-29,COREPCE,근원 PCE,확인 부족,-1,이력 부족: 0/16관측,현재 상태를 판단할 자료가 부족합니다.,확인 부족
2025-09-29,DXY,달러지수,확인 부족,-1,이력 부족: 0/147관측,현재 상태를 판단할 자료가 부족합니다.,확인 부족
2025-09-29,USDKRW,달러/원,확인 부족,-1,이력 부족: 0/147관측,현재 상태를 판단할 자료가 부족합니다.,확인 부족
2025-09-29,USDJPY,달러/엔,확인 부족,-1,이력 부족: 0/147관측,현재 상태를 판단할 자료가 부족합니다.,확인 부족
2025-09-29,WTI,WTI,확인 부족,-1,이력 부족: 0/147관측,현재 상태를 판단할 자료가 부족합니다.,확인 부족
2025-09-29,GOLD,금,관찰,1,5일 +2.14% · 20일 +10.00% · 변동성 기준 66.5/97.0백분위,가격 움직임은 확인되지만 원인을 구분할 교차 근거가 충분하지 않습니다.,낮음
2025-09-29,SILVER,은,주의,2,5일 +6.42% · 20일 +15.95% · 변동성 기준 89.1/98.8백분위,금과 은이 함께 상승합니다. 귀금속 공통 흐름을 확인합니다.,낮음
2025-09-29,COPPER,구리,관찰,1,5일 +5.86% · 20일 +7.14% · 변동성 기준 91.3/72.0백분위,가격 움직임은 확인되지만 원인을 구분할 교차 근거가 충분하지 않습니다.,낮음
2025-09-30,SP500,S&P500,확인 부족,-1,이력 부족: 0/252관측,현재 상태를 판단할 자료가 부족합니다.,확인 부족
2025-09-30,NASDAQ,Nasdaq,확인 부족,-1,이력 부족: 0/252관측,현재 상태를 판단할 자료가 부족합니다.,확인 부족
2025-09-30,RUSSELL,Russell 2000,정상,0,5일 -0.9% · 20일 +3.6% · 고점 대비 -1.3%,지표 고유의 상태와 다른 시장 영역의 동반 신호를 구분해 확인합니다.,낮음
2025-09-30,MA200,200일 이동평균 이격,확인 부족,-1,이력 부족: 0/200관측,현재 상태를 판단할 자료가 부족합니다.,확인 부족
2025-09-30,EW,동일가중 상대성과,관찰,1,RSP가 SPY 대비 20일 -2.7%p · 5일 상대성과 +0.08%p,지표 고유의 상태와 다른 시장 영역의 동반 신호를 구분해 확인합니다.,낮음
2025-09-30,CAPE,CAPE,확인 부족,-1,이력 부족: 0/120관측,현재 상태를 판단할 자료가 부족합니다.,확인 부족
2025-09-30,ADV,상승 종목 비율,확인 부족,-1,이력 부족: 0/21관측,현재 상태를 판단할 자료가 부족합니다.,확인 부족
2025-09-30,ABOVE200,200DMA 위 종목 비율,확인 부족,-1,이력 부족: 0/21관측,현재 상태를 판단할 자료가 부족합니다.,확인 부족
2025-09-30,HILO,52주 신고가-신저가 비율,확인 부족,-1,이력 부족: 0/21관측,현재 상태를 판단할 자료가 부족합니다.,확인 부족
2025-09-30,EFFR,미국 기준금리,정상,0,20관측 -24bp · 인하 · EFFR 변화는 목표범위 결정 자체와 구분,금리 하락 또는 상대관계 변화을 관찰합니다. 물가·고용·신용의 동반 움직임으로 의미를 구분합니다.,낮음
2025-09-30,US3M,미국 3개월물 국채수익률,확인 부족,-1,이력 부족: 0/25관측,현재 상태를 판단할 자료가 부족합니다.,확인 부족
2025-09-30,US2Y,미국 2년물 국채수익률,확인 부족,-1,이력 부족: 0/25관측,현재 상태를 판단할 자료가 부족합니다.,확인 부족
2025-09-30,US10Y,미국 10년물 국채수익률,확인 부족,-1,이력 부족: 0/25관측,현재 상태를 판단할 자료가 부족합니다.,확인 부족
2025-09-30,US30Y,미국 30년물 국채수익률,확인 부족,-1,이력 부족: 0/25관측,현재 상태를 판단할 자료가 부족합니다.,확인 부족
2025-09-30,REAL10,미국 10년물 실질금리,확인 부족,-1,이력 부족: 0/25관측,현재 상태를 판단할 자료가 부족합니다.,확인 부족
2025-09-30,TERM,미국 10년물 기간프리미엄,정상,0,과거 504관측 대비 62.3백분위 · 20일 +1bp,금리 상승에 따른 부담을 관찰합니다. 물가·고용·신용의 동반 움직임으로 의미를 구분합니다.,낮음
2025-09-30,CURVE2,미국 10년물-2년물 금리차,확인 부족,-1,이력 부족: 0/22관측,현재 상태를 판단할 자료가 부족합니다.,확인 부족
2025-09-30,CURVE3,미국 10년물-3개월물 금리차,확인 부족,-1,이력 부족: 0/22관측,현재 상태를 판단할 자료가 부족합니다.,확인 부족
2025-09-30,CURVEFED,미국 10년물-기준금리 차,확인 부족,-1,이력 부족: 0/22관측,현재 상태를 판단할 자료가 부족합니다.,확인 부족
2025-09-30,VIX,VIX,정상,0,VIX 16.3 · 5일 -2.2% · 20일 -5.2% · 5일 -0.4포인트,지표 고유의 상태와 다른 시장 영역의 동반 신호를 구분해 확인합니다.,낮음
2025-09-30,VIXPOS,VIX 1년 위치,참고,0,과거 252관측 대비 35.7백분위,최근 분포에서의 위치입니다. 별도 위험 신호로 중복 집계하지 않습니다.,낮음
2025-09-30,HY,하이일드 OAS,안정,0,HY 2.80%p · 5일 +9bp · 20일 -12bp,지표 고유의 상태와 다른 시장 영역의 동반 신호를 구분해 확인합니다.,낮음
2025-09-30,BBB,BBB OAS,안정,0,BBB 0.97%p · 5일 +3bp · 20일 -6bp,지표 고유의 상태와 다른 시장 영역의 동반 신호를 구분해 확인합니다.,낮음
2025-09-30,HYPOS,HY 1년 위치,참고,0,과거 252관측 대비 32.3백분위,최근 분포에서의 위치입니다. 별도 위험 신호로 중복 집계하지 않습니다.,낮음
2025-09-30,UNEMP,미국 실업률,관찰,1,3개월 +0.30%p · Sahm 0.23%p,고용 약화 신호를 관찰합니다. 실업률과 Sahm은 같은 원자료여서 독립 증거로 중복 계산하지 않습니다.,낮음
2025-09-30,SAHM,Sahm Rule,정상,0,3개월 평균이 이전 12개월 저점 대비 0.23%p 상승,고용 약화 신호를 관찰합니다. 실업률과 Sahm은 같은 원자료여서 독립 증거로 중복 계산하지 않습니다.,낮음
2025-09-30,CLAIMS,신규실업수당 4주평균,확인 부족,-1,이력 부족: 0/55관측,현재 상태를 판단할 자료가 부족합니다.,확인 부족
2025-09-30,CPI,CPI,확인 부족,-1,이력 부족: 0/16관측,현재 상태를 판단할 자료가 부족합니다.,확인 부족
2025-09-30,CORECPI,근원 CPI,확인 부족,-1,이력 부족: 0/16관측,현재 상태를 판단할 자료가 부족합니다.,확인 부족
2025-09-30,COREPCE,근원 PCE,확인 부족,-1,이력 부족: 0/16관측,현재 상태를 판단할 자료가 부족합니다.,확인 부족
2025-09-30,DXY,달러지수,확인 부족,-1,이력 부족: 0/147관측,현재 상태를 판단할 자료가 부족합니다.,확인 부족
2025-09-30,USDKRW,달러/원,확인 부족,-1,이력 부족: 0/147관측,현재 상태를 판단할 자료가 부족합니다.,확인 부족
2025-09-30,USDJPY,달러/엔,확인 부족,-1,이력 부족: 0/147관측,현재 상태를 판단할 자료가 부족합니다.,확인 부족
2025-09-30,WTI,WTI,확인 부족,-1,이력 부족: 0/147관측,현재 상태를 판단할 자료가 부족합니다.,확인 부족
2025-09-30,GOLD,금,관찰,1,5일 +1.59% · 20일 +8.21% · 변동성 기준 53.8/91.7백분위,가격 움직임은 확인되지만 원인을 구분할 교차 근거가 충분하지 않습니다.,낮음
2025-09-30,SILVER,은,관찰,1,5일 +4.66% · 20일 +12.62% · 변동성 기준 75.8/93.8백분위,금과 은이 함께 상승합니다. 귀금속 공통 흐름을 확인합니다.,낮음
2025-09-30,COPPER,구리,정상,0,5일 +4.81% · 20일 +5.15% · 변동성 기준 84.5/55.0백분위,가격 움직임은 확인되지만 원인을 구분할 교차 근거가 충분하지 않습니다.,낮음
2025-10-01,SP500,S&P500,확인 부족,-1,이력 부족: 0/252관측,현재 상태를 판단할 자료가 부족합니다.,확인 부족
2025-10-01,NASDAQ,Nasdaq,확인 부족,-1,이력 부족: 0/252관측,현재 상태를 판단할 자료가 부족합니다.,확인 부족
2025-10-01,RUSSELL,Russell 2000,정상,0,5일 +0.3% · 20일 +3.9% · 고점 대비 -1.0%,지표 고유의 상태와 다른 시장 영역의 동반 신호를 구분해 확인합니다.,낮음
2025-10-01,MA200,200일 이동평균 이격,확인 부족,-1,이력 부족: 0/200관측,현재 상태를 판단할 자료가 부족합니다.,확인 부족
2025-10-01,EW,동일가중 상대성과,관찰,1,RSP가 SPY 대비 20일 -2.1%p · 5일 상대성과 -0.12%p,지표 고유의 상태와 다른 시장 영역의 동반 신호를 구분해 확인합니다.,낮음
2025-10-01,CAPE,CAPE,확인 부족,-1,이력 부족: 0/120관측,현재 상태를 판단할 자료가 부족합니다.,확인 부족
2025-10-01,ADV,상승 종목 비율,확인 부족,-1,이력 부족: 0/21관측,현재 상태를 판단할 자료가 부족합니다.,확인 부족
2025-10-01,ABOVE200,200DMA 위 종목 비율,확인 부족,-1,이력 부족: 0/21관측,현재 상태를 판단할 자료가 부족합니다.,확인 부족
2025-10-01,HILO,52주 신고가-신저가 비율,확인 부족,-1,이력 부족: 0/21관측,현재 상태를 판단할 자료가 부족합니다.,확인 부족
2025-10-01,EFFR,미국 기준금리,정상,0,20관측 -24bp · 인하 · EFFR 변화는 목표범위 결정 자체와 구분,금리 하락 또는 상대관계 변화을 관찰합니다. 물가·고용·신용의 동반 움직임으로 의미를 구분합니다.,낮음
2025-10-01,US3M,미국 3개월물 국채수익률,확인 부족,-1,이력 부족: 0/25관측,현재 상태를 판단할 자료가 부족합니다.,확인 부족
2025-10-01,US2Y,미국 2년물 국채수익률,확인 부족,-1,이력 부족: 0/25관측,현재 상태를 판단할 자료가 부족합니다.,확인 부족
2025-10-01,US10Y,미국 10년물 국채수익률,확인 부족,-1,이력 부족: 0/25관측,현재 상태를 판단할 자료가 부족합니다.,확인 부족
2025-10-01,US30Y,미국 30년물 국채수익률,확인 부족,-1,이력 부족: 0/25관측,현재 상태를 판단할 자료가 부족합니다.,확인 부족
2025-10-01,REAL10,미국 10년물 실질금리,확인 부족,-1,이력 부족: 0/25관측,현재 상태를 판단할 자료가 부족합니다.,확인 부족
2025-10-01,TERM,미국 10년물 기간프리미엄,정상,0,과거 504관측 대비 57.1백분위 · 20일 +1bp,금리 상승에 따른 부담을 관찰합니다. 물가·고용·신용의 동반 움직임으로 의미를 구분합니다.,낮음
2025-10-01,CURVE2,미국 10년물-2년물 금리차,확인 부족,-1,이력 부족: 0/22관측,현재 상태를 판단할 자료가 부족합니다.,확인 부족
2025-10-01,CURVE3,미국 10년물-3개월물 금리차,확인 부족,-1,이력 부족: 0/22관측,현재 상태를 판단할 자료가 부족합니다.,확인 부족
2025-10-01,CURVEFED,미국 10년물-기준금리 차,확인 부족,-1,이력 부족: 0/22관측,현재 상태를 판단할 자료가 부족합니다.,확인 부족
2025-10-01,VIX,VIX,정상,0,VIX 16.3 · 5일 +0.7% · 20일 -0.4% · 5일 +0.1포인트,지표 고유의 상태와 다른 시장 영역의 동반 신호를 구분해 확인합니다.,낮음
2025-10-01,VIXPOS,VIX 1년 위치,참고,0,과거 252관측 대비 36.1백분위,최근 분포에서의 위치입니다. 별도 위험 신호로 중복 집계하지 않습니다.,낮음
2025-10-01,HY,하이일드 OAS,안정,0,HY 2.81%p · 5일 +11bp · 20일 -7bp,지표 고유의 상태와 다른 시장 영역의 동반 신호를 구분해 확인합니다.,낮음
2025-10-01,BBB,BBB OAS,안정,0,BBB 0.97%p · 5일 +2bp · 20일 -5bp,지표 고유의 상태와 다른 시장 영역의 동반 신호를 구분해 확인합니다.,낮음
2025-10-01,HYPOS,HY 1년 위치,참고,0,과거 252관측 대비 34.5백분위,최근 분포에서의 위치입니다. 별도 위험 신호로 중복 집계하지 않습니다.,낮음
2025-10-01,UNEMP,미국 실업률,관찰,1,3개월 +0.30%p · Sahm 0.23%p,고용 약화 신호를 관찰합니다. 실업률과 Sahm은 같은 원자료여서 독립 증거로 중복 계산하지 않습니다.,낮음
2025-10-01,SAHM,Sahm Rule,정상,0,3개월 평균이 이전 12개월 저점 대비 0.23%p 상승,고용 약화 신호를 관찰합니다. 실업률과 Sahm은 같은 원자료여서 독립 증거로 중복 계산하지 않습니다.,낮음
2025-10-01,CLAIMS,신규실업수당 4주평균,확인 부족,-1,이력 부족: 0/55관측,현재 상태를 판단할 자료가 부족합니다.,확인 부족
2025-10-01,CPI,CPI,확인 부족,-1,이력 부족: 0/16관측,현재 상태를 판단할 자료가 부족합니다.,확인 부족
2025-10-01,CORECPI,근원 CPI,확인 부족,-1,이력 부족: 0/16관측,현재 상태를 판단할 자료가 부족합니다.,확인 부족
2025-10-01,COREPCE,근원 PCE,확인 부족,-1,이력 부족: 0/16관측,현재 상태를 판단할 자료가 부족합니다.,확인 부족
2025-10-01,DXY,달러지수,확인 부족,-1,이력 부족: 0/147관측,현재 상태를 판단할 자료가 부족합니다.,확인 부족
2025-10-01,USDKRW,달러/원,확인 부족,-1,이력 부족: 0/147관측,현재 상태를 판단할 자료가 부족합니다.,확인 부족
2025-10-01,USDJPY,달러/엔,확인 부족,-1,이력 부족: 0/147관측,현재 상태를 판단할 자료가 부족합니다.,확인 부족
2025-10-01,WTI,WTI,확인 부족,-1,이력 부족: 0/147관측,현재 상태를 판단할 자료가 부족합니다.,확인 부족
2025-10-01,GOLD,금,정상,0,5일 +3.63% · 20일 +7.63% · 변동성 기준 89.3/88.7백분위,가격 움직임은 확인되지만 원인을 구분할 교차 근거가 충분하지 않습니다.,낮음
2025-10-01,SILVER,은,관찰,1,5일 +8.02% · 20일 +13.84% · 변동성 기준 94.2/96.4백분위,금과 은이 함께 상승합니다. 귀금속 공통 흐름을 확인합니다.,낮음
2025-10-01,COPPER,구리,정상,0,5일 +1.64% · 20일 +5.97% · 변동성 기준 42.7/62.7백분위,가격 움직임은 확인되지만 원인을 구분할 교차 근거가 충분하지 않습니다.,낮음
2025-10-02,SP500,S&P500,확인 부족,-1,이력 부족: 0/252관측,현재 상태를 판단할 자료가 부족합니다.,확인 부족
2025-10-02,NASDAQ,Nasdaq,확인 부족,-1,이력 부족: 0/252관측,현재 상태를 판단할 자료가 부족합니다.,확인 부족
2025-10-02,RUSSELL,Russell 2000,정상,0,5일 +2.0% · 20일 +3.3% · 고점 대비 -0.4%,지표 고유의 상태와 다른 시장 영역의 동반 신호를 구분해 확인합니다.,낮음
2025-10-02,MA200,200일 이동평균 이격,확인 부족,-1,이력 부족: 0/200관측,현재 상태를 판단할 자료가 부족합니다.,확인 부족
2025-10-02,EW,동일가중 상대성과,정상,0,RSP가 SPY 대비 20일 -1.8%p · 5일 상대성과 +0.37%p,지표 고유의 상태와 다른 시장 영역의 동반 신호를 구분해 확인합니다.,낮음
2025-10-02,CAPE,CAPE,확인 부족,-1,이력 부족: 0/120관측,현재 상태를 판단할 자료가 부족합니다.,확인 부족
2025-10-02,ADV,상승 종목 비율,확인 부족,-1,이력 부족: 0/21관측,현재 상태를 판단할 자료가 부족합니다.,확인 부족
2025-10-02,ABOVE200,200DMA 위 종목 비율,확인 부족,-1,이력 부족: 0/21관측,현재 상태를 판단할 자료가 부족합니다.,확인 부족
2025-10-02,HILO,52주 신고가-신저가 비율,확인 부족,-1,이력 부족: 0/21관측,현재 상태를 판단할 자료가 부족합니다.,확인 부족
2025-10-02,EFFR,미국 기준금리,정상,0,20관측 -24bp · 인하 · EFFR 변화는 목표범위 결정 자체와 구분,금리 하락 또는 상대관계 변화을 관찰합니다. 물가·고용·신용의 동반 움직임으로 의미를 구분합니다.,낮음
2025-10-02,US3M,미국 3개월물 국채수익률,확인 부족,-1,이력 부족: 0/25관측,현재 상태를 판단할 자료가 부족합니다.,확인 부족
2025-10-02,US2Y,미국 2년물 국채수익률,확인 부족,-1,이력 부족: 0/25관측,현재 상태를 판단할 자료가 부족합니다.,확인 부족
2025-10-02,US10Y,미국 10년물 국채수익률,확인 부족,-1,이력 부족: 0/25관측,현재 상태를 판단할 자료가 부족합니다.,확인 부족
2025-10-02,US30Y,미국 30년물 국채수익률,확인 부족,-1,이력 부족: 0/25관측,현재 상태를 판단할 자료가 부족합니다.,확인 부족
2025-10-02,REAL10,미국 10년물 실질금리,확인 부족,-1,이력 부족: 0/25관측,현재 상태를 판단할 자료가 부족합니다.,확인 부족
2025-10-02,TERM,미국 10년물 기간프리미엄,정상,0,과거 504관측 대비 54.4백분위 · 20일 +2bp,금리 상승에 따른 부담을 관찰합니다. 물가·고용·신용의 동반 움직임으로 의미를 구분합니다.,낮음
2025-10-02,CURVE2,미국 10년물-2년물 금리차,확인 부족,-1,이력 부족: 0/22관측,현재 상태를 판단할 자료가 부족합니다.,확인 부족
2025-10-02,CURVE3,미국 10년물-3개월물 금리차,확인 부족,-1,이력 부족: 0/22관측,현재 상태를 판단할 자료가 부족합니다.,확인 부족
2025-10-02,CURVEFED,미국 10년물-기준금리 차,확인 부족,-1,이력 부족: 0/22관측,현재 상태를 판단할 자료가 부족합니다.,확인 부족
2025-10-02,VIX,VIX,정상,0,VIX 16.6 · 5일 -0.7% · 20일 +8.7% · 5일 -0.1포인트,지표 고유의 상태와 다른 시장 영역의 동반 신호를 구분해 확인합니다.,낮음
2025-10-02,VIXPOS,VIX 1년 위치,참고,0,과거 252관측 대비 43.3백분위,최근 분포에서의 위치입니다. 별도 위험 신호로 중복 집계하지 않습니다.,낮음
2025-10-02,HY,하이일드 OAS,안정,0,HY 2.81%p · 5일 +5bp · 20일 -3bp,지표 고유의 상태와 다른 시장 영역의 동반 신호를 구분해 확인합니다.,낮음
2025-10-02,BBB,BBB OAS,안정,0,BBB 0.96%p · 5일 +0bp · 20일 -4bp,지표 고유의 상태와 다른 시장 영역의 동반 신호를 구분해 확인합니다.,낮음
2025-10-02,HYPOS,HY 1년 위치,참고,0,과거 252관측 대비 34.7백분위,최근 분포에서의 위치입니다. 별도 위험 신호로 중복 집계하지 않습니다.,낮음
2025-10-02,UNEMP,미국 실업률,관찰,1,3개월 +0.30%p · Sahm 0.23%p,고용 약화 신호를 관찰합니다. 실업률과 Sahm은 같은 원자료여서 독립 증거로 중복 계산하지 않습니다.,낮음
2025-10-02,SAHM,Sahm Rule,정상,0,3개월 평균이 이전 12개월 저점 대비 0.23%p 상승,고용 약화 신호를 관찰합니다. 실업률과 Sahm은 같은 원자료여서 독립 증거로 중복 계산하지 않습니다.,낮음
2025-10-02,CLAIMS,신규실업수당 4주평균,확인 부족,-1,이력 부족: 0/55관측,현재 상태를 판단할 자료가 부족합니다.,확인 부족
2025-10-02,CPI,CPI,확인 부족,-1,이력 부족: 0/16관측,현재 상태를 판단할 자료가 부족합니다.,확인 부족
2025-10-02,CORECPI,근원 CPI,확인 부족,-1,이력 부족: 0/16관측,현재 상태를 판단할 자료가 부족합니다.,확인 부족
2025-10-02,COREPCE,근원 PCE,확인 부족,-1,이력 부족: 0/16관측,현재 상태를 판단할 자료가 부족합니다.,확인 부족
2025-10-02,DXY,달러지수,확인 부족,-1,이력 부족: 0/147관측,현재 상태를 판단할 자료가 부족합니다.,확인 부족
2025-10-02,USDKRW,달러/원,확인 부족,-1,이력 부족: 0/147관측,현재 상태를 판단할 자료가 부족합니다.,확인 부족
2025-10-02,USDJPY,달러/엔,확인 부족,-1,이력 부족: 0/147관측,현재 상태를 판단할 자료가 부족합니다.,확인 부족
2025-10-02,WTI,WTI,확인 부족,-1,이력 부족: 0/147관측,현재 상태를 판단할 자료가 부족합니다.,확인 부족
2025-10-02,GOLD,금,정상,0,5일 +2.75% · 20일 +7.68% · 변동성 기준 77.4/88.7백분위,가격 움직임은 확인되지만 원인을 구분할 교차 근거가 충분하지 않습니다.,낮음
2025-10-02,SILVER,은,관찰,1,5일 +2.92% · 20일 +12.44% · 변동성 기준 52.6/93.3백분위,금과 은이 함께 상승합니다. 귀금속 공통 흐름을 확인합니다.,낮음
2025-10-02,COPPER,구리,정상,0,5일 +4.21% · 20일 +9.14% · 변동성 기준 80.0/80.0백분위,가격 움직임은 확인되지만 원인을 구분할 교차 근거가 충분하지 않습니다.,낮음
2025-10-03,SP500,S&P500,확인 부족,-1,이력 부족: 0/252관측,현재 상태를 판단할 자료가 부족합니다.,확인 부족
2025-10-03,NASDAQ,Nasdaq,확인 부족,-1,이력 부족: 0/252관측,현재 상태를 판단할 자료가 부족합니다.,확인 부족
2025-10-03,RUSSELL,Russell 2000,정상,0,5일 +1.7% · 20일 +3.6% · 고점 대비 0.0%,지표 고유의 상태와 다른 시장 영역의 동반 신호를 구분해 확인합니다.,낮음
2025-10-03,MA200,200일 이동평균 이격,확인 부족,-1,이력 부족: 0/200관측,현재 상태를 판단할 자료가 부족합니다.,확인 부족
2025-10-03,EW,동일가중 상대성과,정상,0,RSP가 SPY 대비 20일 -1.9%p · 5일 상대성과 +0.30%p,지표 고유의 상태와 다른 시장 영역의 동반 신호를 구분해 확인합니다.,낮음
2025-10-03,CAPE,CAPE,확인 부족,-1,이력 부족: 0/120관측,현재 상태를 판단할 자료가 부족합니다.,확인 부족
2025-10-03,ADV,상승 종목 비율,확인 부족,-1,이력 부족: 0/21관측,현재 상태를 판단할 자료가 부족합니다.,확인 부족
2025-10-03,ABOVE200,200DMA 위 종목 비율,확인 부족,-1,이력 부족: 0/21관측,현재 상태를 판단할 자료가 부족합니다.,확인 부족
2025-10-03,HILO,52주 신고가-신저가 비율,확인 부족,-1,이력 부족: 0/21관측,현재 상태를 판단할 자료가 부족합니다.,확인 부족
2025-10-03,EFFR,미국 기준금리,정상,0,20관측 -24bp · 인하 · EFFR 변화는 목표범위 결정 자체와 구분,금리 하락 또는 상대관계 변화을 관찰합니다. 물가·고용·신용의 동반 움직임으로 의미를 구분합니다.,낮음
2025-10-03,US3M,미국 3개월물 국채수익률,확인 부족,-1,이력 부족: 0/25관측,현재 상태를 판단할 자료가 부족합니다.,확인 부족
2025-10-03,US2Y,미국 2년물 국채수익률,확인 부족,-1,이력 부족: 0/25관측,현재 상태를 판단할 자료가 부족합니다.,확인 부족
2025-10-03,US10Y,미국 10년물 국채수익률,확인 부족,-1,이력 부족: 0/25관측,현재 상태를 판단할 자료가 부족합니다.,확인 부족
2025-10-03,US30Y,미국 30년물 국채수익률,확인 부족,-1,이력 부족: 0/25관측,현재 상태를 판단할 자료가 부족합니다.,확인 부족
2025-10-03,REAL10,미국 10년물 실질금리,확인 부족,-1,이력 부족: 0/25관측,현재 상태를 판단할 자료가 부족합니다.,확인 부족
2025-10-03,TERM,미국 10년물 기간프리미엄,정상,0,과거 504관측 대비 58.1백분위 · 20일 +5bp,금리 상승에 따른 부담을 관찰합니다. 물가·고용·신용의 동반 움직임으로 의미를 구분합니다.,낮음
2025-10-03,CURVE2,미국 10년물-2년물 금리차,확인 부족,-1,이력 부족: 0/22관측,현재 상태를 판단할 자료가 부족합니다.,확인 부족
2025-10-03,CURVE3,미국 10년물-3개월물 금리차,확인 부족,-1,이력 부족: 0/22관측,현재 상태를 판단할 자료가 부족합니다.,확인 부족
2025-10-03,CURVEFED,미국 10년물-기준금리 차,확인 부족,-1,이력 부족: 0/22관측,현재 상태를 판단할 자료가 부족합니다.,확인 부족
2025-10-03,VIX,VIX,정상,0,VIX 16.6 · 5일 +8.9% · 20일 +9.7% · 5일 +1.4포인트,지표 고유의 상태와 다른 시장 영역의 동반 신호를 구분해 확인합니다.,낮음
2025-10-03,VIXPOS,VIX 1년 위치,참고,0,과거 252관측 대비 44.6백분위,최근 분포에서의 위치입니다. 별도 위험 신호로 중복 집계하지 않습니다.,낮음
2025-10-03,HY,하이일드 OAS,안정,0,HY 2.80%p · 5일 +5bp · 20일 -3bp,지표 고유의 상태와 다른 시장 영역의 동반 신호를 구분해 확인합니다.,낮음
2025-10-03,BBB,BBB OAS,안정,0,BBB 0.95%p · 5일 +0bp · 20일 -5bp,지표 고유의 상태와 다른 시장 영역의 동반 신호를 구분해 확인합니다.,낮음
2025-10-03,HYPOS,HY 1년 위치,참고,0,과거 252관측 대비 32.5백분위,최근 분포에서의 위치입니다. 별도 위험 신호로 중복 집계하지 않습니다.,낮음
2025-10-03,UNEMP,미국 실업률,관찰,1,3개월 +0.30%p · Sahm 0.23%p,고용 약화 신호를 관찰합니다. 실업률과 Sahm은 같은 원자료여서 독립 증거로 중복 계산하지 않습니다.,낮음
2025-10-03,SAHM,Sahm Rule,정상,0,3개월 평균이 이전 12개월 저점 대비 0.23%p 상승,고용 약화 신호를 관찰합니다. 실업률과 Sahm은 같은 원자료여서 독립 증거로 중복 계산하지 않습니다.,낮음
2025-10-03,CLAIMS,신규실업수당 4주평균,확인 부족,-1,이력 부족: 0/55관측,현재 상태를 판단할 자료가 부족합니다.,확인 부족
2025-10-03,CPI,CPI,확인 부족,-1,이력 부족: 0/16관측,현재 상태를 판단할 자료가 부족합니다.,확인 부족
2025-10-03,CORECPI,근원 CPI,확인 부족,-1,이력 부족: 0/16관측,현재 상태를 판단할 자료가 부족합니다.,확인 부족
2025-10-03,COREPCE,근원 PCE,확인 부족,-1,이력 부족: 0/16관측,현재 상태를 판단할 자료가 부족합니다.,확인 부족
2025-10-03,DXY,달러지수,확인 부족,-1,이력 부족: 0/147관측,현재 상태를 판단할 자료가 부족합니다.,확인 부족
2025-10-03,USDKRW,달러/원,확인 부족,-1,이력 부족: 0/147관측,현재 상태를 판단할 자료가 부족합니다.,확인 부족
2025-10-03,USDJPY,달러/엔,확인 부족,-1,이력 부족: 0/147관측,현재 상태를 판단할 자료가 부족합니다.,확인 부족
2025-10-03,WTI,WTI,확인 부족,-1,이력 부족: 0/147관측,현재 상태를 판단할 자료가 부족합니다.,확인 부족
2025-10-03,GOLD,금,정상,0,5일 +2.79% · 20일 +7.41% · 변동성 기준 78.4/87.3백분위,가격 움직임은 확인되지만 원인을 구분할 교차 근거가 충분하지 않습니다.,낮음
2025-10-03,SILVER,은,주의,2,5일 +2.98% · 20일 +15.88% · 변동성 기준 53.8/98.4백분위,금과 은이 함께 상승합니다. 귀금속 공통 흐름을 확인합니다.,낮음
2025-10-03,COPPER,구리,관찰,1,5일 +7.26% · 20일 +12.84% · 변동성 기준 94.4/90.5백분위,가격 움직임은 확인되지만 원인을 구분할 교차 근거가 충분하지 않습니다.,낮음
2025-10-06,SP500,S&P500,확인 부족,-1,이력 부족: 0/252관측,현재 상태를 판단할 자료가 부족합니다.,확인 부족
2025-10-06,NASDAQ,Nasdaq,확인 부족,-1,이력 부족: 0/252관측,현재 상태를 판단할 자료가 부족합니다.,확인 부족
2025-10-06,RUSSELL,Russell 2000,정상,0,5일 +2.1% · 20일 +3.8% · 고점 대비 0.0%,지표 고유의 상태와 다른 시장 영역의 동반 신호를 구분해 확인합니다.,낮음
2025-10-06,MA200,200일 이동평균 이격,확인 부족,-1,이력 부족: 0/200관측,현재 상태를 판단할 자료가 부족합니다.,확인 부족
2025-10-06,EW,동일가중 상대성과,정상,0,RSP가 SPY 대비 20일 -2.0%p · 5일 상대성과 -0.14%p,지표 고유의 상태와 다른 시장 영역의 동반 신호를 구분해 확인합니다.,낮음
2025-10-06,CAPE,CAPE,확인 부족,-1,이력 부족: 0/120관측,현재 상태를 판단할 자료가 부족합니다.,확인 부족
2025-10-06,ADV,상승 종목 비율,확인 부족,-1,이력 부족: 0/21관측,현재 상태를 판단할 자료가 부족합니다.,확인 부족
2025-10-06,ABOVE200,200DMA 위 종목 비율,확인 부족,-1,이력 부족: 0/21관측,현재 상태를 판단할 자료가 부족합니다.,확인 부족
2025-10-06,HILO,52주 신고가-신저가 비율,확인 부족,-1,이력 부족: 0/21관측,현재 상태를 판단할 자료가 부족합니다.,확인 부족
2025-10-06,EFFR,미국 기준금리,정상,0,20관측 -24bp · 인하 · EFFR 변화는 목표범위 결정 자체와 구분,금리 하락 또는 상대관계 변화을 관찰합니다. 물가·고용·신용의 동반 움직임으로 의미를 구분합니다.,낮음
2025-10-06,US3M,미국 3개월물 국채수익률,확인 부족,-1,이력 부족: 0/25관측,현재 상태를 판단할 자료가 부족합니다.,확인 부족
2025-10-06,US2Y,미국 2년물 국채수익률,확인 부족,-1,이력 부족: 0/25관측,현재 상태를 판단할 자료가 부족합니다.,확인 부족
2025-10-06,US10Y,미국 10년물 국채수익률,확인 부족,-1,이력 부족: 0/25관측,현재 상태를 판단할 자료가 부족합니다.,확인 부족
2025-10-06,US30Y,미국 30년물 국채수익률,확인 부족,-1,이력 부족: 0/25관측,현재 상태를 판단할 자료가 부족합니다.,확인 부족
2025-10-06,REAL10,미국 10년물 실질금리,확인 부족,-1,이력 부족: 0/25관측,현재 상태를 판단할 자료가 부족합니다.,확인 부족
2025-10-06,TERM,미국 10년물 기간프리미엄,정상,0,과거 504관측 대비 65.3백분위 · 20일 +9bp,금리 상승에 따른 부담을 관찰합니다. 물가·고용·신용의 동반 움직임으로 의미를 구분합니다.,낮음
2025-10-06,CURVE2,미국 10년물-2년물 금리차,확인 부족,-1,이력 부족: 0/22관측,현재 상태를 판단할 자료가 부족합니다.,확인 부족
2025-10-06,CURVE3,미국 10년물-3개월물 금리차,확인 부족,-1,이력 부족: 0/22관측,현재 상태를 판단할 자료가 부족합니다.,확인 부족
2025-10-06,CURVEFED,미국 10년물-기준금리 차,확인 부족,-1,이력 부족: 0/22관측,현재 상태를 판단할 자료가 부족합니다.,확인 부족
2025-10-06,VIX,VIX,정상,0,VIX 16.4 · 5일 +1.6% · 20일 +8.3% · 5일 +0.2포인트,지표 고유의 상태와 다른 시장 영역의 동반 신호를 구분해 확인합니다.,낮음
2025-10-06,VIXPOS,VIX 1년 위치,참고,0,과거 252관측 대비 38.1백분위,최근 분포에서의 위치입니다. 별도 위험 신호로 중복 집계하지 않습니다.,낮음
2025-10-06,HY,하이일드 OAS,안정,0,HY 2.76%p · 5일 +2bp · 20일 -8bp,지표 고유의 상태와 다른 시장 영역의 동반 신호를 구분해 확인합니다.,낮음
2025-10-06,BBB,BBB OAS,안정,0,BBB 0.94%p · 5일 +0bp · 20일 -7bp,지표 고유의 상태와 다른 시장 영역의 동반 신호를 구분해 확인합니다.,낮음
2025-10-06,HYPOS,HY 1년 위치,참고,0,과거 252관측 대비 27.4백분위,최근 분포에서의 위치입니다. 별도 위험 신호로 중복 집계하지 않습니다.,낮음
2025-10-06,UNEMP,미국 실업률,관찰,1,3개월 +0.30%p · Sahm 0.23%p,고용 약화 신호를 관찰합니다. 실업률과 Sahm은 같은 원자료여서 독립 증거로 중복 계산하지 않습니다.,낮음
2025-10-06,SAHM,Sahm Rule,정상,0,3개월 평균이 이전 12개월 저점 대비 0.23%p 상승,고용 약화 신호를 관찰합니다. 실업률과 Sahm은 같은 원자료여서 독립 증거로 중복 계산하지 않습니다.,낮음
2025-10-06,CLAIMS,신규실업수당 4주평균,확인 부족,-1,이력 부족: 0/55관측,현재 상태를 판단할 자료가 부족합니다.,확인 부족
2025-10-06,CPI,CPI,확인 부족,-1,이력 부족: 0/16관측,현재 상태를 판단할 자료가 부족합니다.,확인 부족
2025-10-06,CORECPI,근원 CPI,확인 부족,-1,이력 부족: 0/16관측,현재 상태를 판단할 자료가 부족합니다.,확인 부족
2025-10-06,COREPCE,근원 PCE,확인 부족,-1,이력 부족: 0/16관측,현재 상태를 판단할 자료가 부족합니다.,확인 부족
2025-10-06,DXY,달러지수,확인 부족,-1,이력 부족: 0/147관측,현재 상태를 판단할 자료가 부족합니다.,확인 부족
2025-10-06,USDKRW,달러/원,확인 부족,-1,이력 부족: 0/147관측,현재 상태를 판단할 자료가 부족합니다.,확인 부족
2025-10-06,USDJPY,달러/엔,확인 부족,-1,이력 부족: 0/147관측,현재 상태를 판단할 자료가 부족합니다.,확인 부족
2025-10-06,WTI,WTI,확인 부족,-1,이력 부족: 0/147관측,현재 상태를 판단할 자료가 부족합니다.,확인 부족
2025-10-06,GOLD,금,관찰,1,5일 +3.34% · 20일 +8.53% · 변동성 기준 86.9/92.5백분위,가격 움직임은 확인되지만 원인을 구분할 교차 근거가 충분하지 않습니다.,낮음
2025-10-06,SILVER,은,주의,2,5일 +3.15% · 20일 +16.07% · 변동성 기준 57.9/98.8백분위,금과 은이 함께 상승합니다. 귀금속 공통 흐름을 확인합니다.,낮음
2025-10-06,COPPER,구리,정상,0,5일 +3.02% · 20일 +11.06% · 변동성 기준 66.5/86.1백분위,가격 움직임은 확인되지만 원인을 구분할 교차 근거가 충분하지 않습니다.,낮음
2025-10-07,SP500,S&P500,확인 부족,-1,이력 부족: 0/252관측,현재 상태를 판단할 자료가 부족합니다.,확인 부족
2025-10-07,NASDAQ,Nasdaq,확인 부족,-1,이력 부족: 0/252관측,현재 상태를 판단할 자료가 부족합니다.,확인 부족
2025-10-07,RUSSELL,Russell 2000,정상,0,5일 +0.9% · 20일 +3.2% · 고점 대비 -1.1%,지표 고유의 상태와 다른 시장 영역의 동반 신호를 구분해 확인합니다.,낮음
2025-10-07,MA200,200일 이동평균 이격,확인 부족,-1,이력 부족: 0/200관측,현재 상태를 판단할 자료가 부족합니다.,확인 부족
2025-10-07,EW,동일가중 상대성과,정상,0,RSP가 SPY 대비 20일 -1.5%p · 5일 상대성과 -0.10%p,지표 고유의 상태와 다른 시장 영역의 동반 신호를 구분해 확인합니다.,낮음
2025-10-07,CAPE,CAPE,확인 부족,-1,이력 부족: 0/120관측,현재 상태를 판단할 자료가 부족합니다.,확인 부족
2025-10-07,ADV,상승 종목 비율,확인 부족,-1,이력 부족: 0/21관측,현재 상태를 판단할 자료가 부족합니다.,확인 부족
2025-10-07,ABOVE200,200DMA 위 종목 비율,확인 부족,-1,이력 부족: 0/21관측,현재 상태를 판단할 자료가 부족합니다.,확인 부족
2025-10-07,HILO,52주 신고가-신저가 비율,확인 부족,-1,이력 부족: 0/21관측,현재 상태를 판단할 자료가 부족합니다.,확인 부족
2025-10-07,EFFR,미국 기준금리,정상,0,20관측 -24bp · 인하 · EFFR 변화는 목표범위 결정 자체와 구분,금리 하락 또는 상대관계 변화을 관찰합니다. 물가·고용·신용의 동반 움직임으로 의미를 구분합니다.,낮음
2025-10-07,US3M,미국 3개월물 국채수익률,확인 부족,-1,이력 부족: 0/25관측,현재 상태를 판단할 자료가 부족합니다.,확인 부족
2025-10-07,US2Y,미국 2년물 국채수익률,확인 부족,-1,이력 부족: 0/25관측,현재 상태를 판단할 자료가 부족합니다.,확인 부족
2025-10-07,US10Y,미국 10년물 국채수익률,확인 부족,-1,이력 부족: 0/25관측,현재 상태를 판단할 자료가 부족합니다.,확인 부족
2025-10-07,US30Y,미국 30년물 국채수익률,확인 부족,-1,이력 부족: 0/25관측,현재 상태를 판단할 자료가 부족합니다.,확인 부족
2025-10-07,REAL10,미국 10년물 실질금리,확인 부족,-1,이력 부족: 0/25관측,현재 상태를 판단할 자료가 부족합니다.,확인 부족
2025-10-07,TERM,미국 10년물 기간프리미엄,정상,0,과거 504관측 대비 60.9백분위 · 20일 +7bp,금리 상승에 따른 부담을 관찰합니다. 물가·고용·신용의 동반 움직임으로 의미를 구분합니다.,낮음
2025-10-07,CURVE2,미국 10년물-2년물 금리차,확인 부족,-1,이력 부족: 0/22관측,현재 상태를 판단할 자료가 부족합니다.,확인 부족
2025-10-07,CURVE3,미국 10년물-3개월물 금리차,확인 부족,-1,이력 부족: 0/22관측,현재 상태를 판단할 자료가 부족합니다.,확인 부족
2025-10-07,CURVEFED,미국 10년물-기준금리 차,확인 부족,-1,이력 부족: 0/22관측,현재 상태를 판단할 자료가 부족합니다.,확인 부족
2025-10-07,VIX,VIX,정상,0,VIX 17.2 · 5일 +5.9% · 20일 +14.6% · 5일 +1.0포인트,지표 고유의 상태와 다른 시장 영역의 동반 신호를 구분해 확인합니다.,낮음
2025-10-07,VIXPOS,VIX 1년 위치,참고,0,과거 252관측 대비 53.0백분위,최근 분포에서의 위치입니다. 별도 위험 신호로 중복 집계하지 않습니다.,낮음
2025-10-07,HY,하이일드 OAS,안정,0,HY 2.82%p · 5일 +2bp · 20일 -5bp,지표 고유의 상태와 다른 시장 영역의 동반 신호를 구분해 확인합니다.,낮음
2025-10-07,BBB,BBB OAS,안정,0,BBB 0.95%p · 5일 -2bp · 20일 -6bp,지표 고유의 상태와 다른 시장 영역의 동반 신호를 구분해 확인합니다.,낮음
2025-10-07,HYPOS,HY 1년 위치,참고,0,과거 252관측 대비 37.9백분위,최근 분포에서의 위치입니다. 별도 위험 신호로 중복 집계하지 않습니다.,낮음
2025-10-07,UNEMP,미국 실업률,관찰,1,3개월 +0.30%p · Sahm 0.23%p,고용 약화 신호를 관찰합니다. 실업률과 Sahm은 같은 원자료여서 독립 증거로 중복 계산하지 않습니다.,낮음
2025-10-07,SAHM,Sahm Rule,정상,0,3개월 평균이 이전 12개월 저점 대비 0.23%p 상승,고용 약화 신호를 관찰합니다. 실업률과 Sahm은 같은 원자료여서 독립 증거로 중복 계산하지 않습니다.,낮음
2025-10-07,CLAIMS,신규실업수당 4주평균,확인 부족,-1,이력 부족: 0/55관측,현재 상태를 판단할 자료가 부족합니다.,확인 부족
2025-10-07,CPI,CPI,확인 부족,-1,이력 부족: 0/16관측,현재 상태를 판단할 자료가 부족합니다.,확인 부족
2025-10-07,CORECPI,근원 CPI,확인 부족,-1,이력 부족: 0/16관측,현재 상태를 판단할 자료가 부족합니다.,확인 부족
2025-10-07,COREPCE,근원 PCE,확인 부족,-1,이력 부족: 0/16관측,현재 상태를 판단할 자료가 부족합니다.,확인 부족
2025-10-07,DXY,달러지수,확인 부족,-1,이력 부족: 0/147관측,현재 상태를 판단할 자료가 부족합니다.,확인 부족
2025-10-07,USDKRW,달러/원,확인 부족,-1,이력 부족: 0/147관측,현재 상태를 판단할 자료가 부족합니다.,확인 부족
2025-10-07,USDJPY,달러/엔,확인 부족,-1,이력 부족: 0/147관측,현재 상태를 판단할 자료가 부족합니다.,확인 부족
2025-10-07,WTI,WTI,확인 부족,-1,이력 부족: 0/147관측,현재 상태를 판단할 자료가 부족합니다.,확인 부족
2025-10-07,GOLD,금,관찰,1,5일 +3.54% · 20일 +9.15% · 변동성 기준 89.3/95.0백분위,가격 움직임은 확인되지만 원인을 구분할 교차 근거가 충분하지 않습니다.,낮음
2025-10-07,SILVER,은,관찰,1,5일 +2.00% · 20일 +15.41% · 변동성 기준 39.7/97.2백분위,금과 은이 함께 상승합니다. 귀금속 공통 흐름을 확인합니다.,낮음
2025-10-07,COPPER,구리,정상,0,5일 +5.06% · 20일 +12.15% · 변동성 기준 85.9/88.9백분위,가격 움직임은 확인되지만 원인을 구분할 교차 근거가 충분하지 않습니다.,낮음
2025-10-08,SP500,S&P500,확인 부족,-1,이력 부족: 0/252관측,현재 상태를 판단할 자료가 부족합니다.,확인 부족
2025-10-08,NASDAQ,Nasdaq,확인 부족,-1,이력 부족: 0/252관측,현재 상태를 판단할 자료가 부족합니다.,확인 부족
2025-10-08,RUSSELL,Russell 2000,정상,0,5일 +1.7% · 20일 +4.5% · 고점 대비 -0.1%,지표 고유의 상태와 다른 시장 영역의 동반 신호를 구분해 확인합니다.,낮음
2025-10-08,MA200,200일 이동평균 이격,확인 부족,-1,이력 부족: 0/200관측,현재 상태를 판단할 자료가 부족합니다.,확인 부족
2025-10-08,EW,동일가중 상대성과,정상,0,RSP가 SPY 대비 20일 -1.4%p · 5일 상대성과 -0.26%p,지표 고유의 상태와 다른 시장 영역의 동반 신호를 구분해 확인합니다.,낮음
2025-10-08,CAPE,CAPE,확인 부족,-1,이력 부족: 0/120관측,현재 상태를 판단할 자료가 부족합니다.,확인 부족
2025-10-08,ADV,상승 종목 비율,확인 부족,-1,이력 부족: 0/21관측,현재 상태를 판단할 자료가 부족합니다.,확인 부족
2025-10-08,ABOVE200,200DMA 위 종목 비율,확인 부족,-1,이력 부족: 0/21관측,현재 상태를 판단할 자료가 부족합니다.,확인 부족
2025-10-08,HILO,52주 신고가-신저가 비율,확인 부족,-1,이력 부족: 0/21관측,현재 상태를 판단할 자료가 부족합니다.,확인 부족
2025-10-08,EFFR,미국 기준금리,정상,0,20관측 -23bp · 인하 · EFFR 변화는 목표범위 결정 자체와 구분,금리 하락 또는 상대관계 변화을 관찰합니다. 물가·고용·신용의 동반 움직임으로 의미를 구분합니다.,낮음
2025-10-08,US3M,미국 3개월물 국채수익률,확인 부족,-1,이력 부족: 0/25관측,현재 상태를 판단할 자료가 부족합니다.,확인 부족
2025-10-08,US2Y,미국 2년물 국채수익률,확인 부족,-1,이력 부족: 0/25관측,현재 상태를 판단할 자료가 부족합니다.,확인 부족
2025-10-08,US10Y,미국 10년물 국채수익률,확인 부족,-1,이력 부족: 0/25관측,현재 상태를 판단할 자료가 부족합니다.,확인 부족
2025-10-08,US30Y,미국 30년물 국채수익률,확인 부족,-1,이력 부족: 0/25관측,현재 상태를 판단할 자료가 부족합니다.,확인 부족
2025-10-08,REAL10,미국 10년물 실질금리,확인 부족,-1,이력 부족: 0/25관측,현재 상태를 판단할 자료가 부족합니다.,확인 부족
2025-10-08,TERM,미국 10년물 기간프리미엄,정상,0,과거 504관측 대비 61.7백분위 · 20일 +8bp,금리 상승에 따른 부담을 관찰합니다. 물가·고용·신용의 동반 움직임으로 의미를 구분합니다.,낮음
2025-10-08,CURVE2,미국 10년물-2년물 금리차,확인 부족,-1,이력 부족: 0/22관측,현재 상태를 판단할 자료가 부족합니다.,확인 부족
2025-10-08,CURVE3,미국 10년물-3개월물 금리차,확인 부족,-1,이력 부족: 0/22관측,현재 상태를 판단할 자료가 부족합니다.,확인 부족
2025-10-08,CURVEFED,미국 10년물-기준금리 차,확인 부족,-1,이력 부족: 0/22관측,현재 상태를 판단할 자료가 부족합니다.,확인 부족
2025-10-08,VIX,VIX,정상,0,VIX 16.3 · 5일 +0.1% · 20일 +6.2% · 5일 +0.0포인트,지표 고유의 상태와 다른 시장 영역의 동반 신호를 구분해 확인합니다.,낮음
2025-10-08,VIXPOS,VIX 1년 위치,참고,0,과거 252관측 대비 36.5백분위,최근 분포에서의 위치입니다. 별도 위험 신호로 중복 집계하지 않습니다.,낮음
2025-10-08,HY,하이일드 OAS,안정,0,HY 2.84%p · 5일 +3bp · 20일 +0bp,지표 고유의 상태와 다른 시장 영역의 동반 신호를 구분해 확인합니다.,낮음
2025-10-08,BBB,BBB OAS,안정,0,BBB 0.95%p · 5일 -2bp · 20일 -5bp,지표 고유의 상태와 다른 시장 영역의 동반 신호를 구분해 확인합니다.,낮음
2025-10-08,HYPOS,HY 1년 위치,참고,0,과거 252관측 대비 42.3백분위,최근 분포에서의 위치입니다. 별도 위험 신호로 중복 집계하지 않습니다.,낮음
2025-10-08,UNEMP,미국 실업률,관찰,1,3개월 +0.30%p · Sahm 0.23%p,고용 약화 신호를 관찰합니다. 실업률과 Sahm은 같은 원자료여서 독립 증거로 중복 계산하지 않습니다.,낮음
2025-10-08,SAHM,Sahm Rule,정상,0,3개월 평균이 이전 12개월 저점 대비 0.23%p 상승,고용 약화 신호를 관찰합니다. 실업률과 Sahm은 같은 원자료여서 독립 증거로 중복 계산하지 않습니다.,낮음
2025-10-08,CLAIMS,신규실업수당 4주평균,확인 부족,-1,이력 부족: 0/55관측,현재 상태를 판단할 자료가 부족합니다.,확인 부족
2025-10-08,CPI,CPI,확인 부족,-1,이력 부족: 0/16관측,현재 상태를 판단할 자료가 부족합니다.,확인 부족
2025-10-08,CORECPI,근원 CPI,확인 부족,-1,이력 부족: 0/16관측,현재 상태를 판단할 자료가 부족합니다.,확인 부족
2025-10-08,COREPCE,근원 PCE,확인 부족,-1,이력 부족: 0/16관측,현재 상태를 판단할 자료가 부족합니다.,확인 부족
2025-10-08,DXY,달러지수,확인 부족,-1,이력 부족: 0/147관측,현재 상태를 판단할 자료가 부족합니다.,확인 부족
2025-10-08,USDKRW,달러/원,확인 부족,-1,이력 부족: 0/147관측,현재 상태를 판단할 자료가 부족합니다.,확인 부족
2025-10-08,USDJPY,달러/엔,확인 부족,-1,이력 부족: 0/147관측,현재 상태를 판단할 자료가 부족합니다.,확인 부족
2025-10-08,WTI,WTI,확인 부족,-1,이력 부족: 0/147관측,현재 상태를 판단할 자료가 부족합니다.,확인 부족
2025-10-08,GOLD,금,주의,2,5일 +4.55% · 20일 +10.97% · 변동성 기준 94.2/98.8백분위,가격 움직임은 확인되지만 원인을 구분할 교차 근거가 충분하지 않습니다.,낮음
2025-10-08,SILVER,은,주의,2,5일 +2.89% · 20일 +18.29% · 변동성 기준 52.8/99.4백분위,금과 은이 함께 상승합니다. 귀금속 공통 흐름을 확인합니다.,낮음
2025-10-08,COPPER,구리,정상,0,5일 +4.46% · 20일 +10.90% · 변동성 기준 82.1/85.5백분위,가격 움직임은 확인되지만 원인을 구분할 교차 근거가 충분하지 않습니다.,낮음
2025-10-09,SP500,S&P500,확인 부족,-1,이력 부족: 0/252관측,현재 상태를 판단할 자료가 부족합니다.,확인 부족
2025-10-09,NASDAQ,Nasdaq,확인 부족,-1,이력 부족: 0/252관측,현재 상태를 판단할 자료가 부족합니다.,확인 부족
2025-10-09,RUSSELL,Russell 2000,정상,0,5일 +0.4% · 20일 +2.0% · 고점 대비 -0.7%,지표 고유의 상태와 다른 시장 영역의 동반 신호를 구분해 확인합니다.,낮음
2025-10-09,MA200,200일 이동평균 이격,확인 부족,-1,이력 부족: 0/200관측,현재 상태를 판단할 자료가 부족합니다.,확인 부족
2025-10-09,EW,동일가중 상대성과,관찰,1,RSP가 SPY 대비 20일 -2.6%p · 5일 상대성과 -0.91%p,지표 고유의 상태와 다른 시장 영역의 동반 신호를 구분해 확인합니다.,낮음
2025-10-09,CAPE,CAPE,확인 부족,-1,이력 부족: 0/120관측,현재 상태를 판단할 자료가 부족합니다.,확인 부족
2025-10-09,ADV,상승 종목 비율,확인 부족,-1,이력 부족: 0/21관측,현재 상태를 판단할 자료가 부족합니다.,확인 부족
2025-10-09,ABOVE200,200DMA 위 종목 비율,확인 부족,-1,이력 부족: 0/21관측,현재 상태를 판단할 자료가 부족합니다.,확인 부족
2025-10-09,HILO,52주 신고가-신저가 비율,확인 부족,-1,이력 부족: 0/21관측,현재 상태를 판단할 자료가 부족합니다.,확인 부족
2025-10-09,EFFR,미국 기준금리,정상,0,20관측 -23bp · 인하 · EFFR 변화는 목표범위 결정 자체와 구분,금리 하락 또는 상대관계 변화을 관찰합니다. 물가·고용·신용의 동반 움직임으로 의미를 구분합니다.,낮음
2025-10-09,US3M,미국 3개월물 국채수익률,확인 부족,-1,이력 부족: 0/25관측,현재 상태를 판단할 자료가 부족합니다.,확인 부족
2025-10-09,US2Y,미국 2년물 국채수익률,확인 부족,-1,이력 부족: 0/25관측,현재 상태를 판단할 자료가 부족합니다.,확인 부족
2025-10-09,US10Y,미국 10년물 국채수익률,확인 부족,-1,이력 부족: 0/25관측,현재 상태를 판단할 자료가 부족합니다.,확인 부족
2025-10-09,US30Y,미국 30년물 국채수익률,확인 부족,-1,이력 부족: 0/25관측,현재 상태를 판단할 자료가 부족합니다.,확인 부족
2025-10-09,REAL10,미국 10년물 실질금리,확인 부족,-1,이력 부족: 0/25관측,현재 상태를 판단할 자료가 부족합니다.,확인 부족
2025-10-09,TERM,미국 10년물 기간프리미엄,정상,0,과거 504관측 대비 62.8백분위 · 20일 +9bp,금리 상승에 따른 부담을 관찰합니다. 물가·고용·신용의 동반 움직임으로 의미를 구분합니다.,낮음
2025-10-09,CURVE2,미국 10년물-2년물 금리차,확인 부족,-1,이력 부족: 0/22관측,현재 상태를 판단할 자료가 부족합니다.,확인 부족
2025-10-09,CURVE3,미국 10년물-3개월물 금리차,확인 부족,-1,이력 부족: 0/22관측,현재 상태를 판단할 자료가 부족합니다.,확인 부족
2025-10-09,CURVEFED,미국 10년물-기준금리 차,확인 부족,-1,이력 부족: 0/22관측,현재 상태를 판단할 자료가 부족합니다.,확인 부족
2025-10-09,VIX,VIX,정상,0,VIX 16.4 · 5일 -1.2% · 20일 +11.7% · 5일 -0.2포인트,지표 고유의 상태와 다른 시장 영역의 동반 신호를 구분해 확인합니다.,낮음
2025-10-09,VIXPOS,VIX 1년 위치,참고,0,과거 252관측 대비 40.7백분위,최근 분포에서의 위치입니다. 별도 위험 신호로 중복 집계하지 않습니다.,낮음
2025-10-09,HY,하이일드 OAS,안정,0,HY 2.95%p · 5일 +14bp · 20일 +17bp,지표 고유의 상태와 다른 시장 영역의 동반 신호를 구분해 확인합니다.,낮음
2025-10-09,BBB,BBB OAS,안정,0,BBB 0.98%p · 5일 +2bp · 20일 +0bp,지표 고유의 상태와 다른 시장 영역의 동반 신호를 구분해 확인합니다.,낮음
2025-10-09,HYPOS,HY 1년 위치,참고,0,과거 252관측 대비 63.3백분위,최근 분포에서의 위치입니다. 별도 위험 신호로 중복 집계하지 않습니다.,낮음
2025-10-09,UNEMP,미국 실업률,관찰,1,3개월 +0.30%p · Sahm 0.23%p,고용 약화 신호를 관찰합니다. 실업률과 Sahm은 같은 원자료여서 독립 증거로 중복 계산하지 않습니다.,낮음
2025-10-09,SAHM,Sahm Rule,정상,0,3개월 평균이 이전 12개월 저점 대비 0.23%p 상승,고용 약화 신호를 관찰합니다. 실업률과 Sahm은 같은 원자료여서 독립 증거로 중복 계산하지 않습니다.,낮음
2025-10-09,CLAIMS,신규실업수당 4주평균,확인 부족,-1,이력 부족: 0/55관측,현재 상태를 판단할 자료가 부족합니다.,확인 부족
2025-10-09,CPI,CPI,확인 부족,-1,이력 부족: 0/16관측,현재 상태를 판단할 자료가 부족합니다.,확인 부족
2025-10-09,CORECPI,근원 CPI,확인 부족,-1,이력 부족: 0/16관측,현재 상태를 판단할 자료가 부족합니다.,확인 부족
2025-10-09,COREPCE,근원 PCE,확인 부족,-1,이력 부족: 0/16관측,현재 상태를 판단할 자료가 부족합니다.,확인 부족
2025-10-09,DXY,달러지수,확인 부족,-1,이력 부족: 0/147관측,현재 상태를 판단할 자료가 부족합니다.,확인 부족
2025-10-09,USDKRW,달러/원,확인 부족,-1,이력 부족: 0/147관측,현재 상태를 판단할 자료가 부족합니다.,확인 부족
2025-10-09,USDJPY,달러/엔,확인 부족,-1,이력 부족: 0/147관측,현재 상태를 판단할 자료가 부족합니다.,확인 부족
2025-10-09,WTI,WTI,확인 부족,-1,이력 부족: 0/147관측,현재 상태를 판단할 자료가 부족합니다.,확인 부족
2025-10-09,GOLD,금,관찰,1,5일 +2.78% · 20일 +8.51% · 변동성 기준 77.8/91.9백분위,가격 움직임은 확인되지만 원인을 구분할 교차 근거가 충분하지 않습니다.,낮음
2025-10-09,SILVER,은,관찰,1,5일 +1.85% · 20일 +12.36% · 변동성 기준 34.5/91.7백분위,금과 은이 함께 상승합니다. 귀금속 공통 흐름을 확인합니다.,낮음
2025-10-09,COPPER,구리,정상,0,5일 +3.62% · 20일 +10.57% · 변동성 기준 71.8/84.7백분위,가격 움직임은 확인되지만 원인을 구분할 교차 근거가 충분하지 않습니다.,낮음
2025-10-10,SP500,S&P500,확인 부족,-1,이력 부족: 0/252관측,현재 상태를 판단할 자료가 부족합니다.,확인 부족
2025-10-10,NASDAQ,Nasdaq,확인 부족,-1,이력 부족: 0/252관측,현재 상태를 판단할 자료가 부족합니다.,확인 부족
2025-10-10,RUSSELL,Russell 2000,관찰,1,5일 -3.3% · 20일 -0.1% · 고점 대비 -3.7%,지표 고유의 상태와 다른 시장 영역의 동반 신호를 구분해 확인합니다.,보통
2025-10-10,MA200,200일 이동평균 이격,확인 부족,-1,이력 부족: 0/200관측,현재 상태를 판단할 자료가 부족합니다.,확인 부족
2025-10-10,EW,동일가중 상대성과,정상,0,RSP가 SPY 대비 20일 -1.4%p · 5일 상대성과 -0.79%p,지표 고유의 상태와 다른 시장 영역의 동반 신호를 구분해 확인합니다.,보통
2025-10-10,CAPE,CAPE,확인 부족,-1,이력 부족: 0/120관측,현재 상태를 판단할 자료가 부족합니다.,확인 부족
2025-10-10,ADV,상승 종목 비율,확인 부족,-1,이력 부족: 0/21관측,현재 상태를 판단할 자료가 부족합니다.,확인 부족
2025-10-10,ABOVE200,200DMA 위 종목 비율,확인 부족,-1,이력 부족: 0/21관측,현재 상태를 판단할 자료가 부족합니다.,확인 부족
2025-10-10,HILO,52주 신고가-신저가 비율,확인 부족,-1,이력 부족: 0/21관측,현재 상태를 판단할 자료가 부족합니다.,확인 부족
2025-10-10,EFFR,미국 기준금리,정상,0,20관측 -23bp · 인하 · EFFR 변화는 목표범위 결정 자체와 구분,금리 하락 또는 상대관계 변화을 관찰합니다. 물가·고용·신용의 동반 움직임으로 의미를 구분합니다.,보통
2025-10-10,US3M,미국 3개월물 국채수익률,확인 부족,-1,이력 부족: 0/25관측,현재 상태를 판단할 자료가 부족합니다.,확인 부족
2025-10-10,US2Y,미국 2년물 국채수익률,확인 부족,-1,이력 부족: 0/25관측,현재 상태를 판단할 자료가 부족합니다.,확인 부족
2025-10-10,US10Y,미국 10년물 국채수익률,확인 부족,-1,이력 부족: 0/25관측,현재 상태를 판단할 자료가 부족합니다.,확인 부족
2025-10-10,US30Y,미국 30년물 국채수익률,확인 부족,-1,이력 부족: 0/25관측,현재 상태를 판단할 자료가 부족합니다.,확인 부족
2025-10-10,REAL10,미국 10년물 실질금리,확인 부족,-1,이력 부족: 0/25관측,현재 상태를 판단할 자료가 부족합니다.,확인 부족
2025-10-10,TERM,미국 10년물 기간프리미엄,정상,0,과거 504관측 대비 50.8백분위 · 20일 +4bp,금리 상승에 따른 부담을 관찰합니다. 물가·고용·신용의 동반 움직임으로 의미를 구분합니다.,보통
2025-10-10,CURVE2,미국 10년물-2년물 금리차,확인 부족,-1,이력 부족: 0/22관측,현재 상태를 판단할 자료가 부족합니다.,확인 부족
2025-10-10,CURVE3,미국 10년물-3개월물 금리차,확인 부족,-1,이력 부족: 0/22관측,현재 상태를 판단할 자료가 부족합니다.,확인 부족
2025-10-10,CURVEFED,미국 10년물-기준금리 차,확인 부족,-1,이력 부족: 0/22관측,현재 상태를 판단할 자료가 부족합니다.,확인 부족
2025-10-10,VIX,VIX,관찰,1,VIX 21.7 · 5일 +30.1% · 20일 +46.7% · 5일 +5.0포인트,지표 고유의 상태와 다른 시장 영역의 동반 신호를 구분해 확인합니다.,보통
2025-10-10,VIXPOS,VIX 1년 위치,참고,0,과거 252관측 대비 81.7백분위,최근 분포에서의 위치입니다. 별도 위험 신호로 중복 집계하지 않습니다.,보통
2025-10-10,HY,하이일드 OAS,주의,2,HY 3.18%p · 5일 +38bp · 20일 +39bp,지표 고유의 상태와 다른 시장 영역의 동반 신호를 구분해 확인합니다.,보통
2025-10-10,BBB,BBB OAS,관찰,1,BBB 1.02%p · 5일 +7bp · 20일 +5bp,지표 고유의 상태와 다른 시장 영역의 동반 신호를 구분해 확인합니다.,보통
2025-10-10,HYPOS,HY 1년 위치,참고,0,과거 252관측 대비 78.0백분위,최근 분포에서의 위치입니다. 별도 위험 신호로 중복 집계하지 않습니다.,보통
2025-10-10,UNEMP,미국 실업률,관찰,1,3개월 +0.30%p · Sahm 0.23%p,고용 약화 신호를 관찰합니다. 실업률과 Sahm은 같은 원자료여서 독립 증거로 중복 계산하지 않습니다.,보통
2025-10-10,SAHM,Sahm Rule,정상,0,3개월 평균이 이전 12개월 저점 대비 0.23%p 상승,고용 약화 신호를 관찰합니다. 실업률과 Sahm은 같은 원자료여서 독립 증거로 중복 계산하지 않습니다.,보통
2025-10-10,CLAIMS,신규실업수당 4주평균,확인 부족,-1,이력 부족: 0/55관측,현재 상태를 판단할 자료가 부족합니다.,확인 부족
2025-10-10,CPI,CPI,확인 부족,-1,이력 부족: 0/16관측,현재 상태를 판단할 자료가 부족합니다.,확인 부족
2025-10-10,CORECPI,근원 CPI,확인 부족,-1,이력 부족: 0/16관측,현재 상태를 판단할 자료가 부족합니다.,확인 부족
2025-10-10,COREPCE,근원 PCE,확인 부족,-1,이력 부족: 0/16관측,현재 상태를 판단할 자료가 부족합니다.,확인 부족
2025-10-10,DXY,달러지수,확인 부족,-1,이력 부족: 0/147관측,현재 상태를 판단할 자료가 부족합니다.,확인 부족
2025-10-10,USDKRW,달러/원,확인 부족,-1,이력 부족: 0/147관측,현재 상태를 판단할 자료가 부족합니다.,확인 부족
2025-10-10,USDJPY,달러/엔,확인 부족,-1,이력 부족: 0/147관측,현재 상태를 판단할 자료가 부족합니다.,확인 부족
2025-10-10,WTI,WTI,확인 부족,-1,이력 부족: 0/147관측,현재 상태를 판단할 자료가 부족합니다.,확인 부족
2025-10-10,GOLD,금,관찰,1,5일 +2.45% · 20일 +8.95% · 변동성 기준 72.6/94.2백분위,금 상승과 여러 시장의 불안 신호가 겹쳐 안전자산 선호와 부합합니다.,보통
2025-10-10,SILVER,은,정상,0,5일 -1.38% · 20일 +10.74% · 변동성 기준 25.8/85.3백분위,금과 은이 함께 상승합니다. 귀금속 공통 흐름을 확인합니다.,낮음
2025-10-10,COPPER,구리,정상,0,5일 -4.14% · 20일 +5.67% · 변동성 기준 78.6/58.3백분위,가격 움직임은 확인되지만 원인을 구분할 교차 근거가 충분하지 않습니다.,낮음
2025-10-13,SP500,S&P500,확인 부족,-1,이력 부족: 0/252관측,현재 상태를 판단할 자료가 부족합니다.,확인 부족
2025-10-13,NASDAQ,Nasdaq,확인 부족,-1,이력 부족: 0/252관측,현재 상태를 판단할 자료가 부족합니다.,확인 부족
2025-10-13,RUSSELL,Russell 2000,정상,0,5일 -1.0% · 20일 +2.3% · 고점 대비 -1.0%,지표 고유의 상태와 다른 시장 영역의 동반 신호를 구분해 확인합니다.,낮음
2025-10-13,MA200,200일 이동평균 이격,확인 부족,-1,이력 부족: 0/200관측,현재 상태를 판단할 자료가 부족합니다.,확인 부족
2025-10-13,EW,동일가중 상대성과,정상,0,RSP가 SPY 대비 20일 -1.2%p · 5일 상대성과 -0.96%p,지표 고유의 상태와 다른 시장 영역의 동반 신호를 구분해 확인합니다.,낮음
2025-10-13,CAPE,CAPE,확인 부족,-1,이력 부족: 0/120관측,현재 상태를 판단할 자료가 부족합니다.,확인 부족
2025-10-13,ADV,상승 종목 비율,확인 부족,-1,이력 부족: 0/21관측,현재 상태를 판단할 자료가 부족합니다.,확인 부족
2025-10-13,ABOVE200,200DMA 위 종목 비율,확인 부족,-1,이력 부족: 0/21관측,현재 상태를 판단할 자료가 부족합니다.,확인 부족
2025-10-13,HILO,52주 신고가-신저가 비율,확인 부족,-1,이력 부족: 0/21관측,현재 상태를 판단할 자료가 부족합니다.,확인 부족
2025-10-13,EFFR,미국 기준금리,정상,0,20관측 -23bp · 인하 · EFFR 변화는 목표범위 결정 자체와 구분,금리 하락 또는 상대관계 변화을 관찰합니다. 물가·고용·신용의 동반 움직임으로 의미를 구분합니다.,낮음
2025-10-13,US3M,미국 3개월물 국채수익률,확인 부족,-1,이력 부족: 0/25관측,현재 상태를 판단할 자료가 부족합니다.,확인 부족
2025-10-13,US2Y,미국 2년물 국채수익률,확인 부족,-1,이력 부족: 0/25관측,현재 상태를 판단할 자료가 부족합니다.,확인 부족
2025-10-13,US10Y,미국 10년물 국채수익률,확인 부족,-1,이력 부족: 0/25관측,현재 상태를 판단할 자료가 부족합니다.,확인 부족
2025-10-13,US30Y,미국 30년물 국채수익률,확인 부족,-1,이력 부족: 0/25관측,현재 상태를 판단할 자료가 부족합니다.,확인 부족
2025-10-13,REAL10,미국 10년물 실질금리,확인 부족,-1,이력 부족: 0/25관측,현재 상태를 판단할 자료가 부족합니다.,확인 부족
2025-10-13,TERM,미국 10년물 기간프리미엄,정상,0,과거 504관측 대비 50.8백분위 · 20일 +4bp,금리 상승에 따른 부담을 관찰합니다. 물가·고용·신용의 동반 움직임으로 의미를 구분합니다.,낮음
2025-10-13,CURVE2,미국 10년물-2년물 금리차,확인 부족,-1,이력 부족: 0/22관측,현재 상태를 판단할 자료가 부족합니다.,확인 부족
2025-10-13,CURVE3,미국 10년물-3개월물 금리차,확인 부족,-1,이력 부족: 0/22관측,현재 상태를 판단할 자료가 부족합니다.,확인 부족
2025-10-13,CURVEFED,미국 10년물-기준금리 차,확인 부족,-1,이력 부족: 0/22관측,현재 상태를 판단할 자료가 부족합니다.,확인 부족
2025-10-13,VIX,VIX,정상,0,VIX 19.0 · 5일 +16.2% · 20일 +21.3% · 5일 +2.7포인트,지표 고유의 상태와 다른 시장 영역의 동반 신호를 구분해 확인합니다.,낮음
2025-10-13,VIXPOS,VIX 1년 위치,참고,0,과거 252관측 대비 69.0백분위,최근 분포에서의 위치입니다. 별도 위험 신호로 중복 집계하지 않습니다.,낮음
2025-10-13,HY,하이일드 OAS,주의,2,HY 3.18%p · 5일 +42bp · 20일 +43bp,지표 고유의 상태와 다른 시장 영역의 동반 신호를 구분해 확인합니다.,낮음
2025-10-13,BBB,BBB OAS,관찰,1,BBB 1.02%p · 5일 +8bp · 20일 +7bp,지표 고유의 상태와 다른 시장 영역의 동반 신호를 구분해 확인합니다.,낮음
2025-10-13,HYPOS,HY 1년 위치,참고,0,과거 252관측 대비 77.8백분위,최근 분포에서의 위치입니다. 별도 위험 신호로 중복 집계하지 않습니다.,낮음
2025-10-13,UNEMP,미국 실업률,관찰,1,3개월 +0.30%p · Sahm 0.23%p,고용 약화 신호를 관찰합니다. 실업률과 Sahm은 같은 원자료여서 독립 증거로 중복 계산하지 않습니다.,낮음
2025-10-13,SAHM,Sahm Rule,정상,0,3개월 평균이 이전 12개월 저점 대비 0.23%p 상승,고용 약화 신호를 관찰합니다. 실업률과 Sahm은 같은 원자료여서 독립 증거로 중복 계산하지 않습니다.,낮음
2025-10-13,CLAIMS,신규실업수당 4주평균,확인 부족,-1,이력 부족: 0/55관측,현재 상태를 판단할 자료가 부족합니다.,확인 부족
2025-10-13,CPI,CPI,확인 부족,-1,이력 부족: 0/16관측,현재 상태를 판단할 자료가 부족합니다.,확인 부족
2025-10-13,CORECPI,근원 CPI,확인 부족,-1,이력 부족: 0/16관측,현재 상태를 판단할 자료가 부족합니다.,확인 부족
2025-10-13,COREPCE,근원 PCE,확인 부족,-1,이력 부족: 0/16관측,현재 상태를 판단할 자료가 부족합니다.,확인 부족
2025-10-13,DXY,달러지수,확인 부족,-1,이력 부족: 0/147관측,현재 상태를 판단할 자료가 부족합니다.,확인 부족
2025-10-13,USDKRW,달러/원,확인 부족,-1,이력 부족: 0/147관측,현재 상태를 판단할 자료가 부족합니다.,확인 부족
2025-10-13,USDJPY,달러/엔,확인 부족,-1,이력 부족: 0/147관측,현재 상태를 판단할 자료가 부족합니다.,확인 부족
2025-10-13,WTI,WTI,확인 부족,-1,이력 부족: 0/147관측,현재 상태를 판단할 자료가 부족합니다.,확인 부족
2025-10-13,GOLD,금,주의,2,5일 +4.05% · 20일 +11.58% · 변동성 기준 91.9/99.0백분위,가격 움직임은 확인되지만 원인을 구분할 교차 근거가 충분하지 않습니다.,낮음
2025-10-13,SILVER,은,주의,2,5일 +4.26% · 20일 +17.91% · 변동성 기준 72.4/99.0백분위,금과 은이 함께 상승합니다. 귀금속 공통 흐름을 확인합니다.,낮음
2025-10-13,COPPER,구리,정상,0,5일 +2.28% · 20일 +9.56% · 변동성 기준 53.8/80.8백분위,가격 움직임은 확인되지만 원인을 구분할 교차 근거가 충분하지 않습니다.,낮음
2025-10-14,SP500,S&P500,확인 부족,-1,이력 부족: 0/252관측,현재 상태를 판단할 자료가 부족합니다.,확인 부족
2025-10-14,NASDAQ,Nasdaq,확인 부족,-1,이력 부족: 0/252관측,현재 상태를 판단할 자료가 부족합니다.,확인 부족
2025-10-14,RUSSELL,Russell 2000,정상,0,5일 +1.5% · 20일 +3.8% · 고점 대비 0.0%,지표 고유의 상태와 다른 시장 영역의 동반 신호를 구분해 확인합니다.,보통
2025-10-14,MA200,200일 이동평균 이격,확인 부족,-1,이력 부족: 0/200관측,현재 상태를 판단할 자료가 부족합니다.,확인 부족
2025-10-14,EW,동일가중 상대성과,정상,0,RSP가 SPY 대비 20일 -0.2%p · 5일 상대성과 +0.04%p,지표 고유의 상태와 다른 시장 영역의 동반 신호를 구분해 확인합니다.,보통
2025-10-14,CAPE,CAPE,확인 부족,-1,이력 부족: 0/120관측,현재 상태를 판단할 자료가 부족합니다.,확인 부족
2025-10-14,ADV,상승 종목 비율,확인 부족,-1,이력 부족: 0/21관측,현재 상태를 판단할 자료가 부족합니다.,확인 부족
2025-10-14,ABOVE200,200DMA 위 종목 비율,확인 부족,-1,이력 부족: 0/21관측,현재 상태를 판단할 자료가 부족합니다.,확인 부족
2025-10-14,HILO,52주 신고가-신저가 비율,확인 부족,-1,이력 부족: 0/21관측,현재 상태를 판단할 자료가 부족합니다.,확인 부족
2025-10-14,EFFR,미국 기준금리,정상,0,20관측 -23bp · 인하 · EFFR 변화는 목표범위 결정 자체와 구분,금리 하락 또는 상대관계 변화을 관찰합니다. 물가·고용·신용의 동반 움직임으로 의미를 구분합니다.,낮음
2025-10-14,US3M,미국 3개월물 국채수익률,확인 부족,-1,이력 부족: 0/25관측,현재 상태를 판단할 자료가 부족합니다.,확인 부족
2025-10-14,US2Y,미국 2년물 국채수익률,확인 부족,-1,이력 부족: 0/25관측,현재 상태를 판단할 자료가 부족합니다.,확인 부족
2025-10-14,US10Y,미국 10년물 국채수익률,확인 부족,-1,이력 부족: 0/25관측,현재 상태를 판단할 자료가 부족합니다.,확인 부족
2025-10-14,US30Y,미국 30년물 국채수익률,확인 부족,-1,이력 부족: 0/25관측,현재 상태를 판단할 자료가 부족합니다.,확인 부족
2025-10-14,REAL10,미국 10년물 실질금리,확인 부족,-1,이력 부족: 0/25관측,현재 상태를 판단할 자료가 부족합니다.,확인 부족
2025-10-14,TERM,미국 10년물 기간프리미엄,정상,0,과거 504관측 대비 46.6백분위 · 20일 +2bp,금리 상승에 따른 부담을 관찰합니다. 물가·고용·신용의 동반 움직임으로 의미를 구분합니다.,낮음
2025-10-14,CURVE2,미국 10년물-2년물 금리차,확인 부족,-1,이력 부족: 0/22관측,현재 상태를 판단할 자료가 부족합니다.,확인 부족
2025-10-14,CURVE3,미국 10년물-3개월물 금리차,확인 부족,-1,이력 부족: 0/22관측,현재 상태를 판단할 자료가 부족합니다.,확인 부족
2025-10-14,CURVEFED,미국 10년물-기준금리 차,확인 부족,-1,이력 부족: 0/22관측,현재 상태를 판단할 자료가 부족합니다.,확인 부족
2025-10-14,VIX,VIX,관찰,1,VIX 20.8 · 5일 +20.7% · 20일 +27.2% · 5일 +3.6포인트,지표 고유의 상태와 다른 시장 영역의 동반 신호를 구분해 확인합니다.,낮음
2025-10-14,VIXPOS,VIX 1년 위치,참고,0,과거 252관측 대비 79.0백분위,최근 분포에서의 위치입니다. 별도 위험 신호로 중복 집계하지 않습니다.,낮음
2025-10-14,HY,하이일드 OAS,관찰,1,HY 3.11%p · 5일 +29bp · 20일 +32bp,지표 고유의 상태와 다른 시장 영역의 동반 신호를 구분해 확인합니다.,낮음
2025-10-14,BBB,BBB OAS,관찰,1,BBB 1.02%p · 5일 +7bp · 20일 +6bp,지표 고유의 상태와 다른 시장 영역의 동반 신호를 구분해 확인합니다.,낮음
2025-10-14,HYPOS,HY 1년 위치,참고,0,과거 252관측 대비 71.0백분위,최근 분포에서의 위치입니다. 별도 위험 신호로 중복 집계하지 않습니다.,낮음
2025-10-14,UNEMP,미국 실업률,관찰,1,3개월 +0.30%p · Sahm 0.23%p,고용 약화 신호를 관찰합니다. 실업률과 Sahm은 같은 원자료여서 독립 증거로 중복 계산하지 않습니다.,낮음
2025-10-14,SAHM,Sahm Rule,정상,0,3개월 평균이 이전 12개월 저점 대비 0.23%p 상승,고용 약화 신호를 관찰합니다. 실업률과 Sahm은 같은 원자료여서 독립 증거로 중복 계산하지 않습니다.,낮음
2025-10-14,CLAIMS,신규실업수당 4주평균,확인 부족,-1,이력 부족: 0/55관측,현재 상태를 판단할 자료가 부족합니다.,확인 부족
2025-10-14,CPI,CPI,확인 부족,-1,이력 부족: 0/16관측,현재 상태를 판단할 자료가 부족합니다.,확인 부족
2025-10-14,CORECPI,근원 CPI,확인 부족,-1,이력 부족: 0/16관측,현재 상태를 판단할 자료가 부족합니다.,확인 부족
2025-10-14,COREPCE,근원 PCE,확인 부족,-1,이력 부족: 0/16관측,현재 상태를 판단할 자료가 부족합니다.,확인 부족
2025-10-14,DXY,달러지수,확인 부족,-1,이력 부족: 0/147관측,현재 상태를 판단할 자료가 부족합니다.,확인 부족
2025-10-14,USDKRW,달러/원,확인 부족,-1,이력 부족: 0/147관측,현재 상태를 판단할 자료가 부족합니다.,확인 부족
2025-10-14,USDJPY,달러/엔,확인 부족,-1,이력 부족: 0/147관측,현재 상태를 판단할 자료가 부족합니다.,확인 부족
2025-10-14,WTI,WTI,확인 부족,-1,이력 부족: 0/147관측,현재 상태를 판단할 자료가 부족합니다.,확인 부족
2025-10-14,GOLD,금,주의,2,5일 +4.08% · 20일 +12.19% · 변동성 기준 92.1/99.2백분위,금 상승과 여러 시장의 불안 신호가 겹쳐 안전자산 선호와 부합합니다.,낮음
2025-10-14,SILVER,은,주의,2,5일 +6.64% · 20일 +18.47% · 변동성 기준 90.3/99.6백분위,금과 은이 함께 상승합니다. 귀금속 공통 흐름을 확인합니다.,낮음
2025-10-14,COPPER,구리,정상,0,5일 -1.34% · 20일 +7.50% · 변동성 기준 34.5/71.8백분위,가격 움직임은 확인되지만 원인을 구분할 교차 근거가 충분하지 않습니다.,낮음
2025-10-15,SP500,S&P500,확인 부족,-1,이력 부족: 0/252관측,현재 상태를 판단할 자료가 부족합니다.,확인 부족
2025-10-15,NASDAQ,Nasdaq,확인 부족,-1,이력 부족: 0/252관측,현재 상태를 판단할 자료가 부족합니다.,확인 부족
2025-10-15,RUSSELL,Russell 2000,정상,0,5일 +1.4% · 20일 +4.7% · 고점 대비 0.0%,지표 고유의 상태와 다른 시장 영역의 동반 신호를 구분해 확인합니다.,낮음
2025-10-15,MA200,200일 이동평균 이격,확인 부족,-1,이력 부족: 0/200관측,현재 상태를 판단할 자료가 부족합니다.,확인 부족
2025-10-15,EW,동일가중 상대성과,정상,0,RSP가 SPY 대비 20일 -0.6%p · 5일 상대성과 +0.07%p,지표 고유의 상태와 다른 시장 영역의 동반 신호를 구분해 확인합니다.,낮음
2025-10-15,CAPE,CAPE,확인 부족,-1,이력 부족: 0/120관측,현재 상태를 판단할 자료가 부족합니다.,확인 부족
2025-10-15,ADV,상승 종목 비율,확인 부족,-1,이력 부족: 0/21관측,현재 상태를 판단할 자료가 부족합니다.,확인 부족
2025-10-15,ABOVE200,200DMA 위 종목 비율,확인 부족,-1,이력 부족: 0/21관측,현재 상태를 판단할 자료가 부족합니다.,확인 부족
2025-10-15,HILO,52주 신고가-신저가 비율,확인 부족,-1,이력 부족: 0/21관측,현재 상태를 판단할 자료가 부족합니다.,확인 부족
2025-10-15,EFFR,미국 기준금리,정상,0,20관측 -23bp · 인하 · EFFR 변화는 목표범위 결정 자체와 구분,금리 하락 또는 상대관계 변화을 관찰합니다. 물가·고용·신용의 동반 움직임으로 의미를 구분합니다.,낮음
2025-10-15,US3M,미국 3개월물 국채수익률,확인 부족,-1,이력 부족: 0/25관측,현재 상태를 판단할 자료가 부족합니다.,확인 부족
2025-10-15,US2Y,미국 2년물 국채수익률,확인 부족,-1,이력 부족: 0/25관측,현재 상태를 판단할 자료가 부족합니다.,확인 부족
2025-10-15,US10Y,미국 10년물 국채수익률,확인 부족,-1,이력 부족: 0/25관측,현재 상태를 판단할 자료가 부족합니다.,확인 부족
2025-10-15,US30Y,미국 30년물 국채수익률,확인 부족,-1,이력 부족: 0/25관측,현재 상태를 판단할 자료가 부족합니다.,확인 부족
2025-10-15,REAL10,미국 10년물 실질금리,확인 부족,-1,이력 부족: 0/25관측,현재 상태를 판단할 자료가 부족합니다.,확인 부족
2025-10-15,TERM,미국 10년물 기간프리미엄,정상,0,과거 504관측 대비 47.4백분위 · 20일 +3bp,금리 상승에 따른 부담을 관찰합니다. 물가·고용·신용의 동반 움직임으로 의미를 구분합니다.,낮음
2025-10-15,CURVE2,미국 10년물-2년물 금리차,확인 부족,-1,이력 부족: 0/22관측,현재 상태를 판단할 자료가 부족합니다.,확인 부족
2025-10-15,CURVE3,미국 10년물-3개월물 금리차,확인 부족,-1,이력 부족: 0/22관측,현재 상태를 판단할 자료가 부족합니다.,확인 부족
2025-10-15,CURVEFED,미국 10년물-기준금리 차,확인 부족,-1,이력 부족: 0/22관측,현재 상태를 판단할 자료가 부족합니다.,확인 부족
2025-10-15,VIX,VIX,관찰,1,VIX 20.6 · 5일 +26.6% · 20일 +31.3% · 5일 +4.3포인트,지표 고유의 상태와 다른 시장 영역의 동반 신호를 구분해 확인합니다.,낮음
2025-10-15,VIXPOS,VIX 1년 위치,참고,0,과거 252관측 대비 78.6백분위,최근 분포에서의 위치입니다. 별도 위험 신호로 중복 집계하지 않습니다.,낮음
2025-10-15,HY,하이일드 OAS,안정,0,HY 2.95%p · 5일 +11bp · 20일 +16bp,지표 고유의 상태와 다른 시장 영역의 동반 신호를 구분해 확인합니다.,낮음
2025-10-15,BBB,BBB OAS,안정,0,BBB 0.99%p · 5일 +4bp · 20일 +3bp,지표 고유의 상태와 다른 시장 영역의 동반 신호를 구분해 확인합니다.,낮음
2025-10-15,HYPOS,HY 1년 위치,참고,0,과거 252관측 대비 62.1백분위,최근 분포에서의 위치입니다. 별도 위험 신호로 중복 집계하지 않습니다.,낮음
2025-10-15,UNEMP,미국 실업률,관찰,1,3개월 +0.30%p · Sahm 0.23%p,고용 약화 신호를 관찰합니다. 실업률과 Sahm은 같은 원자료여서 독립 증거로 중복 계산하지 않습니다.,낮음
2025-10-15,SAHM,Sahm Rule,정상,0,3개월 평균이 이전 12개월 저점 대비 0.23%p 상승,고용 약화 신호를 관찰합니다. 실업률과 Sahm은 같은 원자료여서 독립 증거로 중복 계산하지 않습니다.,낮음
2025-10-15,CLAIMS,신규실업수당 4주평균,확인 부족,-1,이력 부족: 0/55관측,현재 상태를 판단할 자료가 부족합니다.,확인 부족
2025-10-15,CPI,CPI,확인 부족,-1,이력 부족: 0/16관측,현재 상태를 판단할 자료가 부족합니다.,확인 부족
2025-10-15,CORECPI,근원 CPI,확인 부족,-1,이력 부족: 0/16관측,현재 상태를 판단할 자료가 부족합니다.,확인 부족
2025-10-15,COREPCE,근원 PCE,확인 부족,-1,이력 부족: 0/16관측,현재 상태를 판단할 자료가 부족합니다.,확인 부족
2025-10-15,DXY,달러지수,확인 부족,-1,이력 부족: 0/147관측,현재 상태를 판단할 자료가 부족합니다.,확인 부족
2025-10-15,USDKRW,달러/원,확인 부족,-1,이력 부족: 0/147관측,현재 상태를 판단할 자료가 부족합니다.,확인 부족
2025-10-15,USDJPY,달러/엔,확인 부족,-1,이력 부족: 0/147관측,현재 상태를 판단할 자료가 부족합니다.,확인 부족
2025-10-15,WTI,WTI,확인 부족,-1,이력 부족: 0/147관측,현재 상태를 판단할 자료가 부족합니다.,확인 부족
2025-10-15,GOLD,금,주의,2,5일 +3.30% · 20일 +13.45% · 변동성 기준 85.7/99.6백분위,가격 움직임은 확인되지만 원인을 구분할 교차 근거가 충분하지 않습니다.,낮음
2025-10-15,SILVER,은,주의,2,5일 +4.97% · 20일 +22.41% · 변동성 기준 79.8/100.0백분위,금과 은이 함께 상승합니다. 귀금속 공통 흐름을 확인합니다.,낮음
2025-10-15,COPPER,구리,정상,0,5일 -1.47% · 20일 +8.77% · 변동성 기준 36.7/76.6백분위,가격 움직임은 확인되지만 원인을 구분할 교차 근거가 충분하지 않습니다.,낮음
2025-10-16,SP500,S&P500,확인 부족,-1,이력 부족: 0/252관측,현재 상태를 판단할 자료가 부족합니다.,확인 부족
2025-10-16,NASDAQ,Nasdaq,확인 부족,-1,이력 부족: 0/252관측,현재 상태를 판단할 자료가 부족합니다.,확인 부족
2025-10-16,RUSSELL,Russell 2000,정상,0,5일 -0.1% · 20일 -0.0% · 고점 대비 -2.1%,지표 고유의 상태와 다른 시장 영역의 동반 신호를 구분해 확인합니다.,보통
2025-10-16,MA200,200일 이동평균 이격,확인 부족,-1,이력 부족: 0/200관측,현재 상태를 판단할 자료가 부족합니다.,확인 부족
2025-10-16,EW,동일가중 상대성과,정상,0,RSP가 SPY 대비 20일 -1.1%p · 5일 상대성과 +0.34%p,지표 고유의 상태와 다른 시장 영역의 동반 신호를 구분해 확인합니다.,보통
2025-10-16,CAPE,CAPE,확인 부족,-1,이력 부족: 0/120관측,현재 상태를 판단할 자료가 부족합니다.,확인 부족
2025-10-16,ADV,상승 종목 비율,확인 부족,-1,이력 부족: 0/21관측,현재 상태를 판단할 자료가 부족합니다.,확인 부족
2025-10-16,ABOVE200,200DMA 위 종목 비율,확인 부족,-1,이력 부족: 0/21관측,현재 상태를 판단할 자료가 부족합니다.,확인 부족
2025-10-16,HILO,52주 신고가-신저가 비율,확인 부족,-1,이력 부족: 0/21관측,현재 상태를 판단할 자료가 부족합니다.,확인 부족
2025-10-16,EFFR,미국 기준금리,정상,0,20관측 -22bp · 인하 · EFFR 변화는 목표범위 결정 자체와 구분,금리 하락 또는 상대관계 변화을 관찰합니다. 물가·고용·신용의 동반 움직임으로 의미를 구분합니다.,낮음
2025-10-16,US3M,미국 3개월물 국채수익률,확인 부족,-1,이력 부족: 0/25관측,현재 상태를 판단할 자료가 부족합니다.,확인 부족
2025-10-16,US2Y,미국 2년물 국채수익률,확인 부족,-1,이력 부족: 0/25관측,현재 상태를 판단할 자료가 부족합니다.,확인 부족
2025-10-16,US10Y,미국 10년물 국채수익률,확인 부족,-1,이력 부족: 0/25관측,현재 상태를 판단할 자료가 부족합니다.,확인 부족
2025-10-16,US30Y,미국 30년물 국채수익률,확인 부족,-1,이력 부족: 0/25관측,현재 상태를 판단할 자료가 부족합니다.,확인 부족
2025-10-16,REAL10,미국 10년물 실질금리,확인 부족,-1,이력 부족: 0/25관측,현재 상태를 판단할 자료가 부족합니다.,확인 부족
2025-10-16,TERM,미국 10년물 기간프리미엄,정상,0,과거 504관측 대비 42.6백분위 · 20일 -2bp,금리 하락 또는 상대관계 변화을 관찰합니다. 물가·고용·신용의 동반 움직임으로 의미를 구분합니다.,낮음
2025-10-16,CURVE2,미국 10년물-2년물 금리차,확인 부족,-1,이력 부족: 0/22관측,현재 상태를 판단할 자료가 부족합니다.,확인 부족
2025-10-16,CURVE3,미국 10년물-3개월물 금리차,확인 부족,-1,이력 부족: 0/22관측,현재 상태를 판단할 자료가 부족합니다.,확인 부족
2025-10-16,CURVEFED,미국 10년물-기준금리 차,확인 부족,-1,이력 부족: 0/22관측,현재 상태를 판단할 자료가 부족합니다.,확인 부족
2025-10-16,VIX,VIX,주의,2,VIX 25.3 · 5일 +54.0% · 20일 +61.2% · 5일 +8.9포인트,지표 고유의 상태와 다른 시장 영역의 동반 신호를 구분해 확인합니다.,낮음
2025-10-16,VIXPOS,VIX 1년 위치,참고,0,과거 252관측 대비 92.9백분위,최근 분포에서의 위치입니다. 별도 위험 신호로 중복 집계하지 않습니다.,낮음
2025-10-16,HY,하이일드 OAS,관찰,1,HY 3.04%p · 5일 +9bp · 20일 +33bp,지표 고유의 상태와 다른 시장 영역의 동반 신호를 구분해 확인합니다.,낮음
2025-10-16,BBB,BBB OAS,안정,0,BBB 1.01%p · 5일 +3bp · 20일 +7bp,지표 고유의 상태와 다른 시장 영역의 동반 신호를 구분해 확인합니다.,낮음
2025-10-16,HYPOS,HY 1년 위치,참고,0,과거 252관측 대비 67.5백분위,최근 분포에서의 위치입니다. 별도 위험 신호로 중복 집계하지 않습니다.,낮음
2025-10-16,UNEMP,미국 실업률,관찰,1,3개월 +0.30%p · Sahm 0.23%p,고용 약화 신호를 관찰합니다. 실업률과 Sahm은 같은 원자료여서 독립 증거로 중복 계산하지 않습니다.,낮음
2025-10-16,SAHM,Sahm Rule,정상,0,3개월 평균이 이전 12개월 저점 대비 0.23%p 상승,고용 약화 신호를 관찰합니다. 실업률과 Sahm은 같은 원자료여서 독립 증거로 중복 계산하지 않습니다.,낮음
2025-10-16,CLAIMS,신규실업수당 4주평균,확인 부족,-1,이력 부족: 0/55관측,현재 상태를 판단할 자료가 부족합니다.,확인 부족
2025-10-16,CPI,CPI,확인 부족,-1,이력 부족: 0/16관측,현재 상태를 판단할 자료가 부족합니다.,확인 부족
2025-10-16,CORECPI,근원 CPI,확인 부족,-1,이력 부족: 0/16관측,현재 상태를 판단할 자료가 부족합니다.,확인 부족
2025-10-16,COREPCE,근원 PCE,확인 부족,-1,이력 부족: 0/16관측,현재 상태를 판단할 자료가 부족합니다.,확인 부족
2025-10-16,DXY,달러지수,확인 부족,-1,이력 부족: 0/147관측,현재 상태를 판단할 자료가 부족합니다.,확인 부족
2025-10-16,USDKRW,달러/원,확인 부족,-1,이력 부족: 0/147관측,현재 상태를 판단할 자료가 부족합니다.,확인 부족
2025-10-16,USDJPY,달러/엔,확인 부족,-1,이력 부족: 0/147관측,현재 상태를 판단할 자료가 부족합니다.,확인 부족
2025-10-16,WTI,WTI,확인 부족,-1,이력 부족: 0/147관측,현재 상태를 판단할 자료가 부족합니다.,확인 부족
2025-10-16,GOLD,금,주의,2,5일 +8.46% · 20일 +17.47% · 변동성 기준 99.6/100.0백분위,금 상승과 여러 시장의 불안 신호가 겹쳐 안전자산 선호와 부합합니다.,낮음
2025-10-16,SILVER,은,주의,2,5일 +13.18% · 20일 +27.13% · 변동성 기준 99.2/100.0백분위,금과 은이 함께 상승합니다. 귀금속 공통 흐름을 확인합니다.,낮음
2025-10-16,COPPER,구리,정상,0,5일 -2.32% · 20일 +9.18% · 변동성 기준 54.6/79.2백분위,가격 움직임은 확인되지만 원인을 구분할 교차 근거가 충분하지 않습니다.,낮음
2025-10-17,SP500,S&P500,확인 부족,-1,이력 부족: 0/252관측,현재 상태를 판단할 자료가 부족합니다.,확인 부족
2025-10-17,NASDAQ,Nasdaq,확인 부족,-1,이력 부족: 0/252관측,현재 상태를 판단할 자료가 부족합니다.,확인 부족
2025-10-17,RUSSELL,Russell 2000,정상,0,5일 +2.4% · 20일 +0.1% · 고점 대비 -2.7%,지표 고유의 상태와 다른 시장 영역의 동반 신호를 구분해 확인합니다.,보통
2025-10-17,MA200,200일 이동평균 이격,확인 부족,-1,이력 부족: 0/200관측,현재 상태를 판단할 자료가 부족합니다.,확인 부족
2025-10-17,EW,동일가중 상대성과,정상,0,RSP가 SPY 대비 20일 -0.7%p · 5일 상대성과 -0.18%p,지표 고유의 상태와 다른 시장 영역의 동반 신호를 구분해 확인합니다.,보통
2025-10-17,CAPE,CAPE,확인 부족,-1,이력 부족: 0/120관측,현재 상태를 판단할 자료가 부족합니다.,확인 부족
2025-10-17,ADV,상승 종목 비율,확인 부족,-1,이력 부족: 0/21관측,현재 상태를 판단할 자료가 부족합니다.,확인 부족
2025-10-17,ABOVE200,200DMA 위 종목 비율,확인 부족,-1,이력 부족: 0/21관측,현재 상태를 판단할 자료가 부족합니다.,확인 부족
2025-10-17,HILO,52주 신고가-신저가 비율,확인 부족,-1,이력 부족: 0/21관측,현재 상태를 판단할 자료가 부족합니다.,확인 부족
2025-10-17,EFFR,미국 기준금리,정상,0,20관측 +3bp · 인상 · EFFR 변화는 목표범위 결정 자체와 구분,금리 상승에 따른 부담을 관찰합니다. 물가·고용·신용의 동반 움직임으로 의미를 구분합니다.,낮음
2025-10-17,US3M,미국 3개월물 국채수익률,확인 부족,-1,이력 부족: 0/25관측,현재 상태를 판단할 자료가 부족합니다.,확인 부족
2025-10-17,US2Y,미국 2년물 국채수익률,확인 부족,-1,이력 부족: 0/25관측,현재 상태를 판단할 자료가 부족합니다.,확인 부족
2025-10-17,US10Y,미국 10년물 국채수익률,확인 부족,-1,이력 부족: 0/25관측,현재 상태를 판단할 자료가 부족합니다.,확인 부족
2025-10-17,US30Y,미국 30년물 국채수익률,확인 부족,-1,이력 부족: 0/25관측,현재 상태를 판단할 자료가 부족합니다.,확인 부족
2025-10-17,REAL10,미국 10년물 실질금리,확인 부족,-1,이력 부족: 0/25관측,현재 상태를 판단할 자료가 부족합니다.,확인 부족
2025-10-17,TERM,미국 10년물 기간프리미엄,정상,0,과거 504관측 대비 44.2백분위 · 20일 -3bp,금리 하락 또는 상대관계 변화을 관찰합니다. 물가·고용·신용의 동반 움직임으로 의미를 구분합니다.,낮음
2025-10-17,CURVE2,미국 10년물-2년물 금리차,확인 부족,-1,이력 부족: 0/22관측,현재 상태를 판단할 자료가 부족합니다.,확인 부족
2025-10-17,CURVE3,미국 10년물-3개월물 금리차,확인 부족,-1,이력 부족: 0/22관측,현재 상태를 판단할 자료가 부족합니다.,확인 부족
2025-10-17,CURVEFED,미국 10년물-기준금리 차,확인 부족,-1,이력 부족: 0/22관측,현재 상태를 판단할 자료가 부족합니다.,확인 부족
2025-10-17,VIX,VIX,관찰,1,VIX 20.8 · 5일 -4.1% · 20일 +34.5% · 5일 -0.9포인트,지표 고유의 상태와 다른 시장 영역의 동반 신호를 구분해 확인합니다.,낮음
2025-10-17,VIXPOS,VIX 1년 위치,참고,0,과거 252관측 대비 78.2백분위,최근 분포에서의 위치입니다. 별도 위험 신호로 중복 집계하지 않습니다.,낮음
2025-10-17,HY,하이일드 OAS,관찰,1,HY 3.04%p · 5일 -14bp · 20일 +32bp,지표 고유의 상태와 다른 시장 영역의 동반 신호를 구분해 확인합니다.,낮음
2025-10-17,BBB,BBB OAS,안정,0,BBB 1.01%p · 5일 -1bp · 20일 +8bp,지표 고유의 상태와 다른 시장 영역의 동반 신호를 구분해 확인합니다.,낮음
2025-10-17,HYPOS,HY 1년 위치,참고,0,과거 252관측 대비 67.3백분위,최근 분포에서의 위치입니다. 별도 위험 신호로 중복 집계하지 않습니다.,낮음
2025-10-17,UNEMP,미국 실업률,관찰,1,3개월 +0.30%p · Sahm 0.23%p,고용 약화 신호를 관찰합니다. 실업률과 Sahm은 같은 원자료여서 독립 증거로 중복 계산하지 않습니다.,낮음
2025-10-17,SAHM,Sahm Rule,정상,0,3개월 평균이 이전 12개월 저점 대비 0.23%p 상승,고용 약화 신호를 관찰합니다. 실업률과 Sahm은 같은 원자료여서 독립 증거로 중복 계산하지 않습니다.,낮음
2025-10-17,CLAIMS,신규실업수당 4주평균,확인 부족,-1,이력 부족: 0/55관측,현재 상태를 판단할 자료가 부족합니다.,확인 부족
2025-10-17,CPI,CPI,확인 부족,-1,이력 부족: 0/16관측,현재 상태를 판단할 자료가 부족합니다.,확인 부족
2025-10-17,CORECPI,근원 CPI,확인 부족,-1,이력 부족: 0/16관측,현재 상태를 판단할 자료가 부족합니다.,확인 부족
2025-10-17,COREPCE,근원 PCE,확인 부족,-1,이력 부족: 0/16관측,현재 상태를 판단할 자료가 부족합니다.,확인 부족
2025-10-17,DXY,달러지수,확인 부족,-1,이력 부족: 0/147관측,현재 상태를 판단할 자료가 부족합니다.,확인 부족
2025-10-17,USDKRW,달러/원,확인 부족,-1,이력 부족: 0/147관측,현재 상태를 판단할 자료가 부족합니다.,확인 부족
2025-10-17,USDJPY,달러/엔,확인 부족,-1,이력 부족: 0/147관측,현재 상태를 판단할 자료가 부족합니다.,확인 부족
2025-10-17,WTI,WTI,확인 부족,-1,이력 부족: 0/147관측,현재 상태를 판단할 자료가 부족합니다.,확인 부족
2025-10-17,GOLD,금,주의,2,5일 +5.38% · 20일 +14.12% · 변동성 기준 97.0/99.6백분위,금 상승과 여러 시장의 불안 신호가 겹쳐 안전자산 선호와 부합합니다.,낮음
2025-10-17,SILVER,은,주의,2,5일 +6.23% · 20일 +17.23% · 변동성 기준 88.7/98.2백분위,금과 은이 함께 상승합니다. 귀금속 공통 흐름을 확인합니다.,낮음
2025-10-17,COPPER,구리,정상,0,5일 +1.71% · 20일 +7.93% · 변동성 기준 43.5/73.8백분위,가격 움직임은 확인되지만 원인을 구분할 교차 근거가 충분하지 않습니다.,낮음
2025-10-20,SP500,S&P500,확인 부족,-1,이력 부족: 0/252관측,현재 상태를 판단할 자료가 부족합니다.,확인 부족
2025-10-20,NASDAQ,Nasdaq,확인 부족,-1,이력 부족: 0/252관측,현재 상태를 판단할 자료가 부족합니다.,확인 부족
2025-10-20,RUSSELL,Russell 2000,정상,0,5일 +1.6% · 20일 +1.5% · 고점 대비 -0.8%,지표 고유의 상태와 다른 시장 영역의 동반 신호를 구분해 확인합니다.,낮음
2025-10-20,MA200,200일 이동평균 이격,확인 부족,-1,이력 부족: 0/200관측,현재 상태를 판단할 자료가 부족합니다.,확인 부족
2025-10-20,EW,동일가중 상대성과,정상,0,RSP가 SPY 대비 20일 +0.1%p · 5일 상대성과 +0.34%p,지표 고유의 상태와 다른 시장 영역의 동반 신호를 구분해 확인합니다.,낮음
2025-10-20,CAPE,CAPE,확인 부족,-1,이력 부족: 0/120관측,현재 상태를 판단할 자료가 부족합니다.,확인 부족
2025-10-20,ADV,상승 종목 비율,확인 부족,-1,이력 부족: 0/21관측,현재 상태를 판단할 자료가 부족합니다.,확인 부족
2025-10-20,ABOVE200,200DMA 위 종목 비율,확인 부족,-1,이력 부족: 0/21관측,현재 상태를 판단할 자료가 부족합니다.,확인 부족
2025-10-20,HILO,52주 신고가-신저가 비율,확인 부족,-1,이력 부족: 0/21관측,현재 상태를 판단할 자료가 부족합니다.,확인 부족
2025-10-20,EFFR,미국 기준금리,정상,0,20관측 +3bp · 인상 · EFFR 변화는 목표범위 결정 자체와 구분,금리 상승에 따른 부담을 관찰합니다. 물가·고용·신용의 동반 움직임으로 의미를 구분합니다.,낮음
2025-10-20,US3M,미국 3개월물 국채수익률,확인 부족,-1,이력 부족: 0/25관측,현재 상태를 판단할 자료가 부족합니다.,확인 부족
2025-10-20,US2Y,미국 2년물 국채수익률,확인 부족,-1,이력 부족: 0/25관측,현재 상태를 판단할 자료가 부족합니다.,확인 부족
2025-10-20,US10Y,미국 10년물 국채수익률,확인 부족,-1,이력 부족: 0/25관측,현재 상태를 판단할 자료가 부족합니다.,확인 부족
2025-10-20,US30Y,미국 30년물 국채수익률,확인 부족,-1,이력 부족: 0/25관측,현재 상태를 판단할 자료가 부족합니다.,확인 부족
2025-10-20,REAL10,미국 10년물 실질금리,확인 부족,-1,이력 부족: 0/25관측,현재 상태를 판단할 자료가 부족합니다.,확인 부족
2025-10-20,TERM,미국 10년물 기간프리미엄,정상,0,과거 504관측 대비 44.2백분위 · 20일 -4bp,금리 하락 또는 상대관계 변화을 관찰합니다. 물가·고용·신용의 동반 움직임으로 의미를 구분합니다.,낮음
2025-10-20,CURVE2,미국 10년물-2년물 금리차,확인 부족,-1,이력 부족: 0/22관측,현재 상태를 판단할 자료가 부족합니다.,확인 부족
2025-10-20,CURVE3,미국 10년물-3개월물 금리차,확인 부족,-1,이력 부족: 0/22관측,현재 상태를 판단할 자료가 부족합니다.,확인 부족
2025-10-20,CURVEFED,미국 10년물-기준금리 차,확인 부족,-1,이력 부족: 0/22관측,현재 상태를 판단할 자료가 부족합니다.,확인 부족
2025-10-20,VIX,VIX,정상,0,VIX 18.2 · 5일 -4.2% · 20일 +13.2% · 5일 -0.8포인트,지표 고유의 상태와 다른 시장 영역의 동반 신호를 구분해 확인합니다.,낮음
2025-10-20,VIXPOS,VIX 1년 위치,참고,0,과거 252관측 대비 63.5백분위,최근 분포에서의 위치입니다. 별도 위험 신호로 중복 집계하지 않습니다.,낮음
2025-10-20,HY,하이일드 OAS,관찰,1,HY 2.99%p · 5일 -19bp · 20일 +30bp,지표 고유의 상태와 다른 시장 영역의 동반 신호를 구분해 확인합니다.,낮음
2025-10-20,BBB,BBB OAS,안정,0,BBB 1.00%p · 5일 -2bp · 20일 +7bp,지표 고유의 상태와 다른 시장 영역의 동반 신호를 구분해 확인합니다.,낮음
2025-10-20,HYPOS,HY 1년 위치,참고,0,과거 252관측 대비 64.7백분위,최근 분포에서의 위치입니다. 별도 위험 신호로 중복 집계하지 않습니다.,낮음
2025-10-20,UNEMP,미국 실업률,관찰,1,3개월 +0.30%p · Sahm 0.23%p,고용 약화 신호를 관찰합니다. 실업률과 Sahm은 같은 원자료여서 독립 증거로 중복 계산하지 않습니다.,낮음
2025-10-20,SAHM,Sahm Rule,정상,0,3개월 평균이 이전 12개월 저점 대비 0.23%p 상승,고용 약화 신호를 관찰합니다. 실업률과 Sahm은 같은 원자료여서 독립 증거로 중복 계산하지 않습니다.,낮음
2025-10-20,CLAIMS,신규실업수당 4주평균,확인 부족,-1,이력 부족: 0/55관측,현재 상태를 판단할 자료가 부족합니다.,확인 부족
2025-10-20,CPI,CPI,확인 부족,-1,이력 부족: 0/16관측,현재 상태를 판단할 자료가 부족합니다.,확인 부족
2025-10-20,CORECPI,근원 CPI,확인 부족,-1,이력 부족: 0/16관측,현재 상태를 판단할 자료가 부족합니다.,확인 부족
2025-10-20,COREPCE,근원 PCE,확인 부족,-1,이력 부족: 0/16관측,현재 상태를 판단할 자료가 부족합니다.,확인 부족
2025-10-20,DXY,달러지수,확인 부족,-1,이력 부족: 0/147관측,현재 상태를 판단할 자료가 부족합니다.,확인 부족
2025-10-20,USDKRW,달러/원,확인 부족,-1,이력 부족: 0/147관측,현재 상태를 판단할 자료가 부족합니다.,확인 부족
2025-10-20,USDJPY,달러/엔,확인 부족,-1,이력 부족: 0/147관측,현재 상태를 판단할 자료가 부족합니다.,확인 부족
2025-10-20,WTI,WTI,확인 부족,-1,이력 부족: 0/147관측,현재 상태를 판단할 자료가 부족합니다.,확인 부족
2025-10-20,GOLD,금,주의,2,5일 +5.54% · 20일 +15.92% · 변동성 기준 97.6/99.8백분위,가격 움직임은 확인되지만 원인을 구분할 교차 근거가 충분하지 않습니다.,낮음
2025-10-20,SILVER,은,주의,2,5일 +1.97% · 20일 +16.71% · 변동성 기준 39.7/97.8백분위,금과 은이 함께 상승합니다. 귀금속 공통 흐름을 확인합니다.,낮음
2025-10-20,COPPER,구리,정상,0,5일 -2.01% · 20일 +9.29% · 변동성 기준 49.0/79.8백분위,가격 움직임은 확인되지만 원인을 구분할 교차 근거가 충분하지 않습니다.,낮음
2025-10-21,SP500,S&P500,확인 부족,-1,이력 부족: 0/252관측,현재 상태를 판단할 자료가 부족합니다.,확인 부족
2025-10-21,NASDAQ,Nasdaq,확인 부족,-1,이력 부족: 0/252관측,현재 상태를 판단할 자료가 부족합니다.,확인 부족
2025-10-21,RUSSELL,Russell 2000,정상,0,5일 -0.3% · 20일 +1.2% · 고점 대비 -1.3%,지표 고유의 상태와 다른 시장 영역의 동반 신호를 구분해 확인합니다.,낮음
2025-10-21,MA200,200일 이동평균 이격,확인 부족,-1,이력 부족: 0/200관측,현재 상태를 판단할 자료가 부족합니다.,확인 부족
2025-10-21,EW,동일가중 상대성과,정상,0,RSP가 SPY 대비 20일 -0.1%p · 5일 상대성과 -0.15%p,지표 고유의 상태와 다른 시장 영역의 동반 신호를 구분해 확인합니다.,낮음
2025-10-21,CAPE,CAPE,확인 부족,-1,이력 부족: 0/120관측,현재 상태를 판단할 자료가 부족합니다.,확인 부족
2025-10-21,ADV,상승 종목 비율,확인 부족,-1,이력 부족: 0/21관측,현재 상태를 판단할 자료가 부족합니다.,확인 부족
2025-10-21,ABOVE200,200DMA 위 종목 비율,확인 부족,-1,이력 부족: 0/21관측,현재 상태를 판단할 자료가 부족합니다.,확인 부족
2025-10-21,HILO,52주 신고가-신저가 비율,확인 부족,-1,이력 부족: 0/21관측,현재 상태를 판단할 자료가 부족합니다.,확인 부족
2025-10-21,EFFR,미국 기준금리,정상,0,20관측 +2bp · 인상 · EFFR 변화는 목표범위 결정 자체와 구분,금리 상승에 따른 부담을 관찰합니다. 물가·고용·신용의 동반 움직임으로 의미를 구분합니다.,낮음
2025-10-21,US3M,미국 3개월물 국채수익률,확인 부족,-1,이력 부족: 0/25관측,현재 상태를 판단할 자료가 부족합니다.,확인 부족
2025-10-21,US2Y,미국 2년물 국채수익률,확인 부족,-1,이력 부족: 0/25관측,현재 상태를 판단할 자료가 부족합니다.,확인 부족
2025-10-21,US10Y,미국 10년물 국채수익률,확인 부족,-1,이력 부족: 0/25관측,현재 상태를 판단할 자료가 부족합니다.,확인 부족
2025-10-21,US30Y,미국 30년물 국채수익률,확인 부족,-1,이력 부족: 0/25관측,현재 상태를 판단할 자료가 부족합니다.,확인 부족
2025-10-21,REAL10,미국 10년물 실질금리,확인 부족,-1,이력 부족: 0/25관측,현재 상태를 판단할 자료가 부족합니다.,확인 부족
2025-10-21,TERM,미국 10년물 기간프리미엄,정상,0,과거 504관측 대비 43.1백분위 · 20일 -6bp,금리 하락 또는 상대관계 변화을 관찰합니다. 물가·고용·신용의 동반 움직임으로 의미를 구분합니다.,낮음
2025-10-21,CURVE2,미국 10년물-2년물 금리차,확인 부족,-1,이력 부족: 0/22관측,현재 상태를 판단할 자료가 부족합니다.,확인 부족
2025-10-21,CURVE3,미국 10년물-3개월물 금리차,확인 부족,-1,이력 부족: 0/22관측,현재 상태를 판단할 자료가 부족합니다.,확인 부족
2025-10-21,CURVEFED,미국 10년물-기준금리 차,확인 부족,-1,이력 부족: 0/22관측,현재 상태를 판단할 자료가 부족합니다.,확인 부족
2025-10-21,VIX,VIX,정상,0,VIX 17.9 · 5일 -14.1% · 20일 +7.4% · 5일 -2.9포인트,지표 고유의 상태와 다른 시장 영역의 동반 신호를 구분해 확인합니다.,낮음
2025-10-21,VIXPOS,VIX 1년 위치,참고,0,과거 252관측 대비 60.3백분위,최근 분포에서의 위치입니다. 별도 위험 신호로 중복 집계하지 않습니다.,낮음
2025-10-21,HY,하이일드 OAS,안정,0,HY 2.97%p · 5일 -14bp · 20일 +26bp,지표 고유의 상태와 다른 시장 영역의 동반 신호를 구분해 확인합니다.,낮음
2025-10-21,BBB,BBB OAS,안정,0,BBB 1.01%p · 5일 -1bp · 20일 +7bp,지표 고유의 상태와 다른 시장 영역의 동반 신호를 구분해 확인합니다.,낮음
2025-10-21,HYPOS,HY 1년 위치,참고,0,과거 252관측 대비 62.7백분위,최근 분포에서의 위치입니다. 별도 위험 신호로 중복 집계하지 않습니다.,낮음
2025-10-21,UNEMP,미국 실업률,관찰,1,3개월 +0.30%p · Sahm 0.23%p,고용 약화 신호를 관찰합니다. 실업률과 Sahm은 같은 원자료여서 독립 증거로 중복 계산하지 않습니다.,낮음
2025-10-21,SAHM,Sahm Rule,정상,0,3개월 평균이 이전 12개월 저점 대비 0.23%p 상승,고용 약화 신호를 관찰합니다. 실업률과 Sahm은 같은 원자료여서 독립 증거로 중복 계산하지 않습니다.,낮음
2025-10-21,CLAIMS,신규실업수당 4주평균,확인 부족,-1,이력 부족: 0/55관측,현재 상태를 판단할 자료가 부족합니다.,확인 부족
2025-10-21,CPI,CPI,확인 부족,-1,이력 부족: 0/16관측,현재 상태를 판단할 자료가 부족합니다.,확인 부족
2025-10-21,CORECPI,근원 CPI,확인 부족,-1,이력 부족: 0/16관측,현재 상태를 판단할 자료가 부족합니다.,확인 부족
2025-10-21,COREPCE,근원 PCE,확인 부족,-1,이력 부족: 0/16관측,현재 상태를 판단할 자료가 부족합니다.,확인 부족
2025-10-21,DXY,달러지수,확인 부족,-1,이력 부족: 0/147관측,현재 상태를 판단할 자료가 부족합니다.,확인 부족
2025-10-21,USDKRW,달러/원,확인 부족,-1,이력 부족: 0/147관측,현재 상태를 판단할 자료가 부족합니다.,확인 부족
2025-10-21,USDJPY,달러/엔,확인 부족,-1,이력 부족: 0/147관측,현재 상태를 판단할 자료가 부족합니다.,확인 부족
2025-10-21,WTI,WTI,확인 부족,-1,이력 부족: 0/147관측,현재 상태를 판단할 자료가 부족합니다.,확인 부족
2025-10-21,GOLD,금,정상,0,5일 -1.23% · 20일 +8.12% · 변동성 기준 41.9/89.1백분위,가격 움직임은 확인되지만 원인을 구분할 교차 근거가 충분하지 않습니다.,낮음
2025-10-21,SILVER,은,정상,0,5일 -5.69% · 20일 +7.37% · 변동성 기준 84.3/65.3백분위,금과 은이 함께 상승합니다. 귀금속 공통 흐름을 확인합니다.,낮음
2025-10-21,COPPER,구리,정상,0,5일 -1.01% · 20일 +7.54% · 변동성 기준 25.6/71.2백분위,가격 움직임은 확인되지만 원인을 구분할 교차 근거가 충분하지 않습니다.,낮음
2025-10-22,SP500,S&P500,확인 부족,-1,이력 부족: 0/252관측,현재 상태를 판단할 자료가 부족합니다.,확인 부족
2025-10-22,NASDAQ,Nasdaq,확인 부족,-1,이력 부족: 0/252관측,현재 상태를 판단할 자료가 부족합니다.,확인 부족
2025-10-22,RUSSELL,Russell 2000,관찰,1,5일 -2.7% · 20일 +0.7% · 고점 대비 -2.7%,지표 고유의 상태와 다른 시장 영역의 동반 신호를 구분해 확인합니다.,낮음
2025-10-22,MA200,200일 이동평균 이격,확인 부족,-1,이력 부족: 0/200관측,현재 상태를 판단할 자료가 부족합니다.,확인 부족
2025-10-22,EW,동일가중 상대성과,정상,0,RSP가 SPY 대비 20일 -0.2%p · 5일 상대성과 +0.13%p,지표 고유의 상태와 다른 시장 영역의 동반 신호를 구분해 확인합니다.,낮음
2025-10-22,CAPE,CAPE,확인 부족,-1,이력 부족: 0/120관측,현재 상태를 판단할 자료가 부족합니다.,확인 부족
2025-10-22,ADV,상승 종목 비율,확인 부족,-1,이력 부족: 0/21관측,현재 상태를 판단할 자료가 부족합니다.,확인 부족
2025-10-22,ABOVE200,200DMA 위 종목 비율,확인 부족,-1,이력 부족: 0/21관측,현재 상태를 판단할 자료가 부족합니다.,확인 부족
2025-10-22,HILO,52주 신고가-신저가 비율,확인 부족,-1,이력 부족: 0/21관측,현재 상태를 판단할 자료가 부족합니다.,확인 부족
2025-10-22,EFFR,미국 기준금리,정상,0,20관측 +2bp · 인상 · EFFR 변화는 목표범위 결정 자체와 구분,금리 상승에 따른 부담을 관찰합니다. 물가·고용·신용의 동반 움직임으로 의미를 구분합니다.,낮음
2025-10-22,US3M,미국 3개월물 국채수익률,확인 부족,-1,이력 부족: 0/25관측,현재 상태를 판단할 자료가 부족합니다.,확인 부족
2025-10-22,US2Y,미국 2년물 국채수익률,확인 부족,-1,이력 부족: 0/25관측,현재 상태를 판단할 자료가 부족합니다.,확인 부족
2025-10-22,US10Y,미국 10년물 국채수익률,확인 부족,-1,이력 부족: 0/25관측,현재 상태를 판단할 자료가 부족합니다.,확인 부족
2025-10-22,US30Y,미국 30년물 국채수익률,확인 부족,-1,이력 부족: 0/25관측,현재 상태를 판단할 자료가 부족합니다.,확인 부족
2025-10-22,REAL10,미국 10년물 실질금리,확인 부족,-1,이력 부족: 0/25관측,현재 상태를 판단할 자료가 부족합니다.,확인 부족
2025-10-22,TERM,미국 10년물 기간프리미엄,정상,0,과거 504관측 대비 42.1백분위 · 20일 -6bp,금리 하락 또는 상대관계 변화을 관찰합니다. 물가·고용·신용의 동반 움직임으로 의미를 구분합니다.,낮음
2025-10-22,CURVE2,미국 10년물-2년물 금리차,확인 부족,-1,이력 부족: 0/22관측,현재 상태를 판단할 자료가 부족합니다.,확인 부족
2025-10-22,CURVE3,미국 10년물-3개월물 금리차,확인 부족,-1,이력 부족: 0/22관측,현재 상태를 판단할 자료가 부족합니다.,확인 부족
2025-10-22,CURVEFED,미국 10년물-기준금리 차,확인 부족,-1,이력 부족: 0/22관측,현재 상태를 판단할 자료가 부족합니다.,확인 부족
2025-10-22,VIX,VIX,정상,0,VIX 18.6 · 5일 -9.9% · 20일 +15.0% · 5일 -2.0포인트,지표 고유의 상태와 다른 시장 영역의 동반 신호를 구분해 확인합니다.,보통
2025-10-22,VIXPOS,VIX 1년 위치,참고,0,과거 252관측 대비 66.7백분위,최근 분포에서의 위치입니다. 별도 위험 신호로 중복 집계하지 않습니다.,보통
2025-10-22,HY,하이일드 OAS,관찰,1,HY 3.01%p · 5일 +6bp · 20일 +31bp,지표 고유의 상태와 다른 시장 영역의 동반 신호를 구분해 확인합니다.,낮음
2025-10-22,BBB,BBB OAS,안정,0,BBB 1.02%p · 5일 +3bp · 20일 +7bp,지표 고유의 상태와 다른 시장 영역의 동반 신호를 구분해 확인합니다.,낮음
2025-10-22,HYPOS,HY 1년 위치,참고,0,과거 252관측 대비 65.5백분위,최근 분포에서의 위치입니다. 별도 위험 신호로 중복 집계하지 않습니다.,낮음
2025-10-22,UNEMP,미국 실업률,관찰,1,3개월 +0.30%p · Sahm 0.23%p,고용 약화 신호를 관찰합니다. 실업률과 Sahm은 같은 원자료여서 독립 증거로 중복 계산하지 않습니다.,낮음
2025-10-22,SAHM,Sahm Rule,정상,0,3개월 평균이 이전 12개월 저점 대비 0.23%p 상승,고용 약화 신호를 관찰합니다. 실업률과 Sahm은 같은 원자료여서 독립 증거로 중복 계산하지 않습니다.,낮음
2025-10-22,CLAIMS,신규실업수당 4주평균,확인 부족,-1,이력 부족: 0/55관측,현재 상태를 판단할 자료가 부족합니다.,확인 부족
2025-10-22,CPI,CPI,확인 부족,-1,이력 부족: 0/16관측,현재 상태를 판단할 자료가 부족합니다.,확인 부족
2025-10-22,CORECPI,근원 CPI,확인 부족,-1,이력 부족: 0/16관측,현재 상태를 판단할 자료가 부족합니다.,확인 부족
2025-10-22,COREPCE,근원 PCE,확인 부족,-1,이력 부족: 0/16관측,현재 상태를 판단할 자료가 부족합니다.,확인 부족
2025-10-22,DXY,달러지수,확인 부족,-1,이력 부족: 0/147관측,현재 상태를 판단할 자료가 부족합니다.,확인 부족
2025-10-22,USDKRW,달러/원,확인 부족,-1,이력 부족: 0/147관측,현재 상태를 판단할 자료가 부족합니다.,확인 부족
2025-10-22,USDJPY,달러/엔,확인 부족,-1,이력 부족: 0/147관측,현재 상태를 판단할 자료가 부족합니다.,확인 부족
2025-10-22,WTI,WTI,확인 부족,-1,이력 부족: 0/147관측,현재 상태를 판단할 자료가 부족합니다.,확인 부족
2025-10-22,GOLD,금,관찰,1,5일 -3.17% · 20일 +8.37% · 변동성 기준 83.9/90.1백분위,금 상승과 여러 시장의 불안 신호가 겹쳐 안전자산 선호와 부합합니다.,낮음
2025-10-22,SILVER,은,관찰,1,5일 -7.07% · 20일 +8.42% · 변동성 기준 91.7/72.6백분위,금과 은이 함께 상승합니다. 귀금속 공통 흐름을 확인합니다.,낮음
2025-10-22,COPPER,구리,정상,0,5일 -0.22% · 20일 +4.39% · 변동성 기준 3.8/45.8백분위,가격 움직임은 확인되지만 원인을 구분할 교차 근거가 충분하지 않습니다.,낮음
2025-10-23,SP500,S&P500,확인 부족,-1,이력 부족: 0/252관측,현재 상태를 판단할 자료가 부족합니다.,확인 부족
2025-10-23,NASDAQ,Nasdaq,확인 부족,-1,이력 부족: 0/252관측,현재 상태를 판단할 자료가 부족합니다.,확인 부족
2025-10-23,RUSSELL,Russell 2000,정상,0,5일 +0.6% · 20일 +3.0% · 고점 대비 -1.5%,지표 고유의 상태와 다른 시장 영역의 동반 신호를 구분해 확인합니다.,낮음
2025-10-23,MA200,200일 이동평균 이격,확인 부족,-1,이력 부족: 0/200관측,현재 상태를 판단할 자료가 부족합니다.,확인 부족
2025-10-23,EW,동일가중 상대성과,정상,0,RSP가 SPY 대비 20일 +0.1%p · 5일 상대성과 +0.28%p,지표 고유의 상태와 다른 시장 영역의 동반 신호를 구분해 확인합니다.,낮음
2025-10-23,CAPE,CAPE,확인 부족,-1,이력 부족: 0/120관측,현재 상태를 판단할 자료가 부족합니다.,확인 부족
2025-10-23,ADV,상승 종목 비율,확인 부족,-1,이력 부족: 0/21관측,현재 상태를 판단할 자료가 부족합니다.,확인 부족
2025-10-23,ABOVE200,200DMA 위 종목 비율,확인 부족,-1,이력 부족: 0/21관측,현재 상태를 판단할 자료가 부족합니다.,확인 부족
2025-10-23,HILO,52주 신고가-신저가 비율,확인 부족,-1,이력 부족: 0/21관측,현재 상태를 판단할 자료가 부족합니다.,확인 부족
2025-10-23,EFFR,미국 기준금리,정상,0,20관측 +2bp · 인상 · EFFR 변화는 목표범위 결정 자체와 구분,금리 상승에 따른 부담을 관찰합니다. 물가·고용·신용의 동반 움직임으로 의미를 구분합니다.,낮음
2025-10-23,US3M,미국 3개월물 국채수익률,확인 부족,-1,이력 부족: 0/25관측,현재 상태를 판단할 자료가 부족합니다.,확인 부족
2025-10-23,US2Y,미국 2년물 국채수익률,확인 부족,-1,이력 부족: 0/25관측,현재 상태를 판단할 자료가 부족합니다.,확인 부족
2025-10-23,US10Y,미국 10년물 국채수익률,확인 부족,-1,이력 부족: 0/25관측,현재 상태를 판단할 자료가 부족합니다.,확인 부족
2025-10-23,US30Y,미국 30년물 국채수익률,확인 부족,-1,이력 부족: 0/25관측,현재 상태를 판단할 자료가 부족합니다.,확인 부족
2025-10-23,REAL10,미국 10년물 실질금리,확인 부족,-1,이력 부족: 0/25관측,현재 상태를 판단할 자료가 부족합니다.,확인 부족
2025-10-23,TERM,미국 10년물 기간프리미엄,정상,0,과거 504관측 대비 46.2백분위 · 20일 -6bp,금리 하락 또는 상대관계 변화을 관찰합니다. 물가·고용·신용의 동반 움직임으로 의미를 구분합니다.,낮음
2025-10-23,CURVE2,미국 10년물-2년물 금리차,확인 부족,-1,이력 부족: 0/22관측,현재 상태를 판단할 자료가 부족합니다.,확인 부족
2025-10-23,CURVE3,미국 10년물-3개월물 금리차,확인 부족,-1,이력 부족: 0/22관측,현재 상태를 판단할 자료가 부족합니다.,확인 부족
2025-10-23,CURVEFED,미국 10년물-기준금리 차,확인 부족,-1,이력 부족: 0/22관측,현재 상태를 판단할 자료가 부족합니다.,확인 부족
2025-10-23,VIX,VIX,정상,0,VIX 17.3 · 5일 -31.6% · 20일 +3.3% · 5일 -8.0포인트,지표 고유의 상태와 다른 시장 영역의 동반 신호를 구분해 확인합니다.,낮음
2025-10-23,VIXPOS,VIX 1년 위치,참고,0,과거 252관측 대비 54.8백분위,최근 분포에서의 위치입니다. 별도 위험 신호로 중복 집계하지 않습니다.,낮음
2025-10-23,HY,하이일드 OAS,안정,0,HY 2.96%p · 5일 -8bp · 20일 +20bp,지표 고유의 상태와 다른 시장 영역의 동반 신호를 구분해 확인합니다.,낮음
2025-10-23,BBB,BBB OAS,안정,0,BBB 1.00%p · 5일 -1bp · 20일 +4bp,지표 고유의 상태와 다른 시장 영역의 동반 신호를 구분해 확인합니다.,낮음
2025-10-23,HYPOS,HY 1년 위치,참고,0,과거 252관측 대비 61.3백분위,최근 분포에서의 위치입니다. 별도 위험 신호로 중복 집계하지 않습니다.,낮음
2025-10-23,UNEMP,미국 실업률,관찰,1,3개월 +0.30%p · Sahm 0.23%p,고용 약화 신호를 관찰합니다. 실업률과 Sahm은 같은 원자료여서 독립 증거로 중복 계산하지 않습니다.,낮음
2025-10-23,SAHM,Sahm Rule,정상,0,3개월 평균이 이전 12개월 저점 대비 0.23%p 상승,고용 약화 신호를 관찰합니다. 실업률과 Sahm은 같은 원자료여서 독립 증거로 중복 계산하지 않습니다.,낮음
2025-10-23,CLAIMS,신규실업수당 4주평균,확인 부족,-1,이력 부족: 0/55관측,현재 상태를 판단할 자료가 부족합니다.,확인 부족
2025-10-23,CPI,CPI,확인 부족,-1,이력 부족: 0/16관측,현재 상태를 판단할 자료가 부족합니다.,확인 부족
2025-10-23,CORECPI,근원 CPI,확인 부족,-1,이력 부족: 0/16관측,현재 상태를 판단할 자료가 부족합니다.,확인 부족
2025-10-23,COREPCE,근원 PCE,확인 부족,-1,이력 부족: 0/16관측,현재 상태를 판단할 자료가 부족합니다.,확인 부족
2025-10-23,DXY,달러지수,확인 부족,-1,이력 부족: 0/147관측,현재 상태를 판단할 자료가 부족합니다.,확인 부족
2025-10-23,USDKRW,달러/원,확인 부족,-1,이력 부족: 0/147관측,현재 상태를 판단할 자료가 부족합니다.,확인 부족
2025-10-23,USDJPY,달러/엔,확인 부족,-1,이력 부족: 0/147관측,현재 상태를 판단할 자료가 부족합니다.,확인 부족
2025-10-23,WTI,WTI,확인 부족,-1,이력 부족: 0/147관측,현재 상태를 판단할 자료가 부족합니다.,확인 부족
2025-10-23,GOLD,금,관찰,1,5일 -3.61% · 20일 +10.40% · 변동성 기준 89.3/96.6백분위,가격 움직임은 확인되지만 원인을 구분할 교차 근거가 충분하지 않습니다.,낮음
2025-10-23,SILVER,은,관찰,1,5일 -8.56% · 20일 +8.47% · 변동성 기준 95.2/72.8백분위,금과 은이 함께 상승합니다. 귀금속 공통 흐름을 확인합니다.,낮음
2025-10-23,COPPER,구리,정상,0,5일 +2.50% · 20일 +8.13% · 변동성 기준 57.1/73.8백분위,가격 움직임은 확인되지만 원인을 구분할 교차 근거가 충분하지 않습니다.,낮음
2025-10-24,SP500,S&P500,확인 부족,-1,이력 부족: 0/252관측,현재 상태를 판단할 자료가 부족합니다.,확인 부족
2025-10-24,NASDAQ,Nasdaq,확인 부족,-1,이력 부족: 0/252관측,현재 상태를 판단할 자료가 부족합니다.,확인 부족
2025-10-24,RUSSELL,Russell 2000,정상,0,5일 +2.5% · 20일 +3.3% · 고점 대비 -0.2%,지표 고유의 상태와 다른 시장 영역의 동반 신호를 구분해 확인합니다.,낮음
2025-10-24,MA200,200일 이동평균 이격,확인 부족,-1,이력 부족: 0/200관측,현재 상태를 판단할 자료가 부족합니다.,확인 부족
2025-10-24,EW,동일가중 상대성과,정상,0,RSP가 SPY 대비 20일 -0.9%p · 5일 상대성과 -0.21%p,지표 고유의 상태와 다른 시장 영역의 동반 신호를 구분해 확인합니다.,낮음
2025-10-24,CAPE,CAPE,확인 부족,-1,이력 부족: 0/120관측,현재 상태를 판단할 자료가 부족합니다.,확인 부족
2025-10-24,ADV,상승 종목 비율,확인 부족,-1,이력 부족: 0/21관측,현재 상태를 판단할 자료가 부족합니다.,확인 부족
2025-10-24,ABOVE200,200DMA 위 종목 비율,확인 부족,-1,이력 부족: 0/21관측,현재 상태를 판단할 자료가 부족합니다.,확인 부족
2025-10-24,HILO,52주 신고가-신저가 비율,확인 부족,-1,이력 부족: 0/21관측,현재 상태를 판단할 자료가 부족합니다.,확인 부족
2025-10-24,EFFR,미국 기준금리,정상,0,20관측 +2bp · 인상 · EFFR 변화는 목표범위 결정 자체와 구분,금리 상승에 따른 부담을 관찰합니다. 물가·고용·신용의 동반 움직임으로 의미를 구분합니다.,낮음
2025-10-24,US3M,미국 3개월물 국채수익률,확인 부족,-1,이력 부족: 0/25관측,현재 상태를 판단할 자료가 부족합니다.,확인 부족
2025-10-24,US2Y,미국 2년물 국채수익률,확인 부족,-1,이력 부족: 0/25관측,현재 상태를 판단할 자료가 부족합니다.,확인 부족
2025-10-24,US10Y,미국 10년물 국채수익률,확인 부족,-1,이력 부족: 0/25관측,현재 상태를 판단할 자료가 부족합니다.,확인 부족
2025-10-24,US30Y,미국 30년물 국채수익률,확인 부족,-1,이력 부족: 0/25관측,현재 상태를 판단할 자료가 부족합니다.,확인 부족
2025-10-24,REAL10,미국 10년물 실질금리,확인 부족,-1,이력 부족: 0/25관측,현재 상태를 판단할 자료가 부족합니다.,확인 부족
2025-10-24,TERM,미국 10년물 기간프리미엄,정상,0,과거 504관측 대비 47.6백분위 · 20일 -6bp,금리 하락 또는 상대관계 변화을 관찰합니다. 물가·고용·신용의 동반 움직임으로 의미를 구분합니다.,낮음
2025-10-24,CURVE2,미국 10년물-2년물 금리차,확인 부족,-1,이력 부족: 0/22관측,현재 상태를 판단할 자료가 부족합니다.,확인 부족
2025-10-24,CURVE3,미국 10년물-3개월물 금리차,확인 부족,-1,이력 부족: 0/22관측,현재 상태를 판단할 자료가 부족합니다.,확인 부족
2025-10-24,CURVEFED,미국 10년물-기준금리 차,확인 부족,-1,이력 부족: 0/22관측,현재 상태를 판단할 자료가 부족합니다.,확인 부족
2025-10-24,VIX,VIX,정상,0,VIX 16.4 · 5일 -21.2% · 20일 +7.1% · 5일 -4.4포인트,지표 고유의 상태와 다른 시장 영역의 동반 신호를 구분해 확인합니다.,낮음
2025-10-24,VIXPOS,VIX 1년 위치,참고,0,과거 252관측 대비 38.7백분위,최근 분포에서의 위치입니다. 별도 위험 신호로 중복 집계하지 않습니다.,낮음
2025-10-24,HY,하이일드 OAS,안정,0,HY 2.88%p · 5일 -16bp · 20일 +13bp,지표 고유의 상태와 다른 시장 영역의 동반 신호를 구분해 확인합니다.,낮음
2025-10-24,BBB,BBB OAS,안정,0,BBB 0.98%p · 5일 -3bp · 20일 +3bp,지표 고유의 상태와 다른 시장 영역의 동반 신호를 구분해 확인합니다.,낮음
2025-10-24,HYPOS,HY 1년 위치,참고,0,과거 252관측 대비 48.6백분위,최근 분포에서의 위치입니다. 별도 위험 신호로 중복 집계하지 않습니다.,낮음
2025-10-24,UNEMP,미국 실업률,관찰,1,3개월 +0.30%p · Sahm 0.23%p,고용 약화 신호를 관찰합니다. 실업률과 Sahm은 같은 원자료여서 독립 증거로 중복 계산하지 않습니다.,낮음
2025-10-24,SAHM,Sahm Rule,정상,0,3개월 평균이 이전 12개월 저점 대비 0.23%p 상승,고용 약화 신호를 관찰합니다. 실업률과 Sahm은 같은 원자료여서 독립 증거로 중복 계산하지 않습니다.,낮음
2025-10-24,CLAIMS,신규실업수당 4주평균,확인 부족,-1,이력 부족: 0/55관측,현재 상태를 판단할 자료가 부족합니다.,확인 부족
2025-10-24,CPI,CPI,확인 부족,-1,이력 부족: 0/16관측,현재 상태를 판단할 자료가 부족합니다.,확인 부족
2025-10-24,CORECPI,근원 CPI,확인 부족,-1,이력 부족: 0/16관측,현재 상태를 판단할 자료가 부족합니다.,확인 부족
2025-10-24,COREPCE,근원 PCE,확인 부족,-1,이력 부족: 0/16관측,현재 상태를 판단할 자료가 부족합니다.,확인 부족
2025-10-24,DXY,달러지수,확인 부족,-1,이력 부족: 0/147관측,현재 상태를 판단할 자료가 부족합니다.,확인 부족
2025-10-24,USDKRW,달러/원,확인 부족,-1,이력 부족: 0/147관측,현재 상태를 판단할 자료가 부족합니다.,확인 부족
2025-10-24,USDJPY,달러/엔,확인 부족,-1,이력 부족: 0/147관측,현재 상태를 판단할 자료가 부족합니다.,확인 부족
2025-10-24,WTI,WTI,확인 부족,-1,이력 부족: 0/147관측,현재 상태를 판단할 자료가 부족합니다.,확인 부족
2025-10-24,GOLD,금,관찰,1,5일 -1.71% · 20일 +9.09% · 변동성 기준 55.6/93.3백분위,가격 움직임은 확인되지만 원인을 구분할 교차 근거가 충분하지 않습니다.,낮음
2025-10-24,SILVER,은,정상,0,5일 -2.98% · 20일 +4.66% · 변동성 기준 54.2/44.4백분위,금과 은이 함께 상승합니다. 귀금속 공통 흐름을 확인합니다.,낮음
2025-10-24,COPPER,구리,정상,0,5일 +3.29% · 20일 +8.02% · 변동성 기준 68.8/73.4백분위,가격 움직임은 확인되지만 원인을 구분할 교차 근거가 충분하지 않습니다.,낮음
2025-10-27,SP500,S&P500,확인 부족,-1,이력 부족: 0/252관측,현재 상태를 판단할 자료가 부족합니다.,확인 부족
2025-10-27,NASDAQ,Nasdaq,확인 부족,-1,이력 부족: 0/252관측,현재 상태를 판단할 자료가 부족합니다.,확인 부족
2025-10-27,RUSSELL,Russell 2000,정상,0,5일 +0.8% · 20일 +3.5% · 고점 대비 0.0%,지표 고유의 상태와 다른 시장 영역의 동반 신호를 구분해 확인합니다.,낮음
2025-10-27,MA200,200일 이동평균 이격,확인 부족,-1,이력 부족: 0/200관측,현재 상태를 판단할 자료가 부족합니다.,확인 부족
2025-10-27,EW,동일가중 상대성과,정상,0,RSP가 SPY 대비 20일 -1.7%p · 5일 상대성과 -0.91%p,지표 고유의 상태와 다른 시장 영역의 동반 신호를 구분해 확인합니다.,낮음
2025-10-27,CAPE,CAPE,확인 부족,-1,이력 부족: 0/120관측,현재 상태를 판단할 자료가 부족합니다.,확인 부족
2025-10-27,ADV,상승 종목 비율,확인 부족,-1,이력 부족: 0/21관측,현재 상태를 판단할 자료가 부족합니다.,확인 부족
2025-10-27,ABOVE200,200DMA 위 종목 비율,확인 부족,-1,이력 부족: 0/21관측,현재 상태를 판단할 자료가 부족합니다.,확인 부족
2025-10-27,HILO,52주 신고가-신저가 비율,확인 부족,-1,이력 부족: 0/21관측,현재 상태를 판단할 자료가 부족합니다.,확인 부족
2025-10-27,EFFR,미국 기준금리,정상,0,20관측 +3bp · 인상 · EFFR 변화는 목표범위 결정 자체와 구분,금리 상승에 따른 부담을 관찰합니다. 물가·고용·신용의 동반 움직임으로 의미를 구분합니다.,낮음
2025-10-27,US3M,미국 3개월물 국채수익률,확인 부족,-1,이력 부족: 0/25관측,현재 상태를 판단할 자료가 부족합니다.,확인 부족
2025-10-27,US2Y,미국 2년물 국채수익률,확인 부족,-1,이력 부족: 0/25관측,현재 상태를 판단할 자료가 부족합니다.,확인 부족
2025-10-27,US10Y,미국 10년물 국채수익률,확인 부족,-1,이력 부족: 0/25관측,현재 상태를 판단할 자료가 부족합니다.,확인 부족
2025-10-27,US30Y,미국 30년물 국채수익률,확인 부족,-1,이력 부족: 0/25관측,현재 상태를 판단할 자료가 부족합니다.,확인 부족
2025-10-27,REAL10,미국 10년물 실질금리,확인 부족,-1,이력 부족: 0/25관측,현재 상태를 판단할 자료가 부족합니다.,확인 부족
2025-10-27,TERM,미국 10년물 기간프리미엄,정상,0,과거 504관측 대비 49.0백분위 · 20일 -7bp,금리 하락 또는 상대관계 변화을 관찰합니다. 물가·고용·신용의 동반 움직임으로 의미를 구분합니다.,낮음
2025-10-27,CURVE2,미국 10년물-2년물 금리차,확인 부족,-1,이력 부족: 0/22관측,현재 상태를 판단할 자료가 부족합니다.,확인 부족
2025-10-27,CURVE3,미국 10년물-3개월물 금리차,확인 부족,-1,이력 부족: 0/22관측,현재 상태를 판단할 자료가 부족합니다.,확인 부족
2025-10-27,CURVEFED,미국 10년물-기준금리 차,확인 부족,-1,이력 부족: 0/22관측,현재 상태를 판단할 자료가 부족합니다.,확인 부족
2025-10-27,VIX,VIX,정상,0,VIX 15.8 · 5일 -13.4% · 20일 -2.0% · 5일 -2.4포인트,지표 고유의 상태와 다른 시장 영역의 동반 신호를 구분해 확인합니다.,낮음
2025-10-27,VIXPOS,VIX 1년 위치,참고,0,과거 252관측 대비 27.8백분위,최근 분포에서의 위치입니다. 별도 위험 신호로 중복 집계하지 않습니다.,낮음
2025-10-27,HY,하이일드 OAS,안정,0,HY 2.80%p · 5일 -19bp · 20일 +6bp,지표 고유의 상태와 다른 시장 영역의 동반 신호를 구분해 확인합니다.,낮음
2025-10-27,BBB,BBB OAS,안정,0,BBB 0.97%p · 5일 -3bp · 20일 +3bp,지표 고유의 상태와 다른 시장 영역의 동반 신호를 구분해 확인합니다.,낮음
2025-10-27,HYPOS,HY 1년 위치,참고,0,과거 252관측 대비 32.5백분위,최근 분포에서의 위치입니다. 별도 위험 신호로 중복 집계하지 않습니다.,낮음
2025-10-27,UNEMP,미국 실업률,관찰,1,3개월 +0.30%p · Sahm 0.23%p,고용 약화 신호를 관찰합니다. 실업률과 Sahm은 같은 원자료여서 독립 증거로 중복 계산하지 않습니다.,낮음
2025-10-27,SAHM,Sahm Rule,정상,0,3개월 평균이 이전 12개월 저점 대비 0.23%p 상승,고용 약화 신호를 관찰합니다. 실업률과 Sahm은 같은 원자료여서 독립 증거로 중복 계산하지 않습니다.,낮음
2025-10-27,CLAIMS,신규실업수당 4주평균,확인 부족,-1,이력 부족: 0/55관측,현재 상태를 판단할 자료가 부족합니다.,확인 부족
2025-10-27,CPI,CPI,확인 부족,-1,이력 부족: 0/16관측,현재 상태를 판단할 자료가 부족합니다.,확인 부족
2025-10-27,CORECPI,근원 CPI,확인 부족,-1,이력 부족: 0/16관측,현재 상태를 판단할 자료가 부족합니다.,확인 부족
2025-10-27,COREPCE,근원 PCE,확인 부족,-1,이력 부족: 0/16관측,현재 상태를 판단할 자료가 부족합니다.,확인 부족
2025-10-27,DXY,달러지수,확인 부족,-1,이력 부족: 0/147관측,현재 상태를 판단할 자료가 부족합니다.,확인 부족
2025-10-27,USDKRW,달러/원,확인 부족,-1,이력 부족: 0/147관측,현재 상태를 판단할 자료가 부족합니다.,확인 부족
2025-10-27,USDJPY,달러/엔,확인 부족,-1,이력 부족: 0/147관측,현재 상태를 판단할 자료가 부족합니다.,확인 부족
2025-10-27,WTI,WTI,확인 부족,-1,이력 부족: 0/147관측,현재 상태를 판단할 자료가 부족합니다.,확인 부족
2025-10-27,GOLD,금,주의,2,5일 -7.71% · 20일 +4.74% · 변동성 기준 99.2/66.5백분위,가격 움직임은 확인되지만 원인을 구분할 교차 근거가 충분하지 않습니다.,낮음
2025-10-27,SILVER,은,관찰,1,5일 -8.91% · 20일 -0.11% · 변동성 기준 96.4/2.0백분위,가격 움직임은 확인되지만 원인을 구분할 교차 근거가 충분하지 않습니다.,낮음
2025-10-27,COPPER,구리,정상,0,5일 +2.85% · 20일 +6.19% · 변동성 기준 62.9/61.7백분위,가격 움직임은 확인되지만 원인을 구분할 교차 근거가 충분하지 않습니다.,낮음
2025-10-28,SP500,S&P500,확인 부족,-1,이력 부족: 0/252관측,현재 상태를 판단할 자료가 부족합니다.,확인 부족
2025-10-28,NASDAQ,Nasdaq,확인 부족,-1,이력 부족: 0/252관측,현재 상태를 판단할 자료가 부족합니다.,확인 부족
2025-10-28,RUSSELL,Russell 2000,정상,0,5일 +0.8% · 20일 +2.9% · 고점 대비 -0.5%,지표 고유의 상태와 다른 시장 영역의 동반 신호를 구분해 확인합니다.,낮음
2025-10-28,MA200,200일 이동평균 이격,확인 부족,-1,이력 부족: 0/200관측,현재 상태를 판단할 자료가 부족합니다.,확인 부족
2025-10-28,EW,동일가중 상대성과,관찰,1,RSP가 SPY 대비 20일 -2.7%p · 5일 상대성과 -2.51%p,지표 고유의 상태와 다른 시장 영역의 동반 신호를 구분해 확인합니다.,낮음
2025-10-28,CAPE,CAPE,확인 부족,-1,이력 부족: 0/120관측,현재 상태를 판단할 자료가 부족합니다.,확인 부족
2025-10-28,ADV,상승 종목 비율,확인 부족,-1,이력 부족: 0/21관측,현재 상태를 판단할 자료가 부족합니다.,확인 부족
2025-10-28,ABOVE200,200DMA 위 종목 비율,확인 부족,-1,이력 부족: 0/21관측,현재 상태를 판단할 자료가 부족합니다.,확인 부족
2025-10-28,HILO,52주 신고가-신저가 비율,확인 부족,-1,이력 부족: 0/21관측,현재 상태를 판단할 자료가 부족합니다.,확인 부족
2025-10-28,EFFR,미국 기준금리,정상,0,20관측 +3bp · 인상 · EFFR 변화는 목표범위 결정 자체와 구분,금리 상승에 따른 부담을 관찰합니다. 물가·고용·신용의 동반 움직임으로 의미를 구분합니다.,낮음
2025-10-28,US3M,미국 3개월물 국채수익률,확인 부족,-1,이력 부족: 0/25관측,현재 상태를 판단할 자료가 부족합니다.,확인 부족
2025-10-28,US2Y,미국 2년물 국채수익률,확인 부족,-1,이력 부족: 0/25관측,현재 상태를 판단할 자료가 부족합니다.,확인 부족
2025-10-28,US10Y,미국 10년물 국채수익률,확인 부족,-1,이력 부족: 0/25관측,현재 상태를 판단할 자료가 부족합니다.,확인 부족
2025-10-28,US30Y,미국 30년물 국채수익률,확인 부족,-1,이력 부족: 0/25관측,현재 상태를 판단할 자료가 부족합니다.,확인 부족
2025-10-28,REAL10,미국 10년물 실질금리,확인 부족,-1,이력 부족: 0/25관측,현재 상태를 판단할 자료가 부족합니다.,확인 부족
2025-10-28,TERM,미국 10년물 기간프리미엄,정상,0,과거 504관측 대비 48.6백분위 · 20일 -6bp,금리 하락 또는 상대관계 변화을 관찰합니다. 물가·고용·신용의 동반 움직임으로 의미를 구분합니다.,낮음
2025-10-28,CURVE2,미국 10년물-2년물 금리차,확인 부족,-1,이력 부족: 0/22관측,현재 상태를 판단할 자료가 부족합니다.,확인 부족
2025-10-28,CURVE3,미국 10년물-3개월물 금리차,확인 부족,-1,이력 부족: 0/22관측,현재 상태를 판단할 자료가 부족합니다.,확인 부족
2025-10-28,CURVEFED,미국 10년물-기준금리 차,확인 부족,-1,이력 부족: 0/22관측,현재 상태를 판단할 자료가 부족합니다.,확인 부족
2025-10-28,VIX,VIX,정상,0,VIX 16.4 · 5일 -8.1% · 20일 +0.9% · 5일 -1.4포인트,지표 고유의 상태와 다른 시장 영역의 동반 신호를 구분해 확인합니다.,낮음
2025-10-28,VIXPOS,VIX 1년 위치,참고,0,과거 252관측 대비 41.3백분위,최근 분포에서의 위치입니다. 별도 위험 신호로 중복 집계하지 않습니다.,낮음
2025-10-28,HY,하이일드 OAS,안정,0,HY 2.82%p · 5일 -15bp · 20일 +2bp,지표 고유의 상태와 다른 시장 영역의 동반 신호를 구분해 확인합니다.,낮음
2025-10-28,BBB,BBB OAS,안정,0,BBB 0.97%p · 5일 -4bp · 20일 +0bp,지표 고유의 상태와 다른 시장 영역의 동반 신호를 구분해 확인합니다.,낮음
2025-10-28,HYPOS,HY 1년 위치,참고,0,과거 252관측 대비 37.1백분위,최근 분포에서의 위치입니다. 별도 위험 신호로 중복 집계하지 않습니다.,낮음
2025-10-28,UNEMP,미국 실업률,관찰,1,3개월 +0.30%p · Sahm 0.23%p,고용 약화 신호를 관찰합니다. 실업률과 Sahm은 같은 원자료여서 독립 증거로 중복 계산하지 않습니다.,낮음
2025-10-28,SAHM,Sahm Rule,정상,0,3개월 평균이 이전 12개월 저점 대비 0.23%p 상승,고용 약화 신호를 관찰합니다. 실업률과 Sahm은 같은 원자료여서 독립 증거로 중복 계산하지 않습니다.,낮음
2025-10-28,CLAIMS,신규실업수당 4주평균,확인 부족,-1,이력 부족: 0/55관측,현재 상태를 판단할 자료가 부족합니다.,확인 부족
2025-10-28,CPI,CPI,확인 부족,-1,이력 부족: 0/16관측,현재 상태를 판단할 자료가 부족합니다.,확인 부족
2025-10-28,CORECPI,근원 CPI,확인 부족,-1,이력 부족: 0/16관측,현재 상태를 판단할 자료가 부족합니다.,확인 부족
2025-10-28,COREPCE,근원 PCE,확인 부족,-1,이력 부족: 0/16관측,현재 상태를 판단할 자료가 부족합니다.,확인 부족
2025-10-28,DXY,달러지수,확인 부족,-1,이력 부족: 0/147관측,현재 상태를 판단할 자료가 부족합니다.,확인 부족
2025-10-28,USDKRW,달러/원,확인 부족,-1,이력 부족: 0/147관측,현재 상태를 판단할 자료가 부족합니다.,확인 부족
2025-10-28,USDJPY,달러/엔,확인 부족,-1,이력 부족: 0/147관측,현재 상태를 판단할 자료가 부족합니다.,확인 부족
2025-10-28,WTI,WTI,확인 부족,-1,이력 부족: 0/147관측,현재 상태를 판단할 자료가 부족합니다.,확인 부족
2025-10-28,GOLD,금,정상,0,5일 -2.97% · 20일 +3.26% · 변동성 기준 81.0/51.8백분위,가격 움직임은 확인되지만 원인을 구분할 교차 근거가 충분하지 않습니다.,낮음
2025-10-28,SILVER,은,정상,0,5일 -0.68% · 20일 +1.89% · 변동성 기준 12.9/19.0백분위,금과 은이 함께 상승합니다. 귀금속 공통 흐름을 확인합니다.,낮음
2025-10-28,COPPER,구리,정상,0,5일 +4.27% · 20일 +6.98% · 변동성 기준 80.0/68.1백분위,가격 움직임은 확인되지만 원인을 구분할 교차 근거가 충분하지 않습니다.,낮음
2025-10-29,SP500,S&P500,확인 부족,-1,이력 부족: 0/252관측,현재 상태를 판단할 자료가 부족합니다.,확인 부족
2025-10-29,NASDAQ,Nasdaq,확인 부족,-1,이력 부족: 0/252관측,현재 상태를 판단할 자료가 부족합니다.,확인 부족
2025-10-29,RUSSELL,Russell 2000,정상,0,5일 +1.4% · 20일 +1.7% · 고점 대비 -1.4%,지표 고유의 상태와 다른 시장 영역의 동반 신호를 구분해 확인합니다.,낮음
2025-10-29,MA200,200일 이동평균 이격,확인 부족,-1,이력 부족: 0/200관측,현재 상태를 판단할 자료가 부족합니다.,확인 부족
2025-10-29,EW,동일가중 상대성과,관찰,1,RSP가 SPY 대비 20일 -3.8%p · 5일 상대성과 -3.73%p,지표 고유의 상태와 다른 시장 영역의 동반 신호를 구분해 확인합니다.,낮음
2025-10-29,CAPE,CAPE,확인 부족,-1,이력 부족: 0/120관측,현재 상태를 판단할 자료가 부족합니다.,확인 부족
2025-10-29,ADV,상승 종목 비율,확인 부족,-1,이력 부족: 0/21관측,현재 상태를 판단할 자료가 부족합니다.,확인 부족
2025-10-29,ABOVE200,200DMA 위 종목 비율,확인 부족,-1,이력 부족: 0/21관측,현재 상태를 판단할 자료가 부족합니다.,확인 부족
2025-10-29,HILO,52주 신고가-신저가 비율,확인 부족,-1,이력 부족: 0/21관측,현재 상태를 판단할 자료가 부족합니다.,확인 부족
2025-10-29,EFFR,미국 기준금리,정상,0,20관측 +3bp · 인상 · EFFR 변화는 목표범위 결정 자체와 구분,금리 상승에 따른 부담을 관찰합니다. 물가·고용·신용의 동반 움직임으로 의미를 구분합니다.,낮음
2025-10-29,US3M,미국 3개월물 국채수익률,확인 부족,-1,이력 부족: 0/25관측,현재 상태를 판단할 자료가 부족합니다.,확인 부족
2025-10-29,US2Y,미국 2년물 국채수익률,확인 부족,-1,이력 부족: 0/25관측,현재 상태를 판단할 자료가 부족합니다.,확인 부족
2025-10-29,US10Y,미국 10년물 국채수익률,확인 부족,-1,이력 부족: 0/25관측,현재 상태를 판단할 자료가 부족합니다.,확인 부족
2025-10-29,US30Y,미국 30년물 국채수익률,확인 부족,-1,이력 부족: 0/25관측,현재 상태를 판단할 자료가 부족합니다.,확인 부족
2025-10-29,REAL10,미국 10년물 실질금리,확인 부족,-1,이력 부족: 0/25관측,현재 상태를 판단할 자료가 부족합니다.,확인 부족
2025-10-29,TERM,미국 10년물 기간프리미엄,정상,0,과거 504관측 대비 56.7백분위 · 20일 -2bp,금리 하락 또는 상대관계 변화을 관찰합니다. 물가·고용·신용의 동반 움직임으로 의미를 구분합니다.,낮음
2025-10-29,CURVE2,미국 10년물-2년물 금리차,확인 부족,-1,이력 부족: 0/22관측,현재 상태를 판단할 자료가 부족합니다.,확인 부족
2025-10-29,CURVE3,미국 10년물-3개월물 금리차,확인 부족,-1,이력 부족: 0/22관측,현재 상태를 판단할 자료가 부족합니다.,확인 부족
2025-10-29,CURVEFED,미국 10년물-기준금리 차,확인 부족,-1,이력 부족: 0/22관측,현재 상태를 판단할 자료가 부족합니다.,확인 부족
2025-10-29,VIX,VIX,정상,0,VIX 16.9 · 5일 -9.0% · 20일 +3.9% · 5일 -1.7포인트,지표 고유의 상태와 다른 시장 영역의 동반 신호를 구분해 확인합니다.,낮음
2025-10-29,VIXPOS,VIX 1년 위치,참고,0,과거 252관측 대비 51.6백분위,최근 분포에서의 위치입니다. 별도 위험 신호로 중복 집계하지 않습니다.,낮음
2025-10-29,HY,하이일드 OAS,안정,0,HY 2.76%p · 5일 -25bp · 20일 -5bp,지표 고유의 상태와 다른 시장 영역의 동반 신호를 구분해 확인합니다.,낮음
2025-10-29,BBB,BBB OAS,안정,0,BBB 0.96%p · 5일 -6bp · 20일 -1bp,지표 고유의 상태와 다른 시장 영역의 동반 신호를 구분해 확인합니다.,낮음
2025-10-29,HYPOS,HY 1년 위치,참고,0,과거 252관측 대비 26.4백분위,최근 분포에서의 위치입니다. 별도 위험 신호로 중복 집계하지 않습니다.,낮음
2025-10-29,UNEMP,미국 실업률,관찰,1,3개월 +0.30%p · Sahm 0.23%p,고용 약화 신호를 관찰합니다. 실업률과 Sahm은 같은 원자료여서 독립 증거로 중복 계산하지 않습니다.,낮음
2025-10-29,SAHM,Sahm Rule,정상,0,3개월 평균이 이전 12개월 저점 대비 0.23%p 상승,고용 약화 신호를 관찰합니다. 실업률과 Sahm은 같은 원자료여서 독립 증거로 중복 계산하지 않습니다.,낮음
2025-10-29,CLAIMS,신규실업수당 4주평균,확인 부족,-1,이력 부족: 0/55관측,현재 상태를 판단할 자료가 부족합니다.,확인 부족
2025-10-29,CPI,CPI,확인 부족,-1,이력 부족: 0/16관측,현재 상태를 판단할 자료가 부족합니다.,확인 부족
2025-10-29,CORECPI,근원 CPI,확인 부족,-1,이력 부족: 0/16관측,현재 상태를 판단할 자료가 부족합니다.,확인 부족
2025-10-29,COREPCE,근원 PCE,확인 부족,-1,이력 부족: 0/16관측,현재 상태를 판단할 자료가 부족합니다.,확인 부족
2025-10-29,DXY,달러지수,확인 부족,-1,이력 부족: 0/147관측,현재 상태를 판단할 자료가 부족합니다.,확인 부족
2025-10-29,USDKRW,달러/원,확인 부족,-1,이력 부족: 0/147관측,현재 상태를 판단할 자료가 부족합니다.,확인 부족
2025-10-29,USDJPY,달러/엔,확인 부족,-1,이력 부족: 0/147관측,현재 상태를 판단할 자료가 부족합니다.,확인 부족
2025-10-29,WTI,WTI,확인 부족,-1,이력 부족: 0/147관측,현재 상태를 판단할 자료가 부족합니다.,확인 부족
2025-10-29,GOLD,금,정상,0,5일 -1.50% · 20일 +3.00% · 변동성 기준 49.8/48.8백분위,가격 움직임은 확인되지만 원인을 구분할 교차 근거가 충분하지 않습니다.,낮음
2025-10-29,SILVER,은,정상,0,5일 +0.55% · 20일 +0.91% · 변동성 기준 10.7/9.1백분위,금과 은이 함께 상승합니다. 귀금속 공통 흐름을 확인합니다.,낮음
2025-10-29,COPPER,구리,정상,0,5일 +5.49% · 20일 +8.34% · 변동성 기준 88.1/74.6백분위,가격 움직임은 확인되지만 원인을 구분할 교차 근거가 충분하지 않습니다.,낮음
2025-10-30,SP500,S&P500,확인 부족,-1,이력 부족: 0/252관측,현재 상태를 판단할 자료가 부족합니다.,확인 부족
2025-10-30,NASDAQ,Nasdaq,확인 부족,-1,이력 부족: 0/252관측,현재 상태를 판단할 자료가 부족합니다.,확인 부족
2025-10-30,RUSSELL,Russell 2000,정상,0,5일 -0.7% · 20일 +0.3% · 고점 대비 -2.2%,지표 고유의 상태와 다른 시장 영역의 동반 신호를 구분해 확인합니다.,낮음
2025-10-30,MA200,200일 이동평균 이격,확인 부족,-1,이력 부족: 0/200관측,현재 상태를 판단할 자료가 부족합니다.,확인 부족
2025-10-30,EW,동일가중 상대성과,관찰,1,RSP가 SPY 대비 20일 -3.2%p · 5일 상대성과 -2.89%p,지표 고유의 상태와 다른 시장 영역의 동반 신호를 구분해 확인합니다.,낮음
2025-10-30,CAPE,CAPE,확인 부족,-1,이력 부족: 0/120관측,현재 상태를 판단할 자료가 부족합니다.,확인 부족
2025-10-30,ADV,상승 종목 비율,확인 부족,-1,이력 부족: 0/21관측,현재 상태를 판단할 자료가 부족합니다.,확인 부족
2025-10-30,ABOVE200,200DMA 위 종목 비율,확인 부족,-1,이력 부족: 0/21관측,현재 상태를 판단할 자료가 부족합니다.,확인 부족
2025-10-30,HILO,52주 신고가-신저가 비율,확인 부족,-1,이력 부족: 0/21관측,현재 상태를 판단할 자료가 부족합니다.,확인 부족
2025-10-30,EFFR,미국 기준금리,정상,0,20관측 -22bp · 인하 · EFFR 변화는 목표범위 결정 자체와 구분,금리 하락 또는 상대관계 변화을 관찰합니다. 물가·고용·신용의 동반 움직임으로 의미를 구분합니다.,낮음
2025-10-30,US3M,미국 3개월물 국채수익률,확인 부족,-1,이력 부족: 0/25관측,현재 상태를 판단할 자료가 부족합니다.,확인 부족
2025-10-30,US2Y,미국 2년물 국채수익률,확인 부족,-1,이력 부족: 0/25관측,현재 상태를 판단할 자료가 부족합니다.,확인 부족
2025-10-30,US10Y,미국 10년물 국채수익률,확인 부족,-1,이력 부족: 0/25관측,현재 상태를 판단할 자료가 부족합니다.,확인 부족
2025-10-30,US30Y,미국 30년물 국채수익률,확인 부족,-1,이력 부족: 0/25관측,현재 상태를 판단할 자료가 부족합니다.,확인 부족
2025-10-30,REAL10,미국 10년물 실질금리,확인 부족,-1,이력 부족: 0/25관측,현재 상태를 판단할 자료가 부족합니다.,확인 부족
2025-10-30,TERM,미국 10년물 기간프리미엄,정상,0,과거 504관측 대비 61.1백분위 · 20일 +1bp,금리 상승에 따른 부담을 관찰합니다. 물가·고용·신용의 동반 움직임으로 의미를 구분합니다.,낮음
2025-10-30,CURVE2,미국 10년물-2년물 금리차,확인 부족,-1,이력 부족: 0/22관측,현재 상태를 판단할 자료가 부족합니다.,확인 부족
2025-10-30,CURVE3,미국 10년물-3개월물 금리차,확인 부족,-1,이력 부족: 0/22관측,현재 상태를 판단할 자료가 부족합니다.,확인 부족
2025-10-30,CURVEFED,미국 10년물-기준금리 차,확인 부족,-1,이력 부족: 0/22관측,현재 상태를 판단할 자료가 부족합니다.,확인 부족
2025-10-30,VIX,VIX,정상,0,VIX 16.9 · 5일 -2.3% · 20일 +1.7% · 5일 -0.4포인트,지표 고유의 상태와 다른 시장 영역의 동반 신호를 구분해 확인합니다.,낮음
2025-10-30,VIXPOS,VIX 1년 위치,참고,0,과거 252관측 대비 51.2백분위,최근 분포에서의 위치입니다. 별도 위험 신호로 중복 집계하지 않습니다.,낮음
2025-10-30,HY,하이일드 OAS,안정,0,HY 2.85%p · 5일 -11bp · 20일 +4bp,지표 고유의 상태와 다른 시장 영역의 동반 신호를 구분해 확인합니다.,낮음
2025-10-30,BBB,BBB OAS,안정,0,BBB 0.98%p · 5일 -2bp · 20일 +2bp,지표 고유의 상태와 다른 시장 영역의 동반 신호를 구분해 확인합니다.,낮음
2025-10-30,HYPOS,HY 1년 위치,참고,0,과거 252관측 대비 43.3백분위,최근 분포에서의 위치입니다. 별도 위험 신호로 중복 집계하지 않습니다.,낮음
2025-10-30,UNEMP,미국 실업률,관찰,1,3개월 +0.30%p · Sahm 0.23%p,고용 약화 신호를 관찰합니다. 실업률과 Sahm은 같은 원자료여서 독립 증거로 중복 계산하지 않습니다.,낮음
2025-10-30,SAHM,Sahm Rule,정상,0,3개월 평균이 이전 12개월 저점 대비 0.23%p 상승,고용 약화 신호를 관찰합니다. 실업률과 Sahm은 같은 원자료여서 독립 증거로 중복 계산하지 않습니다.,낮음
2025-10-30,CLAIMS,신규실업수당 4주평균,확인 부족,-1,이력 부족: 0/55관측,현재 상태를 판단할 자료가 부족합니다.,확인 부족
2025-10-30,CPI,CPI,확인 부족,-1,이력 부족: 0/16관측,현재 상태를 판단할 자료가 부족합니다.,확인 부족
2025-10-30,CORECPI,근원 CPI,확인 부족,-1,이력 부족: 0/16관측,현재 상태를 판단할 자료가 부족합니다.,확인 부족
2025-10-30,COREPCE,근원 PCE,확인 부족,-1,이력 부족: 0/16관측,현재 상태를 판단할 자료가 부족합니다.,확인 부족
2025-10-30,DXY,달러지수,확인 부족,-1,이력 부족: 0/147관측,현재 상태를 판단할 자료가 부족합니다.,확인 부족
2025-10-30,USDKRW,달러/원,확인 부족,-1,이력 부족: 0/147관측,현재 상태를 판단할 자료가 부족합니다.,확인 부족
2025-10-30,USDJPY,달러/엔,확인 부족,-1,이력 부족: 0/147관측,현재 상태를 판단할 자료가 부족합니다.,확인 부족
2025-10-30,WTI,WTI,확인 부족,-1,이력 부족: 0/147관측,현재 상태를 판단할 자료가 부족합니다.,확인 부족
2025-10-30,GOLD,금,정상,0,5일 -3.01% · 20일 +4.21% · 변동성 기준 81.2/63.1백분위,가격 움직임은 확인되지만 원인을 구분할 교차 근거가 충분하지 않습니다.,낮음
2025-10-30,SILVER,은,정상,0,5일 -0.11% · 20일 +5.28% · 변동성 기준 2.0/49.8백분위,금과 은이 함께 상승합니다. 귀금속 공통 흐름을 확인합니다.,낮음
2025-10-30,COPPER,구리,정상,0,5일 -0.08% · 20일 +3.67% · 변동성 기준 0.4/37.7백분위,가격 움직임은 확인되지만 원인을 구분할 교차 근거가 충분하지 않습니다.,낮음
2025-10-31,SP500,S&P500,확인 부족,-1,이력 부족: 0/252관측,현재 상태를 판단할 자료가 부족합니다.,확인 부족
2025-10-31,NASDAQ,Nasdaq,확인 부족,-1,이력 부족: 0/252관측,현재 상태를 판단할 자료가 부족합니다.,확인 부족
2025-10-31,RUSSELL,Russell 2000,정상,0,5일 -1.4% · 20일 +0.1% · 고점 대비 -1.6%,지표 고유의 상태와 다른 시장 영역의 동반 신호를 구분해 확인합니다.,낮음
2025-10-31,MA200,200일 이동평균 이격,확인 부족,-1,이력 부족: 0/200관측,현재 상태를 판단할 자료가 부족합니다.,확인 부족
2025-10-31,EW,동일가중 상대성과,관찰,1,RSP가 SPY 대비 20일 -3.7%p · 5일 상대성과 -2.45%p,지표 고유의 상태와 다른 시장 영역의 동반 신호를 구분해 확인합니다.,낮음
2025-10-31,CAPE,CAPE,확인 부족,-1,이력 부족: 0/120관측,현재 상태를 판단할 자료가 부족합니다.,확인 부족
2025-10-31,ADV,상승 종목 비율,확인 부족,-1,이력 부족: 0/21관측,현재 상태를 판단할 자료가 부족합니다.,확인 부족
2025-10-31,ABOVE200,200DMA 위 종목 비율,확인 부족,-1,이력 부족: 0/21관측,현재 상태를 판단할 자료가 부족합니다.,확인 부족
2025-10-31,HILO,52주 신고가-신저가 비율,확인 부족,-1,이력 부족: 0/21관측,현재 상태를 판단할 자료가 부족합니다.,확인 부족
2025-10-31,EFFR,미국 기준금리,정상,0,20관측 -23bp · 인하 · EFFR 변화는 목표범위 결정 자체와 구분,금리 하락 또는 상대관계 변화을 관찰합니다. 물가·고용·신용의 동반 움직임으로 의미를 구분합니다.,낮음
2025-10-31,US3M,미국 3개월물 국채수익률,확인 부족,-1,이력 부족: 0/25관측,현재 상태를 판단할 자료가 부족합니다.,확인 부족
2025-10-31,US2Y,미국 2년물 국채수익률,확인 부족,-1,이력 부족: 0/25관측,현재 상태를 판단할 자료가 부족합니다.,확인 부족
2025-10-31,US10Y,미국 10년물 국채수익률,확인 부족,-1,이력 부족: 0/25관측,현재 상태를 판단할 자료가 부족합니다.,확인 부족
2025-10-31,US30Y,미국 30년물 국채수익률,확인 부족,-1,이력 부족: 0/25관측,현재 상태를 판단할 자료가 부족합니다.,확인 부족
2025-10-31,REAL10,미국 10년물 실질금리,확인 부족,-1,이력 부족: 0/25관측,현재 상태를 판단할 자료가 부족합니다.,확인 부족
2025-10-31,TERM,미국 10년물 기간프리미엄,정상,0,과거 504관측 대비 61.7백분위 · 20일 +2bp,금리 상승에 따른 부담을 관찰합니다. 물가·고용·신용의 동반 움직임으로 의미를 구분합니다.,낮음
2025-10-31,CURVE2,미국 10년물-2년물 금리차,확인 부족,-1,이력 부족: 0/22관측,현재 상태를 판단할 자료가 부족합니다.,확인 부족
2025-10-31,CURVE3,미국 10년물-3개월물 금리차,확인 부족,-1,이력 부족: 0/22관측,현재 상태를 판단할 자료가 부족합니다.,확인 부족
2025-10-31,CURVEFED,미국 10년물-기준금리 차,확인 부족,-1,이력 부족: 0/22관측,현재 상태를 판단할 자료가 부족합니다.,확인 부족
2025-10-31,VIX,VIX,정상,0,VIX 17.4 · 5일 +6.5% · 20일 +4.7% · 5일 +1.1포인트,지표 고유의 상태와 다른 시장 영역의 동반 신호를 구분해 확인합니다.,낮음
2025-10-31,VIXPOS,VIX 1년 위치,참고,0,과거 252관측 대비 57.5백분위,최근 분포에서의 위치입니다. 별도 위험 신호로 중복 집계하지 않습니다.,낮음
2025-10-31,HY,하이일드 OAS,안정,0,HY 2.94%p · 5일 +6bp · 20일 +14bp,지표 고유의 상태와 다른 시장 영역의 동반 신호를 구분해 확인합니다.,낮음
2025-10-31,BBB,BBB OAS,안정,0,BBB 1.02%p · 5일 +4bp · 20일 +7bp,지표 고유의 상태와 다른 시장 영역의 동반 신호를 구분해 확인합니다.,낮음
2025-10-31,HYPOS,HY 1년 위치,참고,0,과거 252관측 대비 57.1백분위,최근 분포에서의 위치입니다. 별도 위험 신호로 중복 집계하지 않습니다.,낮음
2025-10-31,UNEMP,미국 실업률,관찰,1,3개월 +0.30%p · Sahm 0.23%p,고용 약화 신호를 관찰합니다. 실업률과 Sahm은 같은 원자료여서 독립 증거로 중복 계산하지 않습니다.,낮음
2025-10-31,SAHM,Sahm Rule,정상,0,3개월 평균이 이전 12개월 저점 대비 0.23%p 상승,고용 약화 신호를 관찰합니다. 실업률과 Sahm은 같은 원자료여서 독립 증거로 중복 계산하지 않습니다.,낮음
2025-10-31,CLAIMS,신규실업수당 4주평균,확인 부족,-1,이력 부족: 0/55관측,현재 상태를 판단할 자료가 부족합니다.,확인 부족
2025-10-31,CPI,CPI,확인 부족,-1,이력 부족: 0/16관측,현재 상태를 판단할 자료가 부족합니다.,확인 부족
2025-10-31,CORECPI,근원 CPI,확인 부족,-1,이력 부족: 0/16관측,현재 상태를 판단할 자료가 부족합니다.,확인 부족
2025-10-31,COREPCE,근원 PCE,확인 부족,-1,이력 부족: 0/16관측,현재 상태를 판단할 자료가 부족합니다.,확인 부족
2025-10-31,DXY,달러지수,확인 부족,-1,이력 부족: 0/147관측,현재 상태를 판단할 자료가 부족합니다.,확인 부족
2025-10-31,USDKRW,달러/원,확인 부족,-1,이력 부족: 0/147관측,현재 상태를 판단할 자료가 부족합니다.,확인 부족
2025-10-31,USDJPY,달러/엔,확인 부족,-1,이력 부족: 0/147관측,현재 상태를 판단할 자료가 부족합니다.,확인 부족
2025-10-31,WTI,WTI,확인 부족,-1,이력 부족: 0/147관측,현재 상태를 판단할 자료가 부족합니다.,확인 부족
2025-10-31,GOLD,금,정상,0,5일 -3.31% · 20일 +2.61% · 변동성 기준 85.7/45.8백분위,가격 움직임은 확인되지만 원인을 구분할 교차 근거가 충분하지 않습니다.,낮음
2025-10-31,SILVER,은,정상,0,5일 -0.79% · 20일 +0.83% · 변동성 기준 15.9/8.3백분위,가격 움직임은 확인되지만 원인을 구분할 교차 근거가 충분하지 않습니다.,낮음
2025-10-31,COPPER,구리,정상,0,5일 -0.55% · 20일 +0.15% · 변동성 기준 13.9/2.0백분위,가격 움직임은 확인되지만 원인을 구분할 교차 근거가 충분하지 않습니다.,낮음
2025-11-03,SP500,S&P500,확인 부족,-1,이력 부족: 0/252관측,현재 상태를 판단할 자료가 부족합니다.,확인 부족
2025-11-03,NASDAQ,Nasdaq,확인 부족,-1,이력 부족: 0/252관측,현재 상태를 판단할 자료가 부족합니다.,확인 부족
2025-11-03,RUSSELL,Russell 2000,정상,0,5일 -2.0% · 20일 -0.6% · 고점 대비 -2.0%,지표 고유의 상태와 다른 시장 영역의 동반 신호를 구분해 확인합니다.,낮음
2025-11-03,MA200,200일 이동평균 이격,확인 부족,-1,이력 부족: 0/200관측,현재 상태를 판단할 자료가 부족합니다.,확인 부족
2025-11-03,EW,동일가중 상대성과,관찰,1,RSP가 SPY 대비 20일 -3.7%p · 5일 상대성과 -2.14%p,지표 고유의 상태와 다른 시장 영역의 동반 신호를 구분해 확인합니다.,낮음
2025-11-03,CAPE,CAPE,확인 부족,-1,이력 부족: 0/120관측,현재 상태를 판단할 자료가 부족합니다.,확인 부족
2025-11-03,ADV,상승 종목 비율,확인 부족,-1,이력 부족: 0/21관측,현재 상태를 판단할 자료가 부족합니다.,확인 부족
2025-11-03,ABOVE200,200DMA 위 종목 비율,확인 부족,-1,이력 부족: 0/21관측,현재 상태를 판단할 자료가 부족합니다.,확인 부족
2025-11-03,HILO,52주 신고가-신저가 비율,확인 부족,-1,이력 부족: 0/21관측,현재 상태를 판단할 자료가 부족합니다.,확인 부족
2025-11-03,EFFR,미국 기준금리,정상,0,20관측 -22bp · 인하 · EFFR 변화는 목표범위 결정 자체와 구분,금리 하락 또는 상대관계 변화을 관찰합니다. 물가·고용·신용의 동반 움직임으로 의미를 구분합니다.,낮음
2025-11-03,US3M,미국 3개월물 국채수익률,확인 부족,-1,이력 부족: 0/25관측,현재 상태를 판단할 자료가 부족합니다.,확인 부족
2025-11-03,US2Y,미국 2년물 국채수익률,확인 부족,-1,이력 부족: 0/25관측,현재 상태를 판단할 자료가 부족합니다.,확인 부족
2025-11-03,US10Y,미국 10년물 국채수익률,확인 부족,-1,이력 부족: 0/25관측,현재 상태를 판단할 자료가 부족합니다.,확인 부족
2025-11-03,US30Y,미국 30년물 국채수익률,확인 부족,-1,이력 부족: 0/25관측,현재 상태를 판단할 자료가 부족합니다.,확인 부족
2025-11-03,REAL10,미국 10년물 실질금리,확인 부족,-1,이력 부족: 0/25관측,현재 상태를 판단할 자료가 부족합니다.,확인 부족
2025-11-03,TERM,미국 10년물 기간프리미엄,정상,0,과거 504관측 대비 61.9백분위 · 20일 +1bp,금리 상승에 따른 부담을 관찰합니다. 물가·고용·신용의 동반 움직임으로 의미를 구분합니다.,낮음
2025-11-03,CURVE2,미국 10년물-2년물 금리차,확인 부족,-1,이력 부족: 0/22관측,현재 상태를 판단할 자료가 부족합니다.,확인 부족
2025-11-03,CURVE3,미국 10년물-3개월물 금리차,확인 부족,-1,이력 부족: 0/22관측,현재 상태를 판단할 자료가 부족합니다.,확인 부족
2025-11-03,CURVEFED,미국 10년물-기준금리 차,확인 부족,-1,이력 부족: 0/22관측,현재 상태를 판단할 자료가 부족합니다.,확인 부족
2025-11-03,VIX,VIX,정상,0,VIX 17.2 · 5일 +8.7% · 20일 +4.9% · 5일 +1.4포인트,지표 고유의 상태와 다른 시장 영역의 동반 신호를 구분해 확인합니다.,보통
2025-11-03,VIXPOS,VIX 1년 위치,참고,0,과거 252관측 대비 53.4백분위,최근 분포에서의 위치입니다. 별도 위험 신호로 중복 집계하지 않습니다.,보통
2025-11-03,HY,하이일드 OAS,관찰,1,HY 3.04%p · 5일 +24bp · 20일 +28bp,지표 고유의 상태와 다른 시장 영역의 동반 신호를 구분해 확인합니다.,낮음
2025-11-03,BBB,BBB OAS,관찰,1,BBB 1.04%p · 5일 +7bp · 20일 +10bp,지표 고유의 상태와 다른 시장 영역의 동반 신호를 구분해 확인합니다.,낮음
2025-11-03,HYPOS,HY 1년 위치,참고,0,과거 252관측 대비 67.1백분위,최근 분포에서의 위치입니다. 별도 위험 신호로 중복 집계하지 않습니다.,낮음
2025-11-03,UNEMP,미국 실업률,확인 부족,-1,월간 관측 누락: 달력 기간 계산 보류,현재 상태를 판단할 자료가 부족합니다.,확인 부족
2025-11-03,SAHM,Sahm Rule,확인 부족,-1,월간 관측 누락: 달력 기간 계산 보류,현재 상태를 판단할 자료가 부족합니다.,확인 부족
2025-11-03,CLAIMS,신규실업수당 4주평균,확인 부족,-1,이력 부족: 0/55관측,현재 상태를 판단할 자료가 부족합니다.,확인 부족
2025-11-03,CPI,CPI,확인 부족,-1,이력 부족: 0/16관측,현재 상태를 판단할 자료가 부족합니다.,확인 부족
2025-11-03,CORECPI,근원 CPI,확인 부족,-1,이력 부족: 0/16관측,현재 상태를 판단할 자료가 부족합니다.,확인 부족
2025-11-03,COREPCE,근원 PCE,확인 부족,-1,이력 부족: 0/16관측,현재 상태를 판단할 자료가 부족합니다.,확인 부족
2025-11-03,DXY,달러지수,확인 부족,-1,이력 부족: 0/147관측,현재 상태를 판단할 자료가 부족합니다.,확인 부족
2025-11-03,USDKRW,달러/원,확인 부족,-1,이력 부족: 0/147관측,현재 상태를 판단할 자료가 부족합니다.,확인 부족
2025-11-03,USDJPY,달러/엔,확인 부족,-1,이력 부족: 0/147관측,현재 상태를 판단할 자료가 부족합니다.,확인 부족
2025-11-03,WTI,WTI,확인 부족,-1,이력 부족: 0/147관측,현재 상태를 판단할 자료가 부족합니다.,확인 부족
2025-11-03,GOLD,금,정상,0,5일 -0.04% · 20일 +1.31% · 변동성 기준 1.6/28.0백분위,금 상승과 여러 시장의 불안 신호가 겹쳐 안전자산 선호와 부합합니다.,낮음
2025-11-03,SILVER,은,정상,0,5일 +2.85% · 20일 -0.40% · 변동성 기준 51.6/4.4백분위,가격 움직임은 확인되지만 원인을 구분할 교차 근거가 충분하지 않습니다.,낮음
2025-11-03,COPPER,구리,정상,0,5일 -1.82% · 20일 +1.20% · 변동성 기준 45.0/13.3백분위,가격 움직임은 확인되지만 원인을 구분할 교차 근거가 충분하지 않습니다.,낮음
2025-11-04,SP500,S&P500,확인 부족,-1,이력 부족: 0/252관측,현재 상태를 판단할 자료가 부족합니다.,확인 부족
2025-11-04,NASDAQ,Nasdaq,확인 부족,-1,이력 부족: 0/252관측,현재 상태를 판단할 자료가 부족합니다.,확인 부족
2025-11-04,RUSSELL,Russell 2000,관찰,1,5일 -3.2% · 20일 -1.3% · 고점 대비 -3.7%,지표 고유의 상태와 다른 시장 영역의 동반 신호를 구분해 확인합니다.,낮음
2025-11-04,MA200,200일 이동평균 이격,확인 부족,-1,이력 부족: 0/200관측,현재 상태를 판단할 자료가 부족합니다.,확인 부족
2025-11-04,EW,동일가중 상대성과,관찰,1,RSP가 SPY 대비 20일 -3.1%p · 5일 상대성과 -0.50%p,지표 고유의 상태와 다른 시장 영역의 동반 신호를 구분해 확인합니다.,낮음
2025-11-04,CAPE,CAPE,확인 부족,-1,이력 부족: 0/120관측,현재 상태를 판단할 자료가 부족합니다.,확인 부족
2025-11-04,ADV,상승 종목 비율,확인 부족,-1,이력 부족: 0/21관측,현재 상태를 판단할 자료가 부족합니다.,확인 부족
2025-11-04,ABOVE200,200DMA 위 종목 비율,확인 부족,-1,이력 부족: 0/21관측,현재 상태를 판단할 자료가 부족합니다.,확인 부족
2025-11-04,HILO,52주 신고가-신저가 비율,확인 부족,-1,이력 부족: 0/21관측,현재 상태를 판단할 자료가 부족합니다.,확인 부족
2025-11-04,EFFR,미국 기준금리,정상,0,20관측 -22bp · 인하 · EFFR 변화는 목표범위 결정 자체와 구분,금리 하락 또는 상대관계 변화을 관찰합니다. 물가·고용·신용의 동반 움직임으로 의미를 구분합니다.,낮음
2025-11-04,US3M,미국 3개월물 국채수익률,확인 부족,-1,이력 부족: 0/25관측,현재 상태를 판단할 자료가 부족합니다.,확인 부족
2025-11-04,US2Y,미국 2년물 국채수익률,확인 부족,-1,이력 부족: 0/25관측,현재 상태를 판단할 자료가 부족합니다.,확인 부족
2025-11-04,US10Y,미국 10년물 국채수익률,확인 부족,-1,이력 부족: 0/25관측,현재 상태를 판단할 자료가 부족합니다.,확인 부족
2025-11-04,US30Y,미국 30년물 국채수익률,확인 부족,-1,이력 부족: 0/25관측,현재 상태를 판단할 자료가 부족합니다.,확인 부족
2025-11-04,REAL10,미국 10년물 실질금리,확인 부족,-1,이력 부족: 0/25관측,현재 상태를 판단할 자료가 부족합니다.,확인 부족
2025-11-04,TERM,미국 10년물 기간프리미엄,정상,0,과거 504관측 대비 59.3백분위 · 20일 -2bp,금리 하락 또는 상대관계 변화을 관찰합니다. 물가·고용·신용의 동반 움직임으로 의미를 구분합니다.,낮음
2025-11-04,CURVE2,미국 10년물-2년물 금리차,확인 부족,-1,이력 부족: 0/22관측,현재 상태를 판단할 자료가 부족합니다.,확인 부족
2025-11-04,CURVE3,미국 10년물-3개월물 금리차,확인 부족,-1,이력 부족: 0/22관측,현재 상태를 판단할 자료가 부족합니다.,확인 부족
2025-11-04,CURVEFED,미국 10년물-기준금리 차,확인 부족,-1,이력 부족: 0/22관측,현재 상태를 판단할 자료가 부족합니다.,확인 부족
2025-11-04,VIX,VIX,정상,0,VIX 19.0 · 5일 +15.7% · 20일 +10.2% · 5일 +2.6포인트,지표 고유의 상태와 다른 시장 영역의 동반 신호를 구분해 확인합니다.,보통
2025-11-04,VIXPOS,VIX 1년 위치,참고,0,과거 252관측 대비 71.0백분위,최근 분포에서의 위치입니다. 별도 위험 신호로 중복 집계하지 않습니다.,보통
2025-11-04,HY,하이일드 OAS,주의,2,HY 3.13%p · 5일 +31bp · 20일 +31bp,지표 고유의 상태와 다른 시장 영역의 동반 신호를 구분해 확인합니다.,낮음
2025-11-04,BBB,BBB OAS,관찰,1,BBB 1.04%p · 5일 +7bp · 20일 +9bp,지표 고유의 상태와 다른 시장 영역의 동반 신호를 구분해 확인합니다.,낮음
2025-11-04,HYPOS,HY 1년 위치,참고,0,과거 252관측 대비 73.0백분위,최근 분포에서의 위치입니다. 별도 위험 신호로 중복 집계하지 않습니다.,낮음
2025-11-04,UNEMP,미국 실업률,확인 부족,-1,월간 관측 누락: 달력 기간 계산 보류,현재 상태를 판단할 자료가 부족합니다.,확인 부족
2025-11-04,SAHM,Sahm Rule,확인 부족,-1,월간 관측 누락: 달력 기간 계산 보류,현재 상태를 판단할 자료가 부족합니다.,확인 부족
2025-11-04,CLAIMS,신규실업수당 4주평균,확인 부족,-1,이력 부족: 0/55관측,현재 상태를 판단할 자료가 부족합니다.,확인 부족
2025-11-04,CPI,CPI,확인 부족,-1,이력 부족: 0/16관측,현재 상태를 판단할 자료가 부족합니다.,확인 부족
2025-11-04,CORECPI,근원 CPI,확인 부족,-1,이력 부족: 0/16관측,현재 상태를 판단할 자료가 부족합니다.,확인 부족
2025-11-04,COREPCE,근원 PCE,확인 부족,-1,이력 부족: 0/16관측,현재 상태를 판단할 자료가 부족합니다.,확인 부족
2025-11-04,DXY,달러지수,확인 부족,-1,이력 부족: 0/147관측,현재 상태를 판단할 자료가 부족합니다.,확인 부족
2025-11-04,USDKRW,달러/원,확인 부족,-1,이력 부족: 0/147관측,현재 상태를 판단할 자료가 부족합니다.,확인 부족
2025-11-04,USDJPY,달러/엔,확인 부족,-1,이력 부족: 0/147관측,현재 상태를 판단할 자료가 부족합니다.,확인 부족
2025-11-04,WTI,WTI,확인 부족,-1,이력 부족: 0/147관측,현재 상태를 판단할 자료가 부족합니다.,확인 부족
2025-11-04,GOLD,금,정상,0,5일 -0.47% · 20일 -0.73% · 변동성 기준 15.5/15.9백분위,가격 움직임은 확인되지만 원인을 구분할 교차 근거가 충분하지 않습니다.,낮음
2025-11-04,SILVER,은,정상,0,5일 +0.01% · 20일 -0.10% · 변동성 기준 0.6/2.0백분위,가격 움직임은 확인되지만 원인을 구분할 교차 근거가 충분하지 않습니다.,낮음
2025-11-04,COPPER,구리,정상,0,5일 -4.17% · 20일 -2.42% · 변동성 기준 78.8/26.0백분위,가격 움직임은 확인되지만 원인을 구분할 교차 근거가 충분하지 않습니다.,낮음
2025-11-05,SP500,S&P500,확인 부족,-1,이력 부족: 0/252관측,현재 상태를 판단할 자료가 부족합니다.,확인 부족
2025-11-05,NASDAQ,Nasdaq,확인 부족,-1,이력 부족: 0/252관측,현재 상태를 판단할 자료가 부족합니다.,확인 부족
2025-11-05,RUSSELL,Russell 2000,정상,0,5일 -0.8% · 20일 -0.8% · 고점 대비 -2.2%,지표 고유의 상태와 다른 시장 영역의 동반 신호를 구분해 확인합니다.,낮음
2025-11-05,MA200,200일 이동평균 이격,확인 부족,-1,이력 부족: 0/200관측,현재 상태를 판단할 자료가 부족합니다.,확인 부족
2025-11-05,EW,동일가중 상대성과,관찰,1,RSP가 SPY 대비 20일 -2.6%p · 5일 상대성과 +0.89%p,지표 고유의 상태와 다른 시장 영역의 동반 신호를 구분해 확인합니다.,낮음
2025-11-05,CAPE,CAPE,확인 부족,-1,이력 부족: 0/120관측,현재 상태를 판단할 자료가 부족합니다.,확인 부족
2025-11-05,ADV,상승 종목 비율,확인 부족,-1,이력 부족: 0/21관측,현재 상태를 판단할 자료가 부족합니다.,확인 부족
2025-11-05,ABOVE200,200DMA 위 종목 비율,확인 부족,-1,이력 부족: 0/21관측,현재 상태를 판단할 자료가 부족합니다.,확인 부족
2025-11-05,HILO,52주 신고가-신저가 비율,확인 부족,-1,이력 부족: 0/21관측,현재 상태를 판단할 자료가 부족합니다.,확인 부족
2025-11-05,EFFR,미국 기준금리,정상,0,20관측 -22bp · 인하 · EFFR 변화는 목표범위 결정 자체와 구분,금리 하락 또는 상대관계 변화을 관찰합니다. 물가·고용·신용의 동반 움직임으로 의미를 구분합니다.,낮음
2025-11-05,US3M,미국 3개월물 국채수익률,확인 부족,-1,이력 부족: 0/25관측,현재 상태를 판단할 자료가 부족합니다.,확인 부족
2025-11-05,US2Y,미국 2년물 국채수익률,확인 부족,-1,이력 부족: 0/25관측,현재 상태를 판단할 자료가 부족합니다.,확인 부족
2025-11-05,US10Y,미국 10년물 국채수익률,확인 부족,-1,이력 부족: 0/25관측,현재 상태를 판단할 자료가 부족합니다.,확인 부족
2025-11-05,US30Y,미국 30년물 국채수익률,확인 부족,-1,이력 부족: 0/25관측,현재 상태를 판단할 자료가 부족합니다.,확인 부족
2025-11-05,REAL10,미국 10년물 실질금리,확인 부족,-1,이력 부족: 0/25관측,현재 상태를 판단할 자료가 부족합니다.,확인 부족
2025-11-05,TERM,미국 10년물 기간프리미엄,정상,0,과거 504관측 대비 69.0백분위 · 20일 +1bp,금리 상승에 따른 부담을 관찰합니다. 물가·고용·신용의 동반 움직임으로 의미를 구분합니다.,낮음
2025-11-05,CURVE2,미국 10년물-2년물 금리차,확인 부족,-1,이력 부족: 0/22관측,현재 상태를 판단할 자료가 부족합니다.,확인 부족
2025-11-05,CURVE3,미국 10년물-3개월물 금리차,확인 부족,-1,이력 부족: 0/22관측,현재 상태를 판단할 자료가 부족합니다.,확인 부족
2025-11-05,CURVEFED,미국 10년물-기준금리 차,확인 부족,-1,이력 부족: 0/22관측,현재 상태를 판단할 자료가 부족합니다.,확인 부족
2025-11-05,VIX,VIX,정상,0,VIX 18.0 · 5일 +6.4% · 20일 +10.5% · 5일 +1.1포인트,지표 고유의 상태와 다른 시장 영역의 동반 신호를 구분해 확인합니다.,보통
2025-11-05,VIXPOS,VIX 1년 위치,참고,0,과거 252관측 대비 62.7백분위,최근 분포에서의 위치입니다. 별도 위험 신호로 중복 집계하지 않습니다.,보통
2025-11-05,HY,하이일드 OAS,관찰,1,HY 3.05%p · 5일 +29bp · 20일 +21bp,지표 고유의 상태와 다른 시장 영역의 동반 신호를 구분해 확인합니다.,낮음
2025-11-05,BBB,BBB OAS,관찰,1,BBB 1.02%p · 5일 +6bp · 20일 +7bp,지표 고유의 상태와 다른 시장 영역의 동반 신호를 구분해 확인합니다.,낮음
2025-11-05,HYPOS,HY 1년 위치,참고,0,과거 252관측 대비 67.7백분위,최근 분포에서의 위치입니다. 별도 위험 신호로 중복 집계하지 않습니다.,낮음
2025-11-05,UNEMP,미국 실업률,확인 부족,-1,월간 관측 누락: 달력 기간 계산 보류,현재 상태를 판단할 자료가 부족합니다.,확인 부족
2025-11-05,SAHM,Sahm Rule,확인 부족,-1,월간 관측 누락: 달력 기간 계산 보류,현재 상태를 판단할 자료가 부족합니다.,확인 부족
2025-11-05,CLAIMS,신규실업수당 4주평균,확인 부족,-1,이력 부족: 0/55관측,현재 상태를 판단할 자료가 부족합니다.,확인 부족
2025-11-05,CPI,CPI,확인 부족,-1,이력 부족: 0/16관측,현재 상태를 판단할 자료가 부족합니다.,확인 부족
2025-11-05,CORECPI,근원 CPI,확인 부족,-1,이력 부족: 0/16관측,현재 상태를 판단할 자료가 부족합니다.,확인 부족
2025-11-05,COREPCE,근원 PCE,확인 부족,-1,이력 부족: 0/16관측,현재 상태를 판단할 자료가 부족합니다.,확인 부족
2025-11-05,DXY,달러지수,확인 부족,-1,이력 부족: 0/147관측,현재 상태를 판단할 자료가 부족합니다.,확인 부족
2025-11-05,USDKRW,달러/원,확인 부족,-1,이력 부족: 0/147관측,현재 상태를 판단할 자료가 부족합니다.,확인 부족
2025-11-05,USDJPY,달러/엔,확인 부족,-1,이력 부족: 0/147관측,현재 상태를 판단할 자료가 부족합니다.,확인 부족
2025-11-05,WTI,WTI,확인 부족,-1,이력 부족: 0/147관측,현재 상태를 판단할 자료가 부족합니다.,확인 부족
2025-11-05,GOLD,금,정상,0,5일 -0.09% · 20일 -1.56% · 변동성 기준 3.4/30.8백분위,가격 움직임은 확인되지만 원인을 구분할 교차 근거가 충분하지 않습니다.,낮음
2025-11-05,SILVER,은,정상,0,5일 +0.30% · 20일 -1.63% · 변동성 기준 6.3/16.9백분위,가격 움직임은 확인되지만 원인을 구분할 교차 근거가 충분하지 않습니다.,낮음
2025-11-05,COPPER,구리,정상,0,5일 -5.17% · 20일 -1.64% · 변동성 기준 85.9/17.1백분위,가격 움직임은 확인되지만 원인을 구분할 교차 근거가 충분하지 않습니다.,낮음
2025-11-06,SP500,S&P500,확인 부족,-1,이력 부족: 0/252관측,현재 상태를 판단할 자료가 부족합니다.,확인 부족
2025-11-06,NASDAQ,Nasdaq,확인 부족,-1,이력 부족: 0/252관측,현재 상태를 판단할 자료가 부족합니다.,확인 부족
2025-11-06,RUSSELL,Russell 2000,정상,0,5일 -1.9% · 20일 -2.0% · 고점 대비 -4.0%,지표 고유의 상태와 다른 시장 영역의 동반 신호를 구분해 확인합니다.,낮음
2025-11-06,MA200,200일 이동평균 이격,확인 부족,-1,이력 부족: 0/200관측,현재 상태를 판단할 자료가 부족합니다.,확인 부족
2025-11-06,EW,동일가중 상대성과,정상,0,RSP가 SPY 대비 20일 -1.7%p · 5일 상대성과 +0.59%p,지표 고유의 상태와 다른 시장 영역의 동반 신호를 구분해 확인합니다.,낮음
2025-11-06,CAPE,CAPE,확인 부족,-1,이력 부족: 0/120관측,현재 상태를 판단할 자료가 부족합니다.,확인 부족
2025-11-06,ADV,상승 종목 비율,확인 부족,-1,이력 부족: 0/21관측,현재 상태를 판단할 자료가 부족합니다.,확인 부족
2025-11-06,ABOVE200,200DMA 위 종목 비율,확인 부족,-1,이력 부족: 0/21관측,현재 상태를 판단할 자료가 부족합니다.,확인 부족
2025-11-06,HILO,52주 신고가-신저가 비율,확인 부족,-1,이력 부족: 0/21관측,현재 상태를 판단할 자료가 부족합니다.,확인 부족
2025-11-06,EFFR,미국 기준금리,정상,0,20관측 -23bp · 인하 · EFFR 변화는 목표범위 결정 자체와 구분,금리 하락 또는 상대관계 변화을 관찰합니다. 물가·고용·신용의 동반 움직임으로 의미를 구분합니다.,낮음
2025-11-06,US3M,미국 3개월물 국채수익률,확인 부족,-1,이력 부족: 0/25관측,현재 상태를 판단할 자료가 부족합니다.,확인 부족
2025-11-06,US2Y,미국 2년물 국채수익률,확인 부족,-1,이력 부족: 0/25관측,현재 상태를 판단할 자료가 부족합니다.,확인 부족
2025-11-06,US10Y,미국 10년물 국채수익률,확인 부족,-1,이력 부족: 0/25관측,현재 상태를 판단할 자료가 부족합니다.,확인 부족
2025-11-06,US30Y,미국 30년물 국채수익률,확인 부족,-1,이력 부족: 0/25관측,현재 상태를 판단할 자료가 부족합니다.,확인 부족
2025-11-06,REAL10,미국 10년물 실질금리,확인 부족,-1,이력 부족: 0/25관측,현재 상태를 판단할 자료가 부족합니다.,확인 부족
2025-11-06,TERM,미국 10년물 기간프리미엄,정상,0,과거 504관측 대비 61.7백분위 · 20일 -1bp,금리 하락 또는 상대관계 변화을 관찰합니다. 물가·고용·신용의 동반 움직임으로 의미를 구분합니다.,낮음
2025-11-06,CURVE2,미국 10년물-2년물 금리차,확인 부족,-1,이력 부족: 0/22관측,현재 상태를 판단할 자료가 부족합니다.,확인 부족
2025-11-06,CURVE3,미국 10년물-3개월물 금리차,확인 부족,-1,이력 부족: 0/22관측,현재 상태를 판단할 자료가 부족합니다.,확인 부족
2025-11-06,CURVEFED,미국 10년물-기준금리 차,확인 부족,-1,이력 부족: 0/22관측,현재 상태를 판단할 자료가 부족합니다.,확인 부족
2025-11-06,VIX,VIX,정상,0,VIX 19.5 · 5일 +15.3% · 20일 +18.7% · 5일 +2.6포인트,지표 고유의 상태와 다른 시장 영역의 동반 신호를 구분해 확인합니다.,낮음
2025-11-06,VIXPOS,VIX 1년 위치,참고,0,과거 252관측 대비 74.2백분위,최근 분포에서의 위치입니다. 별도 위험 신호로 중복 집계하지 않습니다.,낮음
2025-11-06,HY,하이일드 OAS,관찰,1,HY 3.13%p · 5일 +28bp · 20일 +18bp,지표 고유의 상태와 다른 시장 영역의 동반 신호를 구분해 확인합니다.,낮음
2025-11-06,BBB,BBB OAS,관찰,1,BBB 1.04%p · 5일 +6bp · 20일 +6bp,지표 고유의 상태와 다른 시장 영역의 동반 신호를 구분해 확인합니다.,낮음
2025-11-06,HYPOS,HY 1년 위치,참고,0,과거 252관측 대비 72.8백분위,최근 분포에서의 위치입니다. 별도 위험 신호로 중복 집계하지 않습니다.,낮음
2025-11-06,UNEMP,미국 실업률,확인 부족,-1,월간 관측 누락: 달력 기간 계산 보류,현재 상태를 판단할 자료가 부족합니다.,확인 부족
2025-11-06,SAHM,Sahm Rule,확인 부족,-1,월간 관측 누락: 달력 기간 계산 보류,현재 상태를 판단할 자료가 부족합니다.,확인 부족
2025-11-06,CLAIMS,신규실업수당 4주평균,확인 부족,-1,이력 부족: 0/55관측,현재 상태를 판단할 자료가 부족합니다.,확인 부족
2025-11-06,CPI,CPI,확인 부족,-1,이력 부족: 0/16관측,현재 상태를 판단할 자료가 부족합니다.,확인 부족
2025-11-06,CORECPI,근원 CPI,확인 부족,-1,이력 부족: 0/16관측,현재 상태를 판단할 자료가 부족합니다.,확인 부족
2025-11-06,COREPCE,근원 PCE,확인 부족,-1,이력 부족: 0/16관측,현재 상태를 판단할 자료가 부족합니다.,확인 부족
2025-11-06,DXY,달러지수,확인 부족,-1,이력 부족: 0/147관측,현재 상태를 판단할 자료가 부족합니다.,확인 부족
2025-11-06,USDKRW,달러/원,확인 부족,-1,이력 부족: 0/147관측,현재 상태를 판단할 자료가 부족합니다.,확인 부족
2025-11-06,USDJPY,달러/엔,확인 부족,-1,이력 부족: 0/147관측,현재 상태를 판단할 자료가 부족합니다.,확인 부족
2025-11-06,WTI,WTI,확인 부족,-1,이력 부족: 0/147관측,현재 상태를 판단할 자료가 부족합니다.,확인 부족
2025-11-06,GOLD,금,정상,0,5일 -0.53% · 20일 +0.85% · 변동성 기준 17.3/19.6백분위,가격 움직임은 확인되지만 원인을 구분할 교차 근거가 충분하지 않습니다.,낮음
2025-11-06,SILVER,은,정상,0,5일 -1.31% · 20일 +2.01% · 변동성 기준 24.0/21.6백분위,가격 움직임은 확인되지만 원인을 구분할 교차 근거가 충분하지 않습니다.,낮음
2025-11-06,COPPER,구리,정상,0,5일 -2.61% · 20일 -2.56% · 변동성 기준 58.3/27.4백분위,가격 움직임은 확인되지만 원인을 구분할 교차 근거가 충분하지 않습니다.,낮음
2025-11-07,SP500,S&P500,확인 부족,-1,이력 부족: 0/252관측,현재 상태를 판단할 자료가 부족합니다.,확인 부족
2025-11-07,NASDAQ,Nasdaq,확인 부족,-1,이력 부족: 0/252관측,현재 상태를 판단할 자료가 부족합니다.,확인 부족
2025-11-07,RUSSELL,Russell 2000,정상,0,5일 -1.9% · 20일 +1.6% · 고점 대비 -3.5%,지표 고유의 상태와 다른 시장 영역의 동반 신호를 구분해 확인합니다.,낮음
2025-11-07,MA200,200일 이동평균 이격,확인 부족,-1,이력 부족: 0/200관측,현재 상태를 판단할 자료가 부족합니다.,확인 부족
2025-11-07,EW,동일가중 상대성과,정상,0,RSP가 SPY 대비 20일 -1.4%p · 5일 상대성과 +1.43%p,지표 고유의 상태와 다른 시장 영역의 동반 신호를 구분해 확인합니다.,낮음
2025-11-07,CAPE,CAPE,확인 부족,-1,이력 부족: 0/120관측,현재 상태를 판단할 자료가 부족합니다.,확인 부족
2025-11-07,ADV,상승 종목 비율,확인 부족,-1,이력 부족: 0/21관측,현재 상태를 판단할 자료가 부족합니다.,확인 부족
2025-11-07,ABOVE200,200DMA 위 종목 비율,확인 부족,-1,이력 부족: 0/21관측,현재 상태를 판단할 자료가 부족합니다.,확인 부족
2025-11-07,HILO,52주 신고가-신저가 비율,확인 부족,-1,이력 부족: 0/21관측,현재 상태를 판단할 자료가 부족합니다.,확인 부족
2025-11-07,EFFR,미국 기준금리,정상,0,20관측 -23bp · 인하 · EFFR 변화는 목표범위 결정 자체와 구분,금리 하락 또는 상대관계 변화을 관찰합니다. 물가·고용·신용의 동반 움직임으로 의미를 구분합니다.,낮음
2025-11-07,US3M,미국 3개월물 국채수익률,확인 부족,-1,이력 부족: 0/25관측,현재 상태를 판단할 자료가 부족합니다.,확인 부족
2025-11-07,US2Y,미국 2년물 국채수익률,확인 부족,-1,이력 부족: 0/25관측,현재 상태를 판단할 자료가 부족합니다.,확인 부족
2025-11-07,US10Y,미국 10년물 국채수익률,확인 부족,-1,이력 부족: 0/25관측,현재 상태를 판단할 자료가 부족합니다.,확인 부족
2025-11-07,US30Y,미국 30년물 국채수익률,확인 부족,-1,이력 부족: 0/25관측,현재 상태를 판단할 자료가 부족합니다.,확인 부족
2025-11-07,REAL10,미국 10년물 실질금리,확인 부족,-1,이력 부족: 0/25관측,현재 상태를 판단할 자료가 부족합니다.,확인 부족
2025-11-07,TERM,미국 10년물 기간프리미엄,정상,0,과거 504관측 대비 60.3백분위 · 20일 -1bp,금리 하락 또는 상대관계 변화을 관찰합니다. 물가·고용·신용의 동반 움직임으로 의미를 구분합니다.,낮음
2025-11-07,CURVE2,미국 10년물-2년물 금리차,확인 부족,-1,이력 부족: 0/22관측,현재 상태를 판단할 자료가 부족합니다.,확인 부족
2025-11-07,CURVE3,미국 10년물-3개월물 금리차,확인 부족,-1,이력 부족: 0/22관측,현재 상태를 판단할 자료가 부족합니다.,확인 부족
2025-11-07,CURVEFED,미국 10년물-기준금리 차,확인 부족,-1,이력 부족: 0/22관측,현재 상태를 판단할 자료가 부족합니다.,확인 부족
2025-11-07,VIX,VIX,정상,0,VIX 19.1 · 5일 +9.4% · 20일 -11.9% · 5일 +1.6포인트,지표 고유의 상태와 다른 시장 영역의 동반 신호를 구분해 확인합니다.,낮음
2025-11-07,VIXPOS,VIX 1년 위치,참고,0,과거 252관측 대비 71.0백분위,최근 분포에서의 위치입니다. 별도 위험 신호로 중복 집계하지 않습니다.,낮음
2025-11-07,HY,하이일드 OAS,관찰,1,HY 3.15%p · 5일 +21bp · 20일 -3bp,지표 고유의 상태와 다른 시장 영역의 동반 신호를 구분해 확인합니다.,낮음
2025-11-07,BBB,BBB OAS,안정,0,BBB 1.06%p · 5일 +4bp · 20일 +4bp,지표 고유의 상태와 다른 시장 영역의 동반 신호를 구분해 확인합니다.,낮음
2025-11-07,HYPOS,HY 1년 위치,참고,0,과거 252관측 대비 73.6백분위,최근 분포에서의 위치입니다. 별도 위험 신호로 중복 집계하지 않습니다.,낮음
2025-11-07,UNEMP,미국 실업률,확인 부족,-1,월간 관측 누락: 달력 기간 계산 보류,현재 상태를 판단할 자료가 부족합니다.,확인 부족
2025-11-07,SAHM,Sahm Rule,확인 부족,-1,월간 관측 누락: 달력 기간 계산 보류,현재 상태를 판단할 자료가 부족합니다.,확인 부족
2025-11-07,CLAIMS,신규실업수당 4주평균,확인 부족,-1,이력 부족: 0/55관측,현재 상태를 판단할 자료가 부족합니다.,확인 부족
2025-11-07,CPI,CPI,확인 부족,-1,이력 부족: 0/16관측,현재 상태를 판단할 자료가 부족합니다.,확인 부족
2025-11-07,CORECPI,근원 CPI,확인 부족,-1,이력 부족: 0/16관측,현재 상태를 판단할 자료가 부족합니다.,확인 부족
2025-11-07,COREPCE,근원 PCE,확인 부족,-1,이력 부족: 0/16관측,현재 상태를 판단할 자료가 부족합니다.,확인 부족
2025-11-07,DXY,달러지수,확인 부족,-1,이력 부족: 0/147관측,현재 상태를 판단할 자료가 부족합니다.,확인 부족
2025-11-07,USDKRW,달러/원,확인 부족,-1,이력 부족: 0/147관측,현재 상태를 판단할 자료가 부족합니다.,확인 부족
2025-11-07,USDJPY,달러/엔,확인 부족,-1,이력 부족: 0/147관측,현재 상태를 판단할 자료가 부족합니다.,확인 부족
2025-11-07,WTI,WTI,확인 부족,-1,이력 부족: 0/147관측,현재 상태를 판단할 자료가 부족합니다.,확인 부족
2025-11-07,GOLD,금,정상,0,5일 +0.43% · 20일 +0.59% · 변동성 기준 13.9/13.5백분위,가격 움직임은 확인되지만 원인을 구분할 교차 근거가 충분하지 않습니다.,낮음
2025-11-07,SILVER,은,정상,0,5일 +0.05% · 20일 +2.30% · 변동성 기준 1.6/25.0백분위,가격 움직임은 확인되지만 원인을 구분할 교차 근거가 충분하지 않습니다.,낮음
2025-11-07,COPPER,구리,정상,0,5일 -2.52% · 20일 +1.85% · 변동성 기준 56.3/18.3백분위,가격 움직임은 확인되지만 원인을 구분할 교차 근거가 충분하지 않습니다.,낮음
2025-11-10,SP500,S&P500,확인 부족,-1,이력 부족: 0/252관측,현재 상태를 판단할 자료가 부족합니다.,확인 부족
2025-11-10,NASDAQ,Nasdaq,확인 부족,-1,이력 부족: 0/252관측,현재 상태를 판단할 자료가 부족합니다.,확인 부족
2025-11-10,RUSSELL,Russell 2000,정상,0,5일 -0.6% · 20일 -0.2% · 고점 대비 -2.6%,지표 고유의 상태와 다른 시장 영역의 동반 신호를 구분해 확인합니다.,낮음
2025-11-10,MA200,200일 이동평균 이격,확인 부족,-1,이력 부족: 0/200관측,현재 상태를 판단할 자료가 부족합니다.,확인 부족
2025-11-10,EW,동일가중 상대성과,정상,0,RSP가 SPY 대비 20일 -1.9%p · 5일 상대성과 +0.90%p,지표 고유의 상태와 다른 시장 영역의 동반 신호를 구분해 확인합니다.,낮음
2025-11-10,CAPE,CAPE,확인 부족,-1,이력 부족: 0/120관측,현재 상태를 판단할 자료가 부족합니다.,확인 부족
2025-11-10,ADV,상승 종목 비율,확인 부족,-1,이력 부족: 0/21관측,현재 상태를 판단할 자료가 부족합니다.,확인 부족
2025-11-10,ABOVE200,200DMA 위 종목 비율,확인 부족,-1,이력 부족: 0/21관측,현재 상태를 판단할 자료가 부족합니다.,확인 부족
2025-11-10,HILO,52주 신고가-신저가 비율,확인 부족,-1,이력 부족: 0/21관측,현재 상태를 판단할 자료가 부족합니다.,확인 부족
2025-11-10,EFFR,미국 기준금리,정상,0,20관측 -23bp · 인하 · EFFR 변화는 목표범위 결정 자체와 구분,금리 하락 또는 상대관계 변화을 관찰합니다. 물가·고용·신용의 동반 움직임으로 의미를 구분합니다.,낮음
2025-11-10,US3M,미국 3개월물 국채수익률,확인 부족,-1,이력 부족: 0/25관측,현재 상태를 판단할 자료가 부족합니다.,확인 부족
2025-11-10,US2Y,미국 2년물 국채수익률,확인 부족,-1,이력 부족: 0/25관측,현재 상태를 판단할 자료가 부족합니다.,확인 부족
2025-11-10,US10Y,미국 10년물 국채수익률,확인 부족,-1,이력 부족: 0/25관측,현재 상태를 판단할 자료가 부족합니다.,확인 부족
2025-11-10,US30Y,미국 30년물 국채수익률,확인 부족,-1,이력 부족: 0/25관측,현재 상태를 판단할 자료가 부족합니다.,확인 부족
2025-11-10,REAL10,미국 10년물 실질금리,확인 부족,-1,이력 부족: 0/25관측,현재 상태를 판단할 자료가 부족합니다.,확인 부족
2025-11-10,TERM,미국 10년물 기간프리미엄,정상,0,과거 504관측 대비 63.2백분위 · 20일 +3bp,금리 상승에 따른 부담을 관찰합니다. 물가·고용·신용의 동반 움직임으로 의미를 구분합니다.,낮음
2025-11-10,CURVE2,미국 10년물-2년물 금리차,확인 부족,-1,이력 부족: 0/22관측,현재 상태를 판단할 자료가 부족합니다.,확인 부족
2025-11-10,CURVE3,미국 10년물-3개월물 금리차,확인 부족,-1,이력 부족: 0/22관측,현재 상태를 판단할 자료가 부족합니다.,확인 부족
2025-11-10,CURVEFED,미국 10년물-기준금리 차,확인 부족,-1,이력 부족: 0/22관측,현재 상태를 판단할 자료가 부족합니다.,확인 부족
2025-11-10,VIX,VIX,정상,0,VIX 17.6 · 5일 +2.5% · 20일 -7.5% · 5일 +0.4포인트,지표 고유의 상태와 다른 시장 영역의 동반 신호를 구분해 확인합니다.,낮음
2025-11-10,VIXPOS,VIX 1년 위치,참고,0,과거 252관측 대비 57.5백분위,최근 분포에서의 위치입니다. 별도 위험 신호로 중복 집계하지 않습니다.,낮음
2025-11-10,HY,하이일드 OAS,안정,0,HY 3.02%p · 5일 -2bp · 20일 -16bp,지표 고유의 상태와 다른 시장 영역의 동반 신호를 구분해 확인합니다.,낮음
2025-11-10,BBB,BBB OAS,안정,0,BBB 1.05%p · 5일 +1bp · 20일 +3bp,지표 고유의 상태와 다른 시장 영역의 동반 신호를 구분해 확인합니다.,낮음
2025-11-10,HYPOS,HY 1년 위치,참고,0,과거 252관측 대비 63.9백분위,최근 분포에서의 위치입니다. 별도 위험 신호로 중복 집계하지 않습니다.,낮음
2025-11-10,UNEMP,미국 실업률,확인 부족,-1,월간 관측 누락: 달력 기간 계산 보류,현재 상태를 판단할 자료가 부족합니다.,확인 부족
2025-11-10,SAHM,Sahm Rule,확인 부족,-1,월간 관측 누락: 달력 기간 계산 보류,현재 상태를 판단할 자료가 부족합니다.,확인 부족
2025-11-10,CLAIMS,신규실업수당 4주평균,확인 부족,-1,이력 부족: 0/55관측,현재 상태를 판단할 자료가 부족합니다.,확인 부족
2025-11-10,CPI,CPI,확인 부족,-1,이력 부족: 0/16관측,현재 상태를 판단할 자료가 부족합니다.,확인 부족
2025-11-10,CORECPI,근원 CPI,확인 부족,-1,이력 부족: 0/16관측,현재 상태를 판단할 자료가 부족합니다.,확인 부족
2025-11-10,COREPCE,근원 PCE,확인 부족,-1,이력 부족: 0/16관측,현재 상태를 판단할 자료가 부족합니다.,확인 부족
2025-11-10,DXY,달러지수,확인 부족,-1,이력 부족: 0/147관측,현재 상태를 판단할 자료가 부족합니다.,확인 부족
2025-11-10,USDKRW,달러/원,확인 부족,-1,이력 부족: 0/147관측,현재 상태를 판단할 자료가 부족합니다.,확인 부족
2025-11-10,USDJPY,달러/엔,확인 부족,-1,이력 부족: 0/147관측,현재 상태를 판단할 자료가 부족합니다.,확인 부족
2025-11-10,WTI,WTI,확인 부족,-1,이력 부족: 0/147관측,현재 상태를 판단할 자료가 부족합니다.,확인 부족
2025-11-10,GOLD,금,정상,0,5일 +2.79% · 20일 +0.08% · 변동성 기준 77.2/2.0백분위,가격 움직임은 확인되지만 원인을 구분할 교차 근거가 충분하지 않습니다.,낮음
2025-11-10,SILVER,은,정상,0,5일 +4.78% · 20일 +0.09% · 변동성 기준 77.4/2.0백분위,가격 움직임은 확인되지만 원인을 구분할 교차 근거가 충분하지 않습니다.,낮음
2025-11-10,COPPER,구리,정상,0,5일 +0.79% · 20일 -0.26% · 변동성 기준 19.4/3.2백분위,가격 움직임은 확인되지만 원인을 구분할 교차 근거가 충분하지 않습니다.,낮음
2025-11-11,SP500,S&P500,확인 부족,-1,이력 부족: 0/252관측,현재 상태를 판단할 자료가 부족합니다.,확인 부족
2025-11-11,NASDAQ,Nasdaq,확인 부족,-1,이력 부족: 0/252관측,현재 상태를 판단할 자료가 부족합니다.,확인 부족
2025-11-11,RUSSELL,Russell 2000,정상,0,5일 +1.3% · 20일 -1.5% · 고점 대비 -2.5%,지표 고유의 상태와 다른 시장 영역의 동반 신호를 구분해 확인합니다.,낮음
2025-11-11,MA200,200일 이동평균 이격,확인 부족,-1,이력 부족: 0/200관측,현재 상태를 판단할 자료가 부족합니다.,확인 부족
2025-11-11,EW,동일가중 상대성과,관찰,1,RSP가 SPY 대비 20일 -2.5%p · 5일 상대성과 +0.73%p,지표 고유의 상태와 다른 시장 영역의 동반 신호를 구분해 확인합니다.,낮음
2025-11-11,CAPE,CAPE,확인 부족,-1,이력 부족: 0/120관측,현재 상태를 판단할 자료가 부족합니다.,확인 부족
2025-11-11,ADV,상승 종목 비율,확인 부족,-1,이력 부족: 0/21관측,현재 상태를 판단할 자료가 부족합니다.,확인 부족
2025-11-11,ABOVE200,200DMA 위 종목 비율,확인 부족,-1,이력 부족: 0/21관측,현재 상태를 판단할 자료가 부족합니다.,확인 부족
2025-11-11,HILO,52주 신고가-신저가 비율,확인 부족,-1,이력 부족: 0/21관측,현재 상태를 판단할 자료가 부족합니다.,확인 부족
2025-11-11,EFFR,미국 기준금리,정상,0,20관측 -23bp · 인하 · EFFR 변화는 목표범위 결정 자체와 구분,금리 하락 또는 상대관계 변화을 관찰합니다. 물가·고용·신용의 동반 움직임으로 의미를 구분합니다.,낮음
2025-11-11,US3M,미국 3개월물 국채수익률,확인 부족,-1,이력 부족: 0/25관측,현재 상태를 판단할 자료가 부족합니다.,확인 부족
2025-11-11,US2Y,미국 2년물 국채수익률,확인 부족,-1,이력 부족: 0/25관측,현재 상태를 판단할 자료가 부족합니다.,확인 부족
2025-11-11,US10Y,미국 10년물 국채수익률,확인 부족,-1,이력 부족: 0/25관측,현재 상태를 판단할 자료가 부족합니다.,확인 부족
2025-11-11,US30Y,미국 30년물 국채수익률,확인 부족,-1,이력 부족: 0/25관측,현재 상태를 판단할 자료가 부족합니다.,확인 부족
2025-11-11,REAL10,미국 10년물 실질금리,확인 부족,-1,이력 부족: 0/25관측,현재 상태를 판단할 자료가 부족합니다.,확인 부족
2025-11-11,TERM,미국 10년물 기간프리미엄,정상,0,과거 504관측 대비 63.2백분위 · 20일 +3bp,금리 상승에 따른 부담을 관찰합니다. 물가·고용·신용의 동반 움직임으로 의미를 구분합니다.,낮음
2025-11-11,CURVE2,미국 10년물-2년물 금리차,확인 부족,-1,이력 부족: 0/22관측,현재 상태를 판단할 자료가 부족합니다.,확인 부족
2025-11-11,CURVE3,미국 10년물-3개월물 금리차,확인 부족,-1,이력 부족: 0/22관측,현재 상태를 판단할 자료가 부족합니다.,확인 부족
2025-11-11,CURVEFED,미국 10년물-기준금리 차,확인 부족,-1,이력 부족: 0/22관측,현재 상태를 판단할 자료가 부족합니다.,확인 부족
2025-11-11,VIX,VIX,정상,0,VIX 17.3 · 5일 -9.1% · 20일 -17.0% · 5일 -1.7포인트,지표 고유의 상태와 다른 시장 영역의 동반 신호를 구분해 확인합니다.,낮음
2025-11-11,VIXPOS,VIX 1년 위치,참고,0,과거 252관측 대비 53.6백분위,최근 분포에서의 위치입니다. 별도 위험 신호로 중복 집계하지 않습니다.,낮음
2025-11-11,HY,하이일드 OAS,안정,0,HY 3.02%p · 5일 -11bp · 20일 -9bp,지표 고유의 상태와 다른 시장 영역의 동반 신호를 구분해 확인합니다.,낮음
2025-11-11,BBB,BBB OAS,안정,0,BBB 1.05%p · 5일 +1bp · 20일 +3bp,지표 고유의 상태와 다른 시장 영역의 동반 신호를 구분해 확인합니다.,낮음
2025-11-11,HYPOS,HY 1년 위치,참고,0,과거 252관측 대비 63.7백분위,최근 분포에서의 위치입니다. 별도 위험 신호로 중복 집계하지 않습니다.,낮음
2025-11-11,UNEMP,미국 실업률,확인 부족,-1,월간 관측 누락: 달력 기간 계산 보류,현재 상태를 판단할 자료가 부족합니다.,확인 부족
2025-11-11,SAHM,Sahm Rule,확인 부족,-1,월간 관측 누락: 달력 기간 계산 보류,현재 상태를 판단할 자료가 부족합니다.,확인 부족
2025-11-11,CLAIMS,신규실업수당 4주평균,확인 부족,-1,이력 부족: 0/55관측,현재 상태를 판단할 자료가 부족합니다.,확인 부족
2025-11-11,CPI,CPI,확인 부족,-1,이력 부족: 0/16관측,현재 상태를 판단할 자료가 부족합니다.,확인 부족
2025-11-11,CORECPI,근원 CPI,확인 부족,-1,이력 부족: 0/16관측,현재 상태를 판단할 자료가 부족합니다.,확인 부족
2025-11-11,COREPCE,근원 PCE,확인 부족,-1,이력 부족: 0/16관측,현재 상태를 판단할 자료가 부족합니다.,확인 부족
2025-11-11,DXY,달러지수,확인 부족,-1,이력 부족: 0/147관측,현재 상태를 판단할 자료가 부족합니다.,확인 부족
2025-11-11,USDKRW,달러/원,확인 부족,-1,이력 부족: 0/147관측,현재 상태를 판단할 자료가 부족합니다.,확인 부족
2025-11-11,USDJPY,달러/엔,확인 부족,-1,이력 부족: 0/147관측,현재 상태를 판단할 자료가 부족합니다.,확인 부족
2025-11-11,WTI,WTI,확인 부족,-1,이력 부족: 0/147관측,현재 상태를 판단할 자료가 부족합니다.,확인 부족
2025-11-11,GOLD,금,관찰,1,5일 +4.03% · 20일 -0.77% · 변동성 기준 91.1/18.1백분위,가격 움직임은 확인되지만 원인을 구분할 교차 근거가 충분하지 않습니다.,낮음
2025-11-11,SILVER,은,관찰,1,5일 +7.40% · 20일 +0.60% · 변동성 기준 92.5/6.7백분위,가격 움직임은 확인되지만 원인을 구분할 교차 근거가 충분하지 않습니다.,낮음
2025-11-11,COPPER,구리,정상,0,5일 +2.49% · 20일 +1.37% · 변동성 기준 55.6/14.7백분위,가격 움직임은 확인되지만 원인을 구분할 교차 근거가 충분하지 않습니다.,낮음
2025-11-12,SP500,S&P500,확인 부족,-1,이력 부족: 0/252관측,현재 상태를 판단할 자료가 부족합니다.,확인 부족
2025-11-12,NASDAQ,Nasdaq,확인 부족,-1,이력 부족: 0/252관측,현재 상태를 판단할 자료가 부족합니다.,확인 부족
2025-11-12,RUSSELL,Russell 2000,정상,0,5일 -0.6% · 20일 -2.7% · 고점 대비 -2.8%,지표 고유의 상태와 다른 시장 영역의 동반 신호를 구분해 확인합니다.,낮음
2025-11-12,MA200,200일 이동평균 이격,확인 부족,-1,이력 부족: 0/200관측,현재 상태를 판단할 자료가 부족합니다.,확인 부족
2025-11-12,EW,동일가중 상대성과,관찰,1,RSP가 SPY 대비 20일 -2.0%p · 5일 상대성과 +0.67%p,지표 고유의 상태와 다른 시장 영역의 동반 신호를 구분해 확인합니다.,낮음
2025-11-12,CAPE,CAPE,확인 부족,-1,이력 부족: 0/120관측,현재 상태를 판단할 자료가 부족합니다.,확인 부족
2025-11-12,ADV,상승 종목 비율,확인 부족,-1,이력 부족: 0/21관측,현재 상태를 판단할 자료가 부족합니다.,확인 부족
2025-11-12,ABOVE200,200DMA 위 종목 비율,확인 부족,-1,이력 부족: 0/21관측,현재 상태를 판단할 자료가 부족합니다.,확인 부족
2025-11-12,HILO,52주 신고가-신저가 비율,확인 부족,-1,이력 부족: 0/21관측,현재 상태를 판단할 자료가 부족합니다.,확인 부족
2025-11-12,EFFR,미국 기준금리,정상,0,20관측 -23bp · 인하 · EFFR 변화는 목표범위 결정 자체와 구분,금리 하락 또는 상대관계 변화을 관찰합니다. 물가·고용·신용의 동반 움직임으로 의미를 구분합니다.,낮음
2025-11-12,US3M,미국 3개월물 국채수익률,확인 부족,-1,이력 부족: 0/25관측,현재 상태를 판단할 자료가 부족합니다.,확인 부족
2025-11-12,US2Y,미국 2년물 국채수익률,확인 부족,-1,이력 부족: 0/25관측,현재 상태를 판단할 자료가 부족합니다.,확인 부족
2025-11-12,US10Y,미국 10년물 국채수익률,확인 부족,-1,이력 부족: 0/25관측,현재 상태를 판단할 자료가 부족합니다.,확인 부족
2025-11-12,US30Y,미국 30년물 국채수익률,확인 부족,-1,이력 부족: 0/25관측,현재 상태를 판단할 자료가 부족합니다.,확인 부족
2025-11-12,REAL10,미국 10년물 실질금리,확인 부족,-1,이력 부족: 0/25관측,현재 상태를 판단할 자료가 부족합니다.,확인 부족
2025-11-12,TERM,미국 10년물 기간프리미엄,정상,0,과거 504관측 대비 57.9백분위 · 20일 +4bp,금리 상승에 따른 부담을 관찰합니다. 물가·고용·신용의 동반 움직임으로 의미를 구분합니다.,낮음
2025-11-12,CURVE2,미국 10년물-2년물 금리차,확인 부족,-1,이력 부족: 0/22관측,현재 상태를 판단할 자료가 부족합니다.,확인 부족
2025-11-12,CURVE3,미국 10년물-3개월물 금리차,확인 부족,-1,이력 부족: 0/22관측,현재 상태를 판단할 자료가 부족합니다.,확인 부족
2025-11-12,CURVEFED,미국 10년물-기준금리 차,확인 부족,-1,이력 부족: 0/22관측,현재 상태를 판단할 자료가 부족합니다.,확인 부족
2025-11-12,VIX,VIX,정상,0,VIX 17.5 · 5일 -2.8% · 20일 -15.2% · 5일 -0.5포인트,지표 고유의 상태와 다른 시장 영역의 동반 신호를 구분해 확인합니다.,낮음
2025-11-12,VIXPOS,VIX 1년 위치,참고,0,과거 252관측 대비 56.7백분위,최근 분포에서의 위치입니다. 별도 위험 신호로 중복 집계하지 않습니다.,낮음
2025-11-12,HY,하이일드 OAS,안정,0,HY 3.02%p · 5일 -3bp · 20일 +7bp,지표 고유의 상태와 다른 시장 영역의 동반 신호를 구분해 확인합니다.,낮음
2025-11-12,BBB,BBB OAS,안정,0,BBB 1.05%p · 5일 +3bp · 20일 +6bp,지표 고유의 상태와 다른 시장 영역의 동반 신호를 구분해 확인합니다.,낮음
2025-11-12,HYPOS,HY 1년 위치,참고,0,과거 252관측 대비 63.5백분위,최근 분포에서의 위치입니다. 별도 위험 신호로 중복 집계하지 않습니다.,낮음
2025-11-12,UNEMP,미국 실업률,확인 부족,-1,월간 관측 누락: 달력 기간 계산 보류,현재 상태를 판단할 자료가 부족합니다.,확인 부족
2025-11-12,SAHM,Sahm Rule,확인 부족,-1,월간 관측 누락: 달력 기간 계산 보류,현재 상태를 판단할 자료가 부족합니다.,확인 부족
2025-11-12,CLAIMS,신규실업수당 4주평균,확인 부족,-1,이력 부족: 0/55관측,현재 상태를 판단할 자료가 부족합니다.,확인 부족
2025-11-12,CPI,CPI,확인 부족,-1,이력 부족: 0/16관측,현재 상태를 판단할 자료가 부족합니다.,확인 부족
2025-11-12,CORECPI,근원 CPI,확인 부족,-1,이력 부족: 0/16관측,현재 상태를 판단할 자료가 부족합니다.,확인 부족
2025-11-12,COREPCE,근원 PCE,확인 부족,-1,이력 부족: 0/16관측,현재 상태를 판단할 자료가 부족합니다.,확인 부족
2025-11-12,DXY,달러지수,확인 부족,-1,이력 부족: 0/147관측,현재 상태를 판단할 자료가 부족합니다.,확인 부족
2025-11-12,USDKRW,달러/원,확인 부족,-1,이력 부족: 0/147관측,현재 상태를 판단할 자료가 부족합니다.,확인 부족
2025-11-12,USDJPY,달러/엔,확인 부족,-1,이력 부족: 0/147관측,현재 상태를 판단할 자료가 부족합니다.,확인 부족
2025-11-12,WTI,WTI,확인 부족,-1,이력 부족: 0/147관측,현재 상태를 판단할 자료가 부족합니다.,확인 부족
2025-11-12,GOLD,금,주의,2,5일 +5.63% · 20일 +0.66% · 변동성 기준 97.6/14.7백분위,가격 움직임은 확인되지만 원인을 구분할 교차 근거가 충분하지 않습니다.,낮음
2025-11-12,SILVER,은,주의,2,5일 +11.43% · 20일 +4.42% · 변동성 기준 98.6/44.8백분위,가격 움직임은 확인되지만 원인을 구분할 교차 근거가 충분하지 않습니다.,낮음
2025-11-12,COPPER,구리,정상,0,5일 +2.55% · 20일 +2.36% · 변동성 기준 56.9/24.8백분위,가격 움직임은 확인되지만 원인을 구분할 교차 근거가 충분하지 않습니다.,낮음
2025-11-13,SP500,S&P500,확인 부족,-1,이력 부족: 0/252관측,현재 상태를 판단할 자료가 부족합니다.,확인 부족
2025-11-13,NASDAQ,Nasdaq,확인 부족,-1,이력 부족: 0/252관측,현재 상태를 판단할 자료가 부족합니다.,확인 부족
2025-11-13,RUSSELL,Russell 2000,관찰,1,5일 -1.5% · 20일 -3.4% · 고점 대비 -5.5%,지표 고유의 상태와 다른 시장 영역의 동반 신호를 구분해 확인합니다.,낮음
2025-11-13,MA200,200일 이동평균 이격,확인 부족,-1,이력 부족: 0/200관측,현재 상태를 판단할 자료가 부족합니다.,확인 부족
2025-11-13,EW,동일가중 상대성과,정상,0,RSP가 SPY 대비 20일 -1.2%p · 5일 상대성과 +0.83%p,지표 고유의 상태와 다른 시장 영역의 동반 신호를 구분해 확인합니다.,낮음
2025-11-13,CAPE,CAPE,확인 부족,-1,이력 부족: 0/120관측,현재 상태를 판단할 자료가 부족합니다.,확인 부족
2025-11-13,ADV,상승 종목 비율,확인 부족,-1,이력 부족: 0/21관측,현재 상태를 판단할 자료가 부족합니다.,확인 부족
2025-11-13,ABOVE200,200DMA 위 종목 비율,확인 부족,-1,이력 부족: 0/21관측,현재 상태를 판단할 자료가 부족합니다.,확인 부족
2025-11-13,HILO,52주 신고가-신저가 비율,확인 부족,-1,이력 부족: 0/21관측,현재 상태를 판단할 자료가 부족합니다.,확인 부족
2025-11-13,EFFR,미국 기준금리,정상,0,20관측 -22bp · 인하 · EFFR 변화는 목표범위 결정 자체와 구분,금리 하락 또는 상대관계 변화을 관찰합니다. 물가·고용·신용의 동반 움직임으로 의미를 구분합니다.,낮음
2025-11-13,US3M,미국 3개월물 국채수익률,확인 부족,-1,이력 부족: 0/25관측,현재 상태를 판단할 자료가 부족합니다.,확인 부족
2025-11-13,US2Y,미국 2년물 국채수익률,확인 부족,-1,이력 부족: 0/25관측,현재 상태를 판단할 자료가 부족합니다.,확인 부족
2025-11-13,US10Y,미국 10년물 국채수익률,확인 부족,-1,이력 부족: 0/25관측,현재 상태를 판단할 자료가 부족합니다.,확인 부족
2025-11-13,US30Y,미국 30년물 국채수익률,확인 부족,-1,이력 부족: 0/25관측,현재 상태를 판단할 자료가 부족합니다.,확인 부족
2025-11-13,REAL10,미국 10년물 실질금리,확인 부족,-1,이력 부족: 0/25관측,현재 상태를 판단할 자료가 부족합니다.,확인 부족
2025-11-13,TERM,미국 10년물 기간프리미엄,정상,0,과거 504관측 대비 60.9백분위 · 20일 +4bp,금리 상승에 따른 부담을 관찰합니다. 물가·고용·신용의 동반 움직임으로 의미를 구분합니다.,낮음
2025-11-13,CURVE2,미국 10년물-2년물 금리차,확인 부족,-1,이력 부족: 0/22관측,현재 상태를 판단할 자료가 부족합니다.,확인 부족
2025-11-13,CURVE3,미국 10년물-3개월물 금리차,확인 부족,-1,이력 부족: 0/22관측,현재 상태를 판단할 자료가 부족합니다.,확인 부족
2025-11-13,CURVEFED,미국 10년물-기준금리 차,확인 부족,-1,이력 부족: 0/22관측,현재 상태를 판단할 자료가 부족합니다.,확인 부족
2025-11-13,VIX,VIX,관찰,1,VIX 20.0 · 5일 +2.6% · 20일 -21.0% · 5일 +0.5포인트,지표 고유의 상태와 다른 시장 영역의 동반 신호를 구분해 확인합니다.,낮음
2025-11-13,VIXPOS,VIX 1년 위치,참고,0,과거 252관측 대비 76.2백분위,최근 분포에서의 위치입니다. 별도 위험 신호로 중복 집계하지 않습니다.,낮음
2025-11-13,HY,하이일드 OAS,안정,0,HY 3.09%p · 5일 -4bp · 20일 +5bp,지표 고유의 상태와 다른 시장 영역의 동반 신호를 구분해 확인합니다.,보통
2025-11-13,BBB,BBB OAS,안정,0,BBB 1.06%p · 5일 +2bp · 20일 +5bp,지표 고유의 상태와 다른 시장 영역의 동반 신호를 구분해 확인합니다.,보통
2025-11-13,HYPOS,HY 1년 위치,참고,0,과거 252관측 대비 68.1백분위,최근 분포에서의 위치입니다. 별도 위험 신호로 중복 집계하지 않습니다.,보통
2025-11-13,UNEMP,미국 실업률,확인 부족,-1,월간 관측 누락: 달력 기간 계산 보류,현재 상태를 판단할 자료가 부족합니다.,확인 부족
2025-11-13,SAHM,Sahm Rule,확인 부족,-1,월간 관측 누락: 달력 기간 계산 보류,현재 상태를 판단할 자료가 부족합니다.,확인 부족
2025-11-13,CLAIMS,신규실업수당 4주평균,확인 부족,-1,이력 부족: 0/55관측,현재 상태를 판단할 자료가 부족합니다.,확인 부족
2025-11-13,CPI,CPI,확인 부족,-1,이력 부족: 0/16관측,현재 상태를 판단할 자료가 부족합니다.,확인 부족
2025-11-13,CORECPI,근원 CPI,확인 부족,-1,이력 부족: 0/16관측,현재 상태를 판단할 자료가 부족합니다.,확인 부족
2025-11-13,COREPCE,근원 PCE,확인 부족,-1,이력 부족: 0/16관측,현재 상태를 판단할 자료가 부족합니다.,확인 부족
2025-11-13,DXY,달러지수,확인 부족,-1,이력 부족: 0/147관측,현재 상태를 판단할 자료가 부족합니다.,확인 부족
2025-11-13,USDKRW,달러/원,확인 부족,-1,이력 부족: 0/147관측,현재 상태를 판단할 자료가 부족합니다.,확인 부족
2025-11-13,USDJPY,달러/엔,확인 부족,-1,이력 부족: 0/147관측,현재 상태를 판단할 자료가 부족합니다.,확인 부족
2025-11-13,WTI,WTI,확인 부족,-1,이력 부족: 0/147관측,현재 상태를 판단할 자료가 부족합니다.,확인 부족
2025-11-13,GOLD,금,관찰,1,5일 +5.20% · 20일 -2.18% · 변동성 기준 95.8/40.5백분위,가격 움직임은 확인되지만 원인을 구분할 교차 근거가 충분하지 않습니다.,낮음
2025-11-13,SILVER,은,주의,2,5일 +11.05% · 20일 +0.10% · 변동성 기준 98.2/2.2백분위,가격 움직임은 확인되지만 원인을 구분할 교차 근거가 충분하지 않습니다.,낮음
2025-11-13,COPPER,구리,정상,0,5일 +2.87% · 20일 +2.61% · 변동성 기준 62.5/28.0백분위,가격 움직임은 확인되지만 원인을 구분할 교차 근거가 충분하지 않습니다.,낮음
2025-11-14,SP500,S&P500,확인 부족,-1,이력 부족: 0/252관측,현재 상태를 판단할 자료가 부족합니다.,확인 부족
2025-11-14,NASDAQ,Nasdaq,확인 부족,-1,이력 부족: 0/252관측,현재 상태를 판단할 자료가 부족합니다.,확인 부족
2025-11-14,RUSSELL,Russell 2000,관찰,1,5일 -1.8% · 20일 -2.6% · 고점 대비 -5.2%,지표 고유의 상태와 다른 시장 영역의 동반 신호를 구분해 확인합니다.,낮음
2025-11-14,MA200,200일 이동평균 이격,확인 부족,-1,이력 부족: 0/200관측,현재 상태를 판단할 자료가 부족합니다.,확인 부족
2025-11-14,EW,동일가중 상대성과,정상,0,RSP가 SPY 대비 20일 -1.5%p · 5일 상대성과 -0.26%p,지표 고유의 상태와 다른 시장 영역의 동반 신호를 구분해 확인합니다.,낮음
2025-11-14,CAPE,CAPE,확인 부족,-1,이력 부족: 0/120관측,현재 상태를 판단할 자료가 부족합니다.,확인 부족
2025-11-14,ADV,상승 종목 비율,확인 부족,-1,이력 부족: 0/21관측,현재 상태를 판단할 자료가 부족합니다.,확인 부족
2025-11-14,ABOVE200,200DMA 위 종목 비율,확인 부족,-1,이력 부족: 0/21관측,현재 상태를 판단할 자료가 부족합니다.,확인 부족
2025-11-14,HILO,52주 신고가-신저가 비율,확인 부족,-1,이력 부족: 0/21관측,현재 상태를 판단할 자료가 부족합니다.,확인 부족
2025-11-14,EFFR,미국 기준금리,정상,0,20관측 -23bp · 인하 · EFFR 변화는 목표범위 결정 자체와 구분,금리 하락 또는 상대관계 변화을 관찰합니다. 물가·고용·신용의 동반 움직임으로 의미를 구분합니다.,낮음
2025-11-14,US3M,미국 3개월물 국채수익률,확인 부족,-1,이력 부족: 0/25관측,현재 상태를 판단할 자료가 부족합니다.,확인 부족
2025-11-14,US2Y,미국 2년물 국채수익률,확인 부족,-1,이력 부족: 0/25관측,현재 상태를 판단할 자료가 부족합니다.,확인 부족
2025-11-14,US10Y,미국 10년물 국채수익률,확인 부족,-1,이력 부족: 0/25관측,현재 상태를 판단할 자료가 부족합니다.,확인 부족
2025-11-14,US30Y,미국 30년물 국채수익률,확인 부족,-1,이력 부족: 0/25관측,현재 상태를 판단할 자료가 부족합니다.,확인 부족
2025-11-14,REAL10,미국 10년물 실질금리,확인 부족,-1,이력 부족: 0/25관측,현재 상태를 판단할 자료가 부족합니다.,확인 부족
2025-11-14,TERM,미국 10년물 기간프리미엄,정상,0,과거 504관측 대비 67.6백분위 · 20일 +9bp,금리 상승에 따른 부담을 관찰합니다. 물가·고용·신용의 동반 움직임으로 의미를 구분합니다.,낮음
2025-11-14,CURVE2,미국 10년물-2년물 금리차,확인 부족,-1,이력 부족: 0/22관측,현재 상태를 판단할 자료가 부족합니다.,확인 부족
2025-11-14,CURVE3,미국 10년물-3개월물 금리차,확인 부족,-1,이력 부족: 0/22관측,현재 상태를 판단할 자료가 부족합니다.,확인 부족
2025-11-14,CURVEFED,미국 10년물-기준금리 차,확인 부족,-1,이력 부족: 0/22관측,현재 상태를 판단할 자료가 부족합니다.,확인 부족
2025-11-14,VIX,VIX,정상,0,VIX 19.8 · 5일 +3.9% · 20일 -4.6% · 5일 +0.8포인트,지표 고유의 상태와 다른 시장 영역의 동반 신호를 구분해 확인합니다.,낮음
2025-11-14,VIXPOS,VIX 1년 위치,참고,0,과거 252관측 대비 75.2백분위,최근 분포에서의 위치입니다. 별도 위험 신호로 중복 집계하지 않습니다.,낮음
2025-11-14,HY,하이일드 OAS,안정,0,HY 3.07%p · 5일 -8bp · 20일 +3bp,지표 고유의 상태와 다른 시장 영역의 동반 신호를 구분해 확인합니다.,낮음
2025-11-14,BBB,BBB OAS,안정,0,BBB 1.06%p · 5일 +0bp · 20일 +5bp,지표 고유의 상태와 다른 시장 영역의 동반 신호를 구분해 확인합니다.,낮음
2025-11-14,HYPOS,HY 1년 위치,참고,0,과거 252관측 대비 67.1백분위,최근 분포에서의 위치입니다. 별도 위험 신호로 중복 집계하지 않습니다.,낮음
2025-11-14,UNEMP,미국 실업률,확인 부족,-1,월간 관측 누락: 달력 기간 계산 보류,현재 상태를 판단할 자료가 부족합니다.,확인 부족
2025-11-14,SAHM,Sahm Rule,확인 부족,-1,월간 관측 누락: 달력 기간 계산 보류,현재 상태를 판단할 자료가 부족합니다.,확인 부족
2025-11-14,CLAIMS,신규실업수당 4주평균,확인 부족,-1,이력 부족: 0/55관측,현재 상태를 판단할 자료가 부족합니다.,확인 부족
2025-11-14,CPI,CPI,확인 부족,-1,이력 부족: 0/16관측,현재 상태를 판단할 자료가 부족합니다.,확인 부족
2025-11-14,CORECPI,근원 CPI,확인 부족,-1,이력 부족: 0/16관측,현재 상태를 판단할 자료가 부족합니다.,확인 부족
2025-11-14,COREPCE,근원 PCE,확인 부족,-1,이력 부족: 0/16관측,현재 상태를 판단할 자료가 부족합니다.,확인 부족
2025-11-14,DXY,달러지수,확인 부족,-1,이력 부족: 0/147관측,현재 상태를 판단할 자료가 부족합니다.,확인 부족
2025-11-14,USDKRW,달러/원,확인 부족,-1,이력 부족: 0/147관측,현재 상태를 판단할 자료가 부족합니다.,확인 부족
2025-11-14,USDJPY,달러/엔,확인 부족,-1,이력 부족: 0/147관측,현재 상태를 판단할 자료가 부족합니다.,확인 부족
2025-11-14,WTI,WTI,확인 부족,-1,이력 부족: 0/147관측,현재 상태를 판단할 자료가 부족합니다.,확인 부족
2025-11-14,GOLD,금,정상,0,5일 +2.21% · 20일 -2.44% · 변동성 기준 66.1/45.0백분위,가격 움직임은 확인되지만 원인을 구분할 교차 근거가 충분하지 않습니다.,낮음
2025-11-14,SILVER,은,정상,0,5일 +5.36% · 20일 +1.46% · 변동성 기준 81.2/15.9백분위,가격 움직임은 확인되지만 원인을 구분할 교차 근거가 충분하지 않습니다.,낮음
2025-11-14,COPPER,구리,정상,0,5일 +2.26% · 20일 +2.39% · 변동성 기준 51.6/25.0백분위,가격 움직임은 확인되지만 원인을 구분할 교차 근거가 충분하지 않습니다.,낮음
2025-11-17,SP500,S&P500,확인 부족,-1,이력 부족: 0/252관측,현재 상태를 판단할 자료가 부족합니다.,확인 부족
2025-11-17,NASDAQ,Nasdaq,확인 부족,-1,이력 부족: 0/252관측,현재 상태를 판단할 자료가 부족합니다.,확인 부족
2025-11-17,RUSSELL,Russell 2000,주의,2,5일 -4.7% · 20일 -6.3% · 고점 대비 -7.1%,지표 고유의 상태와 다른 시장 영역의 동반 신호를 구분해 확인합니다.,낮음
2025-11-17,MA200,200일 이동평균 이격,확인 부족,-1,이력 부족: 0/200관측,현재 상태를 판단할 자료가 부족합니다.,확인 부족
2025-11-17,EW,동일가중 상대성과,정상,0,RSP가 SPY 대비 20일 -1.8%p · 5일 상대성과 +0.32%p,지표 고유의 상태와 다른 시장 영역의 동반 신호를 구분해 확인합니다.,낮음
2025-11-17,CAPE,CAPE,확인 부족,-1,이력 부족: 0/120관측,현재 상태를 판단할 자료가 부족합니다.,확인 부족
2025-11-17,ADV,상승 종목 비율,확인 부족,-1,이력 부족: 0/21관측,현재 상태를 판단할 자료가 부족합니다.,확인 부족
2025-11-17,ABOVE200,200DMA 위 종목 비율,확인 부족,-1,이력 부족: 0/21관측,현재 상태를 판단할 자료가 부족합니다.,확인 부족
2025-11-17,HILO,52주 신고가-신저가 비율,확인 부족,-1,이력 부족: 0/21관측,현재 상태를 판단할 자료가 부족합니다.,확인 부족
2025-11-17,EFFR,미국 기준금리,정상,0,20관측 -23bp · 인하 · EFFR 변화는 목표범위 결정 자체와 구분,금리 하락 또는 상대관계 변화을 관찰합니다. 물가·고용·신용의 동반 움직임으로 의미를 구분합니다.,낮음
2025-11-17,US3M,미국 3개월물 국채수익률,확인 부족,-1,이력 부족: 0/25관측,현재 상태를 판단할 자료가 부족합니다.,확인 부족
2025-11-17,US2Y,미국 2년물 국채수익률,확인 부족,-1,이력 부족: 0/25관측,현재 상태를 판단할 자료가 부족합니다.,확인 부족
2025-11-17,US10Y,미국 10년물 국채수익률,확인 부족,-1,이력 부족: 0/25관측,현재 상태를 판단할 자료가 부족합니다.,확인 부족
2025-11-17,US30Y,미국 30년물 국채수익률,확인 부족,-1,이력 부족: 0/25관측,현재 상태를 판단할 자료가 부족합니다.,확인 부족
2025-11-17,REAL10,미국 10년물 실질금리,확인 부족,-1,이력 부족: 0/25관측,현재 상태를 판단할 자료가 부족합니다.,확인 부족
2025-11-17,TERM,미국 10년물 기간프리미엄,정상,0,과거 504관측 대비 65.7백분위 · 20일 +7bp,금리 상승에 따른 부담을 관찰합니다. 물가·고용·신용의 동반 움직임으로 의미를 구분합니다.,낮음
2025-11-17,CURVE2,미국 10년물-2년물 금리차,확인 부족,-1,이력 부족: 0/22관측,현재 상태를 판단할 자료가 부족합니다.,확인 부족
2025-11-17,CURVE3,미국 10년물-3개월물 금리차,확인 부족,-1,이력 부족: 0/22관측,현재 상태를 판단할 자료가 부족합니다.,확인 부족
2025-11-17,CURVEFED,미국 10년물-기준금리 차,확인 부족,-1,이력 부족: 0/22관측,현재 상태를 판단할 자료가 부족합니다.,확인 부족
2025-11-17,VIX,VIX,관찰,1,VIX 22.4 · 5일 +27.2% · 20일 +22.8% · 5일 +4.8포인트,지표 고유의 상태와 다른 시장 영역의 동반 신호를 구분해 확인합니다.,낮음
2025-11-17,VIXPOS,VIX 1년 위치,참고,0,과거 252관측 대비 85.7백분위,최근 분포에서의 위치입니다. 별도 위험 신호로 중복 집계하지 않습니다.,낮음
2025-11-17,HY,하이일드 OAS,안정,0,HY 3.13%p · 5일 +11bp · 20일 +14bp,지표 고유의 상태와 다른 시장 영역의 동반 신호를 구분해 확인합니다.,보통
2025-11-17,BBB,BBB OAS,안정,0,BBB 1.06%p · 5일 +1bp · 20일 +6bp,지표 고유의 상태와 다른 시장 영역의 동반 신호를 구분해 확인합니다.,보통
2025-11-17,HYPOS,HY 1년 위치,참고,0,과거 252관측 대비 72.2백분위,최근 분포에서의 위치입니다. 별도 위험 신호로 중복 집계하지 않습니다.,보통
2025-11-17,UNEMP,미국 실업률,확인 부족,-1,월간 관측 누락: 달력 기간 계산 보류,현재 상태를 판단할 자료가 부족합니다.,확인 부족
2025-11-17,SAHM,Sahm Rule,확인 부족,-1,월간 관측 누락: 달력 기간 계산 보류,현재 상태를 판단할 자료가 부족합니다.,확인 부족
2025-11-17,CLAIMS,신규실업수당 4주평균,확인 부족,-1,이력 부족: 0/55관측,현재 상태를 판단할 자료가 부족합니다.,확인 부족
2025-11-17,CPI,CPI,확인 부족,-1,이력 부족: 0/16관측,현재 상태를 판단할 자료가 부족합니다.,확인 부족
2025-11-17,CORECPI,근원 CPI,확인 부족,-1,이력 부족: 0/16관측,현재 상태를 판단할 자료가 부족합니다.,확인 부족
2025-11-17,COREPCE,근원 PCE,확인 부족,-1,이력 부족: 0/16관측,현재 상태를 판단할 자료가 부족합니다.,확인 부족
2025-11-17,DXY,달러지수,확인 부족,-1,이력 부족: 0/147관측,현재 상태를 판단할 자료가 부족합니다.,확인 부족
2025-11-17,USDKRW,달러/원,확인 부족,-1,이력 부족: 0/147관측,현재 상태를 판단할 자료가 부족합니다.,확인 부족
2025-11-17,USDJPY,달러/엔,확인 부족,-1,이력 부족: 0/147관측,현재 상태를 판단할 자료가 부족합니다.,확인 부족
2025-11-17,WTI,WTI,확인 부족,-1,이력 부족: 0/147관측,현재 상태를 판단할 자료가 부족합니다.,확인 부족
2025-11-17,GOLD,금,정상,0,5일 -1.06% · 20일 -6.18% · 변동성 기준 35.7/78.4백분위,가격 움직임은 확인되지만 원인을 구분할 교차 근거가 충분하지 않습니다.,낮음
2025-11-17,SILVER,은,정상,0,5일 +0.89% · 20일 -0.97% · 변동성 기준 17.7/10.7백분위,가격 움직임은 확인되지만 원인을 구분할 교차 근거가 충분하지 않습니다.,낮음
2025-11-17,COPPER,구리,정상,0,5일 -1.71% · 20일 +0.04% · 변동성 기준 41.5/0.6백분위,가격 움직임은 확인되지만 원인을 구분할 교차 근거가 충분하지 않습니다.,낮음
2025-11-18,SP500,S&P500,확인 부족,-1,이력 부족: 0/252관측,현재 상태를 판단할 자료가 부족합니다.,확인 부족
2025-11-18,NASDAQ,Nasdaq,확인 부족,-1,이력 부족: 0/252관측,현재 상태를 판단할 자료가 부족합니다.,확인 부족
2025-11-18,RUSSELL,Russell 2000,주의,2,5일 -4.5% · 20일 -5.6% · 고점 대비 -6.8%,지표 고유의 상태와 다른 시장 영역의 동반 신호를 구분해 확인합니다.,보통
2025-11-18,MA200,200일 이동평균 이격,확인 부족,-1,이력 부족: 0/200관측,현재 상태를 판단할 자료가 부족합니다.,확인 부족
2025-11-18,EW,동일가중 상대성과,정상,0,RSP가 SPY 대비 20일 -1.4%p · 5일 상대성과 +0.86%p,지표 고유의 상태와 다른 시장 영역의 동반 신호를 구분해 확인합니다.,보통
2025-11-18,CAPE,CAPE,확인 부족,-1,이력 부족: 0/120관측,현재 상태를 판단할 자료가 부족합니다.,확인 부족
2025-11-18,ADV,상승 종목 비율,확인 부족,-1,이력 부족: 0/21관측,현재 상태를 판단할 자료가 부족합니다.,확인 부족
2025-11-18,ABOVE200,200DMA 위 종목 비율,확인 부족,-1,이력 부족: 0/21관측,현재 상태를 판단할 자료가 부족합니다.,확인 부족
2025-11-18,HILO,52주 신고가-신저가 비율,확인 부족,-1,이력 부족: 0/21관측,현재 상태를 판단할 자료가 부족합니다.,확인 부족
2025-11-18,EFFR,미국 기준금리,정상,0,20관측 -23bp · 인하 · EFFR 변화는 목표범위 결정 자체와 구분,금리 하락 또는 상대관계 변화을 관찰합니다. 물가·고용·신용의 동반 움직임으로 의미를 구분합니다.,보통
2025-11-18,US3M,미국 3개월물 국채수익률,확인 부족,-1,이력 부족: 0/25관측,현재 상태를 판단할 자료가 부족합니다.,확인 부족
2025-11-18,US2Y,미국 2년물 국채수익률,확인 부족,-1,이력 부족: 0/25관측,현재 상태를 판단할 자료가 부족합니다.,확인 부족
2025-11-18,US10Y,미국 10년물 국채수익률,확인 부족,-1,이력 부족: 0/25관측,현재 상태를 판단할 자료가 부족합니다.,확인 부족
2025-11-18,US30Y,미국 30년물 국채수익률,확인 부족,-1,이력 부족: 0/25관측,현재 상태를 판단할 자료가 부족합니다.,확인 부족
2025-11-18,REAL10,미국 10년물 실질금리,확인 부족,-1,이력 부족: 0/25관측,현재 상태를 판단할 자료가 부족합니다.,확인 부족
2025-11-18,TERM,미국 10년물 기간프리미엄,정상,0,과거 504관측 대비 62.1백분위 · 20일 +7bp,금리 상승에 따른 부담을 관찰합니다. 물가·고용·신용의 동반 움직임으로 의미를 구분합니다.,보통
2025-11-18,CURVE2,미국 10년물-2년물 금리차,확인 부족,-1,이력 부족: 0/22관측,현재 상태를 판단할 자료가 부족합니다.,확인 부족
2025-11-18,CURVE3,미국 10년물-3개월물 금리차,확인 부족,-1,이력 부족: 0/22관측,현재 상태를 판단할 자료가 부족합니다.,확인 부족
2025-11-18,CURVEFED,미국 10년물-기준금리 차,확인 부족,-1,이력 부족: 0/22관측,현재 상태를 판단할 자료가 부족합니다.,확인 부족
2025-11-18,VIX,VIX,주의,2,VIX 24.7 · 5일 +42.9% · 20일 +38.2% · 5일 +7.4포인트,지표 고유의 상태와 다른 시장 영역의 동반 신호를 구분해 확인합니다.,보통
2025-11-18,VIXPOS,VIX 1년 위치,참고,0,과거 252관측 대비 90.5백분위,최근 분포에서의 위치입니다. 별도 위험 신호로 중복 집계하지 않습니다.,보통
2025-11-18,HY,하이일드 OAS,관찰,1,HY 3.20%p · 5일 +18bp · 20일 +23bp,지표 고유의 상태와 다른 시장 영역의 동반 신호를 구분해 확인합니다.,보통
2025-11-18,BBB,BBB OAS,안정,0,BBB 1.07%p · 5일 +2bp · 20일 +6bp,지표 고유의 상태와 다른 시장 영역의 동반 신호를 구분해 확인합니다.,보통
2025-11-18,HYPOS,HY 1년 위치,참고,0,과거 252관측 대비 80.4백분위,최근 분포에서의 위치입니다. 별도 위험 신호로 중복 집계하지 않습니다.,보통
2025-11-18,UNEMP,미국 실업률,확인 부족,-1,월간 관측 누락: 달력 기간 계산 보류,현재 상태를 판단할 자료가 부족합니다.,확인 부족
2025-11-18,SAHM,Sahm Rule,확인 부족,-1,월간 관측 누락: 달력 기간 계산 보류,현재 상태를 판단할 자료가 부족합니다.,확인 부족
2025-11-18,CLAIMS,신규실업수당 4주평균,확인 부족,-1,이력 부족: 0/55관측,현재 상태를 판단할 자료가 부족합니다.,확인 부족
2025-11-18,CPI,CPI,확인 부족,-1,이력 부족: 0/16관측,현재 상태를 판단할 자료가 부족합니다.,확인 부족
2025-11-18,CORECPI,근원 CPI,확인 부족,-1,이력 부족: 0/16관측,현재 상태를 판단할 자료가 부족합니다.,확인 부족
2025-11-18,COREPCE,근원 PCE,확인 부족,-1,이력 부족: 0/16관측,현재 상태를 판단할 자료가 부족합니다.,확인 부족
2025-11-18,DXY,달러지수,확인 부족,-1,이력 부족: 0/147관측,현재 상태를 판단할 자료가 부족합니다.,확인 부족
2025-11-18,USDKRW,달러/원,확인 부족,-1,이력 부족: 0/147관측,현재 상태를 판단할 자료가 부족합니다.,확인 부족
2025-11-18,USDJPY,달러/엔,확인 부족,-1,이력 부족: 0/147관측,현재 상태를 판단할 자료가 부족합니다.,확인 부족
2025-11-18,WTI,WTI,확인 부족,-1,이력 부족: 0/147관측,현재 상태를 판단할 자료가 부족합니다.,확인 부족
2025-11-18,GOLD,금,정상,0,5일 -1.11% · 20일 -0.65% · 변동성 기준 37.1/14.1백분위,가격 움직임은 확인되지만 원인을 구분할 교차 근거가 충분하지 않습니다.,낮음
2025-11-18,SILVER,은,정상,0,5일 -0.33% · 20일 +6.32% · 변동성 기준 6.9/58.3백분위,가격 움직임은 확인되지만 원인을 구분할 교차 근거가 충분하지 않습니다.,낮음
2025-11-18,COPPER,구리,정상,0,5일 -1.70% · 20일 +0.66% · 변동성 기준 41.3/7.5백분위,가격 움직임은 확인되지만 원인을 구분할 교차 근거가 충분하지 않습니다.,낮음
2025-11-19,SP500,S&P500,확인 부족,-1,이력 부족: 0/252관측,현재 상태를 판단할 자료가 부족합니다.,확인 부족
2025-11-19,NASDAQ,Nasdaq,확인 부족,-1,이력 부족: 0/252관측,현재 상태를 판단할 자료가 부족합니다.,확인 부족
2025-11-19,RUSSELL,Russell 2000,주의,2,5일 -4.2% · 20일 -4.2% · 고점 대비 -6.8%,지표 고유의 상태와 다른 시장 영역의 동반 신호를 구분해 확인합니다.,낮음
2025-11-19,MA200,200일 이동평균 이격,확인 부족,-1,이력 부족: 0/200관측,현재 상태를 판단할 자료가 부족합니다.,확인 부족
2025-11-19,EW,동일가중 상대성과,관찰,1,RSP가 SPY 대비 20일 -2.1%p · 5일 상대성과 +0.01%p,지표 고유의 상태와 다른 시장 영역의 동반 신호를 구분해 확인합니다.,낮음
2025-11-19,CAPE,CAPE,확인 부족,-1,이력 부족: 0/120관측,현재 상태를 판단할 자료가 부족합니다.,확인 부족
2025-11-19,ADV,상승 종목 비율,확인 부족,-1,이력 부족: 0/21관측,현재 상태를 판단할 자료가 부족합니다.,확인 부족
2025-11-19,ABOVE200,200DMA 위 종목 비율,확인 부족,-1,이력 부족: 0/21관측,현재 상태를 판단할 자료가 부족합니다.,확인 부족
2025-11-19,HILO,52주 신고가-신저가 비율,확인 부족,-1,이력 부족: 0/21관측,현재 상태를 판단할 자료가 부족합니다.,확인 부족
2025-11-19,EFFR,미국 기준금리,정상,0,20관측 -23bp · 인하 · EFFR 변화는 목표범위 결정 자체와 구분,금리 하락 또는 상대관계 변화을 관찰합니다. 물가·고용·신용의 동반 움직임으로 의미를 구분합니다.,낮음
2025-11-19,US3M,미국 3개월물 국채수익률,확인 부족,-1,이력 부족: 0/25관측,현재 상태를 판단할 자료가 부족합니다.,확인 부족
2025-11-19,US2Y,미국 2년물 국채수익률,확인 부족,-1,이력 부족: 0/25관측,현재 상태를 판단할 자료가 부족합니다.,확인 부족
2025-11-19,US10Y,미국 10년물 국채수익률,확인 부족,-1,이력 부족: 0/25관측,현재 상태를 판단할 자료가 부족합니다.,확인 부족
2025-11-19,US30Y,미국 30년물 국채수익률,확인 부족,-1,이력 부족: 0/25관측,현재 상태를 판단할 자료가 부족합니다.,확인 부족
2025-11-19,REAL10,미국 10년물 실질금리,확인 부족,-1,이력 부족: 0/25관측,현재 상태를 판단할 자료가 부족합니다.,확인 부족
2025-11-19,TERM,미국 10년물 기간프리미엄,정상,0,과거 504관측 대비 62.9백분위 · 20일 +8bp,금리 상승에 따른 부담을 관찰합니다. 물가·고용·신용의 동반 움직임으로 의미를 구분합니다.,낮음
2025-11-19,CURVE2,미국 10년물-2년물 금리차,확인 부족,-1,이력 부족: 0/22관측,현재 상태를 판단할 자료가 부족합니다.,확인 부족
2025-11-19,CURVE3,미국 10년물-3개월물 금리차,확인 부족,-1,이력 부족: 0/22관측,현재 상태를 판단할 자료가 부족합니다.,확인 부족
2025-11-19,CURVEFED,미국 10년물-기준금리 차,확인 부족,-1,이력 부족: 0/22관측,현재 상태를 판단할 자료가 부족합니다.,확인 부족
2025-11-19,VIX,VIX,주의,2,VIX 23.7 · 5일 +35.1% · 20일 +27.2% · 5일 +6.1포인트,지표 고유의 상태와 다른 시장 영역의 동반 신호를 구분해 확인합니다.,낮음
2025-11-19,VIXPOS,VIX 1년 위치,참고,0,과거 252관측 대비 88.1백분위,최근 분포에서의 위치입니다. 별도 위험 신호로 중복 집계하지 않습니다.,낮음
2025-11-19,HY,하이일드 OAS,안정,0,HY 3.17%p · 5일 +15bp · 20일 +16bp,지표 고유의 상태와 다른 시장 영역의 동반 신호를 구분해 확인합니다.,보통
2025-11-19,BBB,BBB OAS,안정,0,BBB 1.07%p · 5일 +2bp · 20일 +5bp,지표 고유의 상태와 다른 시장 영역의 동반 신호를 구분해 확인합니다.,보통
2025-11-19,HYPOS,HY 1년 위치,참고,0,과거 252관측 대비 75.6백분위,최근 분포에서의 위치입니다. 별도 위험 신호로 중복 집계하지 않습니다.,보통
2025-11-19,UNEMP,미국 실업률,확인 부족,-1,월간 관측 누락: 달력 기간 계산 보류,현재 상태를 판단할 자료가 부족합니다.,확인 부족
2025-11-19,SAHM,Sahm Rule,확인 부족,-1,월간 관측 누락: 달력 기간 계산 보류,현재 상태를 판단할 자료가 부족합니다.,확인 부족
2025-11-19,CLAIMS,신규실업수당 4주평균,확인 부족,-1,이력 부족: 0/55관측,현재 상태를 판단할 자료가 부족합니다.,확인 부족
2025-11-19,CPI,CPI,확인 부족,-1,이력 부족: 0/16관측,현재 상태를 판단할 자료가 부족합니다.,확인 부족
2025-11-19,CORECPI,근원 CPI,확인 부족,-1,이력 부족: 0/16관측,현재 상태를 판단할 자료가 부족합니다.,확인 부족
2025-11-19,COREPCE,근원 PCE,확인 부족,-1,이력 부족: 0/16관측,현재 상태를 판단할 자료가 부족합니다.,확인 부족
2025-11-19,DXY,달러지수,확인 부족,-1,이력 부족: 0/147관측,현재 상태를 판단할 자료가 부족합니다.,확인 부족
2025-11-19,USDKRW,달러/원,확인 부족,-1,이력 부족: 0/147관측,현재 상태를 판단할 자료가 부족합니다.,확인 부족
2025-11-19,USDJPY,달러/엔,확인 부족,-1,이력 부족: 0/147관측,현재 상태를 판단할 자료가 부족합니다.,확인 부족
2025-11-19,WTI,WTI,확인 부족,-1,이력 부족: 0/147관측,현재 상태를 판단할 자료가 부족합니다.,확인 부족
2025-11-19,GOLD,금,정상,0,5일 -3.01% · 20일 +0.82% · 변동성 기준 80.4/19.4백분위,금 상승과 여러 시장의 불안 신호가 겹쳐 안전자산 선호와 부합합니다.,낮음
2025-11-19,SILVER,은,정상,0,5일 -4.77% · 20일 +7.01% · 변동성 기준 76.2/63.5백분위,가격 움직임은 확인되지만 원인을 구분할 교차 근거가 충분하지 않습니다.,낮음
2025-11-19,COPPER,구리,정상,0,5일 -1.60% · 20일 +0.95% · 변동성 기준 38.3/11.7백분위,가격 움직임은 확인되지만 원인을 구분할 교차 근거가 충분하지 않습니다.,낮음
2025-11-20,SP500,S&P500,확인 부족,-1,이력 부족: 0/252관측,현재 상태를 판단할 자료가 부족합니다.,확인 부족
2025-11-20,NASDAQ,Nasdaq,확인 부족,-1,이력 부족: 0/252관측,현재 상태를 판단할 자료가 부족합니다.,확인 부족
2025-11-20,RUSSELL,Russell 2000,관찰,1,5일 -3.3% · 20일 -7.2% · 고점 대비 -8.5%,지표 고유의 상태와 다른 시장 영역의 동반 신호를 구분해 확인합니다.,낮음
2025-11-20,MA200,200일 이동평균 이격,확인 부족,-1,이력 부족: 0/200관측,현재 상태를 판단할 자료가 부족합니다.,확인 부족
2025-11-20,EW,동일가중 상대성과,정상,0,RSP가 SPY 대비 20일 -1.6%p · 5일 상대성과 -0.21%p,지표 고유의 상태와 다른 시장 영역의 동반 신호를 구분해 확인합니다.,낮음
2025-11-20,CAPE,CAPE,확인 부족,-1,이력 부족: 0/120관측,현재 상태를 판단할 자료가 부족합니다.,확인 부족
2025-11-20,ADV,상승 종목 비율,확인 부족,-1,이력 부족: 0/21관측,현재 상태를 판단할 자료가 부족합니다.,확인 부족
2025-11-20,ABOVE200,200DMA 위 종목 비율,확인 부족,-1,이력 부족: 0/21관측,현재 상태를 판단할 자료가 부족합니다.,확인 부족
2025-11-20,HILO,52주 신고가-신저가 비율,확인 부족,-1,이력 부족: 0/21관측,현재 상태를 판단할 자료가 부족합니다.,확인 부족
2025-11-20,EFFR,미국 기준금리,정상,0,20관측 -23bp · 인하 · EFFR 변화는 목표범위 결정 자체와 구분,금리 하락 또는 상대관계 변화을 관찰합니다. 물가·고용·신용의 동반 움직임으로 의미를 구분합니다.,낮음
2025-11-20,US3M,미국 3개월물 국채수익률,확인 부족,-1,이력 부족: 0/25관측,현재 상태를 판단할 자료가 부족합니다.,확인 부족
2025-11-20,US2Y,미국 2년물 국채수익률,확인 부족,-1,이력 부족: 0/25관측,현재 상태를 판단할 자료가 부족합니다.,확인 부족
2025-11-20,US10Y,미국 10년물 국채수익률,확인 부족,-1,이력 부족: 0/25관측,현재 상태를 판단할 자료가 부족합니다.,확인 부족
2025-11-20,US30Y,미국 30년물 국채수익률,확인 부족,-1,이력 부족: 0/25관측,현재 상태를 판단할 자료가 부족합니다.,확인 부족
2025-11-20,REAL10,미국 10년물 실질금리,확인 부족,-1,이력 부족: 0/25관측,현재 상태를 판단할 자료가 부족합니다.,확인 부족
2025-11-20,TERM,미국 10년물 기간프리미엄,정상,0,과거 504관측 대비 59.7백분위 · 20일 +7bp,금리 상승에 따른 부담을 관찰합니다. 물가·고용·신용의 동반 움직임으로 의미를 구분합니다.,낮음
2025-11-20,CURVE2,미국 10년물-2년물 금리차,확인 부족,-1,이력 부족: 0/22관측,현재 상태를 판단할 자료가 부족합니다.,확인 부족
2025-11-20,CURVE3,미국 10년물-3개월물 금리차,확인 부족,-1,이력 부족: 0/22관측,현재 상태를 판단할 자료가 부족합니다.,확인 부족
2025-11-20,CURVEFED,미국 10년물-기준금리 차,확인 부족,-1,이력 부족: 0/22관측,현재 상태를 판단할 자료가 부족합니다.,확인 부족
2025-11-20,VIX,VIX,주의,2,VIX 26.4 · 5일 +32.1% · 20일 +52.7% · 5일 +6.4포인트,지표 고유의 상태와 다른 시장 영역의 동반 신호를 구분해 확인합니다.,낮음
2025-11-20,VIXPOS,VIX 1년 위치,참고,0,과거 252관측 대비 92.9백분위,최근 분포에서의 위치입니다. 별도 위험 신호로 중복 집계하지 않습니다.,낮음
2025-11-20,HY,하이일드 OAS,안정,0,HY 3.17%p · 5일 +8bp · 20일 +21bp,지표 고유의 상태와 다른 시장 영역의 동반 신호를 구분해 확인합니다.,보통
2025-11-20,BBB,BBB OAS,안정,0,BBB 1.08%p · 5일 +2bp · 20일 +8bp,지표 고유의 상태와 다른 시장 영역의 동반 신호를 구분해 확인합니다.,보통
2025-11-20,HYPOS,HY 1년 위치,참고,0,과거 252관측 대비 75.4백분위,최근 분포에서의 위치입니다. 별도 위험 신호로 중복 집계하지 않습니다.,보통
2025-11-20,UNEMP,미국 실업률,확인 부족,-1,월간 관측 누락: 달력 기간 계산 보류,현재 상태를 판단할 자료가 부족합니다.,확인 부족
2025-11-20,SAHM,Sahm Rule,확인 부족,-1,월간 관측 누락: 달력 기간 계산 보류,현재 상태를 판단할 자료가 부족합니다.,확인 부족
2025-11-20,CLAIMS,신규실업수당 4주평균,확인 부족,-1,이력 부족: 0/55관측,현재 상태를 판단할 자료가 부족합니다.,확인 부족
2025-11-20,CPI,CPI,확인 부족,-1,이력 부족: 0/16관측,현재 상태를 판단할 자료가 부족합니다.,확인 부족
2025-11-20,CORECPI,근원 CPI,확인 부족,-1,이력 부족: 0/16관측,현재 상태를 판단할 자료가 부족합니다.,확인 부족
2025-11-20,COREPCE,근원 PCE,확인 부족,-1,이력 부족: 0/16관측,현재 상태를 판단할 자료가 부족합니다.,확인 부족
2025-11-20,DXY,달러지수,확인 부족,-1,이력 부족: 0/147관측,현재 상태를 판단할 자료가 부족합니다.,확인 부족
2025-11-20,USDKRW,달러/원,확인 부족,-1,이력 부족: 0/147관측,현재 상태를 판단할 자료가 부족합니다.,확인 부족
2025-11-20,USDJPY,달러/엔,확인 부족,-1,이력 부족: 0/147관측,현재 상태를 판단할 자료가 부족합니다.,확인 부족
2025-11-20,WTI,WTI,확인 부족,-1,이력 부족: 0/147관측,현재 상태를 판단할 자료가 부족합니다.,확인 부족
2025-11-20,GOLD,금,정상,0,5일 -3.11% · 20일 -1.67% · 변동성 기준 81.5/33.1백분위,가격 움직임은 확인되지만 원인을 구분할 교차 근거가 충분하지 않습니다.,낮음
2025-11-20,SILVER,은,정상,0,5일 -5.33% · 20일 +3.64% · 변동성 기준 81.0/37.7백분위,가격 움직임은 확인되지만 원인을 구분할 교차 근거가 충분하지 않습니다.,낮음
2025-11-20,COPPER,구리,정상,0,5일 -2.52% · 20일 -2.41% · 변동성 기준 56.2/26.4백분위,가격 움직임은 확인되지만 원인을 구분할 교차 근거가 충분하지 않습니다.,낮음
2025-11-21,SP500,S&P500,확인 부족,-1,이력 부족: 0/252관측,현재 상태를 판단할 자료가 부족합니다.,확인 부족
2025-11-21,NASDAQ,Nasdaq,확인 부족,-1,이력 부족: 0/252관측,현재 상태를 판단할 자료가 부족합니다.,확인 부족
2025-11-21,RUSSELL,Russell 2000,관찰,1,5일 -0.8% · 20일 -5.7% · 고점 대비 -6.0%,지표 고유의 상태와 다른 시장 영역의 동반 신호를 구분해 확인합니다.,보통
2025-11-21,MA200,200일 이동평균 이격,확인 부족,-1,이력 부족: 0/200관측,현재 상태를 판단할 자료가 부족합니다.,확인 부족
2025-11-21,EW,동일가중 상대성과,정상,0,RSP가 SPY 대비 20일 -0.2%p · 5일 상대성과 +1.08%p,지표 고유의 상태와 다른 시장 영역의 동반 신호를 구분해 확인합니다.,보통
2025-11-21,CAPE,CAPE,확인 부족,-1,이력 부족: 0/120관측,현재 상태를 판단할 자료가 부족합니다.,확인 부족
2025-11-21,ADV,상승 종목 비율,확인 부족,-1,이력 부족: 0/21관측,현재 상태를 판단할 자료가 부족합니다.,확인 부족
2025-11-21,ABOVE200,200DMA 위 종목 비율,확인 부족,-1,이력 부족: 0/21관측,현재 상태를 판단할 자료가 부족합니다.,확인 부족
2025-11-21,HILO,52주 신고가-신저가 비율,확인 부족,-1,이력 부족: 0/21관측,현재 상태를 판단할 자료가 부족합니다.,확인 부족
2025-11-21,EFFR,미국 기준금리,정상,0,20관측 -23bp · 인하 · EFFR 변화는 목표범위 결정 자체와 구분,금리 하락 또는 상대관계 변화을 관찰합니다. 물가·고용·신용의 동반 움직임으로 의미를 구분합니다.,보통
2025-11-21,US3M,미국 3개월물 국채수익률,확인 부족,-1,이력 부족: 0/25관측,현재 상태를 판단할 자료가 부족합니다.,확인 부족
2025-11-21,US2Y,미국 2년물 국채수익률,확인 부족,-1,이력 부족: 0/25관측,현재 상태를 판단할 자료가 부족합니다.,확인 부족
2025-11-21,US10Y,미국 10년물 국채수익률,확인 부족,-1,이력 부족: 0/25관측,현재 상태를 판단할 자료가 부족합니다.,확인 부족
2025-11-21,US30Y,미국 30년물 국채수익률,확인 부족,-1,이력 부족: 0/25관측,현재 상태를 판단할 자료가 부족합니다.,확인 부족
2025-11-21,REAL10,미국 10년물 실질금리,확인 부족,-1,이력 부족: 0/25관측,현재 상태를 판단할 자료가 부족합니다.,확인 부족
2025-11-21,TERM,미국 10년물 기간프리미엄,정상,0,과거 504관측 대비 53.9백분위 · 20일 +4bp,금리 상승에 따른 부담을 관찰합니다. 물가·고용·신용의 동반 움직임으로 의미를 구분합니다.,보통
2025-11-21,CURVE2,미국 10년물-2년물 금리차,확인 부족,-1,이력 부족: 0/22관측,현재 상태를 판단할 자료가 부족합니다.,확인 부족
2025-11-21,CURVE3,미국 10년물-3개월물 금리차,확인 부족,-1,이력 부족: 0/22관측,현재 상태를 판단할 자료가 부족합니다.,확인 부족
2025-11-21,CURVEFED,미국 10년물-기준금리 차,확인 부족,-1,이력 부족: 0/22관측,현재 상태를 판단할 자료가 부족합니다.,확인 부족
2025-11-21,VIX,VIX,관찰,1,VIX 23.4 · 5일 +18.2% · 20일 +43.1% · 5일 +3.6포인트,지표 고유의 상태와 다른 시장 영역의 동반 신호를 구분해 확인합니다.,보통
2025-11-21,VIXPOS,VIX 1년 위치,참고,0,과거 252관측 대비 86.1백분위,최근 분포에서의 위치입니다. 별도 위험 신호로 중복 집계하지 않습니다.,보통
2025-11-21,HY,하이일드 OAS,관찰,1,HY 3.19%p · 5일 +12bp · 20일 +31bp,지표 고유의 상태와 다른 시장 영역의 동반 신호를 구분해 확인합니다.,보통
2025-11-21,BBB,BBB OAS,안정,0,BBB 1.09%p · 5일 +3bp · 20일 +11bp,지표 고유의 상태와 다른 시장 영역의 동반 신호를 구분해 확인합니다.,보통
2025-11-21,HYPOS,HY 1년 위치,참고,0,과거 252관측 대비 78.8백분위,최근 분포에서의 위치입니다. 별도 위험 신호로 중복 집계하지 않습니다.,보통
2025-11-21,UNEMP,미국 실업률,확인 부족,-1,월간 관측 누락: 달력 기간 계산 보류,현재 상태를 판단할 자료가 부족합니다.,확인 부족
2025-11-21,SAHM,Sahm Rule,확인 부족,-1,월간 관측 누락: 달력 기간 계산 보류,현재 상태를 판단할 자료가 부족합니다.,확인 부족
2025-11-21,CLAIMS,신규실업수당 4주평균,확인 부족,-1,이력 부족: 0/55관측,현재 상태를 판단할 자료가 부족합니다.,확인 부족
2025-11-21,CPI,CPI,확인 부족,-1,이력 부족: 0/16관측,현재 상태를 판단할 자료가 부족합니다.,확인 부족
2025-11-21,CORECPI,근원 CPI,확인 부족,-1,이력 부족: 0/16관측,현재 상태를 판단할 자료가 부족합니다.,확인 부족
2025-11-21,COREPCE,근원 PCE,확인 부족,-1,이력 부족: 0/16관측,현재 상태를 판단할 자료가 부족합니다.,확인 부족
2025-11-21,DXY,달러지수,확인 부족,-1,이력 부족: 0/147관측,현재 상태를 판단할 자료가 부족합니다.,확인 부족
2025-11-21,USDKRW,달러/원,확인 부족,-1,이력 부족: 0/147관측,현재 상태를 판단할 자료가 부족합니다.,확인 부족
2025-11-21,USDJPY,달러/엔,확인 부족,-1,이력 부족: 0/147관측,현재 상태를 판단할 자료가 부족합니다.,확인 부족
2025-11-21,WTI,WTI,확인 부족,-1,이력 부족: 0/147관측,현재 상태를 판단할 자료가 부족합니다.,확인 부족
2025-11-21,GOLD,금,정상,0,5일 -0.27% · 20일 -1.01% · 변동성 기준 9.3/22.6백분위,가격 움직임은 확인되지만 원인을 구분할 교차 근거가 충분하지 않습니다.,낮음
2025-11-21,SILVER,은,정상,0,5일 -1.42% · 20일 +3.09% · 변동성 기준 26.8/32.5백분위,가격 움직임은 확인되지만 원인을 구분할 교차 근거가 충분하지 않습니다.,낮음
2025-11-21,COPPER,구리,정상,0,5일 -0.81% · 20일 -1.67% · 변동성 기준 19.8/17.5백분위,가격 움직임은 확인되지만 원인을 구분할 교차 근거가 충분하지 않습니다.,낮음
2025-11-24,SP500,S&P500,확인 부족,-1,이력 부족: 0/252관측,현재 상태를 판단할 자료가 부족합니다.,확인 부족
2025-11-24,NASDAQ,Nasdaq,확인 부족,-1,이력 부족: 0/252관측,현재 상태를 판단할 자료가 부족합니다.,확인 부족
2025-11-24,RUSSELL,Russell 2000,정상,0,5일 +3.1% · 20일 -4.2% · 고점 대비 -4.2%,지표 고유의 상태와 다른 시장 영역의 동반 신호를 구분해 확인합니다.,보통
2025-11-24,MA200,200일 이동평균 이격,확인 부족,-1,이력 부족: 0/200관측,현재 상태를 판단할 자료가 부족합니다.,확인 부족
2025-11-24,EW,동일가중 상대성과,정상,0,RSP가 SPY 대비 20일 -0.5%p · 5일 상대성과 +0.43%p,지표 고유의 상태와 다른 시장 영역의 동반 신호를 구분해 확인합니다.,보통
2025-11-24,CAPE,CAPE,확인 부족,-1,이력 부족: 0/120관측,현재 상태를 판단할 자료가 부족합니다.,확인 부족
2025-11-24,ADV,상승 종목 비율,확인 부족,-1,이력 부족: 0/21관측,현재 상태를 판단할 자료가 부족합니다.,확인 부족
2025-11-24,ABOVE200,200DMA 위 종목 비율,확인 부족,-1,이력 부족: 0/21관측,현재 상태를 판단할 자료가 부족합니다.,확인 부족
2025-11-24,HILO,52주 신고가-신저가 비율,확인 부족,-1,이력 부족: 0/21관측,현재 상태를 판단할 자료가 부족합니다.,확인 부족
2025-11-24,EFFR,미국 기준금리,정상,0,20관측 -23bp · 인하 · EFFR 변화는 목표범위 결정 자체와 구분,금리 하락 또는 상대관계 변화을 관찰합니다. 물가·고용·신용의 동반 움직임으로 의미를 구분합니다.,낮음
2025-11-24,US3M,미국 3개월물 국채수익률,확인 부족,-1,이력 부족: 0/25관측,현재 상태를 판단할 자료가 부족합니다.,확인 부족
2025-11-24,US2Y,미국 2년물 국채수익률,확인 부족,-1,이력 부족: 0/25관측,현재 상태를 판단할 자료가 부족합니다.,확인 부족
2025-11-24,US10Y,미국 10년물 국채수익률,확인 부족,-1,이력 부족: 0/25관측,현재 상태를 판단할 자료가 부족합니다.,확인 부족
2025-11-24,US30Y,미국 30년물 국채수익률,확인 부족,-1,이력 부족: 0/25관측,현재 상태를 판단할 자료가 부족합니다.,확인 부족
2025-11-24,REAL10,미국 10년물 실질금리,확인 부족,-1,이력 부족: 0/25관측,현재 상태를 판단할 자료가 부족합니다.,확인 부족
2025-11-24,TERM,미국 10년물 기간프리미엄,정상,0,과거 504관측 대비 51.4백분위 · 20일 +2bp,금리 상승에 따른 부담을 관찰합니다. 물가·고용·신용의 동반 움직임으로 의미를 구분합니다.,낮음
2025-11-24,CURVE2,미국 10년물-2년물 금리차,확인 부족,-1,이력 부족: 0/22관측,현재 상태를 판단할 자료가 부족합니다.,확인 부족
2025-11-24,CURVE3,미국 10년물-3개월물 금리차,확인 부족,-1,이력 부족: 0/22관측,현재 상태를 판단할 자료가 부족합니다.,확인 부족
2025-11-24,CURVEFED,미국 10년물-기준금리 차,확인 부족,-1,이력 부족: 0/22관측,현재 상태를 판단할 자료가 부족합니다.,확인 부족
2025-11-24,VIX,VIX,관찰,1,VIX 20.5 · 5일 -8.3% · 20일 +30.0% · 5일 -1.9포인트,지표 고유의 상태와 다른 시장 영역의 동반 신호를 구분해 확인합니다.,낮음
2025-11-24,VIXPOS,VIX 1년 위치,참고,0,과거 252관측 대비 75.8백분위,최근 분포에서의 위치입니다. 별도 위험 신호로 중복 집계하지 않습니다.,낮음
2025-11-24,HY,하이일드 OAS,관찰,1,HY 3.15%p · 5일 +2bp · 20일 +35bp,지표 고유의 상태와 다른 시장 영역의 동반 신호를 구분해 확인합니다.,낮음
2025-11-24,BBB,BBB OAS,안정,0,BBB 1.08%p · 5일 +2bp · 20일 +11bp,지표 고유의 상태와 다른 시장 영역의 동반 신호를 구분해 확인합니다.,낮음
2025-11-24,HYPOS,HY 1년 위치,참고,0,과거 252관측 대비 71.8백분위,최근 분포에서의 위치입니다. 별도 위험 신호로 중복 집계하지 않습니다.,낮음
2025-11-24,UNEMP,미국 실업률,확인 부족,-1,월간 관측 누락: 달력 기간 계산 보류,현재 상태를 판단할 자료가 부족합니다.,확인 부족
2025-11-24,SAHM,Sahm Rule,확인 부족,-1,월간 관측 누락: 달력 기간 계산 보류,현재 상태를 판단할 자료가 부족합니다.,확인 부족
2025-11-24,CLAIMS,신규실업수당 4주평균,확인 부족,-1,이력 부족: 0/55관측,현재 상태를 판단할 자료가 부족합니다.,확인 부족
2025-11-24,CPI,CPI,확인 부족,-1,이력 부족: 0/16관측,현재 상태를 판단할 자료가 부족합니다.,확인 부족
2025-11-24,CORECPI,근원 CPI,확인 부족,-1,이력 부족: 0/16관측,현재 상태를 판단할 자료가 부족합니다.,확인 부족
2025-11-24,COREPCE,근원 PCE,확인 부족,-1,이력 부족: 0/16관측,현재 상태를 판단할 자료가 부족합니다.,확인 부족
2025-11-24,DXY,달러지수,확인 부족,-1,이력 부족: 0/147관측,현재 상태를 판단할 자료가 부족합니다.,확인 부족
2025-11-24,USDKRW,달러/원,확인 부족,-1,이력 부족: 0/147관측,현재 상태를 판단할 자료가 부족합니다.,확인 부족
2025-11-24,USDJPY,달러/엔,확인 부족,-1,이력 부족: 0/147관측,현재 상태를 판단할 자료가 부족합니다.,확인 부족
2025-11-24,WTI,WTI,확인 부족,-1,이력 부족: 0/147관측,현재 상태를 판단할 자료가 부족합니다.,확인 부족
2025-11-24,GOLD,금,정상,0,5일 +0.58% · 20일 +2.25% · 변동성 기준 18.8/40.9백분위,금 상승과 여러 시장의 불안 신호가 겹쳐 안전자산 선호와 부합합니다.,낮음
2025-11-24,SILVER,은,정상,0,5일 -0.65% · 20일 +8.02% · 변동성 기준 12.7/69.6백분위,가격 움직임은 확인되지만 원인을 구분할 교차 근거가 충분하지 않습니다.,낮음
2025-11-24,COPPER,구리,정상,0,5일 -0.76% · 20일 -3.47% · 변동성 기준 18.5/36.5백분위,가격 움직임은 확인되지만 원인을 구분할 교차 근거가 충분하지 않습니다.,낮음
2025-11-25,SP500,S&P500,확인 부족,-1,이력 부족: 0/252관측,현재 상태를 판단할 자료가 부족합니다.,확인 부족
2025-11-25,NASDAQ,Nasdaq,확인 부족,-1,이력 부족: 0/252관측,현재 상태를 판단할 자료가 부족합니다.,확인 부족
2025-11-25,RUSSELL,Russell 2000,정상,0,5일 +5.0% · 20일 -1.6% · 고점 대비 -2.2%,지표 고유의 상태와 다른 시장 영역의 동반 신호를 구분해 확인합니다.,낮음
2025-11-25,MA200,200일 이동평균 이격,확인 부족,-1,이력 부족: 0/200관측,현재 상태를 판단할 자료가 부족합니다.,확인 부족
2025-11-25,EW,동일가중 상대성과,정상,0,RSP가 SPY 대비 20일 +1.1%p · 5일 상대성과 +0.00%p,지표 고유의 상태와 다른 시장 영역의 동반 신호를 구분해 확인합니다.,낮음
2025-11-25,CAPE,CAPE,확인 부족,-1,이력 부족: 0/120관측,현재 상태를 판단할 자료가 부족합니다.,확인 부족
2025-11-25,ADV,상승 종목 비율,확인 부족,-1,이력 부족: 0/21관측,현재 상태를 판단할 자료가 부족합니다.,확인 부족
2025-11-25,ABOVE200,200DMA 위 종목 비율,확인 부족,-1,이력 부족: 0/21관측,현재 상태를 판단할 자료가 부족합니다.,확인 부족
2025-11-25,HILO,52주 신고가-신저가 비율,확인 부족,-1,이력 부족: 0/21관측,현재 상태를 판단할 자료가 부족합니다.,확인 부족
2025-11-25,EFFR,미국 기준금리,정상,0,20관측 -24bp · 인하 · EFFR 변화는 목표범위 결정 자체와 구분,금리 하락 또는 상대관계 변화을 관찰합니다. 물가·고용·신용의 동반 움직임으로 의미를 구분합니다.,낮음
2025-11-25,US3M,미국 3개월물 국채수익률,확인 부족,-1,이력 부족: 0/25관측,현재 상태를 판단할 자료가 부족합니다.,확인 부족
2025-11-25,US2Y,미국 2년물 국채수익률,확인 부족,-1,이력 부족: 0/25관측,현재 상태를 판단할 자료가 부족합니다.,확인 부족
2025-11-25,US10Y,미국 10년물 국채수익률,확인 부족,-1,이력 부족: 0/25관측,현재 상태를 판단할 자료가 부족합니다.,확인 부족
2025-11-25,US30Y,미국 30년물 국채수익률,확인 부족,-1,이력 부족: 0/25관측,현재 상태를 판단할 자료가 부족합니다.,확인 부족
2025-11-25,REAL10,미국 10년물 실질금리,확인 부족,-1,이력 부족: 0/25관측,현재 상태를 판단할 자료가 부족합니다.,확인 부족
2025-11-25,TERM,미국 10년물 기간프리미엄,정상,0,과거 504관측 대비 48.0백분위 · 20일 -0bp,금리 하락 또는 상대관계 변화을 관찰합니다. 물가·고용·신용의 동반 움직임으로 의미를 구분합니다.,낮음
2025-11-25,CURVE2,미국 10년물-2년물 금리차,확인 부족,-1,이력 부족: 0/22관측,현재 상태를 판단할 자료가 부족합니다.,확인 부족
2025-11-25,CURVE3,미국 10년물-3개월물 금리차,확인 부족,-1,이력 부족: 0/22관측,현재 상태를 판단할 자료가 부족합니다.,확인 부족
2025-11-25,CURVEFED,미국 10년물-기준금리 차,확인 부족,-1,이력 부족: 0/22관측,현재 상태를 판단할 자료가 부족합니다.,확인 부족
2025-11-25,VIX,VIX,정상,0,VIX 18.6 · 5일 -24.8% · 20일 +13.0% · 5일 -6.1포인트,지표 고유의 상태와 다른 시장 영역의 동반 신호를 구분해 확인합니다.,낮음
2025-11-25,VIXPOS,VIX 1년 위치,참고,0,과거 252관측 대비 63.5백분위,최근 분포에서의 위치입니다. 별도 위험 신호로 중복 집계하지 않습니다.,낮음
2025-11-25,HY,하이일드 OAS,안정,0,HY 3.10%p · 5일 -10bp · 20일 +28bp,지표 고유의 상태와 다른 시장 영역의 동반 신호를 구분해 확인합니다.,낮음
2025-11-25,BBB,BBB OAS,안정,0,BBB 1.07%p · 5일 +0bp · 20일 +10bp,지표 고유의 상태와 다른 시장 영역의 동반 신호를 구분해 확인합니다.,낮음
2025-11-25,HYPOS,HY 1년 위치,참고,0,과거 252관측 대비 66.7백분위,최근 분포에서의 위치입니다. 별도 위험 신호로 중복 집계하지 않습니다.,낮음
2025-11-25,UNEMP,미국 실업률,확인 부족,-1,월간 관측 누락: 달력 기간 계산 보류,현재 상태를 판단할 자료가 부족합니다.,확인 부족
2025-11-25,SAHM,Sahm Rule,확인 부족,-1,월간 관측 누락: 달력 기간 계산 보류,현재 상태를 판단할 자료가 부족합니다.,확인 부족
2025-11-25,CLAIMS,신규실업수당 4주평균,확인 부족,-1,이력 부족: 0/55관측,현재 상태를 판단할 자료가 부족합니다.,확인 부족
2025-11-25,CPI,CPI,확인 부족,-1,이력 부족: 0/16관측,현재 상태를 판단할 자료가 부족합니다.,확인 부족
2025-11-25,CORECPI,근원 CPI,확인 부족,-1,이력 부족: 0/16관측,현재 상태를 판단할 자료가 부족합니다.,확인 부족
2025-11-25,COREPCE,근원 PCE,확인 부족,-1,이력 부족: 0/16관측,현재 상태를 판단할 자료가 부족합니다.,확인 부족
2025-11-25,DXY,달러지수,확인 부족,-1,이력 부족: 0/147관측,현재 상태를 판단할 자료가 부족합니다.,확인 부족
2025-11-25,USDKRW,달러/원,확인 부족,-1,이력 부족: 0/147관측,현재 상태를 판단할 자료가 부족합니다.,확인 부족
2025-11-25,USDJPY,달러/엔,확인 부족,-1,이력 부족: 0/147관측,현재 상태를 판단할 자료가 부족합니다.,확인 부족
2025-11-25,WTI,WTI,확인 부족,-1,이력 부족: 0/147관측,현재 상태를 판단할 자료가 부족합니다.,확인 부족
2025-11-25,GOLD,금,정상,0,5일 +1.92% · 20일 +4.36% · 변동성 기준 59.5/66.1백분위,가격 움직임은 확인되지만 원인을 구분할 교차 근거가 충분하지 않습니다.,낮음
2025-11-25,SILVER,은,정상,0,5일 +0.96% · 20일 +8.08% · 변동성 기준 18.7/70.4백분위,금과 은이 함께 상승합니다. 귀금속 공통 흐름을 확인합니다.,낮음
2025-11-25,COPPER,구리,정상,0,5일 +0.75% · 20일 -2.74% · 변동성 기준 17.9/31.2백분위,가격 움직임은 확인되지만 원인을 구분할 교차 근거가 충분하지 않습니다.,낮음
2025-11-26,SP500,S&P500,확인 부족,-1,이력 부족: 0/252관측,현재 상태를 판단할 자료가 부족합니다.,확인 부족
2025-11-26,NASDAQ,Nasdaq,확인 부족,-1,이력 부족: 0/252관측,현재 상태를 판단할 자료가 부족합니다.,확인 부족
2025-11-26,RUSSELL,Russell 2000,정상,0,5일 +5.9% · 20일 +0.1% · 고점 대비 -1.4%,지표 고유의 상태와 다른 시장 영역의 동반 신호를 구분해 확인합니다.,낮음
2025-11-26,MA200,200일 이동평균 이격,확인 부족,-1,이력 부족: 0/200관측,현재 상태를 판단할 자료가 부족합니다.,확인 부족
2025-11-26,EW,동일가중 상대성과,정상,0,RSP가 SPY 대비 20일 +2.3%p · 5일 상대성과 +0.72%p,지표 고유의 상태와 다른 시장 영역의 동반 신호를 구분해 확인합니다.,낮음
2025-11-26,CAPE,CAPE,확인 부족,-1,이력 부족: 0/120관측,현재 상태를 판단할 자료가 부족합니다.,확인 부족
2025-11-26,ADV,상승 종목 비율,확인 부족,-1,이력 부족: 0/21관측,현재 상태를 판단할 자료가 부족합니다.,확인 부족
2025-11-26,ABOVE200,200DMA 위 종목 비율,확인 부족,-1,이력 부족: 0/21관측,현재 상태를 판단할 자료가 부족합니다.,확인 부족
2025-11-26,HILO,52주 신고가-신저가 비율,확인 부족,-1,이력 부족: 0/21관측,현재 상태를 판단할 자료가 부족합니다.,확인 부족
2025-11-26,EFFR,미국 기준금리,정상,0,20관측 -24bp · 인하 · EFFR 변화는 목표범위 결정 자체와 구분,금리 하락 또는 상대관계 변화을 관찰합니다. 물가·고용·신용의 동반 움직임으로 의미를 구분합니다.,낮음
2025-11-26,US3M,미국 3개월물 국채수익률,확인 부족,-1,이력 부족: 0/25관측,현재 상태를 판단할 자료가 부족합니다.,확인 부족
2025-11-26,US2Y,미국 2년물 국채수익률,확인 부족,-1,이력 부족: 0/25관측,현재 상태를 판단할 자료가 부족합니다.,확인 부족
2025-11-26,US10Y,미국 10년물 국채수익률,확인 부족,-1,이력 부족: 0/25관측,현재 상태를 판단할 자료가 부족합니다.,확인 부족
2025-11-26,US30Y,미국 30년물 국채수익률,확인 부족,-1,이력 부족: 0/25관측,현재 상태를 판단할 자료가 부족합니다.,확인 부족
2025-11-26,REAL10,미국 10년물 실질금리,확인 부족,-1,이력 부족: 0/25관측,현재 상태를 판단할 자료가 부족합니다.,확인 부족
2025-11-26,TERM,미국 10년물 기간프리미엄,정상,0,과거 504관측 대비 46.6백분위 · 20일 -1bp,금리 하락 또는 상대관계 변화을 관찰합니다. 물가·고용·신용의 동반 움직임으로 의미를 구분합니다.,낮음
2025-11-26,CURVE2,미국 10년물-2년물 금리차,확인 부족,-1,이력 부족: 0/22관측,현재 상태를 판단할 자료가 부족합니다.,확인 부족
2025-11-26,CURVE3,미국 10년물-3개월물 금리차,확인 부족,-1,이력 부족: 0/22관측,현재 상태를 판단할 자료가 부족합니다.,확인 부족
2025-11-26,CURVEFED,미국 10년물-기준금리 차,확인 부족,-1,이력 부족: 0/22관측,현재 상태를 판단할 자료가 부족합니다.,확인 부족
2025-11-26,VIX,VIX,정상,0,VIX 17.2 · 5일 -27.3% · 20일 +1.6% · 5일 -6.5포인트,지표 고유의 상태와 다른 시장 영역의 동반 신호를 구분해 확인합니다.,낮음
2025-11-26,VIXPOS,VIX 1년 위치,참고,0,과거 252관측 대비 47.2백분위,최근 분포에서의 위치입니다. 별도 위험 신호로 중복 집계하지 않습니다.,낮음
2025-11-26,HY,하이일드 OAS,안정,0,HY 3.00%p · 5일 -17bp · 20일 +24bp,지표 고유의 상태와 다른 시장 영역의 동반 신호를 구분해 확인합니다.,낮음
2025-11-26,BBB,BBB OAS,안정,0,BBB 1.05%p · 5일 -2bp · 20일 +9bp,지표 고유의 상태와 다른 시장 영역의 동반 신호를 구분해 확인합니다.,낮음
2025-11-26,HYPOS,HY 1년 위치,참고,0,과거 252관측 대비 58.1백분위,최근 분포에서의 위치입니다. 별도 위험 신호로 중복 집계하지 않습니다.,낮음
2025-11-26,UNEMP,미국 실업률,확인 부족,-1,월간 관측 누락: 달력 기간 계산 보류,현재 상태를 판단할 자료가 부족합니다.,확인 부족
2025-11-26,SAHM,Sahm Rule,확인 부족,-1,월간 관측 누락: 달력 기간 계산 보류,현재 상태를 판단할 자료가 부족합니다.,확인 부족
2025-11-26,CLAIMS,신규실업수당 4주평균,확인 부족,-1,이력 부족: 0/55관측,현재 상태를 판단할 자료가 부족합니다.,확인 부족
2025-11-26,CPI,CPI,확인 부족,-1,이력 부족: 0/16관측,현재 상태를 판단할 자료가 부족합니다.,확인 부족
2025-11-26,CORECPI,근원 CPI,확인 부족,-1,이력 부족: 0/16관측,현재 상태를 판단할 자료가 부족합니다.,확인 부족
2025-11-26,COREPCE,근원 PCE,확인 부족,-1,이력 부족: 0/16관측,현재 상태를 판단할 자료가 부족합니다.,확인 부족
2025-11-26,DXY,달러지수,확인 부족,-1,이력 부족: 0/147관측,현재 상태를 판단할 자료가 부족합니다.,확인 부족
2025-11-26,USDKRW,달러/원,확인 부족,-1,이력 부족: 0/147관측,현재 상태를 판단할 자료가 부족합니다.,확인 부족
2025-11-26,USDJPY,달러/엔,확인 부족,-1,이력 부족: 0/147관측,현재 상태를 판단할 자료가 부족합니다.,확인 부족
2025-11-26,WTI,WTI,확인 부족,-1,이력 부족: 0/147관측,현재 상태를 판단할 자료가 부족합니다.,확인 부족
2025-11-26,GOLD,금,정상,0,5일 +2.15% · 20일 +4.56% · 변동성 기준 64.9/66.7백분위,가격 움직임은 확인되지만 원인을 구분할 교차 근거가 충분하지 않습니다.,낮음
2025-11-26,SILVER,은,정상,0,5일 +4.19% · 20일 +10.89% · 변동성 기준 70.4/84.5백분위,금과 은이 함께 상승합니다. 귀금속 공통 흐름을 확인합니다.,낮음
2025-11-26,COPPER,구리,정상,0,5일 +1.93% · 20일 -2.46% · 변동성 기준 47.4/27.6백분위,가격 움직임은 확인되지만 원인을 구분할 교차 근거가 충분하지 않습니다.,낮음
2025-11-28,SP500,S&P500,확인 부족,-1,이력 부족: 0/252관측,현재 상태를 판단할 자료가 부족합니다.,확인 부족
2025-11-28,NASDAQ,Nasdaq,확인 부족,-1,이력 부족: 0/252관측,현재 상태를 판단할 자료가 부족합니다.,확인 부족
2025-11-28,RUSSELL,Russell 2000,정상,0,5일 +8.5% · 20일 +1.4% · 고점 대비 -0.8%,지표 고유의 상태와 다른 시장 영역의 동반 신호를 구분해 확인합니다.,낮음
2025-11-28,MA200,200일 이동평균 이격,확인 부족,-1,이력 부족: 0/200관측,현재 상태를 판단할 자료가 부족합니다.,확인 부족
2025-11-28,EW,동일가중 상대성과,정상,0,RSP가 SPY 대비 20일 +1.6%p · 5일 상대성과 +0.40%p,지표 고유의 상태와 다른 시장 영역의 동반 신호를 구분해 확인합니다.,낮음
2025-11-28,CAPE,CAPE,확인 부족,-1,이력 부족: 0/120관측,현재 상태를 판단할 자료가 부족합니다.,확인 부족
2025-11-28,ADV,상승 종목 비율,확인 부족,-1,이력 부족: 0/21관측,현재 상태를 판단할 자료가 부족합니다.,확인 부족
2025-11-28,ABOVE200,200DMA 위 종목 비율,확인 부족,-1,이력 부족: 0/21관측,현재 상태를 판단할 자료가 부족합니다.,확인 부족
2025-11-28,HILO,52주 신고가-신저가 비율,확인 부족,-1,이력 부족: 0/21관측,현재 상태를 판단할 자료가 부족합니다.,확인 부족
2025-11-28,EFFR,미국 기준금리,정상,0,20관측 -23bp · 인하 · EFFR 변화는 목표범위 결정 자체와 구분,금리 하락 또는 상대관계 변화을 관찰합니다. 물가·고용·신용의 동반 움직임으로 의미를 구분합니다.,낮음
2025-11-28,US3M,미국 3개월물 국채수익률,확인 부족,-1,이력 부족: 0/25관측,현재 상태를 판단할 자료가 부족합니다.,확인 부족
2025-11-28,US2Y,미국 2년물 국채수익률,확인 부족,-1,이력 부족: 0/25관측,현재 상태를 판단할 자료가 부족합니다.,확인 부족
2025-11-28,US10Y,미국 10년물 국채수익률,확인 부족,-1,이력 부족: 0/25관측,현재 상태를 판단할 자료가 부족합니다.,확인 부족
2025-11-28,US30Y,미국 30년물 국채수익률,확인 부족,-1,이력 부족: 0/25관측,현재 상태를 판단할 자료가 부족합니다.,확인 부족
2025-11-28,REAL10,미국 10년물 실질금리,확인 부족,-1,이력 부족: 0/25관측,현재 상태를 판단할 자료가 부족합니다.,확인 부족
2025-11-28,TERM,미국 10년물 기간프리미엄,정상,0,과거 504관측 대비 49.2백분위 · 20일 -3bp,금리 하락 또는 상대관계 변화을 관찰합니다. 물가·고용·신용의 동반 움직임으로 의미를 구분합니다.,낮음
2025-11-28,CURVE2,미국 10년물-2년물 금리차,확인 부족,-1,이력 부족: 0/22관측,현재 상태를 판단할 자료가 부족합니다.,확인 부족
2025-11-28,CURVE3,미국 10년물-3개월물 금리차,확인 부족,-1,이력 부족: 0/22관측,현재 상태를 판단할 자료가 부족합니다.,확인 부족
2025-11-28,CURVEFED,미국 10년물-기준금리 차,확인 부족,-1,이력 부족: 0/22관측,현재 상태를 판단할 자료가 부족합니다.,확인 부족
2025-11-28,VIX,VIX,정상,0,VIX 16.4 · 5일 -30.2% · 20일 -6.2% · 5일 -7.1포인트,지표 고유의 상태와 다른 시장 영역의 동반 신호를 구분해 확인합니다.,낮음
2025-11-28,VIXPOS,VIX 1년 위치,참고,0,과거 252관측 대비 30.4백분위,최근 분포에서의 위치입니다. 별도 위험 신호로 중복 집계하지 않습니다.,낮음
2025-11-28,HY,하이일드 OAS,안정,0,HY 2.95%p · 5일 -24bp · 20일 +1bp,지표 고유의 상태와 다른 시장 영역의 동반 신호를 구분해 확인합니다.,낮음
2025-11-28,BBB,BBB OAS,안정,0,BBB 1.04%p · 5일 -5bp · 20일 +2bp,지표 고유의 상태와 다른 시장 영역의 동반 신호를 구분해 확인합니다.,낮음
2025-11-28,HYPOS,HY 1년 위치,참고,0,과거 252관측 대비 52.0백분위,최근 분포에서의 위치입니다. 별도 위험 신호로 중복 집계하지 않습니다.,낮음
2025-11-28,UNEMP,미국 실업률,확인 부족,-1,월간 관측 누락: 달력 기간 계산 보류,현재 상태를 판단할 자료가 부족합니다.,확인 부족
2025-11-28,SAHM,Sahm Rule,확인 부족,-1,월간 관측 누락: 달력 기간 계산 보류,현재 상태를 판단할 자료가 부족합니다.,확인 부족
2025-11-28,CLAIMS,신규실업수당 4주평균,확인 부족,-1,이력 부족: 0/55관측,현재 상태를 판단할 자료가 부족합니다.,확인 부족
2025-11-28,CPI,CPI,확인 부족,-1,이력 부족: 0/16관측,현재 상태를 판단할 자료가 부족합니다.,확인 부족
2025-11-28,CORECPI,근원 CPI,확인 부족,-1,이력 부족: 0/16관측,현재 상태를 판단할 자료가 부족합니다.,확인 부족
2025-11-28,COREPCE,근원 PCE,확인 부족,-1,이력 부족: 0/16관측,현재 상태를 판단할 자료가 부족합니다.,확인 부족
2025-11-28,DXY,달러지수,확인 부족,-1,이력 부족: 0/147관측,현재 상태를 판단할 자료가 부족합니다.,확인 부족
2025-11-28,USDKRW,달러/원,확인 부족,-1,이력 부족: 0/147관측,현재 상태를 판단할 자료가 부족합니다.,확인 부족
2025-11-28,USDJPY,달러/엔,확인 부족,-1,이력 부족: 0/147관측,현재 상태를 판단할 자료가 부족합니다.,확인 부족
2025-11-28,WTI,WTI,확인 부족,-1,이력 부족: 0/147관측,현재 상태를 판단할 자료가 부족합니다.,확인 부족
2025-11-28,GOLD,금,관찰,1,5일 +3.99% · 20일 +5.42% · 변동성 기준 90.3/72.6백분위,가격 움직임은 확인되지만 원인을 구분할 교차 근거가 충분하지 않습니다.,낮음
2025-11-28,SILVER,은,주의,2,5일 +12.34% · 20일 +16.56% · 변동성 기준 99.0/97.4백분위,금과 은이 함께 상승합니다. 귀금속 공통 흐름을 확인합니다.,낮음
2025-11-28,COPPER,구리,정상,0,5일 +4.56% · 20일 +2.12% · 변동성 기준 82.5/22.2백분위,가격 움직임은 확인되지만 원인을 구분할 교차 근거가 충분하지 않습니다.,낮음
2025-12-01,SP500,S&P500,확인 부족,-1,이력 부족: 0/252관측,현재 상태를 판단할 자료가 부족합니다.,확인 부족
2025-12-01,NASDAQ,Nasdaq,확인 부족,-1,이력 부족: 0/252관측,현재 상태를 판단할 자료가 부족합니다.,확인 부족
2025-12-01,RUSSELL,Russell 2000,정상,0,5일 +4.2% · 20일 -0.4% · 고점 대비 -2.0%,지표 고유의 상태와 다른 시장 영역의 동반 신호를 구분해 확인합니다.,낮음
2025-12-01,MA200,200일 이동평균 이격,확인 부족,-1,이력 부족: 0/200관측,현재 상태를 판단할 자료가 부족합니다.,확인 부족
2025-12-01,EW,동일가중 상대성과,정상,0,RSP가 SPY 대비 20일 +1.5%p · 5일 상대성과 -0.82%p,지표 고유의 상태와 다른 시장 영역의 동반 신호를 구분해 확인합니다.,낮음
2025-12-01,CAPE,CAPE,확인 부족,-1,이력 부족: 0/120관측,현재 상태를 판단할 자료가 부족합니다.,확인 부족
2025-12-01,ADV,상승 종목 비율,확인 부족,-1,이력 부족: 0/21관측,현재 상태를 판단할 자료가 부족합니다.,확인 부족
2025-12-01,ABOVE200,200DMA 위 종목 비율,확인 부족,-1,이력 부족: 0/21관측,현재 상태를 판단할 자료가 부족합니다.,확인 부족
2025-12-01,HILO,52주 신고가-신저가 비율,확인 부족,-1,이력 부족: 0/21관측,현재 상태를 판단할 자료가 부족합니다.,확인 부족
2025-12-01,EFFR,미국 기준금리,정상,0,20관측 +2bp · 인상 · EFFR 변화는 목표범위 결정 자체와 구분,금리 상승에 따른 부담을 관찰합니다. 물가·고용·신용의 동반 움직임으로 의미를 구분합니다.,낮음
2025-12-01,US3M,미국 3개월물 국채수익률,확인 부족,-1,이력 부족: 0/25관측,현재 상태를 판단할 자료가 부족합니다.,확인 부족
2025-12-01,US2Y,미국 2년물 국채수익률,확인 부족,-1,이력 부족: 0/25관측,현재 상태를 판단할 자료가 부족합니다.,확인 부족
2025-12-01,US10Y,미국 10년물 국채수익률,확인 부족,-1,이력 부족: 0/25관측,현재 상태를 판단할 자료가 부족합니다.,확인 부족
2025-12-01,US30Y,미국 30년물 국채수익률,확인 부족,-1,이력 부족: 0/25관측,현재 상태를 판단할 자료가 부족합니다.,확인 부족
2025-12-01,REAL10,미국 10년물 실질금리,확인 부족,-1,이력 부족: 0/25관측,현재 상태를 판단할 자료가 부족합니다.,확인 부족
2025-12-01,TERM,미국 10년물 기간프리미엄,정상,0,과거 504관측 대비 57.5백분위 · 20일 -1bp,금리 하락 또는 상대관계 변화을 관찰합니다. 물가·고용·신용의 동반 움직임으로 의미를 구분합니다.,낮음
2025-12-01,CURVE2,미국 10년물-2년물 금리차,확인 부족,-1,이력 부족: 0/22관측,현재 상태를 판단할 자료가 부족합니다.,확인 부족
2025-12-01,CURVE3,미국 10년물-3개월물 금리차,확인 부족,-1,이력 부족: 0/22관측,현재 상태를 판단할 자료가 부족합니다.,확인 부족
2025-12-01,CURVEFED,미국 10년물-기준금리 차,확인 부족,-1,이력 부족: 0/22관측,현재 상태를 판단할 자료가 부족합니다.,확인 부족
2025-12-01,VIX,VIX,정상,0,VIX 17.2 · 5일 -16.0% · 20일 +0.4% · 5일 -3.3포인트,지표 고유의 상태와 다른 시장 영역의 동반 신호를 구분해 확인합니다.,낮음
2025-12-01,VIXPOS,VIX 1년 위치,참고,0,과거 252관측 대비 48.4백분위,최근 분포에서의 위치입니다. 별도 위험 신호로 중복 집계하지 않습니다.,낮음
2025-12-01,HY,하이일드 OAS,안정,0,HY 2.94%p · 5일 -16bp · 20일 -19bp,지표 고유의 상태와 다른 시장 영역의 동반 신호를 구분해 확인합니다.,낮음
2025-12-01,BBB,BBB OAS,안정,0,BBB 1.04%p · 5일 -3bp · 20일 +0bp,지표 고유의 상태와 다른 시장 영역의 동반 신호를 구분해 확인합니다.,낮음
2025-12-01,HYPOS,HY 1년 위치,참고,0,과거 252관측 대비 49.0백분위,최근 분포에서의 위치입니다. 별도 위험 신호로 중복 집계하지 않습니다.,낮음
2025-12-01,UNEMP,미국 실업률,확인 부족,-1,월간 관측 누락: 달력 기간 계산 보류,현재 상태를 판단할 자료가 부족합니다.,확인 부족
2025-12-01,SAHM,Sahm Rule,확인 부족,-1,월간 관측 누락: 달력 기간 계산 보류,현재 상태를 판단할 자료가 부족합니다.,확인 부족
2025-12-01,CLAIMS,신규실업수당 4주평균,확인 부족,-1,이력 부족: 0/55관측,현재 상태를 판단할 자료가 부족합니다.,확인 부족
2025-12-01,CPI,CPI,확인 부족,-1,이력 부족: 0/16관측,현재 상태를 판단할 자료가 부족합니다.,확인 부족
2025-12-01,CORECPI,근원 CPI,확인 부족,-1,이력 부족: 0/16관측,현재 상태를 판단할 자료가 부족합니다.,확인 부족
2025-12-01,COREPCE,근원 PCE,확인 부족,-1,이력 부족: 0/16관측,현재 상태를 판단할 자료가 부족합니다.,확인 부족
2025-12-01,DXY,달러지수,확인 부족,-1,이력 부족: 0/147관측,현재 상태를 판단할 자료가 부족합니다.,확인 부족
2025-12-01,USDKRW,달러/원,확인 부족,-1,이력 부족: 0/147관측,현재 상태를 판단할 자료가 부족합니다.,확인 부족
2025-12-01,USDJPY,달러/엔,확인 부족,-1,이력 부족: 0/147관측,현재 상태를 판단할 자료가 부족합니다.,확인 부족
2025-12-01,WTI,WTI,확인 부족,-1,이력 부족: 0/147관측,현재 상태를 판단할 자료가 부족합니다.,확인 부족
2025-12-01,GOLD,금,관찰,1,5일 +3.99% · 20일 +6.46% · 변동성 기준 90.1/80.8백분위,가격 움직임은 확인되지만 원인을 구분할 교차 근거가 충분하지 않습니다.,낮음
2025-12-01,SILVER,은,주의,2,5일 +17.13% · 20일 +21.72% · 변동성 기준 100.0/99.4백분위,금과 은이 함께 상승합니다. 귀금속 공통 흐름을 확인합니다.,낮음
2025-12-01,COPPER,구리,정상,0,5일 +4.20% · 20일 +3.03% · 변동성 기준 78.6/34.3백분위,가격 움직임은 확인되지만 원인을 구분할 교차 근거가 충분하지 않습니다.,낮음
2025-12-02,SP500,S&P500,확인 부족,-1,이력 부족: 0/252관측,현재 상태를 판단할 자료가 부족합니다.,확인 부족
2025-12-02,NASDAQ,Nasdaq,확인 부족,-1,이력 부족: 0/252관측,현재 상태를 판단할 자료가 부족합니다.,확인 부족
2025-12-02,RUSSELL,Russell 2000,정상,0,5일 +2.1% · 20일 -0.3% · 고점 대비 -2.2%,지표 고유의 상태와 다른 시장 영역의 동반 신호를 구분해 확인합니다.,낮음
2025-12-02,MA200,200일 이동평균 이격,확인 부족,-1,이력 부족: 0/200관측,현재 상태를 판단할 자료가 부족합니다.,확인 부족
2025-12-02,EW,동일가중 상대성과,정상,0,RSP가 SPY 대비 20일 +1.6%p · 5일 상대성과 -0.03%p,지표 고유의 상태와 다른 시장 영역의 동반 신호를 구분해 확인합니다.,낮음
2025-12-02,CAPE,CAPE,확인 부족,-1,이력 부족: 0/120관측,현재 상태를 판단할 자료가 부족합니다.,확인 부족
2025-12-02,ADV,상승 종목 비율,확인 부족,-1,이력 부족: 0/21관측,현재 상태를 판단할 자료가 부족합니다.,확인 부족
2025-12-02,ABOVE200,200DMA 위 종목 비율,확인 부족,-1,이력 부족: 0/21관측,현재 상태를 판단할 자료가 부족합니다.,확인 부족
2025-12-02,HILO,52주 신고가-신저가 비율,확인 부족,-1,이력 부족: 0/21관측,현재 상태를 판단할 자료가 부족합니다.,확인 부족
2025-12-02,EFFR,미국 기준금리,정상,0,20관측 +3bp · 인상 · EFFR 변화는 목표범위 결정 자체와 구분,금리 상승에 따른 부담을 관찰합니다. 물가·고용·신용의 동반 움직임으로 의미를 구분합니다.,낮음
2025-12-02,US3M,미국 3개월물 국채수익률,확인 부족,-1,이력 부족: 0/25관측,현재 상태를 판단할 자료가 부족합니다.,확인 부족
2025-12-02,US2Y,미국 2년물 국채수익률,확인 부족,-1,이력 부족: 0/25관측,현재 상태를 판단할 자료가 부족합니다.,확인 부족
2025-12-02,US10Y,미국 10년물 국채수익률,확인 부족,-1,이력 부족: 0/25관측,현재 상태를 판단할 자료가 부족합니다.,확인 부족
2025-12-02,US30Y,미국 30년물 국채수익률,확인 부족,-1,이력 부족: 0/25관측,현재 상태를 판단할 자료가 부족합니다.,확인 부족
2025-12-02,REAL10,미국 10년물 실질금리,확인 부족,-1,이력 부족: 0/25관측,현재 상태를 판단할 자료가 부족합니다.,확인 부족
2025-12-02,TERM,미국 10년물 기간프리미엄,정상,0,과거 504관측 대비 60.9백분위 · 20일 -0bp,금리 하락 또는 상대관계 변화을 관찰합니다. 물가·고용·신용의 동반 움직임으로 의미를 구분합니다.,낮음
2025-12-02,CURVE2,미국 10년물-2년물 금리차,확인 부족,-1,이력 부족: 0/22관측,현재 상태를 판단할 자료가 부족합니다.,확인 부족
2025-12-02,CURVE3,미국 10년물-3개월물 금리차,확인 부족,-1,이력 부족: 0/22관측,현재 상태를 판단할 자료가 부족합니다.,확인 부족
2025-12-02,CURVEFED,미국 10년물-기준금리 차,확인 부족,-1,이력 부족: 0/22관측,현재 상태를 판단할 자료가 부족합니다.,확인 부족
2025-12-02,VIX,VIX,정상,0,VIX 16.6 · 5일 -10.6% · 20일 -12.7% · 5일 -2.0포인트,지표 고유의 상태와 다른 시장 영역의 동반 신호를 구분해 확인합니다.,낮음
2025-12-02,VIXPOS,VIX 1년 위치,참고,0,과거 252관측 대비 36.3백분위,최근 분포에서의 위치입니다. 별도 위험 신호로 중복 집계하지 않습니다.,낮음
2025-12-02,HY,하이일드 OAS,안정,0,HY 2.92%p · 5일 -8bp · 20일 -13bp,지표 고유의 상태와 다른 시장 영역의 동반 신호를 구분해 확인합니다.,낮음
2025-12-02,BBB,BBB OAS,안정,0,BBB 1.03%p · 5일 -2bp · 20일 +1bp,지표 고유의 상태와 다른 시장 영역의 동반 신호를 구분해 확인합니다.,낮음
2025-12-02,HYPOS,HY 1년 위치,참고,0,과거 252관측 대비 45.4백분위,최근 분포에서의 위치입니다. 별도 위험 신호로 중복 집계하지 않습니다.,낮음
2025-12-02,UNEMP,미국 실업률,확인 부족,-1,월간 관측 누락: 달력 기간 계산 보류,현재 상태를 판단할 자료가 부족합니다.,확인 부족
2025-12-02,SAHM,Sahm Rule,확인 부족,-1,월간 관측 누락: 달력 기간 계산 보류,현재 상태를 판단할 자료가 부족합니다.,확인 부족
2025-12-02,CLAIMS,신규실업수당 4주평균,확인 부족,-1,이력 부족: 0/55관측,현재 상태를 판단할 자료가 부족합니다.,확인 부족
2025-12-02,CPI,CPI,확인 부족,-1,이력 부족: 0/16관측,현재 상태를 판단할 자료가 부족합니다.,확인 부족
2025-12-02,CORECPI,근원 CPI,확인 부족,-1,이력 부족: 0/16관측,현재 상태를 판단할 자료가 부족합니다.,확인 부족
2025-12-02,COREPCE,근원 PCE,확인 부족,-1,이력 부족: 0/16관측,현재 상태를 판단할 자료가 부족합니다.,확인 부족
2025-12-02,DXY,달러지수,확인 부족,-1,이력 부족: 0/147관측,현재 상태를 판단할 자료가 부족합니다.,확인 부족
2025-12-02,USDKRW,달러/원,확인 부족,-1,이력 부족: 0/147관측,현재 상태를 판단할 자료가 부족합니다.,확인 부족
2025-12-02,USDJPY,달러/엔,확인 부족,-1,이력 부족: 0/147관측,현재 상태를 판단할 자료가 부족합니다.,확인 부족
2025-12-02,WTI,WTI,확인 부족,-1,이력 부족: 0/147관측,현재 상태를 판단할 자료가 부족합니다.,확인 부족
2025-12-02,GOLD,금,정상,0,5일 +2.31% · 20일 +4.66% · 변동성 기준 67.7/67.3백분위,가격 움직임은 확인되지만 원인을 구분할 교차 근거가 충분하지 않습니다.,낮음
2025-12-02,SILVER,은,주의,2,5일 +15.29% · 20일 +21.08% · 변동성 기준 99.6/99.2백분위,금과 은이 함께 상승합니다. 귀금속 공통 흐름을 확인합니다.,낮음
2025-12-02,COPPER,구리,정상,0,5일 +4.01% · 20일 +2.26% · 변동성 기준 76.4/24.4백분위,가격 움직임은 확인되지만 원인을 구분할 교차 근거가 충분하지 않습니다.,낮음
2025-12-03,SP500,S&P500,확인 부족,-1,이력 부족: 0/252관측,현재 상태를 판단할 자료가 부족합니다.,확인 부족
2025-12-03,NASDAQ,Nasdaq,확인 부족,-1,이력 부족: 0/252관측,현재 상태를 판단할 자료가 부족합니다.,확인 부족
2025-12-03,RUSSELL,Russell 2000,정상,0,5일 +1.9% · 20일 +3.5% · 고점 대비 -0.3%,지표 고유의 상태와 다른 시장 영역의 동반 신호를 구분해 확인합니다.,낮음
2025-12-03,MA200,200일 이동평균 이격,확인 부족,-1,이력 부족: 0/200관측,현재 상태를 판단할 자료가 부족합니다.,확인 부족
2025-12-03,EW,동일가중 상대성과,정상,0,RSP가 SPY 대비 20일 +1.5%p · 5일 상대성과 -0.09%p,지표 고유의 상태와 다른 시장 영역의 동반 신호를 구분해 확인합니다.,낮음
2025-12-03,CAPE,CAPE,확인 부족,-1,이력 부족: 0/120관측,현재 상태를 판단할 자료가 부족합니다.,확인 부족
2025-12-03,ADV,상승 종목 비율,확인 부족,-1,이력 부족: 0/21관측,현재 상태를 판단할 자료가 부족합니다.,확인 부족
2025-12-03,ABOVE200,200DMA 위 종목 비율,확인 부족,-1,이력 부족: 0/21관측,현재 상태를 판단할 자료가 부족합니다.,확인 부족
2025-12-03,HILO,52주 신고가-신저가 비율,확인 부족,-1,이력 부족: 0/21관측,현재 상태를 판단할 자료가 부족합니다.,확인 부족
2025-12-03,EFFR,미국 기준금리,정상,0,20관측 +2bp · 인상 · EFFR 변화는 목표범위 결정 자체와 구분,금리 상승에 따른 부담을 관찰합니다. 물가·고용·신용의 동반 움직임으로 의미를 구분합니다.,낮음
2025-12-03,US3M,미국 3개월물 국채수익률,확인 부족,-1,이력 부족: 0/25관측,현재 상태를 판단할 자료가 부족합니다.,확인 부족
2025-12-03,US2Y,미국 2년물 국채수익률,확인 부족,-1,이력 부족: 0/25관측,현재 상태를 판단할 자료가 부족합니다.,확인 부족
2025-12-03,US10Y,미국 10년물 국채수익률,확인 부족,-1,이력 부족: 0/25관측,현재 상태를 판단할 자료가 부족합니다.,확인 부족
2025-12-03,US30Y,미국 30년물 국채수익률,확인 부족,-1,이력 부족: 0/25관측,현재 상태를 판단할 자료가 부족합니다.,확인 부족
2025-12-03,REAL10,미국 10년물 실질금리,확인 부족,-1,이력 부족: 0/25관측,현재 상태를 판단할 자료가 부족합니다.,확인 부족
2025-12-03,TERM,미국 10년물 기간프리미엄,정상,0,과거 504관측 대비 59.4백분위 · 20일 -1bp,금리 하락 또는 상대관계 변화을 관찰합니다. 물가·고용·신용의 동반 움직임으로 의미를 구분합니다.,낮음
2025-12-03,CURVE2,미국 10년물-2년물 금리차,확인 부족,-1,이력 부족: 0/22관측,현재 상태를 판단할 자료가 부족합니다.,확인 부족
2025-12-03,CURVE3,미국 10년물-3개월물 금리차,확인 부족,-1,이력 부족: 0/22관측,현재 상태를 판단할 자료가 부족합니다.,확인 부족
2025-12-03,CURVEFED,미국 10년물-기준금리 차,확인 부족,-1,이력 부족: 0/22관측,현재 상태를 판단할 자료가 부족합니다.,확인 부족
2025-12-03,VIX,VIX,정상,0,VIX 16.1 · 5일 -6.5% · 20일 -10.7% · 5일 -1.1포인트,지표 고유의 상태와 다른 시장 영역의 동반 신호를 구분해 확인합니다.,낮음
2025-12-03,VIXPOS,VIX 1년 위치,참고,0,과거 252관측 대비 24.6백분위,최근 분포에서의 위치입니다. 별도 위험 신호로 중복 집계하지 않습니다.,낮음
2025-12-03,HY,하이일드 OAS,안정,0,HY 2.89%p · 5일 -11bp · 20일 -24bp,지표 고유의 상태와 다른 시장 영역의 동반 신호를 구분해 확인합니다.,낮음
2025-12-03,BBB,BBB OAS,안정,0,BBB 1.03%p · 5일 -2bp · 20일 -1bp,지표 고유의 상태와 다른 시장 영역의 동반 신호를 구분해 확인합니다.,낮음
2025-12-03,HYPOS,HY 1년 위치,참고,0,과거 252관측 대비 41.1백분위,최근 분포에서의 위치입니다. 별도 위험 신호로 중복 집계하지 않습니다.,낮음
2025-12-03,UNEMP,미국 실업률,확인 부족,-1,월간 관측 누락: 달력 기간 계산 보류,현재 상태를 판단할 자료가 부족합니다.,확인 부족
2025-12-03,SAHM,Sahm Rule,확인 부족,-1,월간 관측 누락: 달력 기간 계산 보류,현재 상태를 판단할 자료가 부족합니다.,확인 부족
2025-12-03,CLAIMS,신규실업수당 4주평균,확인 부족,-1,이력 부족: 0/55관측,현재 상태를 판단할 자료가 부족합니다.,확인 부족
2025-12-03,CPI,CPI,확인 부족,-1,이력 부족: 0/16관측,현재 상태를 판단할 자료가 부족합니다.,확인 부족
2025-12-03,CORECPI,근원 CPI,확인 부족,-1,이력 부족: 0/16관측,현재 상태를 판단할 자료가 부족합니다.,확인 부족
2025-12-03,COREPCE,근원 PCE,확인 부족,-1,이력 부족: 0/16관측,현재 상태를 판단할 자료가 부족합니다.,확인 부족
2025-12-03,DXY,달러지수,확인 부족,-1,이력 부족: 0/147관측,현재 상태를 판단할 자료가 부족합니다.,확인 부족
2025-12-03,USDKRW,달러/원,확인 부족,-1,이력 부족: 0/147관측,현재 상태를 판단할 자료가 부족합니다.,확인 부족
2025-12-03,USDJPY,달러/엔,확인 부족,-1,이력 부족: 0/147관측,현재 상태를 판단할 자료가 부족합니다.,확인 부족
2025-12-03,WTI,WTI,확인 부족,-1,이력 부족: 0/147관측,현재 상태를 판단할 자료가 부족합니다.,확인 부족
2025-12-03,GOLD,금,정상,0,5일 +1.45% · 20일 +6.37% · 변동성 기준 47.0/80.4백분위,가격 움직임은 확인되지만 원인을 구분할 교차 근거가 충분하지 않습니다.,낮음
2025-12-03,SILVER,은,주의,2,5일 +13.72% · 20일 +22.90% · 변동성 기준 99.0/99.8백분위,금과 은이 함께 상승합니다. 귀금속 공통 흐름을 확인합니다.,낮음
2025-12-03,COPPER,구리,관찰,1,5일 +6.17% · 20일 +7.75% · 변동성 기준 92.3/71.6백분위,가격 움직임은 확인되지만 원인을 구분할 교차 근거가 충분하지 않습니다.,낮음
2025-12-04,SP500,S&P500,확인 부족,-1,이력 부족: 0/252관측,현재 상태를 판단할 자료가 부족합니다.,확인 부족
2025-12-04,NASDAQ,Nasdaq,확인 부족,-1,이력 부족: 0/252관측,현재 상태를 판단할 자료가 부족합니다.,확인 부족
2025-12-04,RUSSELL,Russell 2000,정상,0,5일 +1.8% · 20일 +2.7% · 고점 대비 0.0%,지표 고유의 상태와 다른 시장 영역의 동반 신호를 구분해 확인합니다.,낮음
2025-12-04,MA200,200일 이동평균 이격,확인 부족,-1,이력 부족: 0/200관측,현재 상태를 판단할 자료가 부족합니다.,확인 부족
2025-12-04,EW,동일가중 상대성과,정상,0,RSP가 SPY 대비 20일 +1.3%p · 5일 상대성과 -0.14%p,지표 고유의 상태와 다른 시장 영역의 동반 신호를 구분해 확인합니다.,낮음
2025-12-04,CAPE,CAPE,확인 부족,-1,이력 부족: 0/120관측,현재 상태를 판단할 자료가 부족합니다.,확인 부족
2025-12-04,ADV,상승 종목 비율,확인 부족,-1,이력 부족: 0/21관측,현재 상태를 판단할 자료가 부족합니다.,확인 부족
2025-12-04,ABOVE200,200DMA 위 종목 비율,확인 부족,-1,이력 부족: 0/21관측,현재 상태를 판단할 자료가 부족합니다.,확인 부족
2025-12-04,HILO,52주 신고가-신저가 비율,확인 부족,-1,이력 부족: 0/21관측,현재 상태를 판단할 자료가 부족합니다.,확인 부족
2025-12-04,EFFR,미국 기준금리,정상,0,20관측 +2bp · 인상 · EFFR 변화는 목표범위 결정 자체와 구분,금리 상승에 따른 부담을 관찰합니다. 물가·고용·신용의 동반 움직임으로 의미를 구분합니다.,낮음
2025-12-04,US3M,미국 3개월물 국채수익률,확인 부족,-1,이력 부족: 0/25관측,현재 상태를 판단할 자료가 부족합니다.,확인 부족
2025-12-04,US2Y,미국 2년물 국채수익률,확인 부족,-1,이력 부족: 0/25관측,현재 상태를 판단할 자료가 부족합니다.,확인 부족
2025-12-04,US10Y,미국 10년물 국채수익률,확인 부족,-1,이력 부족: 0/25관측,현재 상태를 판단할 자료가 부족합니다.,확인 부족
2025-12-04,US30Y,미국 30년물 국채수익률,확인 부족,-1,이력 부족: 0/25관측,현재 상태를 판단할 자료가 부족합니다.,확인 부족
2025-12-04,REAL10,미국 10년물 실질금리,확인 부족,-1,이력 부족: 0/25관측,현재 상태를 판단할 자료가 부족합니다.,확인 부족
2025-12-04,TERM,미국 10년물 기간프리미엄,정상,0,과거 504관측 대비 69.6백분위 · 20일 +2bp,금리 상승에 따른 부담을 관찰합니다. 물가·고용·신용의 동반 움직임으로 의미를 구분합니다.,낮음
2025-12-04,CURVE2,미국 10년물-2년물 금리차,확인 부족,-1,이력 부족: 0/22관측,현재 상태를 판단할 자료가 부족합니다.,확인 부족
2025-12-04,CURVE3,미국 10년물-3개월물 금리차,확인 부족,-1,이력 부족: 0/22관측,현재 상태를 판단할 자료가 부족합니다.,확인 부족
2025-12-04,CURVEFED,미국 10년물-기준금리 차,확인 부족,-1,이력 부족: 0/22관측,현재 상태를 판단할 자료가 부족합니다.,확인 부족
2025-12-04,VIX,VIX,정상,0,VIX 15.8 · 5일 -8.3% · 20일 -19.1% · 5일 -1.4포인트,지표 고유의 상태와 다른 시장 영역의 동반 신호를 구분해 확인합니다.,낮음
2025-12-04,VIXPOS,VIX 1년 위치,참고,0,과거 252관측 대비 19.2백분위,최근 분포에서의 위치입니다. 별도 위험 신호로 중복 집계하지 않습니다.,낮음
2025-12-04,HY,하이일드 OAS,안정,0,HY 2.88%p · 5일 -7bp · 20일 -27bp,지표 고유의 상태와 다른 시장 영역의 동반 신호를 구분해 확인합니다.,낮음
2025-12-04,BBB,BBB OAS,안정,0,BBB 1.02%p · 5일 -2bp · 20일 -4bp,지표 고유의 상태와 다른 시장 영역의 동반 신호를 구분해 확인합니다.,낮음
2025-12-04,HYPOS,HY 1년 위치,참고,0,과거 252관측 대비 38.5백분위,최근 분포에서의 위치입니다. 별도 위험 신호로 중복 집계하지 않습니다.,낮음
2025-12-04,UNEMP,미국 실업률,확인 부족,-1,월간 관측 누락: 달력 기간 계산 보류,현재 상태를 판단할 자료가 부족합니다.,확인 부족
2025-12-04,SAHM,Sahm Rule,확인 부족,-1,월간 관측 누락: 달력 기간 계산 보류,현재 상태를 판단할 자료가 부족합니다.,확인 부족
2025-12-04,CLAIMS,신규실업수당 4주평균,확인 부족,-1,이력 부족: 0/55관측,현재 상태를 판단할 자료가 부족합니다.,확인 부족
2025-12-04,CPI,CPI,확인 부족,-1,이력 부족: 0/16관측,현재 상태를 판단할 자료가 부족합니다.,확인 부족
2025-12-04,CORECPI,근원 CPI,확인 부족,-1,이력 부족: 0/16관측,현재 상태를 판단할 자료가 부족합니다.,확인 부족
2025-12-04,COREPCE,근원 PCE,확인 부족,-1,이력 부족: 0/16관측,현재 상태를 판단할 자료가 부족합니다.,확인 부족
2025-12-04,DXY,달러지수,확인 부족,-1,이력 부족: 0/147관측,현재 상태를 판단할 자료가 부족합니다.,확인 부족
2025-12-04,USDKRW,달러/원,확인 부족,-1,이력 부족: 0/147관측,현재 상태를 판단할 자료가 부족합니다.,확인 부족
2025-12-04,USDJPY,달러/엔,확인 부족,-1,이력 부족: 0/147관측,현재 상태를 판단할 자료가 부족합니다.,확인 부족
2025-12-04,WTI,WTI,확인 부족,-1,이력 부족: 0/147관측,현재 상태를 판단할 자료가 부족합니다.,확인 부족
2025-12-04,GOLD,금,정상,0,5일 +1.12% · 20일 +5.82% · 변동성 기준 37.3/75.2백분위,가격 움직임은 확인되지만 원인을 구분할 교차 근거가 충분하지 않습니다.,낮음
2025-12-04,SILVER,은,주의,2,5일 +7.43% · 20일 +18.77% · 변동성 기준 91.3/98.8백분위,금과 은이 함께 상승합니다. 귀금속 공통 흐름을 확인합니다.,낮음
2025-12-04,COPPER,구리,정상,0,5일 +3.66% · 20일 +6.62% · 변동성 기준 70.6/64.3백분위,가격 움직임은 확인되지만 원인을 구분할 교차 근거가 충분하지 않습니다.,낮음
2025-12-05,SP500,S&P500,확인 부족,-1,이력 부족: 0/252관측,현재 상태를 판단할 자료가 부족합니다.,확인 부족
2025-12-05,NASDAQ,Nasdaq,확인 부족,-1,이력 부족: 0/252관측,현재 상태를 판단할 자료가 부족합니다.,확인 부족
2025-12-05,RUSSELL,Russell 2000,정상,0,5일 +0.8% · 20일 +4.2% · 고점 대비 -0.4%,지표 고유의 상태와 다른 시장 영역의 동반 신호를 구분해 확인합니다.,낮음
2025-12-05,MA200,200일 이동평균 이격,확인 부족,-1,이력 부족: 0/200관측,현재 상태를 판단할 자료가 부족합니다.,확인 부족
2025-12-05,EW,동일가중 상대성과,정상,0,RSP가 SPY 대비 20일 +0.9%p · 5일 상대성과 -0.09%p,지표 고유의 상태와 다른 시장 영역의 동반 신호를 구분해 확인합니다.,낮음
2025-12-05,CAPE,CAPE,확인 부족,-1,이력 부족: 0/120관측,현재 상태를 판단할 자료가 부족합니다.,확인 부족
2025-12-05,ADV,상승 종목 비율,확인 부족,-1,이력 부족: 0/21관측,현재 상태를 판단할 자료가 부족합니다.,확인 부족
2025-12-05,ABOVE200,200DMA 위 종목 비율,확인 부족,-1,이력 부족: 0/21관측,현재 상태를 판단할 자료가 부족합니다.,확인 부족
2025-12-05,HILO,52주 신고가-신저가 비율,확인 부족,-1,이력 부족: 0/21관측,현재 상태를 판단할 자료가 부족합니다.,확인 부족
2025-12-05,EFFR,미국 기준금리,정상,0,20관측 +2bp · 인상 · EFFR 변화는 목표범위 결정 자체와 구분,금리 상승에 따른 부담을 관찰합니다. 물가·고용·신용의 동반 움직임으로 의미를 구분합니다.,낮음
2025-12-05,US3M,미국 3개월물 국채수익률,확인 부족,-1,이력 부족: 0/25관측,현재 상태를 판단할 자료가 부족합니다.,확인 부족
2025-12-05,US2Y,미국 2년물 국채수익률,확인 부족,-1,이력 부족: 0/25관측,현재 상태를 판단할 자료가 부족합니다.,확인 부족
2025-12-05,US10Y,미국 10년물 국채수익률,확인 부족,-1,이력 부족: 0/25관측,현재 상태를 판단할 자료가 부족합니다.,확인 부족
2025-12-05,US30Y,미국 30년물 국채수익률,확인 부족,-1,이력 부족: 0/25관측,현재 상태를 판단할 자료가 부족합니다.,확인 부족
2025-12-05,REAL10,미국 10년물 실질금리,확인 부족,-1,이력 부족: 0/25관측,현재 상태를 판단할 자료가 부족합니다.,확인 부족
2025-12-05,TERM,미국 10년물 기간프리미엄,정상,0,과거 504관측 대비 76.4백분위 · 20일 +2bp,금리 상승에 따른 부담을 관찰합니다. 물가·고용·신용의 동반 움직임으로 의미를 구분합니다.,낮음
2025-12-05,CURVE2,미국 10년물-2년물 금리차,확인 부족,-1,이력 부족: 0/22관측,현재 상태를 판단할 자료가 부족합니다.,확인 부족
2025-12-05,CURVE3,미국 10년물-3개월물 금리차,확인 부족,-1,이력 부족: 0/22관측,현재 상태를 판단할 자료가 부족합니다.,확인 부족
2025-12-05,CURVEFED,미국 10년물-기준금리 차,확인 부족,-1,이력 부족: 0/22관측,현재 상태를 판단할 자료가 부족합니다.,확인 부족
2025-12-05,VIX,VIX,정상,0,VIX 15.4 · 5일 -5.7% · 20일 -19.2% · 5일 -0.9포인트,지표 고유의 상태와 다른 시장 영역의 동반 신호를 구분해 확인합니다.,낮음
2025-12-05,VIXPOS,VIX 1년 위치,참고,0,과거 252관측 대비 14.7백분위,최근 분포에서의 위치입니다. 별도 위험 신호로 중복 집계하지 않습니다.,낮음
2025-12-05,HY,하이일드 OAS,안정,0,HY 2.85%p · 5일 -7bp · 20일 -17bp,지표 고유의 상태와 다른 시장 영역의 동반 신호를 구분해 확인합니다.,낮음
2025-12-05,BBB,BBB OAS,안정,0,BBB 1.01%p · 5일 -4bp · 20일 -4bp,지표 고유의 상태와 다른 시장 영역의 동반 신호를 구분해 확인합니다.,낮음
2025-12-05,HYPOS,HY 1년 위치,참고,0,과거 252관측 대비 32.7백분위,최근 분포에서의 위치입니다. 별도 위험 신호로 중복 집계하지 않습니다.,낮음
2025-12-05,UNEMP,미국 실업률,확인 부족,-1,월간 관측 누락: 달력 기간 계산 보류,현재 상태를 판단할 자료가 부족합니다.,확인 부족
2025-12-05,SAHM,Sahm Rule,확인 부족,-1,월간 관측 누락: 달력 기간 계산 보류,현재 상태를 판단할 자료가 부족합니다.,확인 부족
2025-12-05,CLAIMS,신규실업수당 4주평균,확인 부족,-1,이력 부족: 0/55관측,현재 상태를 판단할 자료가 부족합니다.,확인 부족
2025-12-05,CPI,CPI,확인 부족,-1,이력 부족: 0/16관측,현재 상태를 판단할 자료가 부족합니다.,확인 부족
2025-12-05,CORECPI,근원 CPI,확인 부족,-1,이력 부족: 0/16관측,현재 상태를 판단할 자료가 부족합니다.,확인 부족
2025-12-05,COREPCE,근원 PCE,확인 부족,-1,이력 부족: 0/16관측,현재 상태를 판단할 자료가 부족합니다.,확인 부족
2025-12-05,DXY,달러지수,확인 부족,-1,이력 부족: 0/147관측,현재 상태를 판단할 자료가 부족합니다.,확인 부족
2025-12-05,USDKRW,달러/원,확인 부족,-1,이력 부족: 0/147관측,현재 상태를 판단할 자료가 부족합니다.,확인 부족
2025-12-05,USDJPY,달러/엔,확인 부족,-1,이력 부족: 0/147관측,현재 상태를 판단할 자료가 부족합니다.,확인 부족
2025-12-05,WTI,WTI,확인 부족,-1,이력 부족: 0/147관측,현재 상태를 판단할 자료가 부족합니다.,확인 부족
2025-12-05,GOLD,금,정상,0,5일 -0.13% · 20일 +5.85% · 변동성 기준 5.4/75.2백분위,가격 움직임은 확인되지만 원인을 구분할 교차 근거가 충분하지 않습니다.,낮음
2025-12-05,SILVER,은,주의,2,5일 +3.50% · 20일 +22.24% · 변동성 기준 62.3/99.4백분위,금과 은이 함께 상승합니다. 귀금속 공통 흐름을 확인합니다.,낮음
2025-12-05,COPPER,구리,정상,0,5일 +3.79% · 20일 +8.83% · 변동성 기준 72.8/76.4백분위,가격 움직임은 확인되지만 원인을 구분할 교차 근거가 충분하지 않습니다.,낮음
2025-12-08,SP500,S&P500,확인 부족,-1,이력 부족: 0/252관측,현재 상태를 판단할 자료가 부족합니다.,확인 부족
2025-12-08,NASDAQ,Nasdaq,확인 부족,-1,이력 부족: 0/252관측,현재 상태를 판단할 자료가 부족합니다.,확인 부족
2025-12-08,RUSSELL,Russell 2000,정상,0,5일 +2.1% · 20일 +3.6% · 고점 대비 -0.4%,지표 고유의 상태와 다른 시장 영역의 동반 신호를 구분해 확인합니다.,낮음
2025-12-08,MA200,200일 이동평균 이격,확인 부족,-1,이력 부족: 0/200관측,현재 상태를 판단할 자료가 부족합니다.,확인 부족
2025-12-08,EW,동일가중 상대성과,정상,0,RSP가 SPY 대비 20일 -0.1%p · 5일 상대성과 -0.16%p,지표 고유의 상태와 다른 시장 영역의 동반 신호를 구분해 확인합니다.,낮음
2025-12-08,CAPE,CAPE,확인 부족,-1,이력 부족: 0/120관측,현재 상태를 판단할 자료가 부족합니다.,확인 부족
2025-12-08,ADV,상승 종목 비율,확인 부족,-1,이력 부족: 0/21관측,현재 상태를 판단할 자료가 부족합니다.,확인 부족
2025-12-08,ABOVE200,200DMA 위 종목 비율,확인 부족,-1,이력 부족: 0/21관측,현재 상태를 판단할 자료가 부족합니다.,확인 부족
2025-12-08,HILO,52주 신고가-신저가 비율,확인 부족,-1,이력 부족: 0/21관측,현재 상태를 판단할 자료가 부족합니다.,확인 부족
2025-12-08,EFFR,미국 기준금리,정상,0,20관측 +2bp · 인상 · EFFR 변화는 목표범위 결정 자체와 구분,금리 상승에 따른 부담을 관찰합니다. 물가·고용·신용의 동반 움직임으로 의미를 구분합니다.,낮음
2025-12-08,US3M,미국 3개월물 국채수익률,확인 부족,-1,이력 부족: 0/25관측,현재 상태를 판단할 자료가 부족합니다.,확인 부족
2025-12-08,US2Y,미국 2년물 국채수익률,확인 부족,-1,이력 부족: 0/25관측,현재 상태를 판단할 자료가 부족합니다.,확인 부족
2025-12-08,US10Y,미국 10년물 국채수익률,확인 부족,-1,이력 부족: 0/25관측,현재 상태를 판단할 자료가 부족합니다.,확인 부족
2025-12-08,US30Y,미국 30년물 국채수익률,확인 부족,-1,이력 부족: 0/25관측,현재 상태를 판단할 자료가 부족합니다.,확인 부족
2025-12-08,REAL10,미국 10년물 실질금리,확인 부족,-1,이력 부족: 0/25관측,현재 상태를 판단할 자료가 부족합니다.,확인 부족
2025-12-08,TERM,미국 10년물 기간프리미엄,정상,0,과거 504관측 대비 81.7백분위 · 20일 +6bp,금리 상승에 따른 부담을 관찰합니다. 물가·고용·신용의 동반 움직임으로 의미를 구분합니다.,낮음
2025-12-08,CURVE2,미국 10년물-2년물 금리차,확인 부족,-1,이력 부족: 0/22관측,현재 상태를 판단할 자료가 부족합니다.,확인 부족
2025-12-08,CURVE3,미국 10년물-3개월물 금리차,확인 부족,-1,이력 부족: 0/22관측,현재 상태를 판단할 자료가 부족합니다.,확인 부족
2025-12-08,CURVEFED,미국 10년물-기준금리 차,확인 부족,-1,이력 부족: 0/22관측,현재 상태를 판단할 자료가 부족합니다.,확인 부족
2025-12-08,VIX,VIX,정상,0,VIX 16.7 · 5일 -3.4% · 20일 -5.3% · 5일 -0.6포인트,지표 고유의 상태와 다른 시장 영역의 동반 신호를 구분해 확인합니다.,낮음
2025-12-08,VIXPOS,VIX 1년 위치,참고,0,과거 252관측 대비 39.3백분위,최근 분포에서의 위치입니다. 별도 위험 신호로 중복 집계하지 않습니다.,낮음
2025-12-08,HY,하이일드 OAS,안정,0,HY 2.89%p · 5일 -5bp · 20일 -13bp,지표 고유의 상태와 다른 시장 영역의 동반 신호를 구분해 확인합니다.,낮음
2025-12-08,BBB,BBB OAS,안정,0,BBB 1.00%p · 5일 -4bp · 20일 -5bp,지표 고유의 상태와 다른 시장 영역의 동반 신호를 구분해 확인합니다.,낮음
2025-12-08,HYPOS,HY 1년 위치,참고,0,과거 252관측 대비 40.9백분위,최근 분포에서의 위치입니다. 별도 위험 신호로 중복 집계하지 않습니다.,낮음
2025-12-08,UNEMP,미국 실업률,확인 부족,-1,월간 관측 누락: 달력 기간 계산 보류,현재 상태를 판단할 자료가 부족합니다.,확인 부족
2025-12-08,SAHM,Sahm Rule,확인 부족,-1,월간 관측 누락: 달력 기간 계산 보류,현재 상태를 판단할 자료가 부족합니다.,확인 부족
2025-12-08,CLAIMS,신규실업수당 4주평균,확인 부족,-1,이력 부족: 0/55관측,현재 상태를 판단할 자료가 부족합니다.,확인 부족
2025-12-08,CPI,CPI,확인 부족,-1,이력 부족: 0/16관측,현재 상태를 판단할 자료가 부족합니다.,확인 부족
2025-12-08,CORECPI,근원 CPI,확인 부족,-1,이력 부족: 0/16관측,현재 상태를 판단할 자료가 부족합니다.,확인 부족
2025-12-08,COREPCE,근원 PCE,확인 부족,-1,이력 부족: 0/16관측,현재 상태를 판단할 자료가 부족합니다.,확인 부족
2025-12-08,DXY,달러지수,확인 부족,-1,이력 부족: 0/147관측,현재 상태를 판단할 자료가 부족합니다.,확인 부족
2025-12-08,USDKRW,달러/원,확인 부족,-1,이력 부족: 0/147관측,현재 상태를 판단할 자료가 부족합니다.,확인 부족
2025-12-08,USDJPY,달러/엔,확인 부족,-1,이력 부족: 0/147관측,현재 상태를 판단할 자료가 부족합니다.,확인 부족
2025-12-08,WTI,WTI,확인 부족,-1,이력 부족: 0/147관측,현재 상태를 판단할 자료가 부족합니다.,확인 부족
2025-12-08,GOLD,금,정상,0,5일 -1.23% · 20일 +4.70% · 변동성 기준 40.9/66.9백분위,가격 움직임은 확인되지만 원인을 구분할 교차 근거가 충분하지 않습니다.,낮음
2025-12-08,SILVER,은,주의,2,5일 -1.09% · 20일 +20.33% · 변동성 기준 21.0/98.6백분위,금과 은이 함께 상승합니다. 귀금속 공통 흐름을 확인합니다.,낮음
2025-12-08,COPPER,구리,정상,0,5일 +2.79% · 20일 +8.64% · 변동성 기준 60.3/75.6백분위,가격 움직임은 확인되지만 원인을 구분할 교차 근거가 충분하지 않습니다.,낮음
2025-12-09,SP500,S&P500,확인 부족,-1,이력 부족: 0/252관측,현재 상태를 판단할 자료가 부족합니다.,확인 부족
2025-12-09,NASDAQ,Nasdaq,확인 부족,-1,이력 부족: 0/252관측,현재 상태를 판단할 자료가 부족합니다.,확인 부족
2025-12-09,RUSSELL,Russell 2000,정상,0,5일 +2.5% · 20일 +2.9% · 고점 대비 -0.2%,지표 고유의 상태와 다른 시장 영역의 동반 신호를 구분해 확인합니다.,낮음
2025-12-09,MA200,200일 이동평균 이격,확인 부족,-1,이력 부족: 0/200관측,현재 상태를 판단할 자료가 부족합니다.,확인 부족
2025-12-09,EW,동일가중 상대성과,정상,0,RSP가 SPY 대비 20일 +0.7%p · 5일 상대성과 +0.02%p,지표 고유의 상태와 다른 시장 영역의 동반 신호를 구분해 확인합니다.,낮음
2025-12-09,CAPE,CAPE,확인 부족,-1,이력 부족: 0/120관측,현재 상태를 판단할 자료가 부족합니다.,확인 부족
2025-12-09,ADV,상승 종목 비율,확인 부족,-1,이력 부족: 0/21관측,현재 상태를 판단할 자료가 부족합니다.,확인 부족
2025-12-09,ABOVE200,200DMA 위 종목 비율,확인 부족,-1,이력 부족: 0/21관측,현재 상태를 판단할 자료가 부족합니다.,확인 부족
2025-12-09,HILO,52주 신고가-신저가 비율,확인 부족,-1,이력 부족: 0/21관측,현재 상태를 판단할 자료가 부족합니다.,확인 부족
2025-12-09,EFFR,미국 기준금리,정상,0,20관측 +2bp · 인상 · EFFR 변화는 목표범위 결정 자체와 구분,금리 상승에 따른 부담을 관찰합니다. 물가·고용·신용의 동반 움직임으로 의미를 구분합니다.,낮음
2025-12-09,US3M,미국 3개월물 국채수익률,확인 부족,-1,이력 부족: 0/25관측,현재 상태를 판단할 자료가 부족합니다.,확인 부족
2025-12-09,US2Y,미국 2년물 국채수익률,확인 부족,-1,이력 부족: 0/25관측,현재 상태를 판단할 자료가 부족합니다.,확인 부족
2025-12-09,US10Y,미국 10년물 국채수익률,확인 부족,-1,이력 부족: 0/25관측,현재 상태를 판단할 자료가 부족합니다.,확인 부족
2025-12-09,US30Y,미국 30년물 국채수익률,확인 부족,-1,이력 부족: 0/25관측,현재 상태를 판단할 자료가 부족합니다.,확인 부족
2025-12-09,REAL10,미국 10년물 실질금리,확인 부족,-1,이력 부족: 0/25관측,현재 상태를 판단할 자료가 부족합니다.,확인 부족
2025-12-09,TERM,미국 10년물 기간프리미엄,정상,0,과거 504관측 대비 83.9백분위 · 20일 +7bp,금리 상승에 따른 부담을 관찰합니다. 물가·고용·신용의 동반 움직임으로 의미를 구분합니다.,낮음
2025-12-09,CURVE2,미국 10년물-2년물 금리차,확인 부족,-1,이력 부족: 0/22관측,현재 상태를 판단할 자료가 부족합니다.,확인 부족
2025-12-09,CURVE3,미국 10년물-3개월물 금리차,확인 부족,-1,이력 부족: 0/22관측,현재 상태를 판단할 자료가 부족합니다.,확인 부족
2025-12-09,CURVEFED,미국 10년물-기준금리 차,확인 부족,-1,이력 부족: 0/22관측,현재 상태를 판단할 자료가 부족합니다.,확인 부족
2025-12-09,VIX,VIX,정상,0,VIX 16.9 · 5일 +2.0% · 20일 -2.0% · 5일 +0.3포인트,지표 고유의 상태와 다른 시장 영역의 동반 신호를 구분해 확인합니다.,낮음
2025-12-09,VIXPOS,VIX 1년 위치,참고,0,과거 252관측 대비 43.7백분위,최근 분포에서의 위치입니다. 별도 위험 신호로 중복 집계하지 않습니다.,낮음
2025-12-09,HY,하이일드 OAS,안정,0,HY 2.89%p · 5일 -3bp · 20일 -13bp,지표 고유의 상태와 다른 시장 영역의 동반 신호를 구분해 확인합니다.,낮음
2025-12-09,BBB,BBB OAS,안정,0,BBB 1.00%p · 5일 -3bp · 20일 -5bp,지표 고유의 상태와 다른 시장 영역의 동반 신호를 구분해 확인합니다.,낮음
2025-12-09,HYPOS,HY 1년 위치,참고,0,과거 252관측 대비 41.1백분위,최근 분포에서의 위치입니다. 별도 위험 신호로 중복 집계하지 않습니다.,낮음
2025-12-09,UNEMP,미국 실업률,확인 부족,-1,월간 관측 누락: 달력 기간 계산 보류,현재 상태를 판단할 자료가 부족합니다.,확인 부족
2025-12-09,SAHM,Sahm Rule,확인 부족,-1,월간 관측 누락: 달력 기간 계산 보류,현재 상태를 판단할 자료가 부족합니다.,확인 부족
2025-12-09,CLAIMS,신규실업수당 4주평균,확인 부족,-1,이력 부족: 0/55관측,현재 상태를 판단할 자료가 부족합니다.,확인 부족
2025-12-09,CPI,CPI,확인 부족,-1,이력 부족: 0/16관측,현재 상태를 판단할 자료가 부족합니다.,확인 부족
2025-12-09,CORECPI,근원 CPI,확인 부족,-1,이력 부족: 0/16관측,현재 상태를 판단할 자료가 부족합니다.,확인 부족
2025-12-09,COREPCE,근원 PCE,확인 부족,-1,이력 부족: 0/16관측,현재 상태를 판단할 자료가 부족합니다.,확인 부족
2025-12-09,DXY,달러지수,확인 부족,-1,이력 부족: 0/147관측,현재 상태를 판단할 자료가 부족합니다.,확인 부족
2025-12-09,USDKRW,달러/원,확인 부족,-1,이력 부족: 0/147관측,현재 상태를 판단할 자료가 부족합니다.,확인 부족
2025-12-09,USDJPY,달러/엔,확인 부족,-1,이력 부족: 0/147관측,현재 상태를 판단할 자료가 부족합니다.,확인 부족
2025-12-09,WTI,WTI,확인 부족,-1,이력 부족: 0/147관측,현재 상태를 판단할 자료가 부족합니다.,확인 부족
2025-12-09,GOLD,금,정상,0,5일 +0.48% · 20일 +2.31% · 변동성 기준 16.1/41.3백분위,가격 움직임은 확인되지만 원인을 구분할 교차 근거가 충분하지 않습니다.,낮음
2025-12-09,SILVER,은,주의,2,5일 +3.77% · 20일 +19.91% · 변동성 기준 65.7/98.4백분위,가격 움직임은 확인되지만 원인을 구분할 교차 근거가 충분하지 않습니다.,낮음
2025-12-09,COPPER,구리,정상,0,5일 +1.54% · 20일 +3.02% · 변동성 기준 35.7/33.7백분위,가격 움직임은 확인되지만 원인을 구분할 교차 근거가 충분하지 않습니다.,낮음
2025-12-10,SP500,S&P500,확인 부족,-1,이력 부족: 0/252관측,현재 상태를 판단할 자료가 부족합니다.,확인 부족
2025-12-10,NASDAQ,Nasdaq,확인 부족,-1,이력 부족: 0/252관측,현재 상태를 판단할 자료가 부족합니다.,확인 부족
2025-12-10,RUSSELL,Russell 2000,정상,0,5일 +1.9% · 20일 +4.1% · 고점 대비 0.0%,지표 고유의 상태와 다른 시장 영역의 동반 신호를 구분해 확인합니다.,낮음
2025-12-10,MA200,200일 이동평균 이격,확인 부족,-1,이력 부족: 0/200관측,현재 상태를 판단할 자료가 부족합니다.,확인 부족
2025-12-10,EW,동일가중 상대성과,정상,0,RSP가 SPY 대비 20일 +1.1%p · 5일 상대성과 +0.34%p,지표 고유의 상태와 다른 시장 영역의 동반 신호를 구분해 확인합니다.,낮음
2025-12-10,CAPE,CAPE,확인 부족,-1,이력 부족: 0/120관측,현재 상태를 판단할 자료가 부족합니다.,확인 부족
2025-12-10,ADV,상승 종목 비율,확인 부족,-1,이력 부족: 0/21관측,현재 상태를 판단할 자료가 부족합니다.,확인 부족
2025-12-10,ABOVE200,200DMA 위 종목 비율,확인 부족,-1,이력 부족: 0/21관측,현재 상태를 판단할 자료가 부족합니다.,확인 부족
2025-12-10,HILO,52주 신고가-신저가 비율,확인 부족,-1,이력 부족: 0/21관측,현재 상태를 판단할 자료가 부족합니다.,확인 부족
2025-12-10,EFFR,미국 기준금리,정상,0,20관측 +2bp · 인상 · EFFR 변화는 목표범위 결정 자체와 구분,금리 상승에 따른 부담을 관찰합니다. 물가·고용·신용의 동반 움직임으로 의미를 구분합니다.,낮음
2025-12-10,US3M,미국 3개월물 국채수익률,확인 부족,-1,이력 부족: 0/25관측,현재 상태를 판단할 자료가 부족합니다.,확인 부족
2025-12-10,US2Y,미국 2년물 국채수익률,확인 부족,-1,이력 부족: 0/25관측,현재 상태를 판단할 자료가 부족합니다.,확인 부족
2025-12-10,US10Y,미국 10년물 국채수익률,확인 부족,-1,이력 부족: 0/25관측,현재 상태를 판단할 자료가 부족합니다.,확인 부족
2025-12-10,US30Y,미국 30년물 국채수익률,확인 부족,-1,이력 부족: 0/25관측,현재 상태를 판단할 자료가 부족합니다.,확인 부족
2025-12-10,REAL10,미국 10년물 실질금리,확인 부족,-1,이력 부족: 0/25관측,현재 상태를 판단할 자료가 부족합니다.,확인 부족
2025-12-10,TERM,미국 10년물 기간프리미엄,정상,0,과거 504관측 대비 82.1백분위 · 20일 +6bp,금리 상승에 따른 부담을 관찰합니다. 물가·고용·신용의 동반 움직임으로 의미를 구분합니다.,낮음
2025-12-10,CURVE2,미국 10년물-2년물 금리차,확인 부족,-1,이력 부족: 0/22관측,현재 상태를 판단할 자료가 부족합니다.,확인 부족
2025-12-10,CURVE3,미국 10년물-3개월물 금리차,확인 부족,-1,이력 부족: 0/22관측,현재 상태를 판단할 자료가 부족합니다.,확인 부족
2025-12-10,CURVEFED,미국 10년물-기준금리 차,확인 부족,-1,이력 부족: 0/22관측,현재 상태를 판단할 자료가 부족합니다.,확인 부족
2025-12-10,VIX,VIX,정상,0,VIX 15.8 · 5일 -1.9% · 20일 -9.9% · 5일 -0.3포인트,지표 고유의 상태와 다른 시장 영역의 동반 신호를 구분해 확인합니다.,낮음
2025-12-10,VIXPOS,VIX 1년 위치,참고,0,과거 252관측 대비 18.1백분위,최근 분포에서의 위치입니다. 별도 위험 신호로 중복 집계하지 않습니다.,낮음
2025-12-10,HY,하이일드 OAS,안정,0,HY 2.91%p · 5일 +2bp · 20일 -18bp,지표 고유의 상태와 다른 시장 영역의 동반 신호를 구분해 확인합니다.,낮음
2025-12-10,BBB,BBB OAS,안정,0,BBB 1.00%p · 5일 -3bp · 20일 -6bp,지표 고유의 상태와 다른 시장 영역의 동반 신호를 구분해 확인합니다.,낮음
2025-12-10,HYPOS,HY 1년 위치,참고,0,과거 252관측 대비 43.7백분위,최근 분포에서의 위치입니다. 별도 위험 신호로 중복 집계하지 않습니다.,낮음
2025-12-10,UNEMP,미국 실업률,확인 부족,-1,월간 관측 누락: 달력 기간 계산 보류,현재 상태를 판단할 자료가 부족합니다.,확인 부족
2025-12-10,SAHM,Sahm Rule,확인 부족,-1,월간 관측 누락: 달력 기간 계산 보류,현재 상태를 판단할 자료가 부족합니다.,확인 부족
2025-12-10,CLAIMS,신규실업수당 4주평균,확인 부족,-1,이력 부족: 0/55관측,현재 상태를 판단할 자료가 부족합니다.,확인 부족
2025-12-10,CPI,CPI,확인 부족,-1,이력 부족: 0/16관측,현재 상태를 판단할 자료가 부족합니다.,확인 부족
2025-12-10,CORECPI,근원 CPI,확인 부족,-1,이력 부족: 0/16관측,현재 상태를 판단할 자료가 부족합니다.,확인 부족
2025-12-10,COREPCE,근원 PCE,확인 부족,-1,이력 부족: 0/16관측,현재 상태를 판단할 자료가 부족합니다.,확인 부족
2025-12-10,DXY,달러지수,확인 부족,-1,이력 부족: 0/147관측,현재 상태를 판단할 자료가 부족합니다.,확인 부족
2025-12-10,USDKRW,달러/원,확인 부족,-1,이력 부족: 0/147관측,현재 상태를 판단할 자료가 부족합니다.,확인 부족
2025-12-10,USDJPY,달러/엔,확인 부족,-1,이력 부족: 0/147관측,현재 상태를 판단할 자료가 부족합니다.,확인 부족
2025-12-10,WTI,WTI,확인 부족,-1,이력 부족: 0/147관측,현재 상태를 판단할 자료가 부족합니다.,확인 부족
2025-12-10,GOLD,금,정상,0,5일 -0.07% · 20일 +2.18% · 변동성 기준 3.0/38.9백분위,가격 움직임은 확인되지만 원인을 구분할 교차 근거가 충분하지 않습니다.,낮음
2025-12-10,SILVER,은,주의,2,5일 +4.24% · 20일 +19.28% · 변동성 기준 71.0/98.2백분위,가격 움직임은 확인되지만 원인을 구분할 교차 근거가 충분하지 않습니다.,낮음
2025-12-10,COPPER,구리,정상,0,5일 -0.61% · 20일 +4.50% · 변동성 기준 14.5/46.8백분위,가격 움직임은 확인되지만 원인을 구분할 교차 근거가 충분하지 않습니다.,낮음
2025-12-11,SP500,S&P500,확인 부족,-1,이력 부족: 0/252관측,현재 상태를 판단할 자료가 부족합니다.,확인 부족
2025-12-11,NASDAQ,Nasdaq,확인 부족,-1,이력 부족: 0/252관측,현재 상태를 판단할 자료가 부족합니다.,확인 부족
2025-12-11,RUSSELL,Russell 2000,정상,0,5일 +2.3% · 20일 +5.7% · 고점 대비 0.0%,지표 고유의 상태와 다른 시장 영역의 동반 신호를 구분해 확인합니다.,낮음
2025-12-11,MA200,200일 이동평균 이격,확인 부족,-1,이력 부족: 0/200관측,현재 상태를 판단할 자료가 부족합니다.,확인 부족
2025-12-11,EW,동일가중 상대성과,정상,0,RSP가 SPY 대비 20일 +1.5%p · 5일 상대성과 +0.96%p,지표 고유의 상태와 다른 시장 영역의 동반 신호를 구분해 확인합니다.,낮음
2025-12-11,CAPE,CAPE,확인 부족,-1,이력 부족: 0/120관측,현재 상태를 판단할 자료가 부족합니다.,확인 부족
2025-12-11,ADV,상승 종목 비율,확인 부족,-1,이력 부족: 0/21관측,현재 상태를 판단할 자료가 부족합니다.,확인 부족
2025-12-11,ABOVE200,200DMA 위 종목 비율,확인 부족,-1,이력 부족: 0/21관측,현재 상태를 판단할 자료가 부족합니다.,확인 부족
2025-12-11,HILO,52주 신고가-신저가 비율,확인 부족,-1,이력 부족: 0/21관측,현재 상태를 판단할 자료가 부족합니다.,확인 부족
2025-12-11,EFFR,미국 기준금리,정상,0,20관측 -23bp · 인하 · EFFR 변화는 목표범위 결정 자체와 구분,금리 하락 또는 상대관계 변화을 관찰합니다. 물가·고용·신용의 동반 움직임으로 의미를 구분합니다.,낮음
2025-12-11,US3M,미국 3개월물 국채수익률,확인 부족,-1,이력 부족: 0/25관측,현재 상태를 판단할 자료가 부족합니다.,확인 부족
2025-12-11,US2Y,미국 2년물 국채수익률,확인 부족,-1,이력 부족: 0/25관측,현재 상태를 판단할 자료가 부족합니다.,확인 부족
2025-12-11,US10Y,미국 10년물 국채수익률,확인 부족,-1,이력 부족: 0/25관측,현재 상태를 판단할 자료가 부족합니다.,확인 부족
2025-12-11,US30Y,미국 30년물 국채수익률,확인 부족,-1,이력 부족: 0/25관측,현재 상태를 판단할 자료가 부족합니다.,확인 부족
2025-12-11,REAL10,미국 10년물 실질금리,확인 부족,-1,이력 부족: 0/25관측,현재 상태를 판단할 자료가 부족합니다.,확인 부족
2025-12-11,TERM,미국 10년물 기간프리미엄,정상,0,과거 504관측 대비 81.5백분위 · 20일 +7bp,금리 상승에 따른 부담을 관찰합니다. 물가·고용·신용의 동반 움직임으로 의미를 구분합니다.,낮음
2025-12-11,CURVE2,미국 10년물-2년물 금리차,확인 부족,-1,이력 부족: 0/22관측,현재 상태를 판단할 자료가 부족합니다.,확인 부족
2025-12-11,CURVE3,미국 10년물-3개월물 금리차,확인 부족,-1,이력 부족: 0/22관측,현재 상태를 판단할 자료가 부족합니다.,확인 부족
2025-12-11,CURVEFED,미국 10년물-기준금리 차,확인 부족,-1,이력 부족: 0/22관측,현재 상태를 판단할 자료가 부족합니다.,확인 부족
2025-12-11,VIX,VIX,안정,0,VIX 14.8 · 5일 -5.9% · 20일 -25.8% · 5일 -0.9포인트,지표 고유의 상태와 다른 시장 영역의 동반 신호를 구분해 확인합니다.,낮음
2025-12-11,VIXPOS,VIX 1년 위치,참고,0,과거 252관측 대비 5.2백분위,최근 분포에서의 위치입니다. 별도 위험 신호로 중복 집계하지 않습니다.,낮음
2025-12-11,HY,하이일드 OAS,안정,0,HY 2.88%p · 5일 +0bp · 20일 -19bp,지표 고유의 상태와 다른 시장 영역의 동반 신호를 구분해 확인합니다.,낮음
2025-12-11,BBB,BBB OAS,안정,0,BBB 1.00%p · 5일 -2bp · 20일 -6bp,지표 고유의 상태와 다른 시장 영역의 동반 신호를 구분해 확인합니다.,낮음
2025-12-11,HYPOS,HY 1년 위치,참고,0,과거 252관측 대비 37.5백분위,최근 분포에서의 위치입니다. 별도 위험 신호로 중복 집계하지 않습니다.,낮음
2025-12-11,UNEMP,미국 실업률,확인 부족,-1,월간 관측 누락: 달력 기간 계산 보류,현재 상태를 판단할 자료가 부족합니다.,확인 부족
2025-12-11,SAHM,Sahm Rule,확인 부족,-1,월간 관측 누락: 달력 기간 계산 보류,현재 상태를 판단할 자료가 부족합니다.,확인 부족
2025-12-11,CLAIMS,신규실업수당 4주평균,확인 부족,-1,이력 부족: 0/55관측,현재 상태를 판단할 자료가 부족합니다.,확인 부족
2025-12-11,CPI,CPI,확인 부족,-1,이력 부족: 0/16관측,현재 상태를 판단할 자료가 부족합니다.,확인 부족
2025-12-11,CORECPI,근원 CPI,확인 부족,-1,이력 부족: 0/16관측,현재 상태를 판단할 자료가 부족합니다.,확인 부족
2025-12-11,COREPCE,근원 PCE,확인 부족,-1,이력 부족: 0/16관측,현재 상태를 판단할 자료가 부족합니다.,확인 부족
2025-12-11,DXY,달러지수,확인 부족,-1,이력 부족: 0/147관측,현재 상태를 판단할 자료가 부족합니다.,확인 부족
2025-12-11,USDKRW,달러/원,확인 부족,-1,이력 부족: 0/147관측,현재 상태를 판단할 자료가 부족합니다.,확인 부족
2025-12-11,USDJPY,달러/엔,확인 부족,-1,이력 부족: 0/147관측,현재 상태를 판단할 자료가 부족합니다.,확인 부족
2025-12-11,WTI,WTI,확인 부족,-1,이력 부족: 0/147관측,현재 상태를 판단할 자료가 부족합니다.,확인 부족
2025-12-11,GOLD,금,정상,0,5일 +1.75% · 20일 +1.93% · 변동성 기준 54.8/34.7백분위,가격 움직임은 확인되지만 원인을 구분할 교차 근거가 충분하지 않습니다.,낮음
2025-12-11,SILVER,은,주의,2,5일 +12.46% · 20일 +19.87% · 변동성 기준 98.4/98.2백분위,가격 움직임은 확인되지만 원인을 구분할 교차 근거가 충분하지 않습니다.,낮음
2025-12-11,COPPER,구리,정상,0,5일 +2.56% · 20일 +6.63% · 변동성 기준 56.5/64.1백분위,가격 움직임은 확인되지만 원인을 구분할 교차 근거가 충분하지 않습니다.,낮음
2025-12-12,SP500,S&P500,확인 부족,-1,이력 부족: 0/252관측,현재 상태를 판단할 자료가 부족합니다.,확인 부족
2025-12-12,NASDAQ,Nasdaq,확인 부족,-1,이력 부족: 0/252관측,현재 상태를 판단할 자료가 부족합니다.,확인 부족
2025-12-12,RUSSELL,Russell 2000,정상,0,5일 +1.2% · 20일 +7.1% · 고점 대비 -1.5%,지표 고유의 상태와 다른 시장 영역의 동반 신호를 구분해 확인합니다.,낮음
2025-12-12,MA200,200일 이동평균 이격,확인 부족,-1,이력 부족: 0/200관측,현재 상태를 판단할 자료가 부족합니다.,확인 부족
2025-12-12,EW,동일가중 상대성과,정상,0,RSP가 SPY 대비 20일 +1.4%p · 5일 상대성과 +1.31%p,지표 고유의 상태와 다른 시장 영역의 동반 신호를 구분해 확인합니다.,낮음
2025-12-12,CAPE,CAPE,확인 부족,-1,이력 부족: 0/120관측,현재 상태를 판단할 자료가 부족합니다.,확인 부족
2025-12-12,ADV,상승 종목 비율,확인 부족,-1,이력 부족: 0/21관측,현재 상태를 판단할 자료가 부족합니다.,확인 부족
2025-12-12,ABOVE200,200DMA 위 종목 비율,확인 부족,-1,이력 부족: 0/21관측,현재 상태를 판단할 자료가 부족합니다.,확인 부족
2025-12-12,HILO,52주 신고가-신저가 비율,확인 부족,-1,이력 부족: 0/21관측,현재 상태를 판단할 자료가 부족합니다.,확인 부족
2025-12-12,EFFR,미국 기준금리,정상,0,20관측 -24bp · 인하 · EFFR 변화는 목표범위 결정 자체와 구분,금리 하락 또는 상대관계 변화을 관찰합니다. 물가·고용·신용의 동반 움직임으로 의미를 구분합니다.,낮음
2025-12-12,US3M,미국 3개월물 국채수익률,확인 부족,-1,이력 부족: 0/25관측,현재 상태를 판단할 자료가 부족합니다.,확인 부족
2025-12-12,US2Y,미국 2년물 국채수익률,확인 부족,-1,이력 부족: 0/25관측,현재 상태를 판단할 자료가 부족합니다.,확인 부족
2025-12-12,US10Y,미국 10년물 국채수익률,확인 부족,-1,이력 부족: 0/25관측,현재 상태를 판단할 자료가 부족합니다.,확인 부족
2025-12-12,US30Y,미국 30년물 국채수익률,확인 부족,-1,이력 부족: 0/25관측,현재 상태를 판단할 자료가 부족합니다.,확인 부족
2025-12-12,REAL10,미국 10년물 실질금리,확인 부족,-1,이력 부족: 0/25관측,현재 상태를 판단할 자료가 부족합니다.,확인 부족
2025-12-12,TERM,미국 10년물 기간프리미엄,정상,0,과거 504관측 대비 86.9백분위 · 20일 +8bp,금리 상승에 따른 부담을 관찰합니다. 물가·고용·신용의 동반 움직임으로 의미를 구분합니다.,낮음
2025-12-12,CURVE2,미국 10년물-2년물 금리차,확인 부족,-1,이력 부족: 0/22관측,현재 상태를 판단할 자료가 부족합니다.,확인 부족
2025-12-12,CURVE3,미국 10년물-3개월물 금리차,확인 부족,-1,이력 부족: 0/22관측,현재 상태를 판단할 자료가 부족합니다.,확인 부족
2025-12-12,CURVEFED,미국 10년물-기준금리 차,확인 부족,-1,이력 부족: 0/22관측,현재 상태를 판단할 자료가 부족합니다.,확인 부족
2025-12-12,VIX,VIX,정상,0,VIX 15.7 · 5일 +2.1% · 20일 -20.6% · 5일 +0.3포인트,지표 고유의 상태와 다른 시장 영역의 동반 신호를 구분해 확인합니다.,낮음
2025-12-12,VIXPOS,VIX 1년 위치,참고,0,과거 252관측 대비 18.3백분위,최근 분포에서의 위치입니다. 별도 위험 신호로 중복 집계하지 않습니다.,낮음
2025-12-12,HY,하이일드 OAS,안정,0,HY 2.91%p · 5일 +6bp · 20일 -22bp,지표 고유의 상태와 다른 시장 영역의 동반 신호를 구분해 확인합니다.,낮음
2025-12-12,BBB,BBB OAS,안정,0,BBB 1.01%p · 5일 +0bp · 20일 -5bp,지표 고유의 상태와 다른 시장 영역의 동반 신호를 구분해 확인합니다.,낮음
2025-12-12,HYPOS,HY 1년 위치,참고,0,과거 252관측 대비 43.5백분위,최근 분포에서의 위치입니다. 별도 위험 신호로 중복 집계하지 않습니다.,낮음
2025-12-12,UNEMP,미국 실업률,확인 부족,-1,월간 관측 누락: 달력 기간 계산 보류,현재 상태를 판단할 자료가 부족합니다.,확인 부족
2025-12-12,SAHM,Sahm Rule,확인 부족,-1,월간 관측 누락: 달력 기간 계산 보류,현재 상태를 판단할 자료가 부족합니다.,확인 부족
2025-12-12,CLAIMS,신규실업수당 4주평균,확인 부족,-1,이력 부족: 0/55관측,현재 상태를 판단할 자료가 부족합니다.,확인 부족
2025-12-12,CPI,CPI,확인 부족,-1,이력 부족: 0/16관측,현재 상태를 판단할 자료가 부족합니다.,확인 부족
2025-12-12,CORECPI,근원 CPI,확인 부족,-1,이력 부족: 0/16관측,현재 상태를 판단할 자료가 부족합니다.,확인 부족
2025-12-12,COREPCE,근원 PCE,확인 부족,-1,이력 부족: 0/16관측,현재 상태를 판단할 자료가 부족합니다.,확인 부족
2025-12-12,DXY,달러지수,확인 부족,-1,이력 부족: 0/147관측,현재 상태를 판단할 자료가 부족합니다.,확인 부족
2025-12-12,USDKRW,달러/원,확인 부족,-1,이력 부족: 0/147관측,현재 상태를 판단할 자료가 부족합니다.,확인 부족
2025-12-12,USDJPY,달러/엔,확인 부족,-1,이력 부족: 0/147관측,현재 상태를 판단할 자료가 부족합니다.,확인 부족
2025-12-12,WTI,WTI,확인 부족,-1,이력 부족: 0/147관측,현재 상태를 판단할 자료가 부족합니다.,확인 부족
2025-12-12,GOLD,금,정상,0,5일 +2.07% · 20일 +2.70% · 변동성 기준 64.3/46.6백분위,가격 움직임은 확인되지만 원인을 구분할 교차 근거가 충분하지 않습니다.,낮음
2025-12-12,SILVER,은,관찰,1,5일 +5.03% · 20일 +15.62% · 변동성 기준 79.0/94.4백분위,가격 움직임은 확인되지만 원인을 구분할 교차 근거가 충분하지 않습니다.,낮음
2025-12-12,COPPER,구리,정상,0,5일 -1.83% · 20일 +3.85% · 변동성 기준 43.8/41.1백분위,가격 움직임은 확인되지만 원인을 구분할 교차 근거가 충분하지 않습니다.,낮음
2025-12-15,SP500,S&P500,확인 부족,-1,이력 부족: 0/252관측,현재 상태를 판단할 자료가 부족합니다.,확인 부족
2025-12-15,NASDAQ,Nasdaq,확인 부족,-1,이력 부족: 0/252관측,현재 상태를 판단할 자료가 부족합니다.,확인 부족
2025-12-15,RUSSELL,Russell 2000,정상,0,5일 +0.4% · 20일 +6.0% · 고점 대비 -2.3%,지표 고유의 상태와 다른 시장 영역의 동반 신호를 구분해 확인합니다.,낮음
2025-12-15,MA200,200일 이동평균 이격,확인 부족,-1,이력 부족: 0/200관측,현재 상태를 판단할 자료가 부족합니다.,확인 부족
2025-12-15,EW,동일가중 상대성과,정상,0,RSP가 SPY 대비 20일 +2.1%p · 5일 상대성과 +1.89%p,지표 고유의 상태와 다른 시장 영역의 동반 신호를 구분해 확인합니다.,낮음
2025-12-15,CAPE,CAPE,확인 부족,-1,이력 부족: 0/120관측,현재 상태를 판단할 자료가 부족합니다.,확인 부족
2025-12-15,ADV,상승 종목 비율,확인 부족,-1,이력 부족: 0/21관측,현재 상태를 판단할 자료가 부족합니다.,확인 부족
2025-12-15,ABOVE200,200DMA 위 종목 비율,확인 부족,-1,이력 부족: 0/21관측,현재 상태를 판단할 자료가 부족합니다.,확인 부족
2025-12-15,HILO,52주 신고가-신저가 비율,확인 부족,-1,이력 부족: 0/21관측,현재 상태를 판단할 자료가 부족합니다.,확인 부족
2025-12-15,EFFR,미국 기준금리,정상,0,20관측 -24bp · 인하 · EFFR 변화는 목표범위 결정 자체와 구분,금리 하락 또는 상대관계 변화을 관찰합니다. 물가·고용·신용의 동반 움직임으로 의미를 구분합니다.,낮음
2025-12-15,US3M,미국 3개월물 국채수익률,확인 부족,-1,이력 부족: 0/25관측,현재 상태를 판단할 자료가 부족합니다.,확인 부족
2025-12-15,US2Y,미국 2년물 국채수익률,확인 부족,-1,이력 부족: 0/25관측,현재 상태를 판단할 자료가 부족합니다.,확인 부족
2025-12-15,US10Y,미국 10년물 국채수익률,확인 부족,-1,이력 부족: 0/25관측,현재 상태를 판단할 자료가 부족합니다.,확인 부족
2025-12-15,US30Y,미국 30년물 국채수익률,확인 부족,-1,이력 부족: 0/25관측,현재 상태를 판단할 자료가 부족합니다.,확인 부족
2025-12-15,REAL10,미국 10년물 실질금리,확인 부족,-1,이력 부족: 0/25관측,현재 상태를 판단할 자료가 부족합니다.,확인 부족
2025-12-15,TERM,미국 10년물 기간프리미엄,정상,0,과거 504관측 대비 87.1백분위 · 20일 +7bp,금리 상승에 따른 부담을 관찰합니다. 물가·고용·신용의 동반 움직임으로 의미를 구분합니다.,낮음
2025-12-15,CURVE2,미국 10년물-2년물 금리차,확인 부족,-1,이력 부족: 0/22관측,현재 상태를 판단할 자료가 부족합니다.,확인 부족
2025-12-15,CURVE3,미국 10년물-3개월물 금리차,확인 부족,-1,이력 부족: 0/22관측,현재 상태를 판단할 자료가 부족합니다.,확인 부족
2025-12-15,CURVEFED,미국 10년물-기준금리 차,확인 부족,-1,이력 부족: 0/22관측,현재 상태를 판단할 자료가 부족합니다.,확인 부족
2025-12-15,VIX,VIX,정상,0,VIX 16.5 · 5일 -1.0% · 20일 -26.3% · 5일 -0.2포인트,지표 고유의 상태와 다른 시장 영역의 동반 신호를 구분해 확인합니다.,낮음
2025-12-15,VIXPOS,VIX 1년 위치,참고,0,과거 252관측 대비 34.3백분위,최근 분포에서의 위치입니다. 별도 위험 신호로 중복 집계하지 않습니다.,낮음
2025-12-15,HY,하이일드 OAS,안정,0,HY 2.91%p · 5일 +2bp · 20일 -29bp,지표 고유의 상태와 다른 시장 영역의 동반 신호를 구분해 확인합니다.,낮음
2025-12-15,BBB,BBB OAS,안정,0,BBB 1.02%p · 5일 +2bp · 20일 -5bp,지표 고유의 상태와 다른 시장 영역의 동반 신호를 구분해 확인합니다.,낮음
2025-12-15,HYPOS,HY 1년 위치,참고,0,과거 252관측 대비 43.3백분위,최근 분포에서의 위치입니다. 별도 위험 신호로 중복 집계하지 않습니다.,낮음
2025-12-15,UNEMP,미국 실업률,확인 부족,-1,월간 관측 누락: 달력 기간 계산 보류,현재 상태를 판단할 자료가 부족합니다.,확인 부족
2025-12-15,SAHM,Sahm Rule,확인 부족,-1,월간 관측 누락: 달력 기간 계산 보류,현재 상태를 판단할 자료가 부족합니다.,확인 부족
2025-12-15,CLAIMS,신규실업수당 4주평균,확인 부족,-1,이력 부족: 0/55관측,현재 상태를 판단할 자료가 부족합니다.,확인 부족
2025-12-15,CPI,CPI,확인 부족,-1,이력 부족: 0/16관측,현재 상태를 판단할 자료가 부족합니다.,확인 부족
2025-12-15,CORECPI,근원 CPI,확인 부족,-1,이력 부족: 0/16관측,현재 상태를 판단할 자료가 부족합니다.,확인 부족
2025-12-15,COREPCE,근원 PCE,확인 부족,-1,이력 부족: 0/16관측,현재 상태를 판단할 자료가 부족합니다.,확인 부족
2025-12-15,DXY,달러지수,확인 부족,-1,이력 부족: 0/147관측,현재 상태를 판단할 자료가 부족합니다.,확인 부족
2025-12-15,USDKRW,달러/원,확인 부족,-1,이력 부족: 0/147관측,현재 상태를 판단할 자료가 부족합니다.,확인 부족
2025-12-15,USDJPY,달러/엔,확인 부족,-1,이력 부족: 0/147관측,현재 상태를 판단할 자료가 부족합니다.,확인 부족
2025-12-15,WTI,WTI,확인 부족,-1,이력 부족: 0/147관측,현재 상태를 판단할 자료가 부족합니다.,확인 부족
2025-12-15,GOLD,금,정상,0,5일 +2.85% · 20일 +5.36% · 변동성 기준 78.2/71.0백분위,가격 움직임은 확인되지만 원인을 구분할 교차 근거가 충분하지 않습니다.,낮음
2025-12-15,SILVER,은,주의,2,5일 +8.93% · 20일 +24.41% · 변동성 기준 95.2/99.8백분위,금과 은이 함께 상승합니다. 귀금속 공통 흐름을 확인합니다.,낮음
2025-12-15,COPPER,구리,정상,0,5일 -0.48% · 20일 +5.72% · 변동성 기준 10.5/56.5백분위,가격 움직임은 확인되지만 원인을 구분할 교차 근거가 충분하지 않습니다.,낮음
2025-12-16,SP500,S&P500,확인 부족,-1,이력 부족: 0/252관측,현재 상태를 판단할 자료가 부족합니다.,확인 부족
2025-12-16,NASDAQ,Nasdaq,확인 부족,-1,이력 부족: 0/252관측,현재 상태를 판단할 자료가 부족합니다.,확인 부족
2025-12-16,RUSSELL,Russell 2000,정상,0,5일 -0.3% · 20일 +7.6% · 고점 대비 -2.8%,지표 고유의 상태와 다른 시장 영역의 동반 신호를 구분해 확인합니다.,낮음
2025-12-16,MA200,200일 이동평균 이격,확인 부족,-1,이력 부족: 0/200관측,현재 상태를 판단할 자료가 부족합니다.,확인 부족
2025-12-16,EW,동일가중 상대성과,정상,0,RSP가 SPY 대비 20일 +2.0%p · 5일 상대성과 +1.56%p,지표 고유의 상태와 다른 시장 영역의 동반 신호를 구분해 확인합니다.,낮음
2025-12-16,CAPE,CAPE,확인 부족,-1,이력 부족: 0/120관측,현재 상태를 판단할 자료가 부족합니다.,확인 부족
2025-12-16,ADV,상승 종목 비율,확인 부족,-1,이력 부족: 0/21관측,현재 상태를 판단할 자료가 부족합니다.,확인 부족
2025-12-16,ABOVE200,200DMA 위 종목 비율,확인 부족,-1,이력 부족: 0/21관측,현재 상태를 판단할 자료가 부족합니다.,확인 부족
2025-12-16,HILO,52주 신고가-신저가 비율,확인 부족,-1,이력 부족: 0/21관측,현재 상태를 판단할 자료가 부족합니다.,확인 부족
2025-12-16,EFFR,미국 기준금리,정상,0,20관측 -24bp · 인하 · EFFR 변화는 목표범위 결정 자체와 구분,금리 하락 또는 상대관계 변화을 관찰합니다. 물가·고용·신용의 동반 움직임으로 의미를 구분합니다.,낮음
2025-12-16,US3M,미국 3개월물 국채수익률,확인 부족,-1,이력 부족: 0/25관측,현재 상태를 판단할 자료가 부족합니다.,확인 부족
2025-12-16,US2Y,미국 2년물 국채수익률,확인 부족,-1,이력 부족: 0/25관측,현재 상태를 판단할 자료가 부족합니다.,확인 부족
2025-12-16,US10Y,미국 10년물 국채수익률,확인 부족,-1,이력 부족: 0/25관측,현재 상태를 판단할 자료가 부족합니다.,확인 부족
2025-12-16,US30Y,미국 30년물 국채수익률,확인 부족,-1,이력 부족: 0/25관측,현재 상태를 판단할 자료가 부족합니다.,확인 부족
2025-12-16,REAL10,미국 10년물 실질금리,확인 부족,-1,이력 부족: 0/25관측,현재 상태를 판단할 자료가 부족합니다.,확인 부족
2025-12-16,TERM,미국 10년물 기간프리미엄,정상,0,과거 504관측 대비 84.1백분위 · 20일 +6bp,금리 상승에 따른 부담을 관찰합니다. 물가·고용·신용의 동반 움직임으로 의미를 구분합니다.,낮음
2025-12-16,CURVE2,미국 10년물-2년물 금리차,확인 부족,-1,이력 부족: 0/22관측,현재 상태를 판단할 자료가 부족합니다.,확인 부족
2025-12-16,CURVE3,미국 10년물-3개월물 금리차,확인 부족,-1,이력 부족: 0/22관측,현재 상태를 판단할 자료가 부족합니다.,확인 부족
2025-12-16,CURVEFED,미국 10년물-기준금리 차,확인 부족,-1,이력 부족: 0/22관측,현재 상태를 판단할 자료가 부족합니다.,확인 부족
2025-12-16,VIX,VIX,정상,0,VIX 16.5 · 5일 -2.7% · 20일 -33.3% · 5일 -0.4포인트,지표 고유의 상태와 다른 시장 영역의 동반 신호를 구분해 확인합니다.,낮음
2025-12-16,VIXPOS,VIX 1년 위치,참고,0,과거 252관측 대비 34.1백분위,최근 분포에서의 위치입니다. 별도 위험 신호로 중복 집계하지 않습니다.,낮음
2025-12-16,HY,하이일드 OAS,안정,0,HY 2.98%p · 5일 +9bp · 20일 -19bp,지표 고유의 상태와 다른 시장 영역의 동반 신호를 구분해 확인합니다.,낮음
2025-12-16,BBB,BBB OAS,안정,0,BBB 1.03%p · 5일 +3bp · 20일 -4bp,지표 고유의 상태와 다른 시장 영역의 동반 신호를 구분해 확인합니다.,낮음
2025-12-16,HYPOS,HY 1년 위치,참고,0,과거 252관측 대비 55.6백분위,최근 분포에서의 위치입니다. 별도 위험 신호로 중복 집계하지 않습니다.,낮음
2025-12-16,UNEMP,미국 실업률,확인 부족,-1,월간 관측 누락: 달력 기간 계산 보류,현재 상태를 판단할 자료가 부족합니다.,확인 부족
2025-12-16,SAHM,Sahm Rule,확인 부족,-1,월간 관측 누락: 달력 기간 계산 보류,현재 상태를 판단할 자료가 부족합니다.,확인 부족
2025-12-16,CLAIMS,신규실업수당 4주평균,확인 부족,-1,이력 부족: 0/55관측,현재 상태를 판단할 자료가 부족합니다.,확인 부족
2025-12-16,CPI,CPI,확인 부족,-1,이력 부족: 0/16관측,현재 상태를 판단할 자료가 부족합니다.,확인 부족
2025-12-16,CORECPI,근원 CPI,확인 부족,-1,이력 부족: 0/16관측,현재 상태를 판단할 자료가 부족합니다.,확인 부족
2025-12-16,COREPCE,근원 PCE,확인 부족,-1,이력 부족: 0/16관측,현재 상태를 판단할 자료가 부족합니다.,확인 부족
2025-12-16,DXY,달러지수,확인 부족,-1,이력 부족: 0/147관측,현재 상태를 판단할 자료가 부족합니다.,확인 부족
2025-12-16,USDKRW,달러/원,확인 부족,-1,이력 부족: 0/147관측,현재 상태를 판단할 자료가 부족합니다.,확인 부족
2025-12-16,USDJPY,달러/엔,확인 부족,-1,이력 부족: 0/147관측,현재 상태를 판단할 자료가 부족합니다.,확인 부족
2025-12-16,WTI,WTI,확인 부족,-1,이력 부족: 0/147관측,현재 상태를 판단할 자료가 부족합니다.,확인 부족
2025-12-16,GOLD,금,정상,0,5일 +2.32% · 20일 +5.81% · 변동성 기준 68.7/74.8백분위,가격 움직임은 확인되지만 원인을 구분할 교차 근거가 충분하지 않습니다.,낮음
2025-12-16,SILVER,은,주의,2,5일 +4.21% · 20일 +23.85% · 변동성 기준 70.8/99.6백분위,금과 은이 함께 상승합니다. 귀금속 공통 흐름을 확인합니다.,낮음
2025-12-16,COPPER,구리,정상,0,5일 +0.89% · 20일 +5.74% · 변동성 기준 21.6/56.5백분위,가격 움직임은 확인되지만 원인을 구분할 교차 근거가 충분하지 않습니다.,낮음
2025-12-17,SP500,S&P500,확인 부족,-1,이력 부족: 0/252관측,현재 상태를 판단할 자료가 부족합니다.,확인 부족
2025-12-17,NASDAQ,Nasdaq,확인 부족,-1,이력 부족: 0/252관측,현재 상태를 판단할 자료가 부족합니다.,확인 부족
2025-12-17,RUSSELL,Russell 2000,관찰,1,5일 -2.6% · 20일 +6.1% · 고점 대비 -3.8%,지표 고유의 상태와 다른 시장 영역의 동반 신호를 구분해 확인합니다.,낮음
2025-12-17,MA200,200일 이동평균 이격,확인 부족,-1,이력 부족: 0/200관측,현재 상태를 판단할 자료가 부족합니다.,확인 부족
2025-12-17,EW,동일가중 상대성과,정상,0,RSP가 SPY 대비 20일 +2.0%p · 5일 상대성과 +1.63%p,지표 고유의 상태와 다른 시장 영역의 동반 신호를 구분해 확인합니다.,낮음
2025-12-17,CAPE,CAPE,확인 부족,-1,이력 부족: 0/120관측,현재 상태를 판단할 자료가 부족합니다.,확인 부족
2025-12-17,ADV,상승 종목 비율,확인 부족,-1,이력 부족: 0/21관측,현재 상태를 판단할 자료가 부족합니다.,확인 부족
2025-12-17,ABOVE200,200DMA 위 종목 비율,확인 부족,-1,이력 부족: 0/21관측,현재 상태를 판단할 자료가 부족합니다.,확인 부족
2025-12-17,HILO,52주 신고가-신저가 비율,확인 부족,-1,이력 부족: 0/21관측,현재 상태를 판단할 자료가 부족합니다.,확인 부족
2025-12-17,EFFR,미국 기준금리,정상,0,20관측 -24bp · 인하 · EFFR 변화는 목표범위 결정 자체와 구분,금리 하락 또는 상대관계 변화을 관찰합니다. 물가·고용·신용의 동반 움직임으로 의미를 구분합니다.,낮음
2025-12-17,US3M,미국 3개월물 국채수익률,확인 부족,-1,이력 부족: 0/25관측,현재 상태를 판단할 자료가 부족합니다.,확인 부족
2025-12-17,US2Y,미국 2년물 국채수익률,확인 부족,-1,이력 부족: 0/25관측,현재 상태를 판단할 자료가 부족합니다.,확인 부족
2025-12-17,US10Y,미국 10년물 국채수익률,확인 부족,-1,이력 부족: 0/25관측,현재 상태를 판단할 자료가 부족합니다.,확인 부족
2025-12-17,US30Y,미국 30년물 국채수익률,확인 부족,-1,이력 부족: 0/25관측,현재 상태를 판단할 자료가 부족합니다.,확인 부족
2025-12-17,REAL10,미국 10년물 실질금리,확인 부족,-1,이력 부족: 0/25관측,현재 상태를 판단할 자료가 부족합니다.,확인 부족
2025-12-17,TERM,미국 10년물 기간프리미엄,정상,0,과거 504관측 대비 84.7백분위 · 20일 +7bp,금리 상승에 따른 부담을 관찰합니다. 물가·고용·신용의 동반 움직임으로 의미를 구분합니다.,낮음
2025-12-17,CURVE2,미국 10년물-2년물 금리차,확인 부족,-1,이력 부족: 0/22관측,현재 상태를 판단할 자료가 부족합니다.,확인 부족
2025-12-17,CURVE3,미국 10년물-3개월물 금리차,확인 부족,-1,이력 부족: 0/22관측,현재 상태를 판단할 자료가 부족합니다.,확인 부족
2025-12-17,CURVEFED,미국 10년물-기준금리 차,확인 부족,-1,이력 부족: 0/22관측,현재 상태를 판단할 자료가 부족합니다.,확인 부족
2025-12-17,VIX,VIX,정상,0,VIX 17.6 · 5일 +11.7% · 20일 -25.5% · 5일 +1.9포인트,지표 고유의 상태와 다른 시장 영역의 동반 신호를 구분해 확인합니다.,낮음
2025-12-17,VIXPOS,VIX 1년 위치,참고,0,과거 252관측 대비 55.6백분위,최근 분포에서의 위치입니다. 별도 위험 신호로 중복 집계하지 않습니다.,낮음
2025-12-17,HY,하이일드 OAS,안정,0,HY 2.99%p · 5일 +8bp · 20일 -18bp,지표 고유의 상태와 다른 시장 영역의 동반 신호를 구분해 확인합니다.,낮음
2025-12-17,BBB,BBB OAS,안정,0,BBB 1.03%p · 5일 +3bp · 20일 -5bp,지표 고유의 상태와 다른 시장 영역의 동반 신호를 구분해 확인합니다.,낮음
2025-12-17,HYPOS,HY 1년 위치,참고,0,과거 252관측 대비 56.5백분위,최근 분포에서의 위치입니다. 별도 위험 신호로 중복 집계하지 않습니다.,낮음
2025-12-17,UNEMP,미국 실업률,확인 부족,-1,월간 관측 누락: 달력 기간 계산 보류,현재 상태를 판단할 자료가 부족합니다.,확인 부족
2025-12-17,SAHM,Sahm Rule,확인 부족,-1,월간 관측 누락: 달력 기간 계산 보류,현재 상태를 판단할 자료가 부족합니다.,확인 부족
2025-12-17,CLAIMS,신규실업수당 4주평균,확인 부족,-1,이력 부족: 0/55관측,현재 상태를 판단할 자료가 부족합니다.,확인 부족
2025-12-17,CPI,CPI,확인 부족,-1,이력 부족: 0/16관측,현재 상태를 판단할 자료가 부족합니다.,확인 부족
2025-12-17,CORECPI,근원 CPI,확인 부족,-1,이력 부족: 0/16관측,현재 상태를 판단할 자료가 부족합니다.,확인 부족
2025-12-17,COREPCE,근원 PCE,확인 부족,-1,이력 부족: 0/16관측,현재 상태를 판단할 자료가 부족합니다.,확인 부족
2025-12-17,DXY,달러지수,확인 부족,-1,이력 부족: 0/147관측,현재 상태를 판단할 자료가 부족합니다.,확인 부족
2025-12-17,USDKRW,달러/원,확인 부족,-1,이력 부족: 0/147관측,현재 상태를 판단할 자료가 부족합니다.,확인 부족
2025-12-17,USDJPY,달러/엔,확인 부족,-1,이력 부족: 0/147관측,현재 상태를 판단할 자료가 부족합니다.,확인 부족
2025-12-17,WTI,WTI,확인 부족,-1,이력 부족: 0/147관측,현재 상태를 판단할 자료가 부족합니다.,확인 부족
2025-12-17,GOLD,금,정상,0,5일 +3.60% · 20일 +7.05% · 변동성 기준 87.9/83.3백분위,가격 움직임은 확인되지만 원인을 구분할 교차 근거가 충분하지 않습니다.,낮음
2025-12-17,SILVER,은,주의,2,5일 +9.70% · 20일 +31.29% · 변동성 기준 95.8/100.0백분위,금과 은이 함께 상승합니다. 귀금속 공통 흐름을 확인합니다.,낮음
2025-12-17,COPPER,구리,정상,0,5일 +1.67% · 20일 +8.08% · 변동성 기준 39.7/72.8백분위,가격 움직임은 확인되지만 원인을 구분할 교차 근거가 충분하지 않습니다.,낮음
2025-12-18,SP500,S&P500,확인 부족,-1,이력 부족: 0/252관측,현재 상태를 판단할 자료가 부족합니다.,확인 부족
2025-12-18,NASDAQ,Nasdaq,확인 부족,-1,이력 부족: 0/252관측,현재 상태를 판단할 자료가 부족합니다.,확인 부족
2025-12-18,RUSSELL,Russell 2000,관찰,1,5일 -3.2% · 20일 +6.8% · 고점 대비 -3.2%,지표 고유의 상태와 다른 시장 영역의 동반 신호를 구분해 확인합니다.,낮음
2025-12-18,MA200,200일 이동평균 이격,확인 부족,-1,이력 부족: 0/200관측,현재 상태를 판단할 자료가 부족합니다.,확인 부족
2025-12-18,EW,동일가중 상대성과,정상,0,RSP가 SPY 대비 20일 +2.1%p · 5일 상대성과 +0.53%p,지표 고유의 상태와 다른 시장 영역의 동반 신호를 구분해 확인합니다.,낮음
2025-12-18,CAPE,CAPE,확인 부족,-1,이력 부족: 0/120관측,현재 상태를 판단할 자료가 부족합니다.,확인 부족
2025-12-18,ADV,상승 종목 비율,확인 부족,-1,이력 부족: 0/21관측,현재 상태를 판단할 자료가 부족합니다.,확인 부족
2025-12-18,ABOVE200,200DMA 위 종목 비율,확인 부족,-1,이력 부족: 0/21관측,현재 상태를 판단할 자료가 부족합니다.,확인 부족
2025-12-18,HILO,52주 신고가-신저가 비율,확인 부족,-1,이력 부족: 0/21관측,현재 상태를 판단할 자료가 부족합니다.,확인 부족
2025-12-18,EFFR,미국 기준금리,정상,0,20관측 -24bp · 인하 · EFFR 변화는 목표범위 결정 자체와 구분,금리 하락 또는 상대관계 변화을 관찰합니다. 물가·고용·신용의 동반 움직임으로 의미를 구분합니다.,낮음
2025-12-18,US3M,미국 3개월물 국채수익률,확인 부족,-1,이력 부족: 0/25관측,현재 상태를 판단할 자료가 부족합니다.,확인 부족
2025-12-18,US2Y,미국 2년물 국채수익률,확인 부족,-1,이력 부족: 0/25관측,현재 상태를 판단할 자료가 부족합니다.,확인 부족
2025-12-18,US10Y,미국 10년물 국채수익률,확인 부족,-1,이력 부족: 0/25관측,현재 상태를 판단할 자료가 부족합니다.,확인 부족
2025-12-18,US30Y,미국 30년물 국채수익률,확인 부족,-1,이력 부족: 0/25관측,현재 상태를 판단할 자료가 부족합니다.,확인 부족
2025-12-18,REAL10,미국 10년물 실질금리,확인 부족,-1,이력 부족: 0/25관측,현재 상태를 판단할 자료가 부족합니다.,확인 부족
2025-12-18,TERM,미국 10년물 기간프리미엄,정상,0,과거 504관측 대비 81.3백분위 · 20일 +6bp,금리 상승에 따른 부담을 관찰합니다. 물가·고용·신용의 동반 움직임으로 의미를 구분합니다.,낮음
2025-12-18,CURVE2,미국 10년물-2년물 금리차,확인 부족,-1,이력 부족: 0/22관측,현재 상태를 판단할 자료가 부족합니다.,확인 부족
2025-12-18,CURVE3,미국 10년물-3개월물 금리차,확인 부족,-1,이력 부족: 0/22관측,현재 상태를 판단할 자료가 부족합니다.,확인 부족
2025-12-18,CURVEFED,미국 10년물-기준금리 차,확인 부족,-1,이력 부족: 0/22관측,현재 상태를 판단할 자료가 부족합니다.,확인 부족
2025-12-18,VIX,VIX,정상,0,VIX 16.9 · 5일 +13.6% · 20일 -36.1% · 5일 +2.0포인트,지표 고유의 상태와 다른 시장 영역의 동반 신호를 구분해 확인합니다.,낮음
2025-12-18,VIXPOS,VIX 1년 위치,참고,0,과거 252관측 대비 43.3백분위,최근 분포에서의 위치입니다. 별도 위험 신호로 중복 집계하지 않습니다.,낮음
2025-12-18,HY,하이일드 OAS,안정,0,HY 2.95%p · 5일 +7bp · 20일 -24bp,지표 고유의 상태와 다른 시장 영역의 동반 신호를 구분해 확인합니다.,낮음
2025-12-18,BBB,BBB OAS,안정,0,BBB 1.03%p · 5일 +3bp · 20일 -6bp,지표 고유의 상태와 다른 시장 영역의 동반 신호를 구분해 확인합니다.,낮음
2025-12-18,HYPOS,HY 1년 위치,참고,0,과거 252관측 대비 51.0백분위,최근 분포에서의 위치입니다. 별도 위험 신호로 중복 집계하지 않습니다.,낮음
2025-12-18,UNEMP,미국 실업률,확인 부족,-1,월간 관측 누락: 달력 기간 계산 보류,현재 상태를 판단할 자료가 부족합니다.,확인 부족
2025-12-18,SAHM,Sahm Rule,확인 부족,-1,월간 관측 누락: 달력 기간 계산 보류,현재 상태를 판단할 자료가 부족합니다.,확인 부족
2025-12-18,CLAIMS,신규실업수당 4주평균,확인 부족,-1,이력 부족: 0/55관측,현재 상태를 판단할 자료가 부족합니다.,확인 부족
2025-12-18,CPI,CPI,확인 부족,-1,이력 부족: 0/16관측,현재 상태를 판단할 자료가 부족합니다.,확인 부족
2025-12-18,CORECPI,근원 CPI,확인 부족,-1,이력 부족: 0/16관측,현재 상태를 판단할 자료가 부족합니다.,확인 부족
2025-12-18,COREPCE,근원 PCE,확인 부족,-1,이력 부족: 0/16관측,현재 상태를 판단할 자료가 부족합니다.,확인 부족
2025-12-18,DXY,달러지수,확인 부족,-1,이력 부족: 0/147관측,현재 상태를 판단할 자료가 부족합니다.,확인 부족
2025-12-18,USDKRW,달러/원,확인 부족,-1,이력 부족: 0/147관측,현재 상태를 판단할 자료가 부족합니다.,확인 부족
2025-12-18,USDJPY,달러/엔,확인 부족,-1,이력 부족: 0/147관측,현재 상태를 판단할 자료가 부족합니다.,확인 부족
2025-12-18,WTI,WTI,확인 부족,-1,이력 부족: 0/147관측,현재 상태를 판단할 자료가 부족합니다.,확인 부족
2025-12-18,GOLD,금,정상,0,5일 +1.26% · 20일 +6.42% · 변동성 기준 41.9/80.2백분위,가격 움직임은 확인되지만 원인을 구분할 교차 근거가 충분하지 않습니다.,낮음
2025-12-18,SILVER,은,주의,2,5일 +1.04% · 20일 +27.17% · 변동성 기준 19.8/99.8백분위,금과 은이 함께 상승합니다. 귀금속 공통 흐름을 확인합니다.,낮음
2025-12-18,COPPER,구리,정상,0,5일 -1.11% · 20일 +7.16% · 변동성 기준 27.0/68.1백분위,가격 움직임은 확인되지만 원인을 구분할 교차 근거가 충분하지 않습니다.,낮음
2025-12-19,SP500,S&P500,확인 부족,-1,이력 부족: 0/252관측,현재 상태를 판단할 자료가 부족합니다.,확인 부족
2025-12-19,NASDAQ,Nasdaq,확인 부족,-1,이력 부족: 0/252관측,현재 상태를 판단할 자료가 부족합니다.,확인 부족
2025-12-19,RUSSELL,Russell 2000,정상,0,5일 -0.9% · 20일 +9.7% · 고점 대비 -2.4%,지표 고유의 상태와 다른 시장 영역의 동반 신호를 구분해 확인합니다.,낮음
2025-12-19,MA200,200일 이동평균 이격,확인 부족,-1,이력 부족: 0/200관측,현재 상태를 판단할 자료가 부족합니다.,확인 부족
2025-12-19,EW,동일가중 상대성과,정상,0,RSP가 SPY 대비 20일 +1.6%p · 5일 상대성과 -0.10%p,지표 고유의 상태와 다른 시장 영역의 동반 신호를 구분해 확인합니다.,낮음
2025-12-19,CAPE,CAPE,확인 부족,-1,이력 부족: 0/120관측,현재 상태를 판단할 자료가 부족합니다.,확인 부족
2025-12-19,ADV,상승 종목 비율,확인 부족,-1,이력 부족: 0/21관측,현재 상태를 판단할 자료가 부족합니다.,확인 부족
2025-12-19,ABOVE200,200DMA 위 종목 비율,확인 부족,-1,이력 부족: 0/21관측,현재 상태를 판단할 자료가 부족합니다.,확인 부족
2025-12-19,HILO,52주 신고가-신저가 비율,확인 부족,-1,이력 부족: 0/21관측,현재 상태를 판단할 자료가 부족합니다.,확인 부족
2025-12-19,EFFR,미국 기준금리,정상,0,20관측 -24bp · 인하 · EFFR 변화는 목표범위 결정 자체와 구분,금리 하락 또는 상대관계 변화을 관찰합니다. 물가·고용·신용의 동반 움직임으로 의미를 구분합니다.,낮음
2025-12-19,US3M,미국 3개월물 국채수익률,확인 부족,-1,이력 부족: 0/25관측,현재 상태를 판단할 자료가 부족합니다.,확인 부족
2025-12-19,US2Y,미국 2년물 국채수익률,확인 부족,-1,이력 부족: 0/25관측,현재 상태를 판단할 자료가 부족합니다.,확인 부족
2025-12-19,US10Y,미국 10년물 국채수익률,확인 부족,-1,이력 부족: 0/25관측,현재 상태를 판단할 자료가 부족합니다.,확인 부족
2025-12-19,US30Y,미국 30년물 국채수익률,확인 부족,-1,이력 부족: 0/25관측,현재 상태를 판단할 자료가 부족합니다.,확인 부족
2025-12-19,REAL10,미국 10년물 실질금리,확인 부족,-1,이력 부족: 0/25관측,현재 상태를 판단할 자료가 부족합니다.,확인 부족
2025-12-19,TERM,미국 10년물 기간프리미엄,정상,0,과거 504관측 대비 83.5백분위 · 20일 +7bp,금리 상승에 따른 부담을 관찰합니다. 물가·고용·신용의 동반 움직임으로 의미를 구분합니다.,낮음
2025-12-19,CURVE2,미국 10년물-2년물 금리차,확인 부족,-1,이력 부족: 0/22관측,현재 상태를 판단할 자료가 부족합니다.,확인 부족
2025-12-19,CURVE3,미국 10년물-3개월물 금리차,확인 부족,-1,이력 부족: 0/22관측,현재 상태를 판단할 자료가 부족합니다.,확인 부족
2025-12-19,CURVEFED,미국 10년물-기준금리 차,확인 부족,-1,이력 부족: 0/22관측,현재 상태를 판단할 자료가 부족합니다.,확인 부족
2025-12-19,VIX,VIX,안정,0,VIX 14.9 · 5일 -5.3% · 20일 -36.4% · 5일 -0.8포인트,지표 고유의 상태와 다른 시장 영역의 동반 신호를 구분해 확인합니다.,낮음
2025-12-19,VIXPOS,VIX 1년 위치,참고,0,과거 252관측 대비 5.2백분위,최근 분포에서의 위치입니다. 별도 위험 신호로 중복 집계하지 않습니다.,낮음
2025-12-19,HY,하이일드 OAS,안정,0,HY 2.90%p · 5일 -1bp · 20일 -25bp,지표 고유의 상태와 다른 시장 영역의 동반 신호를 구분해 확인합니다.,낮음
2025-12-19,BBB,BBB OAS,안정,0,BBB 1.02%p · 5일 +1bp · 20일 -6bp,지표 고유의 상태와 다른 시장 영역의 동반 신호를 구분해 확인합니다.,낮음
2025-12-19,HYPOS,HY 1년 위치,참고,0,과거 252관측 대비 41.1백분위,최근 분포에서의 위치입니다. 별도 위험 신호로 중복 집계하지 않습니다.,낮음
2025-12-19,UNEMP,미국 실업률,확인 부족,-1,월간 관측 누락: 달력 기간 계산 보류,현재 상태를 판단할 자료가 부족합니다.,확인 부족
2025-12-19,SAHM,Sahm Rule,확인 부족,-1,월간 관측 누락: 달력 기간 계산 보류,현재 상태를 판단할 자료가 부족합니다.,확인 부족
2025-12-19,CLAIMS,신규실업수당 4주평균,확인 부족,-1,이력 부족: 0/55관측,현재 상태를 판단할 자료가 부족합니다.,확인 부족
2025-12-19,CPI,CPI,확인 부족,-1,이력 부족: 0/16관측,현재 상태를 판단할 자료가 부족합니다.,확인 부족
2025-12-19,CORECPI,근원 CPI,확인 부족,-1,이력 부족: 0/16관측,현재 상태를 판단할 자료가 부족합니다.,확인 부족
2025-12-19,COREPCE,근원 PCE,확인 부족,-1,이력 부족: 0/16관측,현재 상태를 판단할 자료가 부족합니다.,확인 부족
2025-12-19,DXY,달러지수,확인 부족,-1,이력 부족: 0/147관측,현재 상태를 판단할 자료가 부족합니다.,확인 부족
2025-12-19,USDKRW,달러/원,확인 부족,-1,이력 부족: 0/147관측,현재 상태를 판단할 자료가 부족합니다.,확인 부족
2025-12-19,USDJPY,달러/엔,확인 부족,-1,이력 부족: 0/147관측,현재 상태를 판단할 자료가 부족합니다.,확인 부족
2025-12-19,WTI,WTI,확인 부족,-1,이력 부족: 0/147관측,현재 상태를 판단할 자료가 부족합니다.,확인 부족
2025-12-19,GOLD,금,정상,0,5일 +1.43% · 20일 +7.52% · 변동성 기준 46.6/85.7백분위,가격 움직임은 확인되지만 원인을 구분할 교차 근거가 충분하지 않습니다.,낮음
2025-12-19,SILVER,은,주의,2,5일 +8.94% · 20일 +33.03% · 변동성 기준 95.0/100.0백분위,금과 은이 함께 상승합니다. 귀금속 공통 흐름을 확인합니다.,낮음
2025-12-19,COPPER,구리,정상,0,5일 +2.95% · 20일 +9.68% · 변동성 기준 63.5/80.8백분위,가격 움직임은 확인되지만 원인을 구분할 교차 근거가 충분하지 않습니다.,낮음
2025-12-22,SP500,S&P500,확인 부족,-1,이력 부족: 0/252관측,현재 상태를 판단할 자료가 부족합니다.,확인 부족
2025-12-22,NASDAQ,Nasdaq,확인 부족,-1,이력 부족: 0/252관측,현재 상태를 판단할 자료가 부족합니다.,확인 부족
2025-12-22,RUSSELL,Russell 2000,정상,0,5일 +1.1% · 20일 +8.0% · 고점 대비 -1.2%,지표 고유의 상태와 다른 시장 영역의 동반 신호를 구분해 확인합니다.,낮음
2025-12-22,MA200,200일 이동평균 이격,확인 부족,-1,이력 부족: 0/200관측,현재 상태를 판단할 자료가 부족합니다.,확인 부족
2025-12-22,EW,동일가중 상대성과,정상,0,RSP가 SPY 대비 20일 +0.3%p · 5일 상대성과 -0.66%p,지표 고유의 상태와 다른 시장 영역의 동반 신호를 구분해 확인합니다.,낮음
2025-12-22,CAPE,CAPE,확인 부족,-1,이력 부족: 0/120관측,현재 상태를 판단할 자료가 부족합니다.,확인 부족
2025-12-22,ADV,상승 종목 비율,확인 부족,-1,이력 부족: 0/21관측,현재 상태를 판단할 자료가 부족합니다.,확인 부족
2025-12-22,ABOVE200,200DMA 위 종목 비율,확인 부족,-1,이력 부족: 0/21관측,현재 상태를 판단할 자료가 부족합니다.,확인 부족
2025-12-22,HILO,52주 신고가-신저가 비율,확인 부족,-1,이력 부족: 0/21관측,현재 상태를 판단할 자료가 부족합니다.,확인 부족
2025-12-22,EFFR,미국 기준금리,정상,0,20관측 -24bp · 인하 · EFFR 변화는 목표범위 결정 자체와 구분,금리 하락 또는 상대관계 변화을 관찰합니다. 물가·고용·신용의 동반 움직임으로 의미를 구분합니다.,낮음
2025-12-22,US3M,미국 3개월물 국채수익률,확인 부족,-1,이력 부족: 0/25관측,현재 상태를 판단할 자료가 부족합니다.,확인 부족
2025-12-22,US2Y,미국 2년물 국채수익률,확인 부족,-1,이력 부족: 0/25관측,현재 상태를 판단할 자료가 부족합니다.,확인 부족
2025-12-22,US10Y,미국 10년물 국채수익률,확인 부족,-1,이력 부족: 0/25관측,현재 상태를 판단할 자료가 부족합니다.,확인 부족
2025-12-22,US30Y,미국 30년물 국채수익률,확인 부족,-1,이력 부족: 0/25관측,현재 상태를 판단할 자료가 부족합니다.,확인 부족
2025-12-22,REAL10,미국 10년물 실질금리,확인 부족,-1,이력 부족: 0/25관측,현재 상태를 판단할 자료가 부족합니다.,확인 부족
2025-12-22,TERM,미국 10년물 기간프리미엄,정상,0,과거 504관측 대비 85.7백분위 · 20일 +10bp,금리 상승에 따른 부담을 관찰합니다. 물가·고용·신용의 동반 움직임으로 의미를 구분합니다.,낮음
2025-12-22,CURVE2,미국 10년물-2년물 금리차,확인 부족,-1,이력 부족: 0/22관측,현재 상태를 판단할 자료가 부족합니다.,확인 부족
2025-12-22,CURVE3,미국 10년물-3개월물 금리차,확인 부족,-1,이력 부족: 0/22관측,현재 상태를 판단할 자료가 부족합니다.,확인 부족
2025-12-22,CURVEFED,미국 10년물-기준금리 차,확인 부족,-1,이력 부족: 0/22관측,현재 상태를 판단할 자료가 부족합니다.,확인 부족
2025-12-22,VIX,VIX,안정,0,VIX 14.1 · 5일 -14.7% · 20일 -31.4% · 5일 -2.4포인트,지표 고유의 상태와 다른 시장 영역의 동반 신호를 구분해 확인합니다.,낮음
2025-12-22,VIXPOS,VIX 1년 위치,참고,0,과거 252관측 대비 0.0백분위,최근 분포에서의 위치입니다. 별도 위험 신호로 중복 집계하지 않습니다.,낮음
2025-12-22,HY,하이일드 OAS,안정,0,HY 2.88%p · 5일 -3bp · 20일 -22bp,지표 고유의 상태와 다른 시장 영역의 동반 신호를 구분해 확인합니다.,낮음
2025-12-22,BBB,BBB OAS,안정,0,BBB 1.02%p · 5일 +0bp · 20일 -5bp,지표 고유의 상태와 다른 시장 영역의 동반 신호를 구분해 확인합니다.,낮음
2025-12-22,HYPOS,HY 1년 위치,참고,0,과거 252관측 대비 35.9백분위,최근 분포에서의 위치입니다. 별도 위험 신호로 중복 집계하지 않습니다.,낮음
2025-12-22,UNEMP,미국 실업률,확인 부족,-1,월간 관측 누락: 달력 기간 계산 보류,현재 상태를 판단할 자료가 부족합니다.,확인 부족
2025-12-22,SAHM,Sahm Rule,확인 부족,-1,월간 관측 누락: 달력 기간 계산 보류,현재 상태를 판단할 자료가 부족합니다.,확인 부족
2025-12-22,CLAIMS,신규실업수당 4주평균,확인 부족,-1,이력 부족: 0/55관측,현재 상태를 판단할 자료가 부족합니다.,확인 부족
2025-12-22,CPI,CPI,확인 부족,-1,이력 부족: 0/16관측,현재 상태를 판단할 자료가 부족합니다.,확인 부족
2025-12-22,CORECPI,근원 CPI,확인 부족,-1,이력 부족: 0/16관측,현재 상태를 판단할 자료가 부족합니다.,확인 부족
2025-12-22,COREPCE,근원 PCE,확인 부족,-1,이력 부족: 0/16관측,현재 상태를 판단할 자료가 부족합니다.,확인 부족
2025-12-22,DXY,달러지수,확인 부족,-1,이력 부족: 0/147관측,현재 상태를 판단할 자료가 부족합니다.,확인 부족
2025-12-22,USDKRW,달러/원,확인 부족,-1,이력 부족: 0/147관측,현재 상태를 판단할 자료가 부족합니다.,확인 부족
2025-12-22,USDJPY,달러/엔,확인 부족,-1,이력 부족: 0/147관측,현재 상태를 판단할 자료가 부족합니다.,확인 부족
2025-12-22,WTI,WTI,확인 부족,-1,이력 부족: 0/147관측,현재 상태를 판단할 자료가 부족합니다.,확인 부족
2025-12-22,GOLD,금,관찰,1,5일 +3.20% · 20일 +9.02% · 변동성 기준 82.5/93.3백분위,가격 움직임은 확인되지만 원인을 구분할 교차 근거가 충분하지 않습니다.,낮음
2025-12-22,SILVER,은,주의,2,5일 +7.89% · 20일 +36.16% · 변동성 기준 91.7/100.0백분위,금과 은이 함께 상승합니다. 귀금속 공통 흐름을 확인합니다.,낮음
2025-12-22,COPPER,구리,정상,0,5일 +1.85% · 20일 +8.57% · 변동성 기준 44.8/75.0백분위,가격 움직임은 확인되지만 원인을 구분할 교차 근거가 충분하지 않습니다.,낮음
2025-12-23,SP500,S&P500,확인 부족,-1,이력 부족: 0/252관측,현재 상태를 판단할 자료가 부족합니다.,확인 부족
2025-12-23,NASDAQ,Nasdaq,확인 부족,-1,이력 부족: 0/252관측,현재 상태를 판단할 자료가 부족합니다.,확인 부족
2025-12-23,RUSSELL,Russell 2000,정상,0,5일 +0.9% · 20일 +5.3% · 고점 대비 -1.9%,지표 고유의 상태와 다른 시장 영역의 동반 신호를 구분해 확인합니다.,낮음
2025-12-23,MA200,200일 이동평균 이격,확인 부족,-1,이력 부족: 0/200관측,현재 상태를 판단할 자료가 부족합니다.,확인 부족
2025-12-23,EW,동일가중 상대성과,정상,0,RSP가 SPY 대비 20일 +0.6%p · 5일 상대성과 -0.92%p,지표 고유의 상태와 다른 시장 영역의 동반 신호를 구분해 확인합니다.,낮음
2025-12-23,CAPE,CAPE,확인 부족,-1,이력 부족: 0/120관측,현재 상태를 판단할 자료가 부족합니다.,확인 부족
2025-12-23,ADV,상승 종목 비율,확인 부족,-1,이력 부족: 0/21관측,현재 상태를 판단할 자료가 부족합니다.,확인 부족
2025-12-23,ABOVE200,200DMA 위 종목 비율,확인 부족,-1,이력 부족: 0/21관측,현재 상태를 판단할 자료가 부족합니다.,확인 부족
2025-12-23,HILO,52주 신고가-신저가 비율,확인 부족,-1,이력 부족: 0/21관측,현재 상태를 판단할 자료가 부족합니다.,확인 부족
2025-12-23,EFFR,미국 기준금리,정상,0,20관측 -24bp · 인하 · EFFR 변화는 목표범위 결정 자체와 구분,금리 하락 또는 상대관계 변화을 관찰합니다. 물가·고용·신용의 동반 움직임으로 의미를 구분합니다.,낮음
2025-12-23,US3M,미국 3개월물 국채수익률,확인 부족,-1,이력 부족: 0/25관측,현재 상태를 판단할 자료가 부족합니다.,확인 부족
2025-12-23,US2Y,미국 2년물 국채수익률,확인 부족,-1,이력 부족: 0/25관측,현재 상태를 판단할 자료가 부족합니다.,확인 부족
2025-12-23,US10Y,미국 10년물 국채수익률,확인 부족,-1,이력 부족: 0/25관측,현재 상태를 판단할 자료가 부족합니다.,확인 부족
2025-12-23,US30Y,미국 30년물 국채수익률,확인 부족,-1,이력 부족: 0/25관측,현재 상태를 판단할 자료가 부족합니다.,확인 부족
2025-12-23,REAL10,미국 10년물 실질금리,확인 부족,-1,이력 부족: 0/25관측,현재 상태를 판단할 자료가 부족합니다.,확인 부족
2025-12-23,TERM,미국 10년물 기간프리미엄,정상,0,과거 504관측 대비 86.7백분위 · 20일 +12bp,금리 상승에 따른 부담을 관찰합니다. 물가·고용·신용의 동반 움직임으로 의미를 구분합니다.,낮음
2025-12-23,CURVE2,미국 10년물-2년물 금리차,확인 부족,-1,이력 부족: 0/22관측,현재 상태를 판단할 자료가 부족합니다.,확인 부족
2025-12-23,CURVE3,미국 10년물-3개월물 금리차,확인 부족,-1,이력 부족: 0/22관측,현재 상태를 판단할 자료가 부족합니다.,확인 부족
2025-12-23,CURVEFED,미국 10년물-기준금리 차,확인 부족,-1,이력 부족: 0/22관측,현재 상태를 판단할 자료가 부족합니다.,확인 부족
2025-12-23,VIX,VIX,안정,0,VIX 14.0 · 5일 -15.0% · 20일 -24.6% · 5일 -2.5포인트,지표 고유의 상태와 다른 시장 영역의 동반 신호를 구분해 확인합니다.,낮음
2025-12-23,VIXPOS,VIX 1년 위치,참고,0,과거 252관측 대비 0.0백분위,최근 분포에서의 위치입니다. 별도 위험 신호로 중복 집계하지 않습니다.,낮음
2025-12-23,HY,하이일드 OAS,안정,0,HY 2.83%p · 5일 -15bp · 20일 -17bp,지표 고유의 상태와 다른 시장 영역의 동반 신호를 구분해 확인합니다.,낮음
2025-12-23,BBB,BBB OAS,안정,0,BBB 1.01%p · 5일 -2bp · 20일 -4bp,지표 고유의 상태와 다른 시장 영역의 동반 신호를 구분해 확인합니다.,낮음
2025-12-23,HYPOS,HY 1년 위치,참고,0,과거 252관측 대비 26.6백분위,최근 분포에서의 위치입니다. 별도 위험 신호로 중복 집계하지 않습니다.,낮음
2025-12-23,UNEMP,미국 실업률,확인 부족,-1,월간 관측 누락: 달력 기간 계산 보류,현재 상태를 판단할 자료가 부족합니다.,확인 부족
2025-12-23,SAHM,Sahm Rule,확인 부족,-1,월간 관측 누락: 달력 기간 계산 보류,현재 상태를 판단할 자료가 부족합니다.,확인 부족
2025-12-23,CLAIMS,신규실업수당 4주평균,확인 부족,-1,이력 부족: 0/55관측,현재 상태를 판단할 자료가 부족합니다.,확인 부족
2025-12-23,CPI,CPI,확인 부족,-1,이력 부족: 0/16관측,현재 상태를 판단할 자료가 부족합니다.,확인 부족
2025-12-23,CORECPI,근원 CPI,확인 부족,-1,이력 부족: 0/16관측,현재 상태를 판단할 자료가 부족합니다.,확인 부족
2025-12-23,COREPCE,근원 PCE,확인 부족,-1,이력 부족: 0/16관측,현재 상태를 판단할 자료가 부족합니다.,확인 부족
2025-12-23,DXY,달러지수,확인 부족,-1,이력 부족: 0/147관측,현재 상태를 판단할 자료가 부족합니다.,확인 부족
2025-12-23,USDKRW,달러/원,확인 부족,-1,이력 부족: 0/147관측,현재 상태를 판단할 자료가 부족합니다.,확인 부족
2025-12-23,USDJPY,달러/엔,확인 부족,-1,이력 부족: 0/147관측,현재 상태를 판단할 자료가 부족합니다.,확인 부족
2025-12-23,WTI,WTI,확인 부족,-1,이력 부족: 0/147관측,현재 상태를 판단할 자료가 부족합니다.,확인 부족
2025-12-23,GOLD,금,관찰,1,5일 +4.14% · 20일 +9.55% · 변동성 기준 91.5/94.0백분위,가격 움직임은 확인되지만 원인을 구분할 교차 근거가 충분하지 않습니다.,낮음
2025-12-23,SILVER,은,주의,2,5일 +12.42% · 20일 +40.14% · 변동성 기준 98.2/100.0백분위,금과 은이 함께 상승합니다. 귀금속 공통 흐름을 확인합니다.,낮음
2025-12-23,COPPER,구리,정상,0,5일 +3.57% · 20일 +10.36% · 변동성 기준 69.4/83.5백분위,가격 움직임은 확인되지만 원인을 구분할 교차 근거가 충분하지 않습니다.,낮음
2025-12-24,SP500,S&P500,확인 부족,-1,이력 부족: 0/252관측,현재 상태를 판단할 자료가 부족합니다.,확인 부족
2025-12-24,NASDAQ,Nasdaq,확인 부족,-1,이력 부족: 0/252관측,현재 상태를 판단할 자료가 부족합니다.,확인 부족
2025-12-24,RUSSELL,Russell 2000,정상,0,5일 +2.2% · 20일 +3.3% · 고점 대비 -1.6%,지표 고유의 상태와 다른 시장 영역의 동반 신호를 구분해 확인합니다.,낮음
2025-12-24,MA200,200일 이동평균 이격,확인 부족,-1,이력 부족: 0/200관측,현재 상태를 판단할 자료가 부족합니다.,확인 부족
2025-12-24,EW,동일가중 상대성과,정상,0,RSP가 SPY 대비 20일 +0.2%p · 5일 상대성과 -1.77%p,지표 고유의 상태와 다른 시장 영역의 동반 신호를 구분해 확인합니다.,낮음
2025-12-24,CAPE,CAPE,확인 부족,-1,이력 부족: 0/120관측,현재 상태를 판단할 자료가 부족합니다.,확인 부족
2025-12-24,ADV,상승 종목 비율,확인 부족,-1,이력 부족: 0/21관측,현재 상태를 판단할 자료가 부족합니다.,확인 부족
2025-12-24,ABOVE200,200DMA 위 종목 비율,확인 부족,-1,이력 부족: 0/21관측,현재 상태를 판단할 자료가 부족합니다.,확인 부족
2025-12-24,HILO,52주 신고가-신저가 비율,확인 부족,-1,이력 부족: 0/21관측,현재 상태를 판단할 자료가 부족합니다.,확인 부족
2025-12-24,EFFR,미국 기준금리,정상,0,20관측 -24bp · 인하 · EFFR 변화는 목표범위 결정 자체와 구분,금리 하락 또는 상대관계 변화을 관찰합니다. 물가·고용·신용의 동반 움직임으로 의미를 구분합니다.,낮음
2025-12-24,US3M,미국 3개월물 국채수익률,확인 부족,-1,이력 부족: 0/25관측,현재 상태를 판단할 자료가 부족합니다.,확인 부족
2025-12-24,US2Y,미국 2년물 국채수익률,확인 부족,-1,이력 부족: 0/25관측,현재 상태를 판단할 자료가 부족합니다.,확인 부족
2025-12-24,US10Y,미국 10년물 국채수익률,확인 부족,-1,이력 부족: 0/25관측,현재 상태를 판단할 자료가 부족합니다.,확인 부족
2025-12-24,US30Y,미국 30년물 국채수익률,확인 부족,-1,이력 부족: 0/25관측,현재 상태를 판단할 자료가 부족합니다.,확인 부족
2025-12-24,REAL10,미국 10년물 실질금리,확인 부족,-1,이력 부족: 0/25관측,현재 상태를 판단할 자료가 부족합니다.,확인 부족
2025-12-24,TERM,미국 10년물 기간프리미엄,정상,0,과거 504관측 대비 84.5백분위 · 20일 +12bp,금리 상승에 따른 부담을 관찰합니다. 물가·고용·신용의 동반 움직임으로 의미를 구분합니다.,낮음
2025-12-24,CURVE2,미국 10년물-2년물 금리차,확인 부족,-1,이력 부족: 0/22관측,현재 상태를 판단할 자료가 부족합니다.,확인 부족
2025-12-24,CURVE3,미국 10년물-3개월물 금리차,확인 부족,-1,이력 부족: 0/22관측,현재 상태를 판단할 자료가 부족합니다.,확인 부족
2025-12-24,CURVEFED,미국 10년물-기준금리 차,확인 부족,-1,이력 부족: 0/22관측,현재 상태를 판단할 자료가 부족합니다.,확인 부족
2025-12-24,VIX,VIX,안정,0,VIX 13.5 · 5일 -23.6% · 20일 -21.6% · 5일 -4.2포인트,지표 고유의 상태와 다른 시장 영역의 동반 신호를 구분해 확인합니다.,낮음
2025-12-24,VIXPOS,VIX 1년 위치,참고,0,과거 252관측 대비 0.0백분위,최근 분포에서의 위치입니다. 별도 위험 신호로 중복 집계하지 않습니다.,낮음
2025-12-24,HY,하이일드 OAS,안정,0,HY 2.84%p · 5일 -15bp · 20일 -16bp,지표 고유의 상태와 다른 시장 영역의 동반 신호를 구분해 확인합니다.,낮음
2025-12-24,BBB,BBB OAS,안정,0,BBB 1.00%p · 5일 -3bp · 20일 -5bp,지표 고유의 상태와 다른 시장 영역의 동반 신호를 구분해 확인합니다.,낮음
2025-12-24,HYPOS,HY 1년 위치,참고,0,과거 252관측 대비 28.8백분위,최근 분포에서의 위치입니다. 별도 위험 신호로 중복 집계하지 않습니다.,낮음
2025-12-24,UNEMP,미국 실업률,확인 부족,-1,월간 관측 누락: 달력 기간 계산 보류,현재 상태를 판단할 자료가 부족합니다.,확인 부족
2025-12-24,SAHM,Sahm Rule,확인 부족,-1,월간 관측 누락: 달력 기간 계산 보류,현재 상태를 판단할 자료가 부족합니다.,확인 부족
2025-12-24,CLAIMS,신규실업수당 4주평균,확인 부족,-1,이력 부족: 0/55관측,현재 상태를 판단할 자료가 부족합니다.,확인 부족
2025-12-24,CPI,CPI,확인 부족,-1,이력 부족: 0/16관측,현재 상태를 판단할 자료가 부족합니다.,확인 부족
2025-12-24,CORECPI,근원 CPI,확인 부족,-1,이력 부족: 0/16관측,현재 상태를 판단할 자료가 부족합니다.,확인 부족
2025-12-24,COREPCE,근원 PCE,확인 부족,-1,이력 부족: 0/16관측,현재 상태를 판단할 자료가 부족합니다.,확인 부족
2025-12-24,DXY,달러지수,확인 부족,-1,이력 부족: 0/147관측,현재 상태를 판단할 자료가 부족합니다.,확인 부족
2025-12-24,USDKRW,달러/원,확인 부족,-1,이력 부족: 0/147관측,현재 상태를 판단할 자료가 부족합니다.,확인 부족
2025-12-24,USDJPY,달러/엔,확인 부족,-1,이력 부족: 0/147관측,현재 상태를 판단할 자료가 부족합니다.,확인 부족
2025-12-24,WTI,WTI,확인 부족,-1,이력 부족: 0/147관측,현재 상태를 판단할 자료가 부족합니다.,확인 부족
2025-12-24,GOLD,금,정상,0,5일 +3.06% · 20일 +8.25% · 변동성 기준 80.6/89.7백분위,가격 움직임은 확인되지만 원인을 구분할 교차 근거가 충분하지 않습니다.,낮음
2025-12-24,SILVER,은,주의,2,5일 +7.24% · 20일 +39.46% · 변동성 기준 89.9/99.8백분위,금과 은이 함께 상승합니다. 귀금속 공통 흐름을 확인합니다.,낮음
2025-12-24,COPPER,구리,정상,0,5일 +2.52% · 20일 +9.98% · 변동성 기준 55.2/82.1백분위,가격 움직임은 확인되지만 원인을 구분할 교차 근거가 충분하지 않습니다.,낮음
2025-12-26,SP500,S&P500,확인 부족,-1,이력 부족: 0/252관측,현재 상태를 판단할 자료가 부족합니다.,확인 부족
2025-12-26,NASDAQ,Nasdaq,확인 부족,-1,이력 부족: 0/252관측,현재 상태를 판단할 자료가 부족합니다.,확인 부족
2025-12-26,RUSSELL,Russell 2000,정상,0,5일 +1.1% · 20일 +1.9% · 고점 대비 -2.2%,지표 고유의 상태와 다른 시장 영역의 동반 신호를 구분해 확인합니다.,낮음
2025-12-26,MA200,200일 이동평균 이격,확인 부족,-1,이력 부족: 0/200관측,현재 상태를 판단할 자료가 부족합니다.,확인 부족
2025-12-26,EW,동일가중 상대성과,정상,0,RSP가 SPY 대비 20일 +0.2%p · 5일 상대성과 -1.18%p,지표 고유의 상태와 다른 시장 영역의 동반 신호를 구분해 확인합니다.,낮음
2025-12-26,CAPE,CAPE,확인 부족,-1,이력 부족: 0/120관측,현재 상태를 판단할 자료가 부족합니다.,확인 부족
2025-12-26,ADV,상승 종목 비율,확인 부족,-1,이력 부족: 0/21관측,현재 상태를 판단할 자료가 부족합니다.,확인 부족
2025-12-26,ABOVE200,200DMA 위 종목 비율,확인 부족,-1,이력 부족: 0/21관측,현재 상태를 판단할 자료가 부족합니다.,확인 부족
2025-12-26,HILO,52주 신고가-신저가 비율,확인 부족,-1,이력 부족: 0/21관측,현재 상태를 판단할 자료가 부족합니다.,확인 부족
2025-12-26,EFFR,미국 기준금리,정상,0,20관측 -24bp · 인하 · EFFR 변화는 목표범위 결정 자체와 구분,금리 하락 또는 상대관계 변화을 관찰합니다. 물가·고용·신용의 동반 움직임으로 의미를 구분합니다.,낮음
2025-12-26,US3M,미국 3개월물 국채수익률,확인 부족,-1,이력 부족: 0/25관측,현재 상태를 판단할 자료가 부족합니다.,확인 부족
2025-12-26,US2Y,미국 2년물 국채수익률,확인 부족,-1,이력 부족: 0/25관측,현재 상태를 판단할 자료가 부족합니다.,확인 부족
2025-12-26,US10Y,미국 10년물 국채수익률,확인 부족,-1,이력 부족: 0/25관측,현재 상태를 판단할 자료가 부족합니다.,확인 부족
2025-12-26,US30Y,미국 30년물 국채수익률,확인 부족,-1,이력 부족: 0/25관측,현재 상태를 판단할 자료가 부족합니다.,확인 부족
2025-12-26,REAL10,미국 10년물 실질금리,확인 부족,-1,이력 부족: 0/25관측,현재 상태를 판단할 자료가 부족합니다.,확인 부족
2025-12-26,TERM,미국 10년물 기간프리미엄,정상,0,과거 504관측 대비 81.3백분위 · 20일 +12bp,금리 상승에 따른 부담을 관찰합니다. 물가·고용·신용의 동반 움직임으로 의미를 구분합니다.,낮음
2025-12-26,CURVE2,미국 10년물-2년물 금리차,확인 부족,-1,이력 부족: 0/22관측,현재 상태를 판단할 자료가 부족합니다.,확인 부족
2025-12-26,CURVE3,미국 10년물-3개월물 금리차,확인 부족,-1,이력 부족: 0/22관측,현재 상태를 판단할 자료가 부족합니다.,확인 부족
2025-12-26,CURVEFED,미국 10년물-기준금리 차,확인 부족,-1,이력 부족: 0/22관측,현재 상태를 판단할 자료가 부족합니다.,확인 부족
2025-12-26,VIX,VIX,안정,0,VIX 13.6 · 5일 -19.4% · 20일 -21.0% · 5일 -3.3포인트,지표 고유의 상태와 다른 시장 영역의 동반 신호를 구분해 확인합니다.,낮음
2025-12-26,VIXPOS,VIX 1년 위치,참고,0,과거 252관측 대비 0.4백분위,최근 분포에서의 위치입니다. 별도 위험 신호로 중복 집계하지 않습니다.,낮음
2025-12-26,HY,하이일드 OAS,안정,0,HY 2.86%p · 5일 -9bp · 20일 -9bp,지표 고유의 상태와 다른 시장 영역의 동반 신호를 구분해 확인합니다.,낮음
2025-12-26,BBB,BBB OAS,안정,0,BBB 1.00%p · 5일 -3bp · 20일 -4bp,지표 고유의 상태와 다른 시장 영역의 동반 신호를 구분해 확인합니다.,낮음
2025-12-26,HYPOS,HY 1년 위치,참고,0,과거 252관측 대비 32.3백분위,최근 분포에서의 위치입니다. 별도 위험 신호로 중복 집계하지 않습니다.,낮음
2025-12-26,UNEMP,미국 실업률,확인 부족,-1,월간 관측 누락: 달력 기간 계산 보류,현재 상태를 판단할 자료가 부족합니다.,확인 부족
2025-12-26,SAHM,Sahm Rule,확인 부족,-1,월간 관측 누락: 달력 기간 계산 보류,현재 상태를 판단할 자료가 부족합니다.,확인 부족
2025-12-26,CLAIMS,신규실업수당 4주평균,확인 부족,-1,이력 부족: 0/55관측,현재 상태를 판단할 자료가 부족합니다.,확인 부족
2025-12-26,CPI,CPI,확인 부족,-1,이력 부족: 0/16관측,현재 상태를 판단할 자료가 부족합니다.,확인 부족
2025-12-26,CORECPI,근원 CPI,확인 부족,-1,이력 부족: 0/16관측,현재 상태를 판단할 자료가 부족합니다.,확인 부족
2025-12-26,COREPCE,근원 PCE,확인 부족,-1,이력 부족: 0/16관측,현재 상태를 판단할 자료가 부족합니다.,확인 부족
2025-12-26,DXY,달러지수,확인 부족,-1,이력 부족: 0/147관측,현재 상태를 판단할 자료가 부족합니다.,확인 부족
2025-12-26,USDKRW,달러/원,확인 부족,-1,이력 부족: 0/147관측,현재 상태를 판단할 자료가 부족합니다.,확인 부족
2025-12-26,USDJPY,달러/엔,확인 부족,-1,이력 부족: 0/147관측,현재 상태를 판단할 자료가 부족합니다.,확인 부족
2025-12-26,WTI,WTI,확인 부족,-1,이력 부족: 0/147관측,현재 상태를 판단할 자료가 부족합니다.,확인 부족
2025-12-26,GOLD,금,관찰,1,5일 +4.37% · 20일 +8.74% · 변동성 기준 92.5/91.5백분위,가격 움직임은 확인되지만 원인을 구분할 교차 근거가 충분하지 않습니다.,낮음
2025-12-26,SILVER,은,주의,2,5일 +18.41% · 20일 +44.54% · 변동성 기준 100.0/100.0백분위,금과 은이 함께 상승합니다. 귀금속 공통 흐름을 확인합니다.,낮음
2025-12-26,COPPER,구리,관찰,1,5일 +7.45% · 20일 +12.97% · 변동성 기준 94.8/90.7백분위,가격 움직임은 확인되지만 원인을 구분할 교차 근거가 충분하지 않습니다.,낮음
2025-12-29,SP500,S&P500,확인 부족,-1,이력 부족: 0/252관측,현재 상태를 판단할 자료가 부족합니다.,확인 부족
2025-12-29,NASDAQ,Nasdaq,확인 부족,-1,이력 부족: 0/252관측,현재 상태를 판단할 자료가 부족합니다.,확인 부족
2025-12-29,RUSSELL,Russell 2000,정상,0,5일 -0.4% · 20일 +0.8% · 고점 대비 -2.7%,지표 고유의 상태와 다른 시장 영역의 동반 신호를 구분해 확인합니다.,낮음
2025-12-29,MA200,200일 이동평균 이격,확인 부족,-1,이력 부족: 0/200관측,현재 상태를 판단할 자료가 부족합니다.,확인 부족
2025-12-29,EW,동일가중 상대성과,정상,0,RSP가 SPY 대비 20일 +0.4%p · 5일 상대성과 -0.73%p,지표 고유의 상태와 다른 시장 영역의 동반 신호를 구분해 확인합니다.,낮음
2025-12-29,CAPE,CAPE,확인 부족,-1,이력 부족: 0/120관측,현재 상태를 판단할 자료가 부족합니다.,확인 부족
2025-12-29,ADV,상승 종목 비율,확인 부족,-1,이력 부족: 0/21관측,현재 상태를 판단할 자료가 부족합니다.,확인 부족
2025-12-29,ABOVE200,200DMA 위 종목 비율,확인 부족,-1,이력 부족: 0/21관측,현재 상태를 판단할 자료가 부족합니다.,확인 부족
2025-12-29,HILO,52주 신고가-신저가 비율,확인 부족,-1,이력 부족: 0/21관측,현재 상태를 판단할 자료가 부족합니다.,확인 부족
2025-12-29,EFFR,미국 기준금리,관찰,1,20관측 -25bp · 인하 · EFFR 변화는 목표범위 결정 자체와 구분,금리 하락 또는 상대관계 변화을 관찰합니다. 물가·고용·신용의 동반 움직임으로 의미를 구분합니다.,낮음
2025-12-29,US3M,미국 3개월물 국채수익률,확인 부족,-1,이력 부족: 0/25관측,현재 상태를 판단할 자료가 부족합니다.,확인 부족
2025-12-29,US2Y,미국 2년물 국채수익률,확인 부족,-1,이력 부족: 0/25관측,현재 상태를 판단할 자료가 부족합니다.,확인 부족
2025-12-29,US10Y,미국 10년물 국채수익률,확인 부족,-1,이력 부족: 0/25관측,현재 상태를 판단할 자료가 부족합니다.,확인 부족
2025-12-29,US30Y,미국 30년물 국채수익률,확인 부족,-1,이력 부족: 0/25관측,현재 상태를 판단할 자료가 부족합니다.,확인 부족
2025-12-29,REAL10,미국 10년물 실질금리,확인 부족,-1,이력 부족: 0/25관측,현재 상태를 판단할 자료가 부족합니다.,확인 부족
2025-12-29,TERM,미국 10년물 기간프리미엄,정상,0,과거 504관측 대비 78.0백분위 · 20일 +10bp,금리 상승에 따른 부담을 관찰합니다. 물가·고용·신용의 동반 움직임으로 의미를 구분합니다.,낮음
2025-12-29,CURVE2,미국 10년물-2년물 금리차,확인 부족,-1,이력 부족: 0/22관측,현재 상태를 판단할 자료가 부족합니다.,확인 부족
2025-12-29,CURVE3,미국 10년물-3개월물 금리차,확인 부족,-1,이력 부족: 0/22관측,현재 상태를 판단할 자료가 부족합니다.,확인 부족
2025-12-29,CURVEFED,미국 10년물-기준금리 차,확인 부족,-1,이력 부족: 0/22관측,현재 상태를 판단할 자료가 부족합니다.,확인 부족
2025-12-29,VIX,VIX,안정,0,VIX 14.2 · 5일 -4.8% · 20일 -13.1% · 5일 -0.7포인트,지표 고유의 상태와 다른 시장 영역의 동반 신호를 구분해 확인합니다.,낮음
2025-12-29,VIXPOS,VIX 1년 위치,참고,0,과거 252관측 대비 1.6백분위,최근 분포에서의 위치입니다. 별도 위험 신호로 중복 집계하지 않습니다.,낮음
2025-12-29,HY,하이일드 OAS,안정,0,HY 2.87%p · 5일 -3bp · 20일 -5bp,지표 고유의 상태와 다른 시장 영역의 동반 신호를 구분해 확인합니다.,낮음
2025-12-29,BBB,BBB OAS,안정,0,BBB 1.00%p · 5일 -2bp · 20일 -5bp,지표 고유의 상태와 다른 시장 영역의 동반 신호를 구분해 확인합니다.,낮음
2025-12-29,HYPOS,HY 1년 위치,참고,0,과거 252관측 대비 33.3백분위,최근 분포에서의 위치입니다. 별도 위험 신호로 중복 집계하지 않습니다.,낮음
2025-12-29,UNEMP,미국 실업률,확인 부족,-1,월간 관측 누락: 달력 기간 계산 보류,현재 상태를 판단할 자료가 부족합니다.,확인 부족
2025-12-29,SAHM,Sahm Rule,확인 부족,-1,월간 관측 누락: 달력 기간 계산 보류,현재 상태를 판단할 자료가 부족합니다.,확인 부족
2025-12-29,CLAIMS,신규실업수당 4주평균,확인 부족,-1,이력 부족: 0/55관측,현재 상태를 판단할 자료가 부족합니다.,확인 부족
2025-12-29,CPI,CPI,확인 부족,-1,이력 부족: 0/16관측,현재 상태를 판단할 자료가 부족합니다.,확인 부족
2025-12-29,CORECPI,근원 CPI,확인 부족,-1,이력 부족: 0/16관측,현재 상태를 판단할 자료가 부족합니다.,확인 부족
2025-12-29,COREPCE,근원 PCE,확인 부족,-1,이력 부족: 0/16관측,현재 상태를 판단할 자료가 부족합니다.,확인 부족
2025-12-29,DXY,달러지수,확인 부족,-1,이력 부족: 0/147관측,현재 상태를 판단할 자료가 부족합니다.,확인 부족
2025-12-29,USDKRW,달러/원,확인 부족,-1,이력 부족: 0/147관측,현재 상태를 판단할 자료가 부족합니다.,확인 부족
2025-12-29,USDJPY,달러/엔,확인 부족,-1,이력 부족: 0/147관측,현재 상태를 판단할 자료가 부족합니다.,확인 부족
2025-12-29,WTI,WTI,확인 부족,-1,이력 부족: 0/147관측,현재 상태를 판단할 자료가 부족합니다.,확인 부족
2025-12-29,GOLD,금,정상,0,5일 -0.83% · 20일 +2.53% · 변동성 기준 28.0/44.2백분위,가격 움직임은 확인되지만 원인을 구분할 교차 근거가 충분하지 않습니다.,낮음
2025-12-29,SILVER,은,주의,2,5일 +4.50% · 20일 +23.76% · 변동성 기준 73.4/98.0백분위,가격 움직임은 확인되지만 원인을 구분할 교차 근거가 충분하지 않습니다.,낮음
2025-12-29,COPPER,구리,정상,0,5일 +0.94% · 20일 +5.88% · 변동성 기준 22.8/56.2백분위,가격 움직임은 확인되지만 원인을 구분할 교차 근거가 충분하지 않습니다.,낮음
2025-12-30,SP500,S&P500,확인 부족,-1,이력 부족: 0/252관측,현재 상태를 판단할 자료가 부족합니다.,확인 부족
2025-12-30,NASDAQ,Nasdaq,확인 부족,-1,이력 부족: 0/252관측,현재 상태를 판단할 자료가 부족합니다.,확인 부족
2025-12-30,RUSSELL,Russell 2000,정상,0,5일 -2.3% · 20일 +1.3% · 고점 대비 -3.5%,지표 고유의 상태와 다른 시장 영역의 동반 신호를 구분해 확인합니다.,낮음
2025-12-30,MA200,200일 이동평균 이격,확인 부족,-1,이력 부족: 0/200관측,현재 상태를 판단할 자료가 부족합니다.,확인 부족
2025-12-30,EW,동일가중 상대성과,정상,0,RSP가 SPY 대비 20일 +0.6%p · 5일 상대성과 -0.49%p,지표 고유의 상태와 다른 시장 영역의 동반 신호를 구분해 확인합니다.,낮음
2025-12-30,CAPE,CAPE,확인 부족,-1,이력 부족: 0/120관측,현재 상태를 판단할 자료가 부족합니다.,확인 부족
2025-12-30,ADV,상승 종목 비율,확인 부족,-1,이력 부족: 0/21관측,현재 상태를 판단할 자료가 부족합니다.,확인 부족
2025-12-30,ABOVE200,200DMA 위 종목 비율,확인 부족,-1,이력 부족: 0/21관측,현재 상태를 판단할 자료가 부족합니다.,확인 부족
2025-12-30,HILO,52주 신고가-신저가 비율,확인 부족,-1,이력 부족: 0/21관측,현재 상태를 판단할 자료가 부족합니다.,확인 부족
2025-12-30,EFFR,미국 기준금리,관찰,1,20관측 -25bp · 인하 · EFFR 변화는 목표범위 결정 자체와 구분,금리 하락 또는 상대관계 변화을 관찰합니다. 물가·고용·신용의 동반 움직임으로 의미를 구분합니다.,낮음
2025-12-30,US3M,미국 3개월물 국채수익률,확인 부족,-1,이력 부족: 0/25관측,현재 상태를 판단할 자료가 부족합니다.,확인 부족
2025-12-30,US2Y,미국 2년물 국채수익률,확인 부족,-1,이력 부족: 0/25관측,현재 상태를 판단할 자료가 부족합니다.,확인 부족
2025-12-30,US10Y,미국 10년물 국채수익률,확인 부족,-1,이력 부족: 0/25관측,현재 상태를 판단할 자료가 부족합니다.,확인 부족
2025-12-30,US30Y,미국 30년물 국채수익률,확인 부족,-1,이력 부족: 0/25관측,현재 상태를 판단할 자료가 부족합니다.,확인 부족
2025-12-30,REAL10,미국 10년물 실질금리,확인 부족,-1,이력 부족: 0/25관측,현재 상태를 판단할 자료가 부족합니다.,확인 부족
2025-12-30,TERM,미국 10년물 기간프리미엄,정상,0,과거 504관측 대비 79.0백분위 · 20일 +7bp,금리 상승에 따른 부담을 관찰합니다. 물가·고용·신용의 동반 움직임으로 의미를 구분합니다.,낮음
2025-12-30,CURVE2,미국 10년물-2년물 금리차,확인 부족,-1,이력 부족: 0/22관측,현재 상태를 판단할 자료가 부족합니다.,확인 부족
2025-12-30,CURVE3,미국 10년물-3개월물 금리차,확인 부족,-1,이력 부족: 0/22관측,현재 상태를 판단할 자료가 부족합니다.,확인 부족
2025-12-30,CURVEFED,미국 10년물-기준금리 차,확인 부족,-1,이력 부족: 0/22관측,현재 상태를 판단할 자료가 부족합니다.,확인 부족
2025-12-30,VIX,VIX,안정,0,VIX 14.3 · 5일 +1.8% · 20일 -16.9% · 5일 +0.2포인트,지표 고유의 상태와 다른 시장 영역의 동반 신호를 구분해 확인합니다.,낮음
2025-12-30,VIXPOS,VIX 1년 위치,참고,0,과거 252관측 대비 2.4백분위,최근 분포에서의 위치입니다. 별도 위험 신호로 중복 집계하지 않습니다.,낮음
2025-12-30,HY,하이일드 OAS,안정,0,HY 2.84%p · 5일 -4bp · 20일 -10bp,지표 고유의 상태와 다른 시장 영역의 동반 신호를 구분해 확인합니다.,낮음
2025-12-30,BBB,BBB OAS,안정,0,BBB 1.01%p · 5일 -1bp · 20일 -3bp,지표 고유의 상태와 다른 시장 영역의 동반 신호를 구분해 확인합니다.,낮음
2025-12-30,HYPOS,HY 1년 위치,참고,0,과거 252관측 대비 28.0백분위,최근 분포에서의 위치입니다. 별도 위험 신호로 중복 집계하지 않습니다.,낮음
2025-12-30,UNEMP,미국 실업률,확인 부족,-1,월간 관측 누락: 달력 기간 계산 보류,현재 상태를 판단할 자료가 부족합니다.,확인 부족
2025-12-30,SAHM,Sahm Rule,확인 부족,-1,월간 관측 누락: 달력 기간 계산 보류,현재 상태를 판단할 자료가 부족합니다.,확인 부족
2025-12-30,CLAIMS,신규실업수당 4주평균,확인 부족,-1,이력 부족: 0/55관측,현재 상태를 판단할 자료가 부족합니다.,확인 부족
2025-12-30,CPI,CPI,확인 부족,-1,이력 부족: 0/16관측,현재 상태를 판단할 자료가 부족합니다.,확인 부족
2025-12-30,CORECPI,근원 CPI,확인 부족,-1,이력 부족: 0/16관측,현재 상태를 판단할 자료가 부족합니다.,확인 부족
2025-12-30,COREPCE,근원 PCE,확인 부족,-1,이력 부족: 0/16관측,현재 상태를 판단할 자료가 부족합니다.,확인 부족
2025-12-30,DXY,달러지수,확인 부족,-1,이력 부족: 0/147관측,현재 상태를 판단할 자료가 부족합니다.,확인 부족
2025-12-30,USDKRW,달러/원,확인 부족,-1,이력 부족: 0/147관측,현재 상태를 판단할 자료가 부족합니다.,확인 부족
2025-12-30,USDJPY,달러/엔,확인 부족,-1,이력 부족: 0/147관측,현재 상태를 판단할 자료가 부족합니다.,확인 부족
2025-12-30,WTI,WTI,확인 부족,-1,이력 부족: 0/147관측,현재 상태를 판단할 자료가 부족합니다.,확인 부족
2025-12-30,GOLD,금,정상,0,5일 -1.68% · 20일 +3.09% · 변동성 기준 53.8/48.6백분위,가격 움직임은 확인되지만 원인을 구분할 교차 근거가 충분하지 않습니다.,낮음
2025-12-30,SILVER,은,주의,2,5일 +13.94% · 20일 +32.45% · 변동성 기준 98.8/99.0백분위,금과 은이 함께 상승합니다. 귀금속 공통 흐름을 확인합니다.,낮음
2025-12-30,COPPER,구리,정상,0,5일 +5.33% · 20일 +9.74% · 변동성 기준 86.7/80.8백분위,가격 움직임은 확인되지만 원인을 구분할 교차 근거가 충분하지 않습니다.,낮음
2025-12-31,SP500,S&P500,확인 부족,-1,이력 부족: 0/252관측,현재 상태를 판단할 자료가 부족합니다.,확인 부족
2025-12-31,NASDAQ,Nasdaq,확인 부족,-1,이력 부족: 0/252관측,현재 상태를 판단할 자료가 부족합니다.,확인 부족
2025-12-31,RUSSELL,Russell 2000,정상,0,5일 -2.3% · 20일 +0.7% · 고점 대비 -4.2%,지표 고유의 상태와 다른 시장 영역의 동반 신호를 구분해 확인합니다.,낮음
2025-12-31,MA200,200일 이동평균 이격,확인 부족,-1,이력 부족: 0/200관측,현재 상태를 판단할 자료가 부족합니다.,확인 부족
2025-12-31,EW,동일가중 상대성과,정상,0,RSP가 SPY 대비 20일 +0.7%p · 5일 상대성과 +0.09%p,지표 고유의 상태와 다른 시장 영역의 동반 신호를 구분해 확인합니다.,낮음
2025-12-31,CAPE,CAPE,확인 부족,-1,이력 부족: 0/120관측,현재 상태를 판단할 자료가 부족합니다.,확인 부족
2025-12-31,ADV,상승 종목 비율,확인 부족,-1,이력 부족: 0/21관측,현재 상태를 판단할 자료가 부족합니다.,확인 부족
2025-12-31,ABOVE200,200DMA 위 종목 비율,확인 부족,-1,이력 부족: 0/21관측,현재 상태를 판단할 자료가 부족합니다.,확인 부족
2025-12-31,HILO,52주 신고가-신저가 비율,확인 부족,-1,이력 부족: 0/21관측,현재 상태를 판단할 자료가 부족합니다.,확인 부족
2025-12-31,EFFR,미국 기준금리,관찰,1,20관측 -25bp · 인하 · EFFR 변화는 목표범위 결정 자체와 구분,금리 하락 또는 상대관계 변화을 관찰합니다. 물가·고용·신용의 동반 움직임으로 의미를 구분합니다.,낮음
2025-12-31,US3M,미국 3개월물 국채수익률,확인 부족,-1,이력 부족: 0/25관측,현재 상태를 판단할 자료가 부족합니다.,확인 부족
2025-12-31,US2Y,미국 2년물 국채수익률,확인 부족,-1,이력 부족: 0/25관측,현재 상태를 판단할 자료가 부족합니다.,확인 부족
2025-12-31,US10Y,미국 10년물 국채수익률,확인 부족,-1,이력 부족: 0/25관측,현재 상태를 판단할 자료가 부족합니다.,확인 부족
2025-12-31,US30Y,미국 30년물 국채수익률,확인 부족,-1,이력 부족: 0/25관측,현재 상태를 판단할 자료가 부족합니다.,확인 부족
2025-12-31,REAL10,미국 10년물 실질금리,확인 부족,-1,이력 부족: 0/25관측,현재 상태를 판단할 자료가 부족합니다.,확인 부족
2025-12-31,TERM,미국 10년물 기간프리미엄,정상,0,과거 504관측 대비 85.1백분위 · 20일 +8bp,금리 상승에 따른 부담을 관찰합니다. 물가·고용·신용의 동반 움직임으로 의미를 구분합니다.,낮음
2025-12-31,CURVE2,미국 10년물-2년물 금리차,확인 부족,-1,이력 부족: 0/22관측,현재 상태를 판단할 자료가 부족합니다.,확인 부족
2025-12-31,CURVE3,미국 10년물-3개월물 금리차,확인 부족,-1,이력 부족: 0/22관측,현재 상태를 판단할 자료가 부족합니다.,확인 부족
2025-12-31,CURVEFED,미국 10년물-기준금리 차,확인 부족,-1,이력 부족: 0/22관측,현재 상태를 판단할 자료가 부족합니다.,확인 부족
2025-12-31,VIX,VIX,안정,0,VIX 14.9 · 5일 +6.8% · 20일 -9.9% · 5일 +0.9포인트,지표 고유의 상태와 다른 시장 영역의 동반 신호를 구분해 확인합니다.,낮음
2025-12-31,VIXPOS,VIX 1년 위치,참고,0,과거 252관측 대비 8.3백분위,최근 분포에서의 위치입니다. 별도 위험 신호로 중복 집계하지 않습니다.,낮음
2025-12-31,HY,하이일드 OAS,안정,0,HY 2.81%p · 5일 -2bp · 20일 -11bp,지표 고유의 상태와 다른 시장 영역의 동반 신호를 구분해 확인합니다.,낮음
2025-12-31,BBB,BBB OAS,안정,0,BBB 1.01%p · 5일 +0bp · 20일 -2bp,지표 고유의 상태와 다른 시장 영역의 동반 신호를 구분해 확인합니다.,낮음
2025-12-31,HYPOS,HY 1년 위치,참고,0,과거 252관측 대비 22.2백분위,최근 분포에서의 위치입니다. 별도 위험 신호로 중복 집계하지 않습니다.,낮음
2025-12-31,UNEMP,미국 실업률,확인 부족,-1,월간 관측 누락: 달력 기간 계산 보류,현재 상태를 판단할 자료가 부족합니다.,확인 부족
2025-12-31,SAHM,Sahm Rule,확인 부족,-1,월간 관측 누락: 달력 기간 계산 보류,현재 상태를 판단할 자료가 부족합니다.,확인 부족
2025-12-31,CLAIMS,신규실업수당 4주평균,확인 부족,-1,이력 부족: 0/55관측,현재 상태를 판단할 자료가 부족합니다.,확인 부족
2025-12-31,CPI,CPI,확인 부족,-1,이력 부족: 0/16관측,현재 상태를 판단할 자료가 부족합니다.,확인 부족
2025-12-31,CORECPI,근원 CPI,확인 부족,-1,이력 부족: 0/16관측,현재 상태를 판단할 자료가 부족합니다.,확인 부족
2025-12-31,COREPCE,근원 PCE,확인 부족,-1,이력 부족: 0/16관측,현재 상태를 판단할 자료가 부족합니다.,확인 부족
2025-12-31,DXY,달러지수,확인 부족,-1,이력 부족: 0/147관측,현재 상태를 판단할 자료가 부족합니다.,확인 부족
2025-12-31,USDKRW,달러/원,확인 부족,-1,이력 부족: 0/147관측,현재 상태를 판단할 자료가 부족합니다.,확인 부족
2025-12-31,USDJPY,달러/엔,확인 부족,-1,이력 부족: 0/147관측,현재 상태를 판단할 자료가 부족합니다.,확인 부족
2025-12-31,WTI,WTI,확인 부족,-1,이력 부족: 0/147관측,현재 상태를 판단할 자료가 부족합니다.,확인 부족
2025-12-31,GOLD,금,정상,0,5일 -3.51% · 20일 +3.32% · 변동성 기준 86.1/51.2백분위,가격 움직임은 확인되지만 원인을 구분할 교차 근거가 충분하지 않습니다.,낮음
2025-12-31,SILVER,은,관찰,1,5일 -0.50% · 20일 +20.96% · 변동성 기준 9.9/96.4백분위,금과 은이 함께 상승합니다. 귀금속 공통 흐름을 확인합니다.,낮음
2025-12-31,COPPER,구리,정상,0,5일 +2.81% · 20일 +9.09% · 변동성 기준 60.3/76.6백분위,가격 움직임은 확인되지만 원인을 구분할 교차 근거가 충분하지 않습니다.,낮음
2026-01-02,SP500,S&P500,확인 부족,-1,이력 부족: 0/252관측,현재 상태를 판단할 자료가 부족합니다.,확인 부족
2026-01-02,NASDAQ,Nasdaq,확인 부족,-1,이력 부족: 0/252관측,현재 상태를 판단할 자료가 부족합니다.,확인 부족
2026-01-02,RUSSELL,Russell 2000,정상,0,5일 -1.6% · 20일 -0.2% · 고점 대비 -3.2%,지표 고유의 상태와 다른 시장 영역의 동반 신호를 구분해 확인합니다.,낮음
2026-01-02,MA200,200일 이동평균 이격,확인 부족,-1,이력 부족: 0/200관측,현재 상태를 판단할 자료가 부족합니다.,확인 부족
2026-01-02,EW,동일가중 상대성과,정상,0,RSP가 SPY 대비 20일 +0.8%p · 5일 상대성과 +0.56%p,지표 고유의 상태와 다른 시장 영역의 동반 신호를 구분해 확인합니다.,낮음
2026-01-02,CAPE,CAPE,확인 부족,-1,이력 부족: 0/120관측,현재 상태를 판단할 자료가 부족합니다.,확인 부족
2026-01-02,ADV,상승 종목 비율,확인 부족,-1,이력 부족: 0/21관측,현재 상태를 판단할 자료가 부족합니다.,확인 부족
2026-01-02,ABOVE200,200DMA 위 종목 비율,확인 부족,-1,이력 부족: 0/21관측,현재 상태를 판단할 자료가 부족합니다.,확인 부족
2026-01-02,HILO,52주 신고가-신저가 비율,확인 부족,-1,이력 부족: 0/21관측,현재 상태를 판단할 자료가 부족합니다.,확인 부족
2026-01-02,EFFR,미국 기준금리,관찰,1,20관측 -25bp · 인하 · EFFR 변화는 목표범위 결정 자체와 구분,금리 하락 또는 상대관계 변화을 관찰합니다. 물가·고용·신용의 동반 움직임으로 의미를 구분합니다.,낮음
2026-01-02,US3M,미국 3개월물 국채수익률,확인 부족,-1,이력 부족: 0/25관측,현재 상태를 판단할 자료가 부족합니다.,확인 부족
2026-01-02,US2Y,미국 2년물 국채수익률,확인 부족,-1,이력 부족: 0/25관측,현재 상태를 판단할 자료가 부족합니다.,확인 부족
2026-01-02,US10Y,미국 10년물 국채수익률,확인 부족,-1,이력 부족: 0/25관측,현재 상태를 판단할 자료가 부족합니다.,확인 부족
2026-01-02,US30Y,미국 30년물 국채수익률,확인 부족,-1,이력 부족: 0/25관측,현재 상태를 판단할 자료가 부족합니다.,확인 부족
2026-01-02,REAL10,미국 10년물 실질금리,확인 부족,-1,이력 부족: 0/25관측,현재 상태를 판단할 자료가 부족합니다.,확인 부족
2026-01-02,TERM,미국 10년물 기간프리미엄,정상,0,과거 504관측 대비 88.5백분위 · 20일 +10bp,금리 상승에 따른 부담을 관찰합니다. 물가·고용·신용의 동반 움직임으로 의미를 구분합니다.,낮음
2026-01-02,CURVE2,미국 10년물-2년물 금리차,확인 부족,-1,이력 부족: 0/22관측,현재 상태를 판단할 자료가 부족합니다.,확인 부족
2026-01-02,CURVE3,미국 10년물-3개월물 금리차,확인 부족,-1,이력 부족: 0/22관측,현재 상태를 판단할 자료가 부족합니다.,확인 부족
2026-01-02,CURVEFED,미국 10년물-기준금리 차,확인 부족,-1,이력 부족: 0/22관측,현재 상태를 판단할 자료가 부족합니다.,확인 부족
2026-01-02,VIX,VIX,안정,0,VIX 14.5 · 5일 +7.7% · 20일 -9.8% · 5일 +1.0포인트,지표 고유의 상태와 다른 시장 영역의 동반 신호를 구분해 확인합니다.,낮음
2026-01-02,VIXPOS,VIX 1년 위치,참고,0,과거 252관측 대비 3.6백분위,최근 분포에서의 위치입니다. 별도 위험 신호로 중복 집계하지 않습니다.,낮음
2026-01-02,HY,하이일드 OAS,안정,0,HY 2.83%p · 5일 -1bp · 20일 -6bp,지표 고유의 상태와 다른 시장 영역의 동반 신호를 구분해 확인합니다.,낮음
2026-01-02,BBB,BBB OAS,안정,0,BBB 1.01%p · 5일 +1bp · 20일 -2bp,지표 고유의 상태와 다른 시장 영역의 동반 신호를 구분해 확인합니다.,낮음
2026-01-02,HYPOS,HY 1년 위치,참고,0,과거 252관측 대비 25.6백분위,최근 분포에서의 위치입니다. 별도 위험 신호로 중복 집계하지 않습니다.,낮음
2026-01-02,UNEMP,미국 실업률,확인 부족,-1,월간 관측 누락: 달력 기간 계산 보류,현재 상태를 판단할 자료가 부족합니다.,확인 부족
2026-01-02,SAHM,Sahm Rule,확인 부족,-1,월간 관측 누락: 달력 기간 계산 보류,현재 상태를 판단할 자료가 부족합니다.,확인 부족
2026-01-02,CLAIMS,신규실업수당 4주평균,확인 부족,-1,이력 부족: 0/55관측,현재 상태를 판단할 자료가 부족합니다.,확인 부족
2026-01-02,CPI,CPI,확인 부족,-1,이력 부족: 0/16관측,현재 상태를 판단할 자료가 부족합니다.,확인 부족
2026-01-02,CORECPI,근원 CPI,확인 부족,-1,이력 부족: 0/16관측,현재 상태를 판단할 자료가 부족합니다.,확인 부족
2026-01-02,COREPCE,근원 PCE,확인 부족,-1,이력 부족: 0/16관측,현재 상태를 판단할 자료가 부족합니다.,확인 부족
2026-01-02,DXY,달러지수,확인 부족,-1,이력 부족: 0/147관측,현재 상태를 판단할 자료가 부족합니다.,확인 부족
2026-01-02,USDKRW,달러/원,확인 부족,-1,이력 부족: 0/147관측,현재 상태를 판단할 자료가 부족합니다.,확인 부족
2026-01-02,USDJPY,달러/엔,확인 부족,-1,이력 부족: 0/147관측,현재 상태를 판단할 자료가 부족합니다.,확인 부족
2026-01-02,WTI,WTI,확인 부족,-1,이력 부족: 0/147관측,현재 상태를 판단할 자료가 부족합니다.,확인 부족
2026-01-02,GOLD,금,정상,0,5일 -3.71% · 20일 +2.74% · 변동성 기준 88.9/45.2백분위,가격 움직임은 확인되지만 원인을 구분할 교차 근거가 충분하지 않습니다.,낮음
2026-01-02,SILVER,은,관찰,1,5일 -0.67% · 20일 +21.81% · 변동성 기준 13.1/96.8백분위,가격 움직임은 확인되지만 원인을 구분할 교차 근거가 충분하지 않습니다.,낮음
2026-01-02,COPPER,구리,정상,0,5일 +2.57% · 20일 +6.25% · 변동성 기준 56.2/59.1백분위,가격 움직임은 확인되지만 원인을 구분할 교차 근거가 충분하지 않습니다.,낮음
2026-01-05,SP500,S&P500,확인 부족,-1,이력 부족: 0/252관측,현재 상태를 판단할 자료가 부족합니다.,확인 부족
2026-01-05,NASDAQ,Nasdaq,확인 부족,-1,이력 부족: 0/252관측,현재 상태를 판단할 자료가 부족합니다.,확인 부족
2026-01-05,RUSSELL,Russell 2000,정상,0,5일 +0.5% · 20일 +0.7% · 고점 대비 -1.6%,지표 고유의 상태와 다른 시장 영역의 동반 신호를 구분해 확인합니다.,낮음
2026-01-05,MA200,200일 이동평균 이격,확인 부족,-1,이력 부족: 0/200관측,현재 상태를 판단할 자료가 부족합니다.,확인 부족
2026-01-05,EW,동일가중 상대성과,정상,0,RSP가 SPY 대비 20일 +1.1%p · 5일 상대성과 +0.79%p,지표 고유의 상태와 다른 시장 영역의 동반 신호를 구분해 확인합니다.,낮음
2026-01-05,CAPE,CAPE,확인 부족,-1,이력 부족: 0/120관측,현재 상태를 판단할 자료가 부족합니다.,확인 부족
2026-01-05,ADV,상승 종목 비율,확인 부족,-1,이력 부족: 0/21관측,현재 상태를 판단할 자료가 부족합니다.,확인 부족
2026-01-05,ABOVE200,200DMA 위 종목 비율,확인 부족,-1,이력 부족: 0/21관측,현재 상태를 판단할 자료가 부족합니다.,확인 부족
2026-01-05,HILO,52주 신고가-신저가 비율,확인 부족,-1,이력 부족: 0/21관측,현재 상태를 판단할 자료가 부족합니다.,확인 부족
2026-01-05,EFFR,미국 기준금리,관찰,1,20관측 -25bp · 인하 · EFFR 변화는 목표범위 결정 자체와 구분,금리 하락 또는 상대관계 변화을 관찰합니다. 물가·고용·신용의 동반 움직임으로 의미를 구분합니다.,낮음
2026-01-05,US3M,미국 3개월물 국채수익률,확인 부족,-1,이력 부족: 0/25관측,현재 상태를 판단할 자료가 부족합니다.,확인 부족
2026-01-05,US2Y,미국 2년물 국채수익률,확인 부족,-1,이력 부족: 0/25관측,현재 상태를 판단할 자료가 부족합니다.,확인 부족
2026-01-05,US10Y,미국 10년물 국채수익률,확인 부족,-1,이력 부족: 0/25관측,현재 상태를 판단할 자료가 부족합니다.,확인 부족
2026-01-05,US30Y,미국 30년물 국채수익률,확인 부족,-1,이력 부족: 0/25관측,현재 상태를 판단할 자료가 부족합니다.,확인 부족
2026-01-05,REAL10,미국 10년물 실질금리,확인 부족,-1,이력 부족: 0/25관측,현재 상태를 판단할 자료가 부족합니다.,확인 부족
2026-01-05,TERM,미국 10년물 기간프리미엄,정상,0,과거 504관측 대비 86.9백분위 · 20일 +6bp,금리 상승에 따른 부담을 관찰합니다. 물가·고용·신용의 동반 움직임으로 의미를 구분합니다.,낮음
2026-01-05,CURVE2,미국 10년물-2년물 금리차,확인 부족,-1,이력 부족: 0/22관측,현재 상태를 판단할 자료가 부족합니다.,확인 부족
2026-01-05,CURVE3,미국 10년물-3개월물 금리차,확인 부족,-1,이력 부족: 0/22관측,현재 상태를 판단할 자료가 부족합니다.,확인 부족
2026-01-05,CURVEFED,미국 10년물-기준금리 차,확인 부족,-1,이력 부족: 0/22관측,현재 상태를 판단할 자료가 부족합니다.,확인 부족
2026-01-05,VIX,VIX,안정,0,VIX 14.9 · 5일 +9.6% · 20일 -5.6% · 5일 +1.3포인트,지표 고유의 상태와 다른 시장 영역의 동반 신호를 구분해 확인합니다.,낮음
2026-01-05,VIXPOS,VIX 1년 위치,참고,0,과거 252관측 대비 7.9백분위,최근 분포에서의 위치입니다. 별도 위험 신호로 중복 집계하지 않습니다.,낮음
2026-01-05,HY,하이일드 OAS,안정,0,HY 2.81%p · 5일 -5bp · 20일 -7bp,지표 고유의 상태와 다른 시장 영역의 동반 신호를 구분해 확인합니다.,낮음
2026-01-05,BBB,BBB OAS,안정,0,BBB 1.01%p · 5일 +1bp · 20일 -1bp,지표 고유의 상태와 다른 시장 영역의 동반 신호를 구분해 확인합니다.,낮음
2026-01-05,HYPOS,HY 1년 위치,참고,0,과거 252관측 대비 21.6백분위,최근 분포에서의 위치입니다. 별도 위험 신호로 중복 집계하지 않습니다.,낮음
2026-01-05,UNEMP,미국 실업률,확인 부족,-1,월간 관측 누락: 달력 기간 계산 보류,현재 상태를 판단할 자료가 부족합니다.,확인 부족
2026-01-05,SAHM,Sahm Rule,확인 부족,-1,월간 관측 누락: 달력 기간 계산 보류,현재 상태를 판단할 자료가 부족합니다.,확인 부족
2026-01-05,CLAIMS,신규실업수당 4주평균,확인 부족,-1,이력 부족: 0/55관측,현재 상태를 판단할 자료가 부족합니다.,확인 부족
2026-01-05,CPI,CPI,확인 부족,-1,이력 부족: 0/16관측,현재 상태를 판단할 자료가 부족합니다.,확인 부족
2026-01-05,CORECPI,근원 CPI,확인 부족,-1,이력 부족: 0/16관측,현재 상태를 판단할 자료가 부족합니다.,확인 부족
2026-01-05,COREPCE,근원 PCE,확인 부족,-1,이력 부족: 0/16관측,현재 상태를 판단할 자료가 부족합니다.,확인 부족
2026-01-05,DXY,달러지수,확인 부족,-1,이력 부족: 0/147관측,현재 상태를 판단할 자료가 부족합니다.,확인 부족
2026-01-05,USDKRW,달러/원,확인 부족,-1,이력 부족: 0/147관측,현재 상태를 판단할 자료가 부족합니다.,확인 부족
2026-01-05,USDJPY,달러/엔,확인 부족,-1,이력 부족: 0/147관측,현재 상태를 판단할 자료가 부족합니다.,확인 부족
2026-01-05,WTI,WTI,확인 부족,-1,이력 부족: 0/147관측,현재 상태를 판단할 자료가 부족합니다.,확인 부족
2026-01-05,GOLD,금,정상,0,5일 -2.04% · 20일 +5.34% · 변동성 기준 62.3/69.0백분위,가격 움직임은 확인되지만 원인을 구분할 교차 근거가 충분하지 않습니다.,낮음
2026-01-05,SILVER,은,주의,2,5일 -0.42% · 20일 +33.98% · 변동성 기준 7.9/99.2백분위,금과 은이 함께 상승합니다. 귀금속 공통 흐름을 확인합니다.,낮음
2026-01-05,COPPER,구리,정상,0,5일 +2.74% · 20일 +11.96% · 변동성 기준 58.9/87.7백분위,가격 움직임은 확인되지만 원인을 구분할 교차 근거가 충분하지 않습니다.,낮음
2026-01-06,SP500,S&P500,확인 부족,-1,이력 부족: 0/252관측,현재 상태를 판단할 자료가 부족합니다.,확인 부족
2026-01-06,NASDAQ,Nasdaq,확인 부족,-1,이력 부족: 0/252관측,현재 상태를 판단할 자료가 부족합니다.,확인 부족
2026-01-06,RUSSELL,Russell 2000,정상,0,5일 +2.5% · 20일 +2.4% · 고점 대비 -0.3%,지표 고유의 상태와 다른 시장 영역의 동반 신호를 구분해 확인합니다.,낮음
2026-01-06,MA200,200일 이동평균 이격,확인 부족,-1,이력 부족: 0/200관측,현재 상태를 판단할 자료가 부족합니다.,확인 부족
2026-01-06,EW,동일가중 상대성과,정상,0,RSP가 SPY 대비 20일 +1.7%p · 5일 상대성과 +1.22%p,지표 고유의 상태와 다른 시장 영역의 동반 신호를 구분해 확인합니다.,낮음
2026-01-06,CAPE,CAPE,확인 부족,-1,이력 부족: 0/120관측,현재 상태를 판단할 자료가 부족합니다.,확인 부족
2026-01-06,ADV,상승 종목 비율,확인 부족,-1,이력 부족: 0/21관측,현재 상태를 판단할 자료가 부족합니다.,확인 부족
2026-01-06,ABOVE200,200DMA 위 종목 비율,확인 부족,-1,이력 부족: 0/21관측,현재 상태를 판단할 자료가 부족합니다.,확인 부족
2026-01-06,HILO,52주 신고가-신저가 비율,확인 부족,-1,이력 부족: 0/21관측,현재 상태를 판단할 자료가 부족합니다.,확인 부족
2026-01-06,EFFR,미국 기준금리,관찰,1,20관측 -25bp · 인하 · EFFR 변화는 목표범위 결정 자체와 구분,금리 하락 또는 상대관계 변화을 관찰합니다. 물가·고용·신용의 동반 움직임으로 의미를 구분합니다.,낮음
2026-01-06,US3M,미국 3개월물 국채수익률,확인 부족,-1,이력 부족: 0/25관측,현재 상태를 판단할 자료가 부족합니다.,확인 부족
2026-01-06,US2Y,미국 2년물 국채수익률,확인 부족,-1,이력 부족: 0/25관측,현재 상태를 판단할 자료가 부족합니다.,확인 부족
2026-01-06,US10Y,미국 10년물 국채수익률,확인 부족,-1,이력 부족: 0/25관측,현재 상태를 판단할 자료가 부족합니다.,확인 부족
2026-01-06,US30Y,미국 30년물 국채수익률,확인 부족,-1,이력 부족: 0/25관측,현재 상태를 판단할 자료가 부족합니다.,확인 부족
2026-01-06,REAL10,미국 10년물 실질금리,확인 부족,-1,이력 부족: 0/25관측,현재 상태를 판단할 자료가 부족합니다.,확인 부족
2026-01-06,TERM,미국 10년물 기간프리미엄,정상,0,과거 504관측 대비 87.7백분위 · 20일 +5bp,금리 상승에 따른 부담을 관찰합니다. 물가·고용·신용의 동반 움직임으로 의미를 구분합니다.,낮음
2026-01-06,CURVE2,미국 10년물-2년물 금리차,확인 부족,-1,이력 부족: 0/22관측,현재 상태를 판단할 자료가 부족합니다.,확인 부족
2026-01-06,CURVE3,미국 10년물-3개월물 금리차,확인 부족,-1,이력 부족: 0/22관측,현재 상태를 판단할 자료가 부족합니다.,확인 부족
2026-01-06,CURVEFED,미국 10년물-기준금리 차,확인 부족,-1,이력 부족: 0/22관측,현재 상태를 판단할 자료가 부족합니다.,확인 부족
2026-01-06,VIX,VIX,안정,0,VIX 14.8 · 5일 +3.9% · 20일 -4.3% · 5일 +0.6포인트,지표 고유의 상태와 다른 시장 영역의 동반 신호를 구분해 확인합니다.,낮음
2026-01-06,VIXPOS,VIX 1년 위치,참고,0,과거 252관측 대비 5.2백분위,최근 분포에서의 위치입니다. 별도 위험 신호로 중복 집계하지 않습니다.,낮음
2026-01-06,HY,하이일드 OAS,안정,0,HY 2.79%p · 5일 -8bp · 20일 -6bp,지표 고유의 상태와 다른 시장 영역의 동반 신호를 구분해 확인합니다.,낮음
2026-01-06,BBB,BBB OAS,안정,0,BBB 1.00%p · 5일 +0bp · 20일 -1bp,지표 고유의 상태와 다른 시장 영역의 동반 신호를 구분해 확인합니다.,낮음
2026-01-06,HYPOS,HY 1년 위치,참고,0,과거 252관측 대비 17.3백분위,최근 분포에서의 위치입니다. 별도 위험 신호로 중복 집계하지 않습니다.,낮음
2026-01-06,UNEMP,미국 실업률,확인 부족,-1,월간 관측 누락: 달력 기간 계산 보류,현재 상태를 판단할 자료가 부족합니다.,확인 부족
2026-01-06,SAHM,Sahm Rule,확인 부족,-1,월간 관측 누락: 달력 기간 계산 보류,현재 상태를 판단할 자료가 부족합니다.,확인 부족
2026-01-06,CLAIMS,신규실업수당 4주평균,확인 부족,-1,이력 부족: 0/55관측,현재 상태를 판단할 자료가 부족합니다.,확인 부족
2026-01-06,CPI,CPI,확인 부족,-1,이력 부족: 0/16관측,현재 상태를 판단할 자료가 부족합니다.,확인 부족
2026-01-06,CORECPI,근원 CPI,확인 부족,-1,이력 부족: 0/16관측,현재 상태를 판단할 자료가 부족합니다.,확인 부족
2026-01-06,COREPCE,근원 PCE,확인 부족,-1,이력 부족: 0/16관측,현재 상태를 판단할 자료가 부족합니다.,확인 부족
2026-01-06,DXY,달러지수,확인 부족,-1,이력 부족: 0/147관측,현재 상태를 판단할 자료가 부족합니다.,확인 부족
2026-01-06,USDKRW,달러/원,확인 부족,-1,이력 부족: 0/147관측,현재 상태를 판단할 자료가 부족합니다.,확인 부족
2026-01-06,USDJPY,달러/엔,확인 부족,-1,이력 부족: 0/147관측,현재 상태를 판단할 자료가 부족합니다.,확인 부족
2026-01-06,WTI,WTI,확인 부족,-1,이력 부족: 0/147관측,현재 상태를 판단할 자료가 부족합니다.,확인 부족
2026-01-06,GOLD,금,정상,0,5일 +3.63% · 20일 +6.39% · 변동성 기준 87.7/79.0백분위,가격 움직임은 확인되지만 원인을 구분할 교차 근거가 충분하지 않습니다.,낮음
2026-01-06,SILVER,은,주의,2,5일 +15.28% · 20일 +37.84% · 변동성 기준 99.2/99.4백분위,금과 은이 함께 상승합니다. 귀금속 공통 흐름을 확인합니다.,낮음
2026-01-06,COPPER,구리,관찰,1,5일 +9.47% · 20일 +11.68% · 변동성 기준 96.6/86.9백분위,가격 움직임은 확인되지만 원인을 구분할 교차 근거가 충분하지 않습니다.,낮음
2026-01-07,SP500,S&P500,확인 부족,-1,이력 부족: 0/252관측,현재 상태를 판단할 자료가 부족합니다.,확인 부족
2026-01-07,NASDAQ,Nasdaq,확인 부족,-1,이력 부족: 0/252관측,현재 상태를 판단할 자료가 부족합니다.,확인 부족
2026-01-07,RUSSELL,Russell 2000,정상,0,5일 +3.0% · 20일 +2.2% · 고점 대비 -0.6%,지표 고유의 상태와 다른 시장 영역의 동반 신호를 구분해 확인합니다.,낮음
2026-01-07,MA200,200일 이동평균 이격,확인 부족,-1,이력 부족: 0/200관측,현재 상태를 판단할 자료가 부족합니다.,확인 부족
2026-01-07,EW,동일가중 상대성과,정상,0,RSP가 SPY 대비 20일 +1.2%p · 5일 상대성과 +0.44%p,지표 고유의 상태와 다른 시장 영역의 동반 신호를 구분해 확인합니다.,낮음
2026-01-07,CAPE,CAPE,확인 부족,-1,이력 부족: 0/120관측,현재 상태를 판단할 자료가 부족합니다.,확인 부족
2026-01-07,ADV,상승 종목 비율,확인 부족,-1,이력 부족: 0/21관측,현재 상태를 판단할 자료가 부족합니다.,확인 부족
2026-01-07,ABOVE200,200DMA 위 종목 비율,확인 부족,-1,이력 부족: 0/21관측,현재 상태를 판단할 자료가 부족합니다.,확인 부족
2026-01-07,HILO,52주 신고가-신저가 비율,확인 부족,-1,이력 부족: 0/21관측,현재 상태를 판단할 자료가 부족합니다.,확인 부족
2026-01-07,EFFR,미국 기준금리,관찰,1,20관측 -25bp · 인하 · EFFR 변화는 목표범위 결정 자체와 구분,금리 하락 또는 상대관계 변화을 관찰합니다. 물가·고용·신용의 동반 움직임으로 의미를 구분합니다.,낮음
2026-01-07,US3M,미국 3개월물 국채수익률,확인 부족,-1,이력 부족: 0/25관측,현재 상태를 판단할 자료가 부족합니다.,확인 부족
2026-01-07,US2Y,미국 2년물 국채수익률,확인 부족,-1,이력 부족: 0/25관측,현재 상태를 판단할 자료가 부족합니다.,확인 부족
2026-01-07,US10Y,미국 10년물 국채수익률,확인 부족,-1,이력 부족: 0/25관측,현재 상태를 판단할 자료가 부족합니다.,확인 부족
2026-01-07,US30Y,미국 30년물 국채수익률,확인 부족,-1,이력 부족: 0/25관측,현재 상태를 판단할 자료가 부족합니다.,확인 부족
2026-01-07,REAL10,미국 10년물 실질금리,확인 부족,-1,이력 부족: 0/25관측,현재 상태를 판단할 자료가 부족합니다.,확인 부족
2026-01-07,TERM,미국 10년물 기간프리미엄,정상,0,과거 504관측 대비 84.9백분위 · 20일 +2bp,금리 상승에 따른 부담을 관찰합니다. 물가·고용·신용의 동반 움직임으로 의미를 구분합니다.,낮음
2026-01-07,CURVE2,미국 10년물-2년물 금리차,확인 부족,-1,이력 부족: 0/22관측,현재 상태를 판단할 자료가 부족합니다.,확인 부족
2026-01-07,CURVE3,미국 10년물-3개월물 금리차,확인 부족,-1,이력 부족: 0/22관측,현재 상태를 판단할 자료가 부족합니다.,확인 부족
2026-01-07,CURVEFED,미국 10년물-기준금리 차,확인 부족,-1,이력 부족: 0/22관측,현재 상태를 판단할 자료가 부족합니다.,확인 부족
2026-01-07,VIX,VIX,정상,0,VIX 15.4 · 5일 +7.3% · 20일 -7.7% · 5일 +1.1포인트,지표 고유의 상태와 다른 시장 영역의 동반 신호를 구분해 확인합니다.,낮음
2026-01-07,VIXPOS,VIX 1년 위치,참고,0,과거 252관측 대비 17.5백분위,최근 분포에서의 위치입니다. 별도 위험 신호로 중복 집계하지 않습니다.,낮음
2026-01-07,HY,하이일드 OAS,안정,0,HY 2.79%p · 5일 -5bp · 20일 -10bp,지표 고유의 상태와 다른 시장 영역의 동반 신호를 구분해 확인합니다.,낮음
2026-01-07,BBB,BBB OAS,안정,0,BBB 1.01%p · 5일 +0bp · 20일 +1bp,지표 고유의 상태와 다른 시장 영역의 동반 신호를 구분해 확인합니다.,낮음
2026-01-07,HYPOS,HY 1년 위치,참고,0,과거 252관측 대비 17.1백분위,최근 분포에서의 위치입니다. 별도 위험 신호로 중복 집계하지 않습니다.,낮음
2026-01-07,UNEMP,미국 실업률,확인 부족,-1,월간 관측 누락: 달력 기간 계산 보류,현재 상태를 판단할 자료가 부족합니다.,확인 부족
2026-01-07,SAHM,Sahm Rule,확인 부족,-1,월간 관측 누락: 달력 기간 계산 보류,현재 상태를 판단할 자료가 부족합니다.,확인 부족
2026-01-07,CLAIMS,신규실업수당 4주평균,확인 부족,-1,이력 부족: 0/55관측,현재 상태를 판단할 자료가 부족합니다.,확인 부족
2026-01-07,CPI,CPI,확인 부족,-1,이력 부족: 0/16관측,현재 상태를 판단할 자료가 부족합니다.,확인 부족
2026-01-07,CORECPI,근원 CPI,확인 부족,-1,이력 부족: 0/16관측,현재 상태를 판단할 자료가 부족합니다.,확인 부족
2026-01-07,COREPCE,근원 PCE,확인 부족,-1,이력 부족: 0/16관측,현재 상태를 판단할 자료가 부족합니다.,확인 부족
2026-01-07,DXY,달러지수,확인 부족,-1,이력 부족: 0/147관측,현재 상태를 판단할 자료가 부족합니다.,확인 부족
2026-01-07,USDKRW,달러/원,확인 부족,-1,이력 부족: 0/147관측,현재 상태를 판단할 자료가 부족합니다.,확인 부족
2026-01-07,USDJPY,달러/엔,확인 부족,-1,이력 부족: 0/147관측,현재 상태를 판단할 자료가 부족합니다.,확인 부족
2026-01-07,WTI,WTI,확인 부족,-1,이력 부족: 0/147관측,현재 상태를 판단할 자료가 부족합니다.,확인 부족
2026-01-07,GOLD,금,정상,0,5일 +1.81% · 20일 +6.26% · 변동성 기준 56.5/77.2백분위,가격 움직임은 확인되지만 원인을 구분할 교차 근거가 충분하지 않습니다.,낮음
2026-01-07,SILVER,은,주의,2,5일 -0.31% · 20일 +33.50% · 변동성 기준 6.7/98.8백분위,금과 은이 함께 상승합니다. 귀금속 공통 흐름을 확인합니다.,낮음
2026-01-07,COPPER,구리,정상,0,5일 +1.42% · 20일 +8.29% · 변동성 기준 32.5/72.0백분위,가격 움직임은 확인되지만 원인을 구분할 교차 근거가 충분하지 않습니다.,낮음
2026-01-08,SP500,S&P500,확인 부족,-1,이력 부족: 0/252관측,현재 상태를 판단할 자료가 부족합니다.,확인 부족
2026-01-08,NASDAQ,Nasdaq,확인 부족,-1,이력 부족: 0/252관측,현재 상태를 판단할 자료가 부족합니다.,확인 부족
2026-01-08,RUSSELL,Russell 2000,정상,0,5일 +4.9% · 20일 +3.1% · 고점 대비 0.0%,지표 고유의 상태와 다른 시장 영역의 동반 신호를 구분해 확인합니다.,낮음
2026-01-08,MA200,200일 이동평균 이격,확인 부족,-1,이력 부족: 0/200관측,현재 상태를 판단할 자료가 부족합니다.,확인 부족
2026-01-08,EW,동일가중 상대성과,정상,0,RSP가 SPY 대비 20일 +2.2%p · 5일 상대성과 +1.44%p,지표 고유의 상태와 다른 시장 영역의 동반 신호를 구분해 확인합니다.,낮음
2026-01-08,CAPE,CAPE,확인 부족,-1,이력 부족: 0/120관측,현재 상태를 판단할 자료가 부족합니다.,확인 부족
2026-01-08,ADV,상승 종목 비율,확인 부족,-1,이력 부족: 0/21관측,현재 상태를 판단할 자료가 부족합니다.,확인 부족
2026-01-08,ABOVE200,200DMA 위 종목 비율,확인 부족,-1,이력 부족: 0/21관측,현재 상태를 판단할 자료가 부족합니다.,확인 부족
2026-01-08,HILO,52주 신고가-신저가 비율,확인 부족,-1,이력 부족: 0/21관측,현재 상태를 판단할 자료가 부족합니다.,확인 부족
2026-01-08,EFFR,미국 기준금리,관찰,1,20관측 -25bp · 인하 · EFFR 변화는 목표범위 결정 자체와 구분,금리 하락 또는 상대관계 변화을 관찰합니다. 물가·고용·신용의 동반 움직임으로 의미를 구분합니다.,낮음
2026-01-08,US3M,미국 3개월물 국채수익률,확인 부족,-1,이력 부족: 0/25관측,현재 상태를 판단할 자료가 부족합니다.,확인 부족
2026-01-08,US2Y,미국 2년물 국채수익률,확인 부족,-1,이력 부족: 0/25관측,현재 상태를 판단할 자료가 부족합니다.,확인 부족
2026-01-08,US10Y,미국 10년물 국채수익률,확인 부족,-1,이력 부족: 0/25관측,현재 상태를 판단할 자료가 부족합니다.,확인 부족
2026-01-08,US30Y,미국 30년물 국채수익률,확인 부족,-1,이력 부족: 0/25관측,현재 상태를 판단할 자료가 부족합니다.,확인 부족
2026-01-08,REAL10,미국 10년물 실질금리,확인 부족,-1,이력 부족: 0/25관측,현재 상태를 판단할 자료가 부족합니다.,확인 부족
2026-01-08,TERM,미국 10년물 기간프리미엄,정상,0,과거 504관측 대비 88.7백분위 · 20일 +2bp,금리 상승에 따른 부담을 관찰합니다. 물가·고용·신용의 동반 움직임으로 의미를 구분합니다.,낮음
2026-01-08,CURVE2,미국 10년물-2년물 금리차,확인 부족,-1,이력 부족: 0/22관측,현재 상태를 판단할 자료가 부족합니다.,확인 부족
2026-01-08,CURVE3,미국 10년물-3개월물 금리차,확인 부족,-1,이력 부족: 0/22관측,현재 상태를 판단할 자료가 부족합니다.,확인 부족
2026-01-08,CURVEFED,미국 10년물-기준금리 차,확인 부족,-1,이력 부족: 0/22관측,현재 상태를 판단할 자료가 부족합니다.,확인 부족
2026-01-08,VIX,VIX,정상,0,VIX 15.4 · 5일 +3.3% · 20일 -8.7% · 5일 +0.5포인트,지표 고유의 상태와 다른 시장 영역의 동반 신호를 구분해 확인합니다.,낮음
2026-01-08,VIXPOS,VIX 1년 위치,참고,0,과거 252관측 대비 18.8백분위,최근 분포에서의 위치입니다. 별도 위험 신호로 중복 집계하지 않습니다.,낮음
2026-01-08,HY,하이일드 OAS,안정,0,HY 2.76%p · 5일 -5bp · 20일 -13bp,지표 고유의 상태와 다른 시장 영역의 동반 신호를 구분해 확인합니다.,낮음
2026-01-08,BBB,BBB OAS,안정,0,BBB 1.01%p · 5일 +0bp · 20일 +1bp,지표 고유의 상태와 다른 시장 영역의 동반 신호를 구분해 확인합니다.,낮음
2026-01-08,HYPOS,HY 1년 위치,참고,0,과거 252관측 대비 13.3백분위,최근 분포에서의 위치입니다. 별도 위험 신호로 중복 집계하지 않습니다.,낮음
2026-01-08,UNEMP,미국 실업률,확인 부족,-1,월간 관측 누락: 달력 기간 계산 보류,현재 상태를 판단할 자료가 부족합니다.,확인 부족
2026-01-08,SAHM,Sahm Rule,확인 부족,-1,월간 관측 누락: 달력 기간 계산 보류,현재 상태를 판단할 자료가 부족합니다.,확인 부족
2026-01-08,CLAIMS,신규실업수당 4주평균,확인 부족,-1,이력 부족: 0/55관측,현재 상태를 판단할 자료가 부족합니다.,확인 부족
2026-01-08,CPI,CPI,확인 부족,-1,이력 부족: 0/16관측,현재 상태를 판단할 자료가 부족합니다.,확인 부족
2026-01-08,CORECPI,근원 CPI,확인 부족,-1,이력 부족: 0/16관측,현재 상태를 판단할 자료가 부족합니다.,확인 부족
2026-01-08,COREPCE,근원 PCE,확인 부족,-1,이력 부족: 0/16관측,현재 상태를 판단할 자료가 부족합니다.,확인 부족
2026-01-08,DXY,달러지수,확인 부족,-1,이력 부족: 0/147관측,현재 상태를 판단할 자료가 부족합니다.,확인 부족
2026-01-08,USDKRW,달러/원,확인 부족,-1,이력 부족: 0/147관측,현재 상태를 판단할 자료가 부족합니다.,확인 부족
2026-01-08,USDJPY,달러/엔,확인 부족,-1,이력 부족: 0/147관측,현재 상태를 판단할 자료가 부족합니다.,확인 부족
2026-01-08,WTI,WTI,확인 부족,-1,이력 부족: 0/147관측,현재 상태를 판단할 자료가 부족합니다.,확인 부족
2026-01-08,GOLD,금,정상,0,5일 +2.87% · 20일 +5.78% · 변동성 기준 76.8/72.2백분위,가격 움직임은 확인되지만 원인을 구분할 교차 근거가 충분하지 않습니다.,낮음
2026-01-08,SILVER,은,관찰,1,5일 +6.53% · 20일 +24.18% · 변동성 기준 86.3/97.4백분위,금과 은이 함께 상승합니다. 귀금속 공통 흐름을 확인합니다.,낮음
2026-01-08,COPPER,구리,정상,0,5일 +2.07% · 20일 +9.66% · 변동성 기준 46.6/79.4백분위,가격 움직임은 확인되지만 원인을 구분할 교차 근거가 충분하지 않습니다.,낮음
2026-01-09,SP500,S&P500,확인 부족,-1,이력 부족: 0/252관측,현재 상태를 판단할 자료가 부족합니다.,확인 부족
2026-01-09,NASDAQ,Nasdaq,확인 부족,-1,이력 부족: 0/252관측,현재 상태를 판단할 자료가 부족합니다.,확인 부족
2026-01-09,RUSSELL,Russell 2000,정상,0,5일 +4.6% · 20일 +2.5% · 고점 대비 0.0%,지표 고유의 상태와 다른 시장 영역의 동반 신호를 구분해 확인합니다.,낮음
2026-01-09,MA200,200일 이동평균 이격,확인 부족,-1,이력 부족: 0/200관측,현재 상태를 판단할 자료가 부족합니다.,확인 부족
2026-01-09,EW,동일가중 상대성과,정상,0,RSP가 SPY 대비 20일 +1.3%p · 5일 상대성과 +0.86%p,지표 고유의 상태와 다른 시장 영역의 동반 신호를 구분해 확인합니다.,낮음
2026-01-09,CAPE,CAPE,확인 부족,-1,이력 부족: 0/120관측,현재 상태를 판단할 자료가 부족합니다.,확인 부족
2026-01-09,ADV,상승 종목 비율,확인 부족,-1,이력 부족: 0/21관측,현재 상태를 판단할 자료가 부족합니다.,확인 부족
2026-01-09,ABOVE200,200DMA 위 종목 비율,확인 부족,-1,이력 부족: 0/21관측,현재 상태를 판단할 자료가 부족합니다.,확인 부족
2026-01-09,HILO,52주 신고가-신저가 비율,확인 부족,-1,이력 부족: 0/21관측,현재 상태를 판단할 자료가 부족합니다.,확인 부족
2026-01-09,EFFR,미국 기준금리,관찰,1,20관측 -25bp · 인하 · EFFR 변화는 목표범위 결정 자체와 구분,금리 하락 또는 상대관계 변화을 관찰합니다. 물가·고용·신용의 동반 움직임으로 의미를 구분합니다.,낮음
2026-01-09,US3M,미국 3개월물 국채수익률,확인 부족,-1,이력 부족: 0/25관측,현재 상태를 판단할 자료가 부족합니다.,확인 부족
2026-01-09,US2Y,미국 2년물 국채수익률,확인 부족,-1,이력 부족: 0/25관측,현재 상태를 판단할 자료가 부족합니다.,확인 부족
2026-01-09,US10Y,미국 10년물 국채수익률,확인 부족,-1,이력 부족: 0/25관측,현재 상태를 판단할 자료가 부족합니다.,확인 부족
2026-01-09,US30Y,미국 30년물 국채수익률,확인 부족,-1,이력 부족: 0/25관측,현재 상태를 판단할 자료가 부족합니다.,확인 부족
2026-01-09,REAL10,미국 10년물 실질금리,확인 부족,-1,이력 부족: 0/25관측,현재 상태를 판단할 자료가 부족합니다.,확인 부족
2026-01-09,TERM,미국 10년물 기간프리미엄,정상,0,과거 504관측 대비 89.3백분위 · 20일 +4bp,금리 상승에 따른 부담을 관찰합니다. 물가·고용·신용의 동반 움직임으로 의미를 구분합니다.,낮음
2026-01-09,CURVE2,미국 10년물-2년물 금리차,확인 부족,-1,이력 부족: 0/22관측,현재 상태를 판단할 자료가 부족합니다.,확인 부족
2026-01-09,CURVE3,미국 10년물-3개월물 금리차,확인 부족,-1,이력 부족: 0/22관측,현재 상태를 판단할 자료가 부족합니다.,확인 부족
2026-01-09,CURVEFED,미국 10년물-기준금리 차,확인 부족,-1,이력 부족: 0/22관측,현재 상태를 판단할 자료가 부족합니다.,확인 부족
2026-01-09,VIX,VIX,안정,0,VIX 14.5 · 5일 -0.1% · 20일 -8.1% · 5일 -0.0포인트,지표 고유의 상태와 다른 시장 영역의 동반 신호를 구분해 확인합니다.,낮음
2026-01-09,VIXPOS,VIX 1년 위치,참고,0,과거 252관측 대비 3.4백분위,최근 분포에서의 위치입니다. 별도 위험 신호로 중복 집계하지 않습니다.,낮음
2026-01-09,HY,하이일드 OAS,안정,0,HY 2.74%p · 5일 -9bp · 20일 -17bp,지표 고유의 상태와 다른 시장 영역의 동반 신호를 구분해 확인합니다.,낮음
2026-01-09,BBB,BBB OAS,안정,0,BBB 0.99%p · 5일 -2bp · 20일 -1bp,지표 고유의 상태와 다른 시장 영역의 동반 신호를 구분해 확인합니다.,낮음
2026-01-09,HYPOS,HY 1년 위치,참고,0,과거 252관측 대비 10.9백분위,최근 분포에서의 위치입니다. 별도 위험 신호로 중복 집계하지 않습니다.,낮음
2026-01-09,UNEMP,미국 실업률,확인 부족,-1,월간 관측 누락: 달력 기간 계산 보류,현재 상태를 판단할 자료가 부족합니다.,확인 부족
2026-01-09,SAHM,Sahm Rule,확인 부족,-1,월간 관측 누락: 달력 기간 계산 보류,현재 상태를 판단할 자료가 부족합니다.,확인 부족
2026-01-09,CLAIMS,신규실업수당 4주평균,확인 부족,-1,이력 부족: 0/55관측,현재 상태를 판단할 자료가 부족합니다.,확인 부족
2026-01-09,CPI,CPI,확인 부족,-1,이력 부족: 0/16관측,현재 상태를 판단할 자료가 부족합니다.,확인 부족
2026-01-09,CORECPI,근원 CPI,확인 부족,-1,이력 부족: 0/16관측,현재 상태를 판단할 자료가 부족합니다.,확인 부족
2026-01-09,COREPCE,근원 PCE,확인 부족,-1,이력 부족: 0/16관측,현재 상태를 판단할 자료가 부족합니다.,확인 부족
2026-01-09,DXY,달러지수,확인 부족,-1,이력 부족: 0/147관측,현재 상태를 판단할 자료가 부족합니다.,확인 부족
2026-01-09,USDKRW,달러/원,확인 부족,-1,이력 부족: 0/147관측,현재 상태를 판단할 자료가 부족합니다.,확인 부족
2026-01-09,USDJPY,달러/엔,확인 부족,-1,이력 부족: 0/147관측,현재 상태를 판단할 자료가 부족합니다.,확인 부족
2026-01-09,WTI,WTI,확인 부족,-1,이력 부족: 0/147관측,현재 상태를 판단할 자료가 부족합니다.,확인 부족
2026-01-09,GOLD,금,관찰,1,5일 +4.08% · 20일 +7.00% · 변동성 기준 91.1/81.5백분위,가격 움직임은 확인되지만 원인을 구분할 교차 근거가 충분하지 않습니다.,낮음
2026-01-09,SILVER,은,주의,2,5일 +11.80% · 20일 +30.65% · 변동성 기준 96.8/98.0백분위,금과 은이 함께 상승합니다. 귀금속 공통 흐름을 확인합니다.,낮음
2026-01-09,COPPER,구리,정상,0,5일 +3.82% · 20일 +10.99% · 변동성 기준 73.4/84.9백분위,가격 움직임은 확인되지만 원인을 구분할 교차 근거가 충분하지 않습니다.,낮음
2026-01-12,SP500,S&P500,확인 부족,-1,이력 부족: 0/252관측,현재 상태를 판단할 자료가 부족합니다.,확인 부족
2026-01-12,NASDAQ,Nasdaq,확인 부족,-1,이력 부족: 0/252관측,현재 상태를 판단할 자료가 부족합니다.,확인 부족
2026-01-12,RUSSELL,Russell 2000,정상,0,5일 +3.4% · 20일 +1.7% · 고점 대비 0.0%,지표 고유의 상태와 다른 시장 영역의 동반 신호를 구분해 확인합니다.,낮음
2026-01-12,MA200,200일 이동평균 이격,확인 부족,-1,이력 부족: 0/200관측,현재 상태를 판단할 자료가 부족합니다.,확인 부족
2026-01-12,EW,동일가중 상대성과,정상,0,RSP가 SPY 대비 20일 +0.7%p · 5일 상대성과 +0.53%p,지표 고유의 상태와 다른 시장 영역의 동반 신호를 구분해 확인합니다.,낮음
2026-01-12,CAPE,CAPE,확인 부족,-1,이력 부족: 0/120관측,현재 상태를 판단할 자료가 부족합니다.,확인 부족
2026-01-12,ADV,상승 종목 비율,확인 부족,-1,이력 부족: 0/21관측,현재 상태를 판단할 자료가 부족합니다.,확인 부족
2026-01-12,ABOVE200,200DMA 위 종목 비율,확인 부족,-1,이력 부족: 0/21관측,현재 상태를 판단할 자료가 부족합니다.,확인 부족
2026-01-12,HILO,52주 신고가-신저가 비율,확인 부족,-1,이력 부족: 0/21관측,현재 상태를 판단할 자료가 부족합니다.,확인 부족
2026-01-12,EFFR,미국 기준금리,정상,0,20관측 +0bp · 유지 · EFFR 변화는 목표범위 결정 자체와 구분,금리 하락 또는 상대관계 변화을 관찰합니다. 물가·고용·신용의 동반 움직임으로 의미를 구분합니다.,낮음
2026-01-12,US3M,미국 3개월물 국채수익률,확인 부족,-1,이력 부족: 0/25관측,현재 상태를 판단할 자료가 부족합니다.,확인 부족
2026-01-12,US2Y,미국 2년물 국채수익률,확인 부족,-1,이력 부족: 0/25관측,현재 상태를 판단할 자료가 부족합니다.,확인 부족
2026-01-12,US10Y,미국 10년물 국채수익률,확인 부족,-1,이력 부족: 0/25관측,현재 상태를 판단할 자료가 부족합니다.,확인 부족
2026-01-12,US30Y,미국 30년물 국채수익률,확인 부족,-1,이력 부족: 0/25관측,현재 상태를 판단할 자료가 부족합니다.,확인 부족
2026-01-12,REAL10,미국 10년물 실질금리,확인 부족,-1,이력 부족: 0/25관측,현재 상태를 판단할 자료가 부족합니다.,확인 부족
2026-01-12,TERM,미국 10년물 기간프리미엄,정상,0,과거 504관측 대비 89.3백분위 · 20일 +4bp,금리 상승에 따른 부담을 관찰합니다. 물가·고용·신용의 동반 움직임으로 의미를 구분합니다.,낮음
2026-01-12,CURVE2,미국 10년물-2년물 금리차,확인 부족,-1,이력 부족: 0/22관측,현재 상태를 판단할 자료가 부족합니다.,확인 부족
2026-01-12,CURVE3,미국 10년물-3개월물 금리차,확인 부족,-1,이력 부족: 0/22관측,현재 상태를 판단할 자료가 부족합니다.,확인 부족
2026-01-12,CURVEFED,미국 10년물-기준금리 차,확인 부족,-1,이력 부족: 0/22관측,현재 상태를 판단할 자료가 부족합니다.,확인 부족
2026-01-12,VIX,VIX,정상,0,VIX 15.1 · 5일 +1.5% · 20일 +1.8% · 5일 +0.2포인트,지표 고유의 상태와 다른 시장 영역의 동반 신호를 구분해 확인합니다.,낮음
2026-01-12,VIXPOS,VIX 1년 위치,참고,0,과거 252관측 대비 13.9백분위,최근 분포에서의 위치입니다. 별도 위험 신호로 중복 집계하지 않습니다.,낮음
2026-01-12,HY,하이일드 OAS,안정,0,HY 2.74%p · 5일 -7bp · 20일 -14bp,지표 고유의 상태와 다른 시장 영역의 동반 신호를 구분해 확인합니다.,낮음
2026-01-12,BBB,BBB OAS,안정,0,BBB 0.99%p · 5일 -2bp · 20일 -1bp,지표 고유의 상태와 다른 시장 영역의 동반 신호를 구분해 확인합니다.,낮음
2026-01-12,HYPOS,HY 1년 위치,참고,0,과거 252관측 대비 10.7백분위,최근 분포에서의 위치입니다. 별도 위험 신호로 중복 집계하지 않습니다.,낮음
2026-01-12,UNEMP,미국 실업률,확인 부족,-1,월간 관측 누락: 달력 기간 계산 보류,현재 상태를 판단할 자료가 부족합니다.,확인 부족
2026-01-12,SAHM,Sahm Rule,확인 부족,-1,월간 관측 누락: 달력 기간 계산 보류,현재 상태를 판단할 자료가 부족합니다.,확인 부족
2026-01-12,CLAIMS,신규실업수당 4주평균,확인 부족,-1,이력 부족: 0/55관측,현재 상태를 판단할 자료가 부족합니다.,확인 부족
2026-01-12,CPI,CPI,확인 부족,-1,이력 부족: 0/16관측,현재 상태를 판단할 자료가 부족합니다.,확인 부족
2026-01-12,CORECPI,근원 CPI,확인 부족,-1,이력 부족: 0/16관측,현재 상태를 판단할 자료가 부족합니다.,확인 부족
2026-01-12,COREPCE,근원 PCE,확인 부족,-1,이력 부족: 0/16관측,현재 상태를 판단할 자료가 부족합니다.,확인 부족
2026-01-12,DXY,달러지수,확인 부족,-1,이력 부족: 0/147관측,현재 상태를 판단할 자료가 부족합니다.,확인 부족
2026-01-12,USDKRW,달러/원,확인 부족,-1,이력 부족: 0/147관측,현재 상태를 판단할 자료가 부족합니다.,확인 부족
2026-01-12,USDJPY,달러/엔,확인 부족,-1,이력 부족: 0/147관측,현재 상태를 판단할 자료가 부족합니다.,확인 부족
2026-01-12,WTI,WTI,확인 부족,-1,이력 부족: 0/147관측,현재 상태를 판단할 자료가 부족합니다.,확인 부족
2026-01-12,GOLD,금,정상,0,5일 +3.77% · 20일 +7.44% · 변동성 기준 88.9/84.7백분위,가격 움직임은 확인되지만 원인을 구분할 교차 근거가 충분하지 않습니다.,낮음
2026-01-12,SILVER,은,주의,2,5일 +11.09% · 20일 +32.35% · 변동성 기준 96.4/98.2백분위,금과 은이 함께 상승합니다. 귀금속 공통 흐름을 확인합니다.,낮음
2026-01-12,COPPER,구리,정상,0,5일 +1.02% · 20일 +10.28% · 변동성 기준 24.4/82.1백분위,가격 움직임은 확인되지만 원인을 구분할 교차 근거가 충분하지 않습니다.,낮음
2026-01-13,SP500,S&P500,확인 부족,-1,이력 부족: 0/252관측,현재 상태를 판단할 자료가 부족합니다.,확인 부족
2026-01-13,NASDAQ,Nasdaq,확인 부족,-1,이력 부족: 0/252관측,현재 상태를 판단할 자료가 부족합니다.,확인 부족
2026-01-13,RUSSELL,Russell 2000,정상,0,5일 +1.9% · 20일 +3.2% · 고점 대비 -0.1%,지표 고유의 상태와 다른 시장 영역의 동반 신호를 구분해 확인합니다.,낮음
2026-01-13,MA200,200일 이동평균 이격,확인 부족,-1,이력 부족: 0/200관측,현재 상태를 판단할 자료가 부족합니다.,확인 부족
2026-01-13,EW,동일가중 상대성과,정상,0,RSP가 SPY 대비 20일 +0.5%p · 5일 상대성과 +0.11%p,지표 고유의 상태와 다른 시장 영역의 동반 신호를 구분해 확인합니다.,낮음
2026-01-13,CAPE,CAPE,확인 부족,-1,이력 부족: 0/120관측,현재 상태를 판단할 자료가 부족합니다.,확인 부족
2026-01-13,ADV,상승 종목 비율,확인 부족,-1,이력 부족: 0/21관측,현재 상태를 판단할 자료가 부족합니다.,확인 부족
2026-01-13,ABOVE200,200DMA 위 종목 비율,확인 부족,-1,이력 부족: 0/21관측,현재 상태를 판단할 자료가 부족합니다.,확인 부족
2026-01-13,HILO,52주 신고가-신저가 비율,확인 부족,-1,이력 부족: 0/21관측,현재 상태를 판단할 자료가 부족합니다.,확인 부족
2026-01-13,EFFR,미국 기준금리,정상,0,20관측 +0bp · 유지 · EFFR 변화는 목표범위 결정 자체와 구분,금리 하락 또는 상대관계 변화을 관찰합니다. 물가·고용·신용의 동반 움직임으로 의미를 구분합니다.,낮음
2026-01-13,US3M,미국 3개월물 국채수익률,확인 부족,-1,이력 부족: 0/25관측,현재 상태를 판단할 자료가 부족합니다.,확인 부족
2026-01-13,US2Y,미국 2년물 국채수익률,확인 부족,-1,이력 부족: 0/25관측,현재 상태를 판단할 자료가 부족합니다.,확인 부족
2026-01-13,US10Y,미국 10년물 국채수익률,확인 부족,-1,이력 부족: 0/25관측,현재 상태를 판단할 자료가 부족합니다.,확인 부족
2026-01-13,US30Y,미국 30년물 국채수익률,확인 부족,-1,이력 부족: 0/25관측,현재 상태를 판단할 자료가 부족합니다.,확인 부족
2026-01-13,REAL10,미국 10년물 실질금리,확인 부족,-1,이력 부족: 0/25관측,현재 상태를 판단할 자료가 부족합니다.,확인 부족
2026-01-13,TERM,미국 10년물 기간프리미엄,정상,0,과거 504관측 대비 88.1백분위 · 20일 +1bp,금리 상승에 따른 부담을 관찰합니다. 물가·고용·신용의 동반 움직임으로 의미를 구분합니다.,낮음
2026-01-13,CURVE2,미국 10년물-2년물 금리차,확인 부족,-1,이력 부족: 0/22관측,현재 상태를 판단할 자료가 부족합니다.,확인 부족
2026-01-13,CURVE3,미국 10년물-3개월물 금리차,확인 부족,-1,이력 부족: 0/22관측,현재 상태를 판단할 자료가 부족합니다.,확인 부족
2026-01-13,CURVEFED,미국 10년물-기준금리 차,확인 부족,-1,이력 부족: 0/22관측,현재 상태를 판단할 자료가 부족합니다.,확인 부족
2026-01-13,VIX,VIX,정상,0,VIX 16.0 · 5일 +8.3% · 20일 +1.5% · 5일 +1.2포인트,지표 고유의 상태와 다른 시장 영역의 동반 신호를 구분해 확인합니다.,낮음
2026-01-13,VIXPOS,VIX 1년 위치,참고,0,과거 252관측 대비 27.6백분위,최근 분포에서의 위치입니다. 별도 위험 신호로 중복 집계하지 않습니다.,낮음
2026-01-13,HY,하이일드 OAS,안정,0,HY 2.75%p · 5일 -4bp · 20일 -16bp,지표 고유의 상태와 다른 시장 영역의 동반 신호를 구분해 확인합니다.,낮음
2026-01-13,BBB,BBB OAS,안정,0,BBB 0.98%p · 5일 -2bp · 20일 -3bp,지표 고유의 상태와 다른 시장 영역의 동반 신호를 구분해 확인합니다.,낮음
2026-01-13,HYPOS,HY 1년 위치,참고,0,과거 252관측 대비 11.7백분위,최근 분포에서의 위치입니다. 별도 위험 신호로 중복 집계하지 않습니다.,낮음
2026-01-13,UNEMP,미국 실업률,확인 부족,-1,월간 관측 누락: 달력 기간 계산 보류,현재 상태를 판단할 자료가 부족합니다.,확인 부족
2026-01-13,SAHM,Sahm Rule,확인 부족,-1,월간 관측 누락: 달력 기간 계산 보류,현재 상태를 판단할 자료가 부족합니다.,확인 부족
2026-01-13,CLAIMS,신규실업수당 4주평균,확인 부족,-1,이력 부족: 0/55관측,현재 상태를 판단할 자료가 부족합니다.,확인 부족
2026-01-13,CPI,CPI,확인 부족,-1,이력 부족: 0/16관측,현재 상태를 판단할 자료가 부족합니다.,확인 부족
2026-01-13,CORECPI,근원 CPI,확인 부족,-1,이력 부족: 0/16관측,현재 상태를 판단할 자료가 부족합니다.,확인 부족
2026-01-13,COREPCE,근원 PCE,확인 부족,-1,이력 부족: 0/16관측,현재 상태를 판단할 자료가 부족합니다.,확인 부족
2026-01-13,DXY,달러지수,확인 부족,-1,이력 부족: 0/147관측,현재 상태를 판단할 자료가 부족합니다.,확인 부족
2026-01-13,USDKRW,달러/원,확인 부족,-1,이력 부족: 0/147관측,현재 상태를 판단할 자료가 부족합니다.,확인 부족
2026-01-13,USDJPY,달러/엔,확인 부족,-1,이력 부족: 0/147관측,현재 상태를 판단할 자료가 부족합니다.,확인 부족
2026-01-13,WTI,WTI,확인 부족,-1,이력 부족: 0/147관측,현재 상태를 판단할 자료가 부족합니다.,확인 부족
2026-01-13,GOLD,금,정상,0,5일 +2.39% · 20일 +6.72% · 변동성 기준 68.3/79.6백분위,가격 움직임은 확인되지만 원인을 구분할 교차 근거가 충분하지 않습니다.,낮음
2026-01-13,SILVER,은,주의,2,5일 +6.64% · 20일 +39.95% · 변동성 기준 86.3/99.6백분위,금과 은이 함께 상승합니다. 귀금속 공통 흐름을 확인합니다.,낮음
2026-01-13,COPPER,구리,관찰,1,5일 -0.67% · 20일 +12.99% · 변동성 기준 15.3/90.7백분위,가격 움직임은 확인되지만 원인을 구분할 교차 근거가 충분하지 않습니다.,낮음
2026-01-14,SP500,S&P500,확인 부족,-1,이력 부족: 0/252관측,현재 상태를 판단할 자료가 부족합니다.,확인 부족
2026-01-14,NASDAQ,Nasdaq,확인 부족,-1,이력 부족: 0/252관측,현재 상태를 판단할 자료가 부족합니다.,확인 부족
2026-01-14,RUSSELL,Russell 2000,정상,0,5일 +3.0% · 20일 +4.8% · 고점 대비 0.0%,지표 고유의 상태와 다른 시장 영역의 동반 신호를 구분해 확인합니다.,낮음
2026-01-14,MA200,200일 이동평균 이격,확인 부족,-1,이력 부족: 0/200관측,현재 상태를 판단할 자료가 부족합니다.,확인 부족
2026-01-14,EW,동일가중 상대성과,정상,0,RSP가 SPY 대비 20일 +1.2%p · 5일 상대성과 +1.88%p,지표 고유의 상태와 다른 시장 영역의 동반 신호를 구분해 확인합니다.,낮음
2026-01-14,CAPE,CAPE,확인 부족,-1,이력 부족: 0/120관측,현재 상태를 판단할 자료가 부족합니다.,확인 부족
2026-01-14,ADV,상승 종목 비율,확인 부족,-1,이력 부족: 0/21관측,현재 상태를 판단할 자료가 부족합니다.,확인 부족
2026-01-14,ABOVE200,200DMA 위 종목 비율,확인 부족,-1,이력 부족: 0/21관측,현재 상태를 판단할 자료가 부족합니다.,확인 부족
2026-01-14,HILO,52주 신고가-신저가 비율,확인 부족,-1,이력 부족: 0/21관측,현재 상태를 판단할 자료가 부족합니다.,확인 부족
2026-01-14,EFFR,미국 기준금리,정상,0,20관측 +0bp · 유지 · EFFR 변화는 목표범위 결정 자체와 구분,금리 하락 또는 상대관계 변화을 관찰합니다. 물가·고용·신용의 동반 움직임으로 의미를 구분합니다.,낮음
2026-01-14,US3M,미국 3개월물 국채수익률,확인 부족,-1,이력 부족: 0/25관측,현재 상태를 판단할 자료가 부족합니다.,확인 부족
2026-01-14,US2Y,미국 2년물 국채수익률,확인 부족,-1,이력 부족: 0/25관측,현재 상태를 판단할 자료가 부족합니다.,확인 부족
2026-01-14,US10Y,미국 10년물 국채수익률,확인 부족,-1,이력 부족: 0/25관측,현재 상태를 판단할 자료가 부족합니다.,확인 부족
2026-01-14,US30Y,미국 30년물 국채수익률,확인 부족,-1,이력 부족: 0/25관측,현재 상태를 판단할 자료가 부족합니다.,확인 부족
2026-01-14,REAL10,미국 10년물 실질금리,확인 부족,-1,이력 부족: 0/25관측,현재 상태를 판단할 자료가 부족합니다.,확인 부족
2026-01-14,TERM,미국 10년물 기간프리미엄,정상,0,과거 504관측 대비 83.1백분위 · 20일 -1bp,금리 하락 또는 상대관계 변화을 관찰합니다. 물가·고용·신용의 동반 움직임으로 의미를 구분합니다.,낮음
2026-01-14,CURVE2,미국 10년물-2년물 금리차,확인 부족,-1,이력 부족: 0/22관측,현재 상태를 판단할 자료가 부족합니다.,확인 부족
2026-01-14,CURVE3,미국 10년물-3개월물 금리차,확인 부족,-1,이력 부족: 0/22관측,현재 상태를 판단할 자료가 부족합니다.,확인 부족
2026-01-14,CURVEFED,미국 10년물-기준금리 차,확인 부족,-1,이력 부족: 0/22관측,현재 상태를 판단할 자료가 부족합니다.,확인 부족
2026-01-14,VIX,VIX,정상,0,VIX 16.8 · 5일 +8.9% · 20일 +1.5% · 5일 +1.4포인트,지표 고유의 상태와 다른 시장 영역의 동반 신호를 구분해 확인합니다.,낮음
2026-01-14,VIXPOS,VIX 1년 위치,참고,0,과거 252관측 대비 44.4백분위,최근 분포에서의 위치입니다. 별도 위험 신호로 중복 집계하지 않습니다.,낮음
2026-01-14,HY,하이일드 OAS,안정,0,HY 2.76%p · 5일 -3bp · 20일 -15bp,지표 고유의 상태와 다른 시장 영역의 동반 신호를 구분해 확인합니다.,낮음
2026-01-14,BBB,BBB OAS,안정,0,BBB 0.98%p · 5일 -3bp · 20일 -4bp,지표 고유의 상태와 다른 시장 영역의 동반 신호를 구분해 확인합니다.,낮음
2026-01-14,HYPOS,HY 1년 위치,참고,0,과거 252관측 대비 13.1백분위,최근 분포에서의 위치입니다. 별도 위험 신호로 중복 집계하지 않습니다.,낮음
2026-01-14,UNEMP,미국 실업률,확인 부족,-1,월간 관측 누락: 달력 기간 계산 보류,현재 상태를 판단할 자료가 부족합니다.,확인 부족
2026-01-14,SAHM,Sahm Rule,확인 부족,-1,월간 관측 누락: 달력 기간 계산 보류,현재 상태를 판단할 자료가 부족합니다.,확인 부족
2026-01-14,CLAIMS,신규실업수당 4주평균,확인 부족,-1,이력 부족: 0/55관측,현재 상태를 판단할 자료가 부족합니다.,확인 부족
2026-01-14,CPI,CPI,확인 부족,-1,이력 부족: 0/16관측,현재 상태를 판단할 자료가 부족합니다.,확인 부족
2026-01-14,CORECPI,근원 CPI,확인 부족,-1,이력 부족: 0/16관측,현재 상태를 판단할 자료가 부족합니다.,확인 부족
2026-01-14,COREPCE,근원 PCE,확인 부족,-1,이력 부족: 0/16관측,현재 상태를 판단할 자료가 부족합니다.,확인 부족
2026-01-14,DXY,달러지수,확인 부족,-1,이력 부족: 0/147관측,현재 상태를 판단할 자료가 부족합니다.,확인 부족
2026-01-14,USDKRW,달러/원,확인 부족,-1,이력 부족: 0/147관측,현재 상태를 판단할 자료가 부족합니다.,확인 부족
2026-01-14,USDJPY,달러/엔,확인 부족,-1,이력 부족: 0/147관측,현재 상태를 판단할 자료가 부족합니다.,확인 부족
2026-01-14,WTI,WTI,확인 부족,-1,이력 부족: 0/147관측,현재 상태를 판단할 자료가 부족합니다.,확인 부족
2026-01-14,GOLD,금,정상,0,5일 +3.98% · 20일 +7.42% · 변동성 기준 89.3/84.5백분위,가격 움직임은 확인되지만 원인을 구분할 교차 근거가 충분하지 않습니다.,낮음
2026-01-14,SILVER,은,주의,2,5일 +17.81% · 20일 +44.37% · 변동성 기준 99.8/99.8백분위,금과 은이 함께 상승합니다. 귀금속 공통 흐름을 확인합니다.,낮음
2026-01-14,COPPER,구리,정상,0,5일 +3.44% · 20일 +12.56% · 변동성 기준 67.9/89.5백분위,가격 움직임은 확인되지만 원인을 구분할 교차 근거가 충분하지 않습니다.,낮음
2026-01-15,SP500,S&P500,확인 부족,-1,이력 부족: 0/252관측,현재 상태를 판단할 자료가 부족합니다.,확인 부족
2026-01-15,NASDAQ,Nasdaq,확인 부족,-1,이력 부족: 0/252관측,현재 상태를 판단할 자료가 부족합니다.,확인 부족
2026-01-15,RUSSELL,Russell 2000,정상,0,5일 +2.7% · 20일 +6.2% · 고점 대비 0.0%,지표 고유의 상태와 다른 시장 영역의 동반 신호를 구분해 확인합니다.,낮음
2026-01-15,MA200,200일 이동평균 이격,확인 부족,-1,이력 부족: 0/200관측,현재 상태를 판단할 자료가 부족합니다.,확인 부족
2026-01-15,EW,동일가중 상대성과,정상,0,RSP가 SPY 대비 20일 +1.8%p · 5일 상대성과 +1.18%p,지표 고유의 상태와 다른 시장 영역의 동반 신호를 구분해 확인합니다.,낮음
2026-01-15,CAPE,CAPE,확인 부족,-1,이력 부족: 0/120관측,현재 상태를 판단할 자료가 부족합니다.,확인 부족
2026-01-15,ADV,상승 종목 비율,확인 부족,-1,이력 부족: 0/21관측,현재 상태를 판단할 자료가 부족합니다.,확인 부족
2026-01-15,ABOVE200,200DMA 위 종목 비율,확인 부족,-1,이력 부족: 0/21관측,현재 상태를 판단할 자료가 부족합니다.,확인 부족
2026-01-15,HILO,52주 신고가-신저가 비율,확인 부족,-1,이력 부족: 0/21관측,현재 상태를 판단할 자료가 부족합니다.,확인 부족
2026-01-15,EFFR,미국 기준금리,정상,0,20관측 +0bp · 유지 · EFFR 변화는 목표범위 결정 자체와 구분,금리 하락 또는 상대관계 변화을 관찰합니다. 물가·고용·신용의 동반 움직임으로 의미를 구분합니다.,낮음
2026-01-15,US3M,미국 3개월물 국채수익률,확인 부족,-1,이력 부족: 0/25관측,현재 상태를 판단할 자료가 부족합니다.,확인 부족
2026-01-15,US2Y,미국 2년물 국채수익률,확인 부족,-1,이력 부족: 0/25관측,현재 상태를 판단할 자료가 부족합니다.,확인 부족
2026-01-15,US10Y,미국 10년물 국채수익률,확인 부족,-1,이력 부족: 0/25관측,현재 상태를 판단할 자료가 부족합니다.,확인 부족
2026-01-15,US30Y,미국 30년물 국채수익률,확인 부족,-1,이력 부족: 0/25관측,현재 상태를 판단할 자료가 부족합니다.,확인 부족
2026-01-15,REAL10,미국 10년물 실질금리,확인 부족,-1,이력 부족: 0/25관측,현재 상태를 판단할 자료가 부족합니다.,확인 부족
2026-01-15,TERM,미국 10년물 기간프리미엄,정상,0,과거 504관측 대비 86.5백분위 · 20일 +1bp,금리 상승에 따른 부담을 관찰합니다. 물가·고용·신용의 동반 움직임으로 의미를 구분합니다.,낮음
2026-01-15,CURVE2,미국 10년물-2년물 금리차,확인 부족,-1,이력 부족: 0/22관측,현재 상태를 판단할 자료가 부족합니다.,확인 부족
2026-01-15,CURVE3,미국 10년물-3개월물 금리차,확인 부족,-1,이력 부족: 0/22관측,현재 상태를 판단할 자료가 부족합니다.,확인 부족
2026-01-15,CURVEFED,미국 10년물-기준금리 차,확인 부족,-1,이력 부족: 0/22관측,현재 상태를 판단할 자료가 부족합니다.,확인 부족
2026-01-15,VIX,VIX,정상,0,VIX 15.8 · 5일 +2.5% · 20일 -3.9% · 5일 +0.4포인트,지표 고유의 상태와 다른 시장 영역의 동반 신호를 구분해 확인합니다.,낮음
2026-01-15,VIXPOS,VIX 1년 위치,참고,0,과거 252관측 대비 25.6백분위,최근 분포에서의 위치입니다. 별도 위험 신호로 중복 집계하지 않습니다.,낮음
2026-01-15,HY,하이일드 OAS,안정,0,HY 2.71%p · 5일 -5bp · 20일 -27bp,지표 고유의 상태와 다른 시장 영역의 동반 신호를 구분해 확인합니다.,낮음
2026-01-15,BBB,BBB OAS,안정,0,BBB 0.97%p · 5일 -4bp · 20일 -6bp,지표 고유의 상태와 다른 시장 영역의 동반 신호를 구분해 확인합니다.,낮음
2026-01-15,HYPOS,HY 1년 위치,참고,0,과거 252관측 대비 7.7백분위,최근 분포에서의 위치입니다. 별도 위험 신호로 중복 집계하지 않습니다.,낮음
2026-01-15,UNEMP,미국 실업률,확인 부족,-1,월간 관측 누락: 달력 기간 계산 보류,현재 상태를 판단할 자료가 부족합니다.,확인 부족
2026-01-15,SAHM,Sahm Rule,확인 부족,-1,월간 관측 누락: 달력 기간 계산 보류,현재 상태를 판단할 자료가 부족합니다.,확인 부족
2026-01-15,CLAIMS,신규실업수당 4주평균,확인 부족,-1,이력 부족: 0/55관측,현재 상태를 판단할 자료가 부족합니다.,확인 부족
2026-01-15,CPI,CPI,확인 부족,-1,이력 부족: 0/16관측,현재 상태를 판단할 자료가 부족합니다.,확인 부족
2026-01-15,CORECPI,근원 CPI,확인 부족,-1,이력 부족: 0/16관측,현재 상태를 판단할 자료가 부족합니다.,확인 부족
2026-01-15,COREPCE,근원 PCE,확인 부족,-1,이력 부족: 0/16관측,현재 상태를 판단할 자료가 부족합니다.,확인 부족
2026-01-15,DXY,달러지수,확인 부족,-1,이력 부족: 0/147관측,현재 상태를 판단할 자료가 부족합니다.,확인 부족
2026-01-15,USDKRW,달러/원,확인 부족,-1,이력 부족: 0/147관측,현재 상태를 판단할 자료가 부족합니다.,확인 부족
2026-01-15,USDJPY,달러/엔,확인 부족,-1,이력 부족: 0/147관측,현재 상태를 판단할 자료가 부족합니다.,확인 부족
2026-01-15,WTI,WTI,확인 부족,-1,이력 부족: 0/147관측,현재 상태를 판단할 자료가 부족합니다.,확인 부족
2026-01-15,GOLD,금,정상,0,5일 +3.74% · 20일 +7.24% · 변동성 기준 88.3/83.3백분위,가격 움직임은 확인되지만 원인을 구분할 교차 근거가 충분하지 않습니다.,낮음
2026-01-15,SILVER,은,주의,2,5일 +22.97% · 20일 +46.53% · 변동성 기준 100.0/100.0백분위,금과 은이 함께 상승합니다. 귀금속 공통 흐름을 확인합니다.,낮음
2026-01-15,COPPER,구리,정상,0,5일 +3.51% · 20일 +12.50% · 변동성 기준 68.1/89.3백분위,가격 움직임은 확인되지만 원인을 구분할 교차 근거가 충분하지 않습니다.,낮음
2026-01-16,SP500,S&P500,확인 부족,-1,이력 부족: 0/252관측,현재 상태를 판단할 자료가 부족합니다.,확인 부족
2026-01-16,NASDAQ,Nasdaq,확인 부족,-1,이력 부족: 0/252관측,현재 상태를 판단할 자료가 부족합니다.,확인 부족
2026-01-16,RUSSELL,Russell 2000,정상,0,5일 +2.0% · 20일 +7.4% · 고점 대비 0.0%,지표 고유의 상태와 다른 시장 영역의 동반 신호를 구분해 확인합니다.,낮음
2026-01-16,MA200,200일 이동평균 이격,확인 부족,-1,이력 부족: 0/200관측,현재 상태를 판단할 자료가 부족합니다.,확인 부족
2026-01-16,EW,동일가중 상대성과,정상,0,RSP가 SPY 대비 20일 +0.8%p · 5일 상대성과 +1.08%p,지표 고유의 상태와 다른 시장 영역의 동반 신호를 구분해 확인합니다.,낮음
2026-01-16,CAPE,CAPE,확인 부족,-1,이력 부족: 0/120관측,현재 상태를 판단할 자료가 부족합니다.,확인 부족
2026-01-16,ADV,상승 종목 비율,확인 부족,-1,이력 부족: 0/21관측,현재 상태를 판단할 자료가 부족합니다.,확인 부족
2026-01-16,ABOVE200,200DMA 위 종목 비율,확인 부족,-1,이력 부족: 0/21관측,현재 상태를 판단할 자료가 부족합니다.,확인 부족
2026-01-16,HILO,52주 신고가-신저가 비율,확인 부족,-1,이력 부족: 0/21관측,현재 상태를 판단할 자료가 부족합니다.,확인 부족
2026-01-16,EFFR,미국 기준금리,정상,0,20관측 +0bp · 유지 · EFFR 변화는 목표범위 결정 자체와 구분,금리 하락 또는 상대관계 변화을 관찰합니다. 물가·고용·신용의 동반 움직임으로 의미를 구분합니다.,낮음
2026-01-16,US3M,미국 3개월물 국채수익률,확인 부족,-1,이력 부족: 0/25관측,현재 상태를 판단할 자료가 부족합니다.,확인 부족
2026-01-16,US2Y,미국 2년물 국채수익률,확인 부족,-1,이력 부족: 0/25관측,현재 상태를 판단할 자료가 부족합니다.,확인 부족
2026-01-16,US10Y,미국 10년물 국채수익률,확인 부족,-1,이력 부족: 0/25관측,현재 상태를 판단할 자료가 부족합니다.,확인 부족
2026-01-16,US30Y,미국 30년물 국채수익률,확인 부족,-1,이력 부족: 0/25관측,현재 상태를 판단할 자료가 부족합니다.,확인 부족
2026-01-16,REAL10,미국 10년물 실질금리,확인 부족,-1,이력 부족: 0/25관측,현재 상태를 판단할 자료가 부족합니다.,확인 부족
2026-01-16,TERM,미국 10년물 기간프리미엄,관찰,1,과거 504관측 대비 90.3백분위 · 20일 +4bp,금리 상승에 따른 부담을 관찰합니다. 물가·고용·신용의 동반 움직임으로 의미를 구분합니다.,낮음
2026-01-16,CURVE2,미국 10년물-2년물 금리차,확인 부족,-1,이력 부족: 0/22관측,현재 상태를 판단할 자료가 부족합니다.,확인 부족
2026-01-16,CURVE3,미국 10년물-3개월물 금리차,확인 부족,-1,이력 부족: 0/22관측,현재 상태를 판단할 자료가 부족합니다.,확인 부족
2026-01-16,CURVEFED,미국 10년물-기준금리 차,확인 부족,-1,이력 부족: 0/22관측,현재 상태를 판단할 자료가 부족합니다.,확인 부족
2026-01-16,VIX,VIX,정상,0,VIX 15.9 · 5일 +9.5% · 20일 -10.0% · 5일 +1.4포인트,지표 고유의 상태와 다른 시장 영역의 동반 신호를 구분해 확인합니다.,낮음
2026-01-16,VIXPOS,VIX 1년 위치,참고,0,과거 252관측 대비 25.8백분위,최근 분포에서의 위치입니다. 별도 위험 신호로 중복 집계하지 않습니다.,낮음
2026-01-16,HY,하이일드 OAS,안정,0,HY 2.65%p · 5일 -9bp · 20일 -34bp,지표 고유의 상태와 다른 시장 영역의 동반 신호를 구분해 확인합니다.,낮음
2026-01-16,BBB,BBB OAS,안정,0,BBB 0.96%p · 5일 -3bp · 20일 -7bp,지표 고유의 상태와 다른 시장 영역의 동반 신호를 구분해 확인합니다.,낮음
2026-01-16,HYPOS,HY 1년 위치,참고,0,과거 252관측 대비 1.6백분위,최근 분포에서의 위치입니다. 별도 위험 신호로 중복 집계하지 않습니다.,낮음
2026-01-16,UNEMP,미국 실업률,확인 부족,-1,월간 관측 누락: 달력 기간 계산 보류,현재 상태를 판단할 자료가 부족합니다.,확인 부족
2026-01-16,SAHM,Sahm Rule,확인 부족,-1,월간 관측 누락: 달력 기간 계산 보류,현재 상태를 판단할 자료가 부족합니다.,확인 부족
2026-01-16,CLAIMS,신규실업수당 4주평균,확인 부족,-1,이력 부족: 0/55관측,현재 상태를 판단할 자료가 부족합니다.,확인 부족
2026-01-16,CPI,CPI,확인 부족,-1,이력 부족: 0/16관측,현재 상태를 판단할 자료가 부족합니다.,확인 부족
2026-01-16,CORECPI,근원 CPI,확인 부족,-1,이력 부족: 0/16관측,현재 상태를 판단할 자료가 부족합니다.,확인 부족
2026-01-16,COREPCE,근원 PCE,확인 부족,-1,이력 부족: 0/16관측,현재 상태를 판단할 자료가 부족합니다.,확인 부족
2026-01-16,DXY,달러지수,확인 부족,-1,이력 부족: 0/147관측,현재 상태를 판단할 자료가 부족합니다.,확인 부족
2026-01-16,USDKRW,달러/원,확인 부족,-1,이력 부족: 0/147관측,현재 상태를 판단할 자료가 부족합니다.,확인 부족
2026-01-16,USDJPY,달러/엔,확인 부족,-1,이력 부족: 0/147관측,현재 상태를 판단할 자료가 부족합니다.,확인 부족
2026-01-16,WTI,WTI,확인 부족,-1,이력 부족: 0/147관측,현재 상태를 판단할 자료가 부족합니다.,확인 부족
2026-01-16,GOLD,금,정상,0,5일 +2.18% · 20일 +5.54% · 변동성 기준 63.7/69.0백분위,가격 움직임은 확인되지만 원인을 구분할 교차 근거가 충분하지 않습니다.,낮음
2026-01-16,SILVER,은,주의,2,5일 +11.67% · 20일 +32.99% · 변동성 기준 96.2/97.8백분위,금과 은이 함께 상승합니다. 귀금속 공통 흐름을 확인합니다.,낮음
2026-01-16,COPPER,구리,정상,0,5일 -1.14% · 20일 +7.92% · 변동성 기준 27.8/69.0백분위,가격 움직임은 확인되지만 원인을 구분할 교차 근거가 충분하지 않습니다.,낮음
2026-01-20,SP500,S&P500,확인 부족,-1,이력 부족: 0/252관측,현재 상태를 판단할 자료가 부족합니다.,확인 부족
2026-01-20,NASDAQ,Nasdaq,확인 부족,-1,이력 부족: 0/252관측,현재 상태를 판단할 자료가 부족합니다.,확인 부족
2026-01-20,RUSSELL,Russell 2000,정상,0,5일 +0.4% · 20일 +5.5% · 고점 대비 -1.2%,지표 고유의 상태와 다른 시장 영역의 동반 신호를 구분해 확인합니다.,낮음
2026-01-20,MA200,200일 이동평균 이격,확인 부족,-1,이력 부족: 0/200관측,현재 상태를 판단할 자료가 부족합니다.,확인 부족
2026-01-20,EW,동일가중 상대성과,정상,0,RSP가 SPY 대비 20일 +1.9%p · 5일 상대성과 +1.67%p,지표 고유의 상태와 다른 시장 영역의 동반 신호를 구분해 확인합니다.,낮음
2026-01-20,CAPE,CAPE,확인 부족,-1,이력 부족: 0/120관측,현재 상태를 판단할 자료가 부족합니다.,확인 부족
2026-01-20,ADV,상승 종목 비율,확인 부족,-1,이력 부족: 0/21관측,현재 상태를 판단할 자료가 부족합니다.,확인 부족
2026-01-20,ABOVE200,200DMA 위 종목 비율,확인 부족,-1,이력 부족: 0/21관측,현재 상태를 판단할 자료가 부족합니다.,확인 부족
2026-01-20,HILO,52주 신고가-신저가 비율,확인 부족,-1,이력 부족: 0/21관측,현재 상태를 판단할 자료가 부족합니다.,확인 부족
2026-01-20,EFFR,미국 기준금리,정상,0,20관측 +0bp · 유지 · EFFR 변화는 목표범위 결정 자체와 구분,금리 하락 또는 상대관계 변화을 관찰합니다. 물가·고용·신용의 동반 움직임으로 의미를 구분합니다.,낮음
2026-01-20,US3M,미국 3개월물 국채수익률,확인 부족,-1,이력 부족: 0/25관측,현재 상태를 판단할 자료가 부족합니다.,확인 부족
2026-01-20,US2Y,미국 2년물 국채수익률,확인 부족,-1,이력 부족: 0/25관측,현재 상태를 판단할 자료가 부족합니다.,확인 부족
2026-01-20,US10Y,미국 10년물 국채수익률,확인 부족,-1,이력 부족: 0/25관측,현재 상태를 판단할 자료가 부족합니다.,확인 부족
2026-01-20,US30Y,미국 30년물 국채수익률,확인 부족,-1,이력 부족: 0/25관측,현재 상태를 판단할 자료가 부족합니다.,확인 부족
2026-01-20,REAL10,미국 10년물 실질금리,확인 부족,-1,이력 부족: 0/25관측,현재 상태를 판단할 자료가 부족합니다.,확인 부족
2026-01-20,TERM,미국 10년물 기간프리미엄,관찰,1,과거 504관측 대비 91.9백분위 · 20일 +8bp,금리 상승에 따른 부담을 관찰합니다. 물가·고용·신용의 동반 움직임으로 의미를 구분합니다.,낮음
2026-01-20,CURVE2,미국 10년물-2년물 금리차,확인 부족,-1,이력 부족: 0/22관측,현재 상태를 판단할 자료가 부족합니다.,확인 부족
2026-01-20,CURVE3,미국 10년물-3개월물 금리차,확인 부족,-1,이력 부족: 0/22관측,현재 상태를 판단할 자료가 부족합니다.,확인 부족
2026-01-20,CURVEFED,미국 10년물-기준금리 차,확인 부족,-1,이력 부족: 0/22관측,현재 상태를 판단할 자료가 부족합니다.,확인 부족
2026-01-20,VIX,VIX,관찰,1,VIX 20.1 · 5일 +25.7% · 20일 +34.7% · 5일 +4.1포인트,지표 고유의 상태와 다른 시장 영역의 동반 신호를 구분해 확인합니다.,낮음
2026-01-20,VIXPOS,VIX 1년 위치,참고,0,과거 252관측 대비 74.6백분위,최근 분포에서의 위치입니다. 별도 위험 신호로 중복 집계하지 않습니다.,낮음
2026-01-20,HY,하이일드 OAS,안정,0,HY 2.73%p · 5일 -2bp · 20일 -17bp,지표 고유의 상태와 다른 시장 영역의 동반 신호를 구분해 확인합니다.,낮음
2026-01-20,BBB,BBB OAS,안정,0,BBB 0.96%p · 5일 -2bp · 20일 -6bp,지표 고유의 상태와 다른 시장 영역의 동반 신호를 구분해 확인합니다.,낮음
2026-01-20,HYPOS,HY 1년 위치,참고,0,과거 252관측 대비 8.9백분위,최근 분포에서의 위치입니다. 별도 위험 신호로 중복 집계하지 않습니다.,낮음
2026-01-20,UNEMP,미국 실업률,확인 부족,-1,월간 관측 누락: 달력 기간 계산 보류,현재 상태를 판단할 자료가 부족합니다.,확인 부족
2026-01-20,SAHM,Sahm Rule,확인 부족,-1,월간 관측 누락: 달력 기간 계산 보류,현재 상태를 판단할 자료가 부족합니다.,확인 부족
2026-01-20,CLAIMS,신규실업수당 4주평균,확인 부족,-1,이력 부족: 0/55관측,현재 상태를 판단할 자료가 부족합니다.,확인 부족
2026-01-20,CPI,CPI,확인 부족,-1,이력 부족: 0/16관측,현재 상태를 판단할 자료가 부족합니다.,확인 부족
2026-01-20,CORECPI,근원 CPI,확인 부족,-1,이력 부족: 0/16관측,현재 상태를 판단할 자료가 부족합니다.,확인 부족
2026-01-20,COREPCE,근원 PCE,확인 부족,-1,이력 부족: 0/16관측,현재 상태를 판단할 자료가 부족합니다.,확인 부족
2026-01-20,DXY,달러지수,확인 부족,-1,이력 부족: 0/147관측,현재 상태를 판단할 자료가 부족합니다.,확인 부족
2026-01-20,USDKRW,달러/원,확인 부족,-1,이력 부족: 0/147관측,현재 상태를 판단할 자료가 부족합니다.,확인 부족
2026-01-20,USDJPY,달러/엔,확인 부족,-1,이력 부족: 0/147관측,현재 상태를 판단할 자료가 부족합니다.,확인 부족
2026-01-20,WTI,WTI,확인 부족,-1,이력 부족: 0/147관측,현재 상태를 판단할 자료가 부족합니다.,확인 부족
2026-01-20,GOLD,금,관찰,1,5일 +3.37% · 20일 +9.68% · 변동성 기준 83.9/94.4백분위,가격 움직임은 확인되지만 원인을 구분할 교차 근거가 충분하지 않습니다.,낮음
2026-01-20,SILVER,은,주의,2,5일 +11.34% · 20일 +45.85% · 변동성 기준 95.8/99.8백분위,금과 은이 함께 상승합니다. 귀금속 공통 흐름을 확인합니다.,낮음
2026-01-20,COPPER,구리,정상,0,5일 -3.54% · 20일 +7.57% · 변동성 기준 68.3/66.5백분위,가격 움직임은 확인되지만 원인을 구분할 교차 근거가 충분하지 않습니다.,낮음
2026-01-21,SP500,S&P500,확인 부족,-1,이력 부족: 0/252관측,현재 상태를 판단할 자료가 부족합니다.,확인 부족
2026-01-21,NASDAQ,Nasdaq,확인 부족,-1,이력 부족: 0/252관측,현재 상태를 판단할 자료가 부족합니다.,확인 부족
2026-01-21,RUSSELL,Russell 2000,정상,0,5일 +2.5% · 20일 +6.7% · 고점 대비 0.0%,지표 고유의 상태와 다른 시장 영역의 동반 신호를 구분해 확인합니다.,낮음
2026-01-21,MA200,200일 이동평균 이격,확인 부족,-1,이력 부족: 0/200관측,현재 상태를 판단할 자료가 부족합니다.,확인 부족
2026-01-21,EW,동일가중 상대성과,정상,0,RSP가 SPY 대비 20일 +2.7%p · 5일 상대성과 +2.03%p,지표 고유의 상태와 다른 시장 영역의 동반 신호를 구분해 확인합니다.,낮음
2026-01-21,CAPE,CAPE,확인 부족,-1,이력 부족: 0/120관측,현재 상태를 판단할 자료가 부족합니다.,확인 부족
2026-01-21,ADV,상승 종목 비율,확인 부족,-1,이력 부족: 0/21관측,현재 상태를 판단할 자료가 부족합니다.,확인 부족
2026-01-21,ABOVE200,200DMA 위 종목 비율,확인 부족,-1,이력 부족: 0/21관측,현재 상태를 판단할 자료가 부족합니다.,확인 부족
2026-01-21,HILO,52주 신고가-신저가 비율,확인 부족,-1,이력 부족: 0/21관측,현재 상태를 판단할 자료가 부족합니다.,확인 부족
2026-01-21,EFFR,미국 기준금리,정상,0,20관측 +0bp · 유지 · EFFR 변화는 목표범위 결정 자체와 구분,금리 하락 또는 상대관계 변화을 관찰합니다. 물가·고용·신용의 동반 움직임으로 의미를 구분합니다.,낮음
2026-01-21,US3M,미국 3개월물 국채수익률,확인 부족,-1,이력 부족: 0/25관측,현재 상태를 판단할 자료가 부족합니다.,확인 부족
2026-01-21,US2Y,미국 2년물 국채수익률,확인 부족,-1,이력 부족: 0/25관측,현재 상태를 판단할 자료가 부족합니다.,확인 부족
2026-01-21,US10Y,미국 10년물 국채수익률,확인 부족,-1,이력 부족: 0/25관측,현재 상태를 판단할 자료가 부족합니다.,확인 부족
2026-01-21,US30Y,미국 30년물 국채수익률,확인 부족,-1,이력 부족: 0/25관측,현재 상태를 판단할 자료가 부족합니다.,확인 부족
2026-01-21,REAL10,미국 10년물 실질금리,확인 부족,-1,이력 부족: 0/25관측,현재 상태를 판단할 자료가 부족합니다.,확인 부족
2026-01-21,TERM,미국 10년물 기간프리미엄,관찰,1,과거 504관측 대비 91.3백분위 · 20일 +6bp,금리 상승에 따른 부담을 관찰합니다. 물가·고용·신용의 동반 움직임으로 의미를 구분합니다.,낮음
2026-01-21,CURVE2,미국 10년물-2년물 금리차,확인 부족,-1,이력 부족: 0/22관측,현재 상태를 판단할 자료가 부족합니다.,확인 부족
2026-01-21,CURVE3,미국 10년물-3개월물 금리차,확인 부족,-1,이력 부족: 0/22관측,현재 상태를 판단할 자료가 부족합니다.,확인 부족
2026-01-21,CURVEFED,미국 10년물-기준금리 차,확인 부족,-1,이력 부족: 0/22관측,현재 상태를 판단할 자료가 부족합니다.,확인 부족
2026-01-21,VIX,VIX,정상,0,VIX 16.9 · 5일 +0.9% · 20일 +20.0% · 5일 +0.1포인트,지표 고유의 상태와 다른 시장 영역의 동반 신호를 구분해 확인합니다.,낮음
2026-01-21,VIXPOS,VIX 1년 위치,참고,0,과거 252관측 대비 46.4백분위,최근 분포에서의 위치입니다. 별도 위험 신호로 중복 집계하지 않습니다.,낮음
2026-01-21,HY,하이일드 OAS,안정,0,HY 2.69%p · 5일 -7bp · 20일 -19bp,지표 고유의 상태와 다른 시장 영역의 동반 신호를 구분해 확인합니다.,낮음
2026-01-21,BBB,BBB OAS,안정,0,BBB 0.95%p · 5일 -3bp · 20일 -7bp,지표 고유의 상태와 다른 시장 영역의 동반 신호를 구분해 확인합니다.,낮음
2026-01-21,HYPOS,HY 1년 위치,참고,0,과거 252관측 대비 5.6백분위,최근 분포에서의 위치입니다. 별도 위험 신호로 중복 집계하지 않습니다.,낮음
2026-01-21,UNEMP,미국 실업률,확인 부족,-1,월간 관측 누락: 달력 기간 계산 보류,현재 상태를 판단할 자료가 부족합니다.,확인 부족
2026-01-21,SAHM,Sahm Rule,확인 부족,-1,월간 관측 누락: 달력 기간 계산 보류,현재 상태를 판단할 자료가 부족합니다.,확인 부족
2026-01-21,CLAIMS,신규실업수당 4주평균,확인 부족,-1,이력 부족: 0/55관측,현재 상태를 판단할 자료가 부족합니다.,확인 부족
2026-01-21,CPI,CPI,확인 부족,-1,이력 부족: 0/16관측,현재 상태를 판단할 자료가 부족합니다.,확인 부족
2026-01-21,CORECPI,근원 CPI,확인 부족,-1,이력 부족: 0/16관측,현재 상태를 판단할 자료가 부족합니다.,확인 부족
2026-01-21,COREPCE,근원 PCE,확인 부족,-1,이력 부족: 0/16관측,현재 상태를 판단할 자료가 부족합니다.,확인 부족
2026-01-21,DXY,달러지수,확인 부족,-1,이력 부족: 0/147관측,현재 상태를 판단할 자료가 부족합니다.,확인 부족
2026-01-21,USDKRW,달러/원,확인 부족,-1,이력 부족: 0/147관측,현재 상태를 판단할 자료가 부족합니다.,확인 부족
2026-01-21,USDJPY,달러/엔,확인 부족,-1,이력 부족: 0/147관측,현재 상태를 판단할 자료가 부족합니다.,확인 부족
2026-01-21,WTI,WTI,확인 부족,-1,이력 부족: 0/147관측,현재 상태를 판단할 자료가 부족합니다.,확인 부족
2026-01-21,GOLD,금,관찰,1,5일 +5.29% · 20일 +10.79% · 변동성 기준 96.2/97.2백분위,가격 움직임은 확인되지만 원인을 구분할 교차 근거가 충분하지 않습니다.,낮음
2026-01-21,SILVER,은,주의,2,5일 +7.37% · 20일 +37.95% · 변동성 기준 88.3/98.6백분위,금과 은이 함께 상승합니다. 귀금속 공통 흐름을 확인합니다.,낮음
2026-01-21,COPPER,구리,정상,0,5일 -4.03% · 20일 +5.33% · 변동성 기준 76.2/48.6백분위,가격 움직임은 확인되지만 원인을 구분할 교차 근거가 충분하지 않습니다.,낮음
2026-01-22,SP500,S&P500,확인 부족,-1,이력 부족: 0/252관측,현재 상태를 판단할 자료가 부족합니다.,확인 부족
2026-01-22,NASDAQ,Nasdaq,확인 부족,-1,이력 부족: 0/252관측,현재 상태를 판단할 자료가 부족합니다.,확인 부족
2026-01-22,RUSSELL,Russell 2000,정상,0,5일 +2.5% · 20일 +6.3% · 고점 대비 0.0%,지표 고유의 상태와 다른 시장 영역의 동반 신호를 구분해 확인합니다.,낮음
2026-01-22,MA200,200일 이동평균 이격,확인 부족,-1,이력 부족: 0/200관측,현재 상태를 판단할 자료가 부족합니다.,확인 부족
2026-01-22,EW,동일가중 상대성과,정상,0,RSP가 SPY 대비 20일 +2.6%p · 5일 상대성과 +0.69%p,지표 고유의 상태와 다른 시장 영역의 동반 신호를 구분해 확인합니다.,낮음
2026-01-22,CAPE,CAPE,확인 부족,-1,이력 부족: 0/120관측,현재 상태를 판단할 자료가 부족합니다.,확인 부족
2026-01-22,ADV,상승 종목 비율,확인 부족,-1,이력 부족: 0/21관측,현재 상태를 판단할 자료가 부족합니다.,확인 부족
2026-01-22,ABOVE200,200DMA 위 종목 비율,확인 부족,-1,이력 부족: 0/21관측,현재 상태를 판단할 자료가 부족합니다.,확인 부족
2026-01-22,HILO,52주 신고가-신저가 비율,확인 부족,-1,이력 부족: 0/21관측,현재 상태를 판단할 자료가 부족합니다.,확인 부족
2026-01-22,EFFR,미국 기준금리,정상,0,20관측 +0bp · 유지 · EFFR 변화는 목표범위 결정 자체와 구분,금리 하락 또는 상대관계 변화을 관찰합니다. 물가·고용·신용의 동반 움직임으로 의미를 구분합니다.,낮음
2026-01-22,US3M,미국 3개월물 국채수익률,확인 부족,-1,이력 부족: 0/25관측,현재 상태를 판단할 자료가 부족합니다.,확인 부족
2026-01-22,US2Y,미국 2년물 국채수익률,확인 부족,-1,이력 부족: 0/25관측,현재 상태를 판단할 자료가 부족합니다.,확인 부족
2026-01-22,US10Y,미국 10년물 국채수익률,확인 부족,-1,이력 부족: 0/25관측,현재 상태를 판단할 자료가 부족합니다.,확인 부족
2026-01-22,US30Y,미국 30년물 국채수익률,확인 부족,-1,이력 부족: 0/25관측,현재 상태를 판단할 자료가 부족합니다.,확인 부족
2026-01-22,REAL10,미국 10년물 실질금리,확인 부족,-1,이력 부족: 0/25관측,현재 상태를 판단할 자료가 부족합니다.,확인 부족
2026-01-22,TERM,미국 10년물 기간프리미엄,관찰,1,과거 504관측 대비 91.5백분위 · 20일 +6bp,금리 상승에 따른 부담을 관찰합니다. 물가·고용·신용의 동반 움직임으로 의미를 구분합니다.,낮음
2026-01-22,CURVE2,미국 10년물-2년물 금리차,확인 부족,-1,이력 부족: 0/22관측,현재 상태를 판단할 자료가 부족합니다.,확인 부족
2026-01-22,CURVE3,미국 10년물-3개월물 금리차,확인 부족,-1,이력 부족: 0/22관측,현재 상태를 판단할 자료가 부족합니다.,확인 부족
2026-01-22,CURVEFED,미국 10년물-기준금리 차,확인 부족,-1,이력 부족: 0/22관측,현재 상태를 판단할 자료가 부족합니다.,확인 부족
2026-01-22,VIX,VIX,정상,0,VIX 15.6 · 5일 -1.3% · 20일 +11.7% · 5일 -0.2포인트,지표 고유의 상태와 다른 시장 영역의 동반 신호를 구분해 확인합니다.,낮음
2026-01-22,VIXPOS,VIX 1년 위치,참고,0,과거 252관측 대비 19.8백분위,최근 분포에서의 위치입니다. 별도 위험 신호로 중복 집계하지 않습니다.,낮음
2026-01-22,HY,하이일드 OAS,안정,0,HY 2.64%p · 5일 -7bp · 20일 -19bp,지표 고유의 상태와 다른 시장 영역의 동반 신호를 구분해 확인합니다.,낮음
2026-01-22,BBB,BBB OAS,안정,0,BBB 0.93%p · 5일 -4bp · 20일 -8bp,지표 고유의 상태와 다른 시장 영역의 동반 신호를 구분해 확인합니다.,낮음
2026-01-22,HYPOS,HY 1년 위치,참고,0,과거 252관측 대비 1.2백분위,최근 분포에서의 위치입니다. 별도 위험 신호로 중복 집계하지 않습니다.,낮음
2026-01-22,UNEMP,미국 실업률,확인 부족,-1,월간 관측 누락: 달력 기간 계산 보류,현재 상태를 판단할 자료가 부족합니다.,확인 부족
2026-01-22,SAHM,Sahm Rule,확인 부족,-1,월간 관측 누락: 달력 기간 계산 보류,현재 상태를 판단할 자료가 부족합니다.,확인 부족
2026-01-22,CLAIMS,신규실업수당 4주평균,확인 부족,-1,이력 부족: 0/55관측,현재 상태를 판단할 자료가 부족합니다.,확인 부족
2026-01-22,CPI,CPI,확인 부족,-1,이력 부족: 0/16관측,현재 상태를 판단할 자료가 부족합니다.,확인 부족
2026-01-22,CORECPI,근원 CPI,확인 부족,-1,이력 부족: 0/16관측,현재 상태를 판단할 자료가 부족합니다.,확인 부족
2026-01-22,COREPCE,근원 PCE,확인 부족,-1,이력 부족: 0/16관측,현재 상태를 판단할 자료가 부족합니다.,확인 부족
2026-01-22,DXY,달러지수,확인 부족,-1,이력 부족: 0/147관측,현재 상태를 판단할 자료가 부족합니다.,확인 부족
2026-01-22,USDKRW,달러/원,확인 부족,-1,이력 부족: 0/147관측,현재 상태를 판단할 자료가 부족합니다.,확인 부족
2026-01-22,USDJPY,달러/엔,확인 부족,-1,이력 부족: 0/147관측,현재 상태를 판단할 자료가 부족합니다.,확인 부족
2026-01-22,WTI,WTI,확인 부족,-1,이력 부족: 0/147관측,현재 상태를 판단할 자료가 부족합니다.,확인 부족
2026-01-22,GOLD,금,주의,2,5일 +6.11% · 20일 +10.44% · 변동성 기준 98.6/96.6백분위,가격 움직임은 확인되지만 원인을 구분할 교차 근거가 충분하지 않습니다.,낮음
2026-01-22,SILVER,은,주의,2,5일 +5.62% · 20일 +41.34% · 변동성 기준 80.0/99.2백분위,금과 은이 함께 상승합니다. 귀금속 공통 흐름을 확인합니다.,낮음
2026-01-22,COPPER,구리,정상,0,5일 -4.44% · 20일 +5.61% · 변동성 기준 80.4/50.4백분위,가격 움직임은 확인되지만 원인을 구분할 교차 근거가 충분하지 않습니다.,낮음
2026-01-23,SP500,S&P500,확인 부족,-1,이력 부족: 0/252관측,현재 상태를 판단할 자료가 부족합니다.,확인 부족
2026-01-23,NASDAQ,Nasdaq,확인 부족,-1,이력 부족: 0/252관측,현재 상태를 판단할 자료가 부족합니다.,확인 부족
2026-01-23,RUSSELL,Russell 2000,정상,0,5일 -0.2% · 20일 +5.0% · 고점 대비 -1.8%,지표 고유의 상태와 다른 시장 영역의 동반 신호를 구분해 확인합니다.,낮음
2026-01-23,MA200,200일 이동평균 이격,확인 부족,-1,이력 부족: 0/200관측,현재 상태를 판단할 자료가 부족합니다.,확인 부족
2026-01-23,EW,동일가중 상대성과,정상,0,RSP가 SPY 대비 20일 +2.8%p · 5일 상대성과 +0.04%p,지표 고유의 상태와 다른 시장 영역의 동반 신호를 구분해 확인합니다.,낮음
2026-01-23,CAPE,CAPE,확인 부족,-1,이력 부족: 0/120관측,현재 상태를 판단할 자료가 부족합니다.,확인 부족
2026-01-23,ADV,상승 종목 비율,확인 부족,-1,이력 부족: 0/21관측,현재 상태를 판단할 자료가 부족합니다.,확인 부족
2026-01-23,ABOVE200,200DMA 위 종목 비율,확인 부족,-1,이력 부족: 0/21관측,현재 상태를 판단할 자료가 부족합니다.,확인 부족
2026-01-23,HILO,52주 신고가-신저가 비율,확인 부족,-1,이력 부족: 0/21관측,현재 상태를 판단할 자료가 부족합니다.,확인 부족
2026-01-23,EFFR,미국 기준금리,정상,0,20관측 +0bp · 유지 · EFFR 변화는 목표범위 결정 자체와 구분,금리 하락 또는 상대관계 변화을 관찰합니다. 물가·고용·신용의 동반 움직임으로 의미를 구분합니다.,낮음
2026-01-23,US3M,미국 3개월물 국채수익률,확인 부족,-1,이력 부족: 0/25관측,현재 상태를 판단할 자료가 부족합니다.,확인 부족
2026-01-23,US2Y,미국 2년물 국채수익률,확인 부족,-1,이력 부족: 0/25관측,현재 상태를 판단할 자료가 부족합니다.,확인 부족
2026-01-23,US10Y,미국 10년물 국채수익률,확인 부족,-1,이력 부족: 0/25관측,현재 상태를 판단할 자료가 부족합니다.,확인 부족
2026-01-23,US30Y,미국 30년물 국채수익률,확인 부족,-1,이력 부족: 0/25관측,현재 상태를 판단할 자료가 부족합니다.,확인 부족
2026-01-23,REAL10,미국 10년물 실질금리,확인 부족,-1,이력 부족: 0/25관측,현재 상태를 판단할 자료가 부족합니다.,확인 부족
2026-01-23,TERM,미국 10년물 기간프리미엄,관찰,1,과거 504관측 대비 90.7백분위 · 20일 +4bp,금리 상승에 따른 부담을 관찰합니다. 물가·고용·신용의 동반 움직임으로 의미를 구분합니다.,낮음
2026-01-23,CURVE2,미국 10년물-2년물 금리차,확인 부족,-1,이력 부족: 0/22관측,현재 상태를 판단할 자료가 부족합니다.,확인 부족
2026-01-23,CURVE3,미국 10년물-3개월물 금리차,확인 부족,-1,이력 부족: 0/22관측,현재 상태를 판단할 자료가 부족합니다.,확인 부족
2026-01-23,CURVEFED,미국 10년물-기준금리 차,확인 부족,-1,이력 부족: 0/22관측,현재 상태를 판단할 자료가 부족합니다.,확인 부족
2026-01-23,VIX,VIX,정상,0,VIX 16.1 · 5일 +1.5% · 20일 +19.5% · 5일 +0.2포인트,지표 고유의 상태와 다른 시장 영역의 동반 신호를 구분해 확인합니다.,낮음
2026-01-23,VIXPOS,VIX 1년 위치,참고,0,과거 252관측 대비 28.2백분위,최근 분포에서의 위치입니다. 별도 위험 신호로 중복 집계하지 않습니다.,낮음
2026-01-23,HY,하이일드 OAS,안정,0,HY 2.68%p · 5일 +3bp · 20일 -16bp,지표 고유의 상태와 다른 시장 영역의 동반 신호를 구분해 확인합니다.,낮음
2026-01-23,BBB,BBB OAS,안정,0,BBB 0.94%p · 5일 -2bp · 20일 -6bp,지표 고유의 상태와 다른 시장 영역의 동반 신호를 구분해 확인합니다.,낮음
2026-01-23,HYPOS,HY 1년 위치,참고,0,과거 252관측 대비 5.4백분위,최근 분포에서의 위치입니다. 별도 위험 신호로 중복 집계하지 않습니다.,낮음
2026-01-23,UNEMP,미국 실업률,확인 부족,-1,월간 관측 누락: 달력 기간 계산 보류,현재 상태를 판단할 자료가 부족합니다.,확인 부족
2026-01-23,SAHM,Sahm Rule,확인 부족,-1,월간 관측 누락: 달력 기간 계산 보류,현재 상태를 판단할 자료가 부족합니다.,확인 부족
2026-01-23,CLAIMS,신규실업수당 4주평균,확인 부족,-1,이력 부족: 0/55관측,현재 상태를 판단할 자료가 부족합니다.,확인 부족
2026-01-23,CPI,CPI,확인 부족,-1,이력 부족: 0/16관측,현재 상태를 판단할 자료가 부족합니다.,확인 부족
2026-01-23,CORECPI,근원 CPI,확인 부족,-1,이력 부족: 0/16관측,현재 상태를 판단할 자료가 부족합니다.,확인 부족
2026-01-23,COREPCE,근원 PCE,확인 부족,-1,이력 부족: 0/16관측,현재 상태를 판단할 자료가 부족합니다.,확인 부족
2026-01-23,DXY,달러지수,확인 부족,-1,이력 부족: 0/147관측,현재 상태를 판단할 자료가 부족합니다.,확인 부족
2026-01-23,USDKRW,달러/원,확인 부족,-1,이력 부족: 0/147관측,현재 상태를 판단할 자료가 부족합니다.,확인 부족
2026-01-23,USDJPY,달러/엔,확인 부족,-1,이력 부족: 0/147관측,현재 상태를 판단할 자료가 부족합니다.,확인 부족
2026-01-23,WTI,WTI,확인 부족,-1,이력 부족: 0/147관측,현재 상태를 판단할 자료가 부족합니다.,확인 부족
2026-01-23,GOLD,금,주의,2,5일 +7.80% · 20일 +11.01% · 변동성 기준 99.2/97.6백분위,가격 움직임은 확인되지만 원인을 구분할 교차 근거가 충분하지 않습니다.,낮음
2026-01-23,SILVER,은,주의,2,5일 +9.85% · 20일 +43.19% · 변동성 기준 94.0/99.2백분위,금과 은이 함께 상승합니다. 귀금속 공통 흐름을 확인합니다.,낮음
2026-01-23,COPPER,구리,정상,0,5일 -0.62% · 20일 +7.94% · 변동성 기준 14.1/69.2백분위,가격 움직임은 확인되지만 원인을 구분할 교차 근거가 충분하지 않습니다.,낮음
2026-01-26,SP500,S&P500,확인 부족,-1,이력 부족: 0/252관측,현재 상태를 판단할 자료가 부족합니다.,확인 부족
2026-01-26,NASDAQ,Nasdaq,확인 부족,-1,이력 부족: 0/252관측,현재 상태를 판단할 자료가 부족합니다.,확인 부족
2026-01-26,RUSSELL,Russell 2000,정상,0,5일 -0.7% · 20일 +4.4% · 고점 대비 -2.2%,지표 고유의 상태와 다른 시장 영역의 동반 신호를 구분해 확인합니다.,낮음
2026-01-26,MA200,200일 이동평균 이격,확인 부족,-1,이력 부족: 0/200관측,현재 상태를 판단할 자료가 부족합니다.,확인 부족
2026-01-26,EW,동일가중 상대성과,정상,0,RSP가 SPY 대비 20일 +2.5%p · 5일 상대성과 -0.06%p,지표 고유의 상태와 다른 시장 영역의 동반 신호를 구분해 확인합니다.,낮음
2026-01-26,CAPE,CAPE,확인 부족,-1,이력 부족: 0/120관측,현재 상태를 판단할 자료가 부족합니다.,확인 부족
2026-01-26,ADV,상승 종목 비율,확인 부족,-1,이력 부족: 0/21관측,현재 상태를 판단할 자료가 부족합니다.,확인 부족
2026-01-26,ABOVE200,200DMA 위 종목 비율,확인 부족,-1,이력 부족: 0/21관측,현재 상태를 판단할 자료가 부족합니다.,확인 부족
2026-01-26,HILO,52주 신고가-신저가 비율,확인 부족,-1,이력 부족: 0/21관측,현재 상태를 판단할 자료가 부족합니다.,확인 부족
2026-01-26,EFFR,미국 기준금리,정상,0,20관측 +0bp · 유지 · EFFR 변화는 목표범위 결정 자체와 구분,금리 하락 또는 상대관계 변화을 관찰합니다. 물가·고용·신용의 동반 움직임으로 의미를 구분합니다.,낮음
2026-01-26,US3M,미국 3개월물 국채수익률,확인 부족,-1,이력 부족: 0/25관측,현재 상태를 판단할 자료가 부족합니다.,확인 부족
2026-01-26,US2Y,미국 2년물 국채수익률,확인 부족,-1,이력 부족: 0/25관측,현재 상태를 판단할 자료가 부족합니다.,확인 부족
2026-01-26,US10Y,미국 10년물 국채수익률,확인 부족,-1,이력 부족: 0/25관측,현재 상태를 판단할 자료가 부족합니다.,확인 부족
2026-01-26,US30Y,미국 30년물 국채수익률,확인 부족,-1,이력 부족: 0/25관측,현재 상태를 판단할 자료가 부족합니다.,확인 부족
2026-01-26,REAL10,미국 10년물 실질금리,확인 부족,-1,이력 부족: 0/25관측,현재 상태를 판단할 자료가 부족합니다.,확인 부족
2026-01-26,TERM,미국 10년물 기간프리미엄,정상,0,과거 504관측 대비 89.5백분위 · 20일 +4bp,금리 상승에 따른 부담을 관찰합니다. 물가·고용·신용의 동반 움직임으로 의미를 구분합니다.,낮음
2026-01-26,CURVE2,미국 10년물-2년물 금리차,확인 부족,-1,이력 부족: 0/22관측,현재 상태를 판단할 자료가 부족합니다.,확인 부족
2026-01-26,CURVE3,미국 10년물-3개월물 금리차,확인 부족,-1,이력 부족: 0/22관측,현재 상태를 판단할 자료가 부족합니다.,확인 부족
2026-01-26,CURVEFED,미국 10년물-기준금리 차,확인 부족,-1,이력 부족: 0/22관측,현재 상태를 판단할 자료가 부족합니다.,확인 부족
2026-01-26,VIX,VIX,정상,0,VIX 16.1 · 5일 -14.3% · 20일 +18.8% · 5일 -2.7포인트,지표 고유의 상태와 다른 시장 영역의 동반 신호를 구분해 확인합니다.,낮음
2026-01-26,VIXPOS,VIX 1년 위치,참고,0,과거 252관측 대비 29.8백분위,최근 분포에서의 위치입니다. 별도 위험 신호로 중복 집계하지 않습니다.,낮음
2026-01-26,HY,하이일드 OAS,안정,0,HY 2.69%p · 5일 +4bp · 20일 -17bp,지표 고유의 상태와 다른 시장 영역의 동반 신호를 구분해 확인합니다.,낮음
2026-01-26,BBB,BBB OAS,안정,0,BBB 0.94%p · 5일 -2bp · 20일 -6bp,지표 고유의 상태와 다른 시장 영역의 동반 신호를 구분해 확인합니다.,낮음
2026-01-26,HYPOS,HY 1년 위치,참고,0,과거 252관측 대비 6.3백분위,최근 분포에서의 위치입니다. 별도 위험 신호로 중복 집계하지 않습니다.,낮음
2026-01-26,UNEMP,미국 실업률,확인 부족,-1,월간 관측 누락: 달력 기간 계산 보류,현재 상태를 판단할 자료가 부족합니다.,확인 부족
2026-01-26,SAHM,Sahm Rule,확인 부족,-1,월간 관측 누락: 달력 기간 계산 보류,현재 상태를 판단할 자료가 부족합니다.,확인 부족
2026-01-26,CLAIMS,신규실업수당 4주평균,확인 부족,-1,이력 부족: 0/55관측,현재 상태를 판단할 자료가 부족합니다.,확인 부족
2026-01-26,CPI,CPI,확인 부족,-1,이력 부족: 0/16관측,현재 상태를 판단할 자료가 부족합니다.,확인 부족
2026-01-26,CORECPI,근원 CPI,확인 부족,-1,이력 부족: 0/16관측,현재 상태를 판단할 자료가 부족합니다.,확인 부족
2026-01-26,COREPCE,근원 PCE,확인 부족,-1,이력 부족: 0/16관측,현재 상태를 판단할 자료가 부족합니다.,확인 부족
2026-01-26,DXY,달러지수,확인 부족,-1,이력 부족: 0/147관측,현재 상태를 판단할 자료가 부족합니다.,확인 부족
2026-01-26,USDKRW,달러/원,확인 부족,-1,이력 부족: 0/147관측,현재 상태를 판단할 자료가 부족합니다.,확인 부족
2026-01-26,USDJPY,달러/엔,확인 부족,-1,이력 부족: 0/147관측,현재 상태를 판단할 자료가 부족합니다.,확인 부족
2026-01-26,WTI,WTI,확인 부족,-1,이력 부족: 0/147관측,현재 상태를 판단할 자료가 부족합니다.,확인 부족
2026-01-26,GOLD,금,주의,2,5일 +10.71% · 20일 +13.37% · 변동성 기준 100.0/98.8백분위,가격 움직임은 확인되지만 원인을 구분할 교차 근거가 충분하지 않습니다.,낮음
2026-01-26,SILVER,은,주의,2,5일 +30.64% · 20일 +62.01% · 변동성 기준 100.0/100.0백분위,금과 은이 함께 상승합니다. 귀금속 공통 흐름을 확인합니다.,낮음
2026-01-26,COPPER,구리,정상,0,5일 +3.38% · 20일 +8.83% · 변동성 기준 66.3/73.6백분위,가격 움직임은 확인되지만 원인을 구분할 교차 근거가 충분하지 않습니다.,낮음
2026-01-27,SP500,S&P500,확인 부족,-1,이력 부족: 0/252관측,현재 상태를 판단할 자료가 부족합니다.,확인 부족
2026-01-27,NASDAQ,Nasdaq,확인 부족,-1,이력 부족: 0/252관측,현재 상태를 판단할 자료가 부족합니다.,확인 부족
2026-01-27,RUSSELL,Russell 2000,정상,0,5일 +0.8% · 20일 +5.2% · 고점 대비 -1.9%,지표 고유의 상태와 다른 시장 영역의 동반 신호를 구분해 확인합니다.,낮음
2026-01-27,MA200,200일 이동평균 이격,확인 부족,-1,이력 부족: 0/200관측,현재 상태를 판단할 자료가 부족합니다.,확인 부족
2026-01-27,EW,동일가중 상대성과,정상,0,RSP가 SPY 대비 20일 +1.9%p · 5일 상대성과 -1.19%p,지표 고유의 상태와 다른 시장 영역의 동반 신호를 구분해 확인합니다.,낮음
2026-01-27,CAPE,CAPE,확인 부족,-1,이력 부족: 0/120관측,현재 상태를 판단할 자료가 부족합니다.,확인 부족
2026-01-27,ADV,상승 종목 비율,확인 부족,-1,이력 부족: 0/21관측,현재 상태를 판단할 자료가 부족합니다.,확인 부족
2026-01-27,ABOVE200,200DMA 위 종목 비율,확인 부족,-1,이력 부족: 0/21관측,현재 상태를 판단할 자료가 부족합니다.,확인 부족
2026-01-27,HILO,52주 신고가-신저가 비율,확인 부족,-1,이력 부족: 0/21관측,현재 상태를 판단할 자료가 부족합니다.,확인 부족
2026-01-27,EFFR,미국 기준금리,정상,0,20관측 +0bp · 유지 · EFFR 변화는 목표범위 결정 자체와 구분,금리 하락 또는 상대관계 변화을 관찰합니다. 물가·고용·신용의 동반 움직임으로 의미를 구분합니다.,낮음
2026-01-27,US3M,미국 3개월물 국채수익률,확인 부족,-1,이력 부족: 0/25관측,현재 상태를 판단할 자료가 부족합니다.,확인 부족
2026-01-27,US2Y,미국 2년물 국채수익률,확인 부족,-1,이력 부족: 0/25관측,현재 상태를 판단할 자료가 부족합니다.,확인 부족
2026-01-27,US10Y,미국 10년물 국채수익률,확인 부족,-1,이력 부족: 0/25관측,현재 상태를 판단할 자료가 부족합니다.,확인 부족
2026-01-27,US30Y,미국 30년물 국채수익률,확인 부족,-1,이력 부족: 0/25관측,현재 상태를 판단할 자료가 부족합니다.,확인 부족
2026-01-27,REAL10,미국 10년물 실질금리,확인 부족,-1,이력 부족: 0/25관측,현재 상태를 판단할 자료가 부족합니다.,확인 부족
2026-01-27,TERM,미국 10년물 기간프리미엄,정상,0,과거 504관측 대비 89.5백분위 · 20일 +6bp,금리 상승에 따른 부담을 관찰합니다. 물가·고용·신용의 동반 움직임으로 의미를 구분합니다.,낮음
2026-01-27,CURVE2,미국 10년물-2년물 금리차,확인 부족,-1,이력 부족: 0/22관측,현재 상태를 판단할 자료가 부족합니다.,확인 부족
2026-01-27,CURVE3,미국 10년물-3개월물 금리차,확인 부족,-1,이력 부족: 0/22관측,현재 상태를 판단할 자료가 부족합니다.,확인 부족
2026-01-27,CURVEFED,미국 10년물-기준금리 차,확인 부족,-1,이력 부족: 0/22관측,현재 상태를 판단할 자료가 부족합니다.,확인 부족
2026-01-27,VIX,VIX,정상,0,VIX 16.4 · 5일 -18.6% · 20일 +15.1% · 5일 -3.7포인트,지표 고유의 상태와 다른 시장 영역의 동반 신호를 구분해 확인합니다.,낮음
2026-01-27,VIXPOS,VIX 1년 위치,참고,0,과거 252관측 대비 32.9백분위,최근 분포에서의 위치입니다. 별도 위험 신호로 중복 집계하지 않습니다.,낮음
2026-01-27,HY,하이일드 OAS,안정,0,HY 2.71%p · 5일 -2bp · 20일 -16bp,지표 고유의 상태와 다른 시장 영역의 동반 신호를 구분해 확인합니다.,낮음
2026-01-27,BBB,BBB OAS,안정,0,BBB 0.94%p · 5일 -2bp · 20일 -6bp,지표 고유의 상태와 다른 시장 영역의 동반 신호를 구분해 확인합니다.,낮음
2026-01-27,HYPOS,HY 1년 위치,참고,0,과거 252관측 대비 7.7백분위,최근 분포에서의 위치입니다. 별도 위험 신호로 중복 집계하지 않습니다.,낮음
2026-01-27,UNEMP,미국 실업률,확인 부족,-1,월간 관측 누락: 달력 기간 계산 보류,현재 상태를 판단할 자료가 부족합니다.,확인 부족
2026-01-27,SAHM,Sahm Rule,확인 부족,-1,월간 관측 누락: 달력 기간 계산 보류,현재 상태를 판단할 자료가 부족합니다.,확인 부족
2026-01-27,CLAIMS,신규실업수당 4주평균,확인 부족,-1,이력 부족: 0/55관측,현재 상태를 판단할 자료가 부족합니다.,확인 부족
2026-01-27,CPI,CPI,확인 부족,-1,이력 부족: 0/16관측,현재 상태를 판단할 자료가 부족합니다.,확인 부족
2026-01-27,CORECPI,근원 CPI,확인 부족,-1,이력 부족: 0/16관측,현재 상태를 판단할 자료가 부족합니다.,확인 부족
2026-01-27,COREPCE,근원 PCE,확인 부족,-1,이력 부족: 0/16관측,현재 상태를 판단할 자료가 부족합니다.,확인 부족
2026-01-27,DXY,달러지수,확인 부족,-1,이력 부족: 0/147관측,현재 상태를 판단할 자료가 부족합니다.,확인 부족
2026-01-27,USDKRW,달러/원,확인 부족,-1,이력 부족: 0/147관측,현재 상태를 판단할 자료가 부족합니다.,확인 부족
2026-01-27,USDJPY,달러/엔,확인 부족,-1,이력 부족: 0/147관측,현재 상태를 판단할 자료가 부족합니다.,확인 부족
2026-01-27,WTI,WTI,확인 부족,-1,이력 부족: 0/147관측,현재 상태를 판단할 자료가 부족합니다.,확인 부족
2026-01-27,GOLD,금,주의,2,5일 +6.73% · 20일 +12.16% · 변동성 기준 98.4/98.0백분위,가격 움직임은 확인되지만 원인을 구분할 교차 근거가 충분하지 않습니다.,낮음
2026-01-27,SILVER,은,주의,2,5일 +12.01% · 20일 +37.96% · 변동성 기준 96.4/98.0백분위,금과 은이 함께 상승합니다. 귀금속 공통 흐름을 확인합니다.,낮음
2026-01-27,COPPER,구리,정상,0,5일 +0.96% · 20일 +1.08% · 변동성 기준 22.0/11.1백분위,가격 움직임은 확인되지만 원인을 구분할 교차 근거가 충분하지 않습니다.,낮음
2026-01-28,SP500,S&P500,확인 부족,-1,이력 부족: 0/252관측,현재 상태를 판단할 자료가 부족합니다.,확인 부족
2026-01-28,NASDAQ,Nasdaq,확인 부족,-1,이력 부족: 0/252관측,현재 상태를 판단할 자료가 부족합니다.,확인 부족
2026-01-28,RUSSELL,Russell 2000,정상,0,5일 -1.7% · 20일 +5.3% · 고점 대비 -2.4%,지표 고유의 상태와 다른 시장 영역의 동반 신호를 구분해 확인합니다.,낮음
2026-01-28,MA200,200일 이동평균 이격,확인 부족,-1,이력 부족: 0/200관측,현재 상태를 판단할 자료가 부족합니다.,확인 부족
2026-01-28,EW,동일가중 상대성과,정상,0,RSP가 SPY 대비 20일 +1.3%p · 5일 상대성과 -2.03%p,지표 고유의 상태와 다른 시장 영역의 동반 신호를 구분해 확인합니다.,낮음
2026-01-28,CAPE,CAPE,확인 부족,-1,이력 부족: 0/120관측,현재 상태를 판단할 자료가 부족합니다.,확인 부족
2026-01-28,ADV,상승 종목 비율,확인 부족,-1,이력 부족: 0/21관측,현재 상태를 판단할 자료가 부족합니다.,확인 부족
2026-01-28,ABOVE200,200DMA 위 종목 비율,확인 부족,-1,이력 부족: 0/21관측,현재 상태를 판단할 자료가 부족합니다.,확인 부족
2026-01-28,HILO,52주 신고가-신저가 비율,확인 부족,-1,이력 부족: 0/21관측,현재 상태를 판단할 자료가 부족합니다.,확인 부족
2026-01-28,EFFR,미국 기준금리,정상,0,20관측 +0bp · 유지 · EFFR 변화는 목표범위 결정 자체와 구분,금리 하락 또는 상대관계 변화을 관찰합니다. 물가·고용·신용의 동반 움직임으로 의미를 구분합니다.,낮음
2026-01-28,US3M,미국 3개월물 국채수익률,확인 부족,-1,이력 부족: 0/25관측,현재 상태를 판단할 자료가 부족합니다.,확인 부족
2026-01-28,US2Y,미국 2년물 국채수익률,확인 부족,-1,이력 부족: 0/25관측,현재 상태를 판단할 자료가 부족합니다.,확인 부족
2026-01-28,US10Y,미국 10년물 국채수익률,확인 부족,-1,이력 부족: 0/25관측,현재 상태를 판단할 자료가 부족합니다.,확인 부족
2026-01-28,US30Y,미국 30년물 국채수익률,확인 부족,-1,이력 부족: 0/25관측,현재 상태를 판단할 자료가 부족합니다.,확인 부족
2026-01-28,REAL10,미국 10년물 실질금리,확인 부족,-1,이력 부족: 0/25관측,현재 상태를 판단할 자료가 부족합니다.,확인 부족
2026-01-28,TERM,미국 10년물 기간프리미엄,관찰,1,과거 504관측 대비 90.9백분위 · 20일 +8bp,금리 상승에 따른 부담을 관찰합니다. 물가·고용·신용의 동반 움직임으로 의미를 구분합니다.,낮음
2026-01-28,CURVE2,미국 10년물-2년물 금리차,확인 부족,-1,이력 부족: 0/22관측,현재 상태를 판단할 자료가 부족합니다.,확인 부족
2026-01-28,CURVE3,미국 10년물-3개월물 금리차,확인 부족,-1,이력 부족: 0/22관측,현재 상태를 판단할 자료가 부족합니다.,확인 부족
2026-01-28,CURVEFED,미국 10년물-기준금리 차,확인 부족,-1,이력 부족: 0/22관측,현재 상태를 판단할 자료가 부족합니다.,확인 부족
2026-01-28,VIX,VIX,정상,0,VIX 16.4 · 5일 -3.3% · 20일 +14.1% · 5일 -0.5포인트,지표 고유의 상태와 다른 시장 영역의 동반 신호를 구분해 확인합니다.,낮음
2026-01-28,VIXPOS,VIX 1년 위치,참고,0,과거 252관측 대비 33.1백분위,최근 분포에서의 위치입니다. 별도 위험 신호로 중복 집계하지 않습니다.,낮음
2026-01-28,HY,하이일드 OAS,안정,0,HY 2.72%p · 5일 +3bp · 20일 -12bp,지표 고유의 상태와 다른 시장 영역의 동반 신호를 구분해 확인합니다.,낮음
2026-01-28,BBB,BBB OAS,안정,0,BBB 0.93%p · 5일 -2bp · 20일 -8bp,지표 고유의 상태와 다른 시장 영역의 동반 신호를 구분해 확인합니다.,낮음
2026-01-28,HYPOS,HY 1년 위치,참고,0,과거 252관측 대비 8.5백분위,최근 분포에서의 위치입니다. 별도 위험 신호로 중복 집계하지 않습니다.,낮음
2026-01-28,UNEMP,미국 실업률,확인 부족,-1,월간 관측 누락: 달력 기간 계산 보류,현재 상태를 판단할 자료가 부족합니다.,확인 부족
2026-01-28,SAHM,Sahm Rule,확인 부족,-1,월간 관측 누락: 달력 기간 계산 보류,현재 상태를 판단할 자료가 부족합니다.,확인 부족
2026-01-28,CLAIMS,신규실업수당 4주평균,확인 부족,-1,이력 부족: 0/55관측,현재 상태를 판단할 자료가 부족합니다.,확인 부족
2026-01-28,CPI,CPI,확인 부족,-1,이력 부족: 0/16관측,현재 상태를 판단할 자료가 부족합니다.,확인 부족
2026-01-28,CORECPI,근원 CPI,확인 부족,-1,이력 부족: 0/16관측,현재 상태를 판단할 자료가 부족합니다.,확인 부족
2026-01-28,COREPCE,근원 PCE,확인 부족,-1,이력 부족: 0/16관측,현재 상태를 판단할 자료가 부족합니다.,확인 부족
2026-01-28,DXY,달러지수,확인 부족,-1,이력 부족: 0/147관측,현재 상태를 판단할 자료가 부족합니다.,확인 부족
2026-01-28,USDKRW,달러/원,확인 부족,-1,이력 부족: 0/147관측,현재 상태를 판단할 자료가 부족합니다.,확인 부족
2026-01-28,USDJPY,달러/엔,확인 부족,-1,이력 부족: 0/147관측,현재 상태를 판단할 자료가 부족합니다.,확인 부족
2026-01-28,WTI,WTI,확인 부족,-1,이력 부족: 0/147관측,현재 상태를 판단할 자료가 부족합니다.,확인 부족
2026-01-28,GOLD,금,주의,2,5일 +9.72% · 20일 +22.58% · 변동성 기준 99.8/100.0백분위,가격 움직임은 확인되지만 원인을 구분할 교차 근거가 충분하지 않습니다.,낮음
2026-01-28,SILVER,은,주의,2,5일 +22.67% · 20일 +61.92% · 변동성 기준 99.6/99.8백분위,금과 은이 함께 상승합니다. 귀금속 공통 흐름을 확인합니다.,낮음
2026-01-28,COPPER,구리,정상,0,5일 +2.84% · 20일 +7.32% · 변동성 기준 60.3/64.7백분위,가격 움직임은 확인되지만 원인을 구분할 교차 근거가 충분하지 않습니다.,낮음
2026-01-29,SP500,S&P500,확인 부족,-1,이력 부족: 0/252관측,현재 상태를 판단할 자료가 부족합니다.,확인 부족
2026-01-29,NASDAQ,Nasdaq,확인 부족,-1,이력 부족: 0/252관측,현재 상태를 판단할 자료가 부족합니다.,확인 부족
2026-01-29,RUSSELL,Russell 2000,정상,0,5일 -2.4% · 20일 +6.2% · 고점 대비 -2.4%,지표 고유의 상태와 다른 시장 영역의 동반 신호를 구분해 확인합니다.,낮음
2026-01-29,MA200,200일 이동평균 이격,확인 부족,-1,이력 부족: 0/200관측,현재 상태를 판단할 자료가 부족합니다.,확인 부족
2026-01-29,EW,동일가중 상대성과,정상,0,RSP가 SPY 대비 20일 +1.7%p · 5일 상대성과 -1.31%p,지표 고유의 상태와 다른 시장 영역의 동반 신호를 구분해 확인합니다.,낮음
2026-01-29,CAPE,CAPE,확인 부족,-1,이력 부족: 0/120관측,현재 상태를 판단할 자료가 부족합니다.,확인 부족
2026-01-29,ADV,상승 종목 비율,확인 부족,-1,이력 부족: 0/21관측,현재 상태를 판단할 자료가 부족합니다.,확인 부족
2026-01-29,ABOVE200,200DMA 위 종목 비율,확인 부족,-1,이력 부족: 0/21관측,현재 상태를 판단할 자료가 부족합니다.,확인 부족
2026-01-29,HILO,52주 신고가-신저가 비율,확인 부족,-1,이력 부족: 0/21관측,현재 상태를 판단할 자료가 부족합니다.,확인 부족
2026-01-29,EFFR,미국 기준금리,정상,0,20관측 +0bp · 유지 · EFFR 변화는 목표범위 결정 자체와 구분,금리 하락 또는 상대관계 변화을 관찰합니다. 물가·고용·신용의 동반 움직임으로 의미를 구분합니다.,낮음
2026-01-29,US3M,미국 3개월물 국채수익률,확인 부족,-1,이력 부족: 0/25관측,현재 상태를 판단할 자료가 부족합니다.,확인 부족
2026-01-29,US2Y,미국 2년물 국채수익률,확인 부족,-1,이력 부족: 0/25관측,현재 상태를 판단할 자료가 부족합니다.,확인 부족
2026-01-29,US10Y,미국 10년물 국채수익률,확인 부족,-1,이력 부족: 0/25관측,현재 상태를 판단할 자료가 부족합니다.,확인 부족
2026-01-29,US30Y,미국 30년물 국채수익률,확인 부족,-1,이력 부족: 0/25관측,현재 상태를 판단할 자료가 부족합니다.,확인 부족
2026-01-29,REAL10,미국 10년물 실질금리,확인 부족,-1,이력 부족: 0/25관측,현재 상태를 판단할 자료가 부족합니다.,확인 부족
2026-01-29,TERM,미국 10년물 기간프리미엄,정상,0,과거 504관측 대비 89.3백분위 · 20일 +6bp,금리 상승에 따른 부담을 관찰합니다. 물가·고용·신용의 동반 움직임으로 의미를 구분합니다.,낮음
2026-01-29,CURVE2,미국 10년물-2년물 금리차,확인 부족,-1,이력 부족: 0/22관측,현재 상태를 판단할 자료가 부족합니다.,확인 부족
2026-01-29,CURVE3,미국 10년물-3개월물 금리차,확인 부족,-1,이력 부족: 0/22관측,현재 상태를 판단할 자료가 부족합니다.,확인 부족
2026-01-29,CURVEFED,미국 10년물-기준금리 차,확인 부족,-1,이력 부족: 0/22관측,현재 상태를 판단할 자료가 부족합니다.,확인 부족
2026-01-29,VIX,VIX,정상,0,VIX 16.9 · 5일 +7.9% · 20일 +12.9% · 5일 +1.2포인트,지표 고유의 상태와 다른 시장 영역의 동반 신호를 구분해 확인합니다.,낮음
2026-01-29,VIXPOS,VIX 1년 위치,참고,0,과거 252관측 대비 46.8백분위,최근 분포에서의 위치입니다. 별도 위험 신호로 중복 집계하지 않습니다.,낮음
2026-01-29,HY,하이일드 OAS,안정,0,HY 2.77%p · 5일 +13bp · 20일 -4bp,지표 고유의 상태와 다른 시장 영역의 동반 신호를 구분해 확인합니다.,낮음
2026-01-29,BBB,BBB OAS,안정,0,BBB 0.94%p · 5일 +1bp · 20일 -7bp,지표 고유의 상태와 다른 시장 영역의 동반 신호를 구분해 확인합니다.,낮음
2026-01-29,HYPOS,HY 1년 위치,참고,0,과거 252관측 대비 13.9백분위,최근 분포에서의 위치입니다. 별도 위험 신호로 중복 집계하지 않습니다.,낮음
2026-01-29,UNEMP,미국 실업률,확인 부족,-1,월간 관측 누락: 달력 기간 계산 보류,현재 상태를 판단할 자료가 부족합니다.,확인 부족
2026-01-29,SAHM,Sahm Rule,확인 부족,-1,월간 관측 누락: 달력 기간 계산 보류,현재 상태를 판단할 자료가 부족합니다.,확인 부족
2026-01-29,CLAIMS,신규실업수당 4주평균,확인 부족,-1,이력 부족: 0/55관측,현재 상태를 판단할 자료가 부족합니다.,확인 부족
2026-01-29,CPI,CPI,확인 부족,-1,이력 부족: 0/16관측,현재 상태를 판단할 자료가 부족합니다.,확인 부족
2026-01-29,CORECPI,근원 CPI,확인 부족,-1,이력 부족: 0/16관측,현재 상태를 판단할 자료가 부족합니다.,확인 부족
2026-01-29,COREPCE,근원 PCE,확인 부족,-1,이력 부족: 0/16관측,현재 상태를 판단할 자료가 부족합니다.,확인 부족
2026-01-29,DXY,달러지수,확인 부족,-1,이력 부족: 0/147관측,현재 상태를 판단할 자료가 부족합니다.,확인 부족
2026-01-29,USDKRW,달러/원,확인 부족,-1,이력 부족: 0/147관측,현재 상태를 판단할 자료가 부족합니다.,확인 부족
2026-01-29,USDJPY,달러/엔,확인 부족,-1,이력 부족: 0/147관측,현재 상태를 판단할 자료가 부족합니다.,확인 부족
2026-01-29,WTI,WTI,확인 부족,-1,이력 부족: 0/147관측,현재 상태를 판단할 자료가 부족합니다.,확인 부족
2026-01-29,GOLD,금,주의,2,5일 +8.34% · 20일 +21.70% · 변동성 기준 98.8/99.8백분위,가격 움직임은 확인되지만 원인을 구분할 교차 근거가 충분하지 않습니다.,낮음
2026-01-29,SILVER,은,주의,2,5일 +18.82% · 20일 +47.38% · 변동성 기준 99.4/99.6백분위,금과 은이 함께 상승합니다. 귀금속 공통 흐름을 확인합니다.,낮음
2026-01-29,COPPER,구리,관찰,1,5일 +7.54% · 20일 +7.82% · 변동성 기준 94.8/67.7백분위,가격 움직임은 확인되지만 원인을 구분할 교차 근거가 충분하지 않습니다.,낮음
2026-01-30,SP500,S&P500,확인 부족,-1,이력 부족: 0/252관측,현재 상태를 판단할 자료가 부족합니다.,확인 부족
2026-01-30,NASDAQ,Nasdaq,확인 부족,-1,이력 부족: 0/252관측,현재 상태를 판단할 자료가 부족합니다.,확인 부족
2026-01-30,RUSSELL,Russell 2000,정상,0,5일 -2.1% · 20일 +5.3% · 고점 대비 -3.9%,지표 고유의 상태와 다른 시장 영역의 동반 신호를 구분해 확인합니다.,낮음
2026-01-30,MA200,200일 이동평균 이격,확인 부족,-1,이력 부족: 0/200관측,현재 상태를 판단할 자료가 부족합니다.,확인 부족
2026-01-30,EW,동일가중 상대성과,정상,0,RSP가 SPY 대비 20일 +1.9%p · 5일 상대성과 -0.74%p,지표 고유의 상태와 다른 시장 영역의 동반 신호를 구분해 확인합니다.,낮음
2026-01-30,CAPE,CAPE,확인 부족,-1,이력 부족: 0/120관측,현재 상태를 판단할 자료가 부족합니다.,확인 부족
2026-01-30,ADV,상승 종목 비율,확인 부족,-1,이력 부족: 0/21관측,현재 상태를 판단할 자료가 부족합니다.,확인 부족
2026-01-30,ABOVE200,200DMA 위 종목 비율,확인 부족,-1,이력 부족: 0/21관측,현재 상태를 판단할 자료가 부족합니다.,확인 부족
2026-01-30,HILO,52주 신고가-신저가 비율,확인 부족,-1,이력 부족: 0/21관측,현재 상태를 판단할 자료가 부족합니다.,확인 부족
2026-01-30,EFFR,미국 기준금리,정상,0,20관측 +0bp · 유지 · EFFR 변화는 목표범위 결정 자체와 구분,금리 하락 또는 상대관계 변화을 관찰합니다. 물가·고용·신용의 동반 움직임으로 의미를 구분합니다.,낮음
2026-01-30,US3M,미국 3개월물 국채수익률,확인 부족,-1,이력 부족: 0/25관측,현재 상태를 판단할 자료가 부족합니다.,확인 부족
2026-01-30,US2Y,미국 2년물 국채수익률,확인 부족,-1,이력 부족: 0/25관측,현재 상태를 판단할 자료가 부족합니다.,확인 부족
2026-01-30,US10Y,미국 10년물 국채수익률,확인 부족,-1,이력 부족: 0/25관측,현재 상태를 판단할 자료가 부족합니다.,확인 부족
2026-01-30,US30Y,미국 30년물 국채수익률,확인 부족,-1,이력 부족: 0/25관측,현재 상태를 판단할 자료가 부족합니다.,확인 부족
2026-01-30,REAL10,미국 10년물 실질금리,확인 부족,-1,이력 부족: 0/25관측,현재 상태를 판단할 자료가 부족합니다.,확인 부족
2026-01-30,TERM,미국 10년물 기간프리미엄,정상,0,과거 504관측 대비 88.9백분위 · 20일 +4bp,금리 상승에 따른 부담을 관찰합니다. 물가·고용·신용의 동반 움직임으로 의미를 구분합니다.,낮음
2026-01-30,CURVE2,미국 10년물-2년물 금리차,확인 부족,-1,이력 부족: 0/22관측,현재 상태를 판단할 자료가 부족합니다.,확인 부족
2026-01-30,CURVE3,미국 10년물-3개월물 금리차,확인 부족,-1,이력 부족: 0/22관측,현재 상태를 판단할 자료가 부족합니다.,확인 부족
2026-01-30,CURVEFED,미국 10년물-기준금리 차,확인 부족,-1,이력 부족: 0/22관측,현재 상태를 판단할 자료가 부족합니다.,확인 부족
2026-01-30,VIX,VIX,정상,0,VIX 17.4 · 5일 +8.4% · 20일 +20.2% · 5일 +1.4포인트,지표 고유의 상태와 다른 시장 영역의 동반 신호를 구분해 확인합니다.,낮음
2026-01-30,VIXPOS,VIX 1년 위치,참고,0,과거 252관측 대비 55.0백분위,최근 분포에서의 위치입니다. 별도 위험 신호로 중복 집계하지 않습니다.,낮음
2026-01-30,HY,하이일드 OAS,안정,0,HY 2.80%p · 5일 +12bp · 20일 -3bp,지표 고유의 상태와 다른 시장 영역의 동반 신호를 구분해 확인합니다.,낮음
2026-01-30,BBB,BBB OAS,안정,0,BBB 0.94%p · 5일 +0bp · 20일 -7bp,지표 고유의 상태와 다른 시장 영역의 동반 신호를 구분해 확인합니다.,낮음
2026-01-30,HYPOS,HY 1년 위치,참고,0,과거 252관측 대비 19.0백분위,최근 분포에서의 위치입니다. 별도 위험 신호로 중복 집계하지 않습니다.,낮음
2026-01-30,UNEMP,미국 실업률,확인 부족,-1,월간 관측 누락: 달력 기간 계산 보류,현재 상태를 판단할 자료가 부족합니다.,확인 부족
2026-01-30,SAHM,Sahm Rule,확인 부족,-1,월간 관측 누락: 달력 기간 계산 보류,현재 상태를 판단할 자료가 부족합니다.,확인 부족
2026-01-30,CLAIMS,신규실업수당 4주평균,확인 부족,-1,이력 부족: 0/55관측,현재 상태를 판단할 자료가 부족합니다.,확인 부족
2026-01-30,CPI,CPI,확인 부족,-1,이력 부족: 0/16관측,현재 상태를 판단할 자료가 부족합니다.,확인 부족
2026-01-30,CORECPI,근원 CPI,확인 부족,-1,이력 부족: 0/16관측,현재 상태를 판단할 자료가 부족합니다.,확인 부족
2026-01-30,COREPCE,근원 PCE,확인 부족,-1,이력 부족: 0/16관측,현재 상태를 판단할 자료가 부족합니다.,확인 부족
2026-01-30,DXY,달러지수,확인 부족,-1,이력 부족: 0/147관측,현재 상태를 판단할 자료가 부족합니다.,확인 부족
2026-01-30,USDKRW,달러/원,확인 부족,-1,이력 부족: 0/147관측,현재 상태를 판단할 자료가 부족합니다.,확인 부족
2026-01-30,USDJPY,달러/엔,확인 부족,-1,이력 부족: 0/147관측,현재 상태를 판단할 자료가 부족합니다.,확인 부족
2026-01-30,WTI,WTI,확인 부족,-1,이력 부족: 0/147관측,현재 상태를 판단할 자료가 부족합니다.,확인 부족
2026-01-30,GOLD,금,관찰,1,5일 -5.27% · 20일 +8.98% · 변동성 기준 94.6/91.1백분위,가격 움직임은 확인되지만 원인을 구분할 교차 근거가 충분하지 않습니다.,낮음
2026-01-30,SILVER,은,주의,2,5일 -22.43% · 20일 +11.63% · 변동성 기준 99.4/79.0백분위,금과 은이 함께 상승합니다. 귀금속 공통 흐름을 확인합니다.,낮음
2026-01-30,COPPER,구리,정상,0,5일 -0.24% · 20일 +4.74% · 변동성 기준 4.4/42.1백분위,가격 움직임은 확인되지만 원인을 구분할 교차 근거가 충분하지 않습니다.,낮음
2026-02-02,SP500,S&P500,확인 부족,-1,이력 부족: 0/252관측,현재 상태를 판단할 자료가 부족합니다.,확인 부족
2026-02-02,NASDAQ,Nasdaq,확인 부족,-1,이력 부족: 0/252관측,현재 상태를 판단할 자료가 부족합니다.,확인 부족
2026-02-02,RUSSELL,Russell 2000,정상,0,5일 -0.7% · 20일 +5.3% · 고점 대비 -2.9%,지표 고유의 상태와 다른 시장 영역의 동반 신호를 구분해 확인합니다.,낮음
2026-02-02,MA200,200일 이동평균 이격,확인 부족,-1,이력 부족: 0/200관측,현재 상태를 판단할 자료가 부족합니다.,확인 부족
2026-02-02,EW,동일가중 상대성과,정상,0,RSP가 SPY 대비 20일 +1.4%p · 5일 상대성과 -0.46%p,지표 고유의 상태와 다른 시장 영역의 동반 신호를 구분해 확인합니다.,낮음
2026-02-02,CAPE,CAPE,확인 부족,-1,이력 부족: 0/120관측,현재 상태를 판단할 자료가 부족합니다.,확인 부족
2026-02-02,ADV,상승 종목 비율,확인 부족,-1,이력 부족: 0/21관측,현재 상태를 판단할 자료가 부족합니다.,확인 부족
2026-02-02,ABOVE200,200DMA 위 종목 비율,확인 부족,-1,이력 부족: 0/21관측,현재 상태를 판단할 자료가 부족합니다.,확인 부족
2026-02-02,HILO,52주 신고가-신저가 비율,확인 부족,-1,이력 부족: 0/21관측,현재 상태를 판단할 자료가 부족합니다.,확인 부족
2026-02-02,EFFR,미국 기준금리,정상,0,20관측 +0bp · 유지 · EFFR 변화는 목표범위 결정 자체와 구분,금리 하락 또는 상대관계 변화을 관찰합니다. 물가·고용·신용의 동반 움직임으로 의미를 구분합니다.,낮음
2026-02-02,US3M,미국 3개월물 국채수익률,확인 부족,-1,이력 부족: 0/25관측,현재 상태를 판단할 자료가 부족합니다.,확인 부족
2026-02-02,US2Y,미국 2년물 국채수익률,확인 부족,-1,이력 부족: 0/25관측,현재 상태를 판단할 자료가 부족합니다.,확인 부족
2026-02-02,US10Y,미국 10년물 국채수익률,확인 부족,-1,이력 부족: 0/25관측,현재 상태를 판단할 자료가 부족합니다.,확인 부족
2026-02-02,US30Y,미국 30년물 국채수익률,확인 부족,-1,이력 부족: 0/25관측,현재 상태를 판단할 자료가 부족합니다.,확인 부족
2026-02-02,REAL10,미국 10년물 실질금리,확인 부족,-1,이력 부족: 0/25관측,현재 상태를 판단할 자료가 부족합니다.,확인 부족
2026-02-02,TERM,미국 10년물 기간프리미엄,관찰,1,과거 504관측 대비 91.7백분위 · 20일 +4bp,금리 상승에 따른 부담을 관찰합니다. 물가·고용·신용의 동반 움직임으로 의미를 구분합니다.,낮음
2026-02-02,CURVE2,미국 10년물-2년물 금리차,확인 부족,-1,이력 부족: 0/22관측,현재 상태를 판단할 자료가 부족합니다.,확인 부족
2026-02-02,CURVE3,미국 10년물-3개월물 금리차,확인 부족,-1,이력 부족: 0/22관측,현재 상태를 판단할 자료가 부족합니다.,확인 부족
2026-02-02,CURVEFED,미국 10년물-기준금리 차,확인 부족,-1,이력 부족: 0/22관측,현재 상태를 판단할 자료가 부족합니다.,확인 부족
2026-02-02,VIX,VIX,정상,0,VIX 16.3 · 5일 +1.2% · 20일 +9.7% · 5일 +0.2포인트,지표 고유의 상태와 다른 시장 영역의 동반 신호를 구분해 확인합니다.,낮음
2026-02-02,VIXPOS,VIX 1년 위치,참고,0,과거 252관측 대비 31.7백분위,최근 분포에서의 위치입니다. 별도 위험 신호로 중복 집계하지 않습니다.,낮음
2026-02-02,HY,하이일드 OAS,안정,0,HY 2.81%p · 5일 +10bp · 20일 +2bp,지표 고유의 상태와 다른 시장 영역의 동반 신호를 구분해 확인합니다.,낮음
2026-02-02,BBB,BBB OAS,안정,0,BBB 0.93%p · 5일 -1bp · 20일 -7bp,지표 고유의 상태와 다른 시장 영역의 동반 신호를 구분해 확인합니다.,낮음
2026-02-02,HYPOS,HY 1년 위치,참고,0,과거 252관측 대비 21.0백분위,최근 분포에서의 위치입니다. 별도 위험 신호로 중복 집계하지 않습니다.,낮음
2026-02-02,UNEMP,미국 실업률,확인 부족,-1,월간 관측 누락: 달력 기간 계산 보류,현재 상태를 판단할 자료가 부족합니다.,확인 부족
2026-02-02,SAHM,Sahm Rule,확인 부족,-1,월간 관측 누락: 달력 기간 계산 보류,현재 상태를 판단할 자료가 부족합니다.,확인 부족
2026-02-02,CLAIMS,신규실업수당 4주평균,확인 부족,-1,이력 부족: 0/55관측,현재 상태를 판단할 자료가 부족합니다.,확인 부족
2026-02-02,CPI,CPI,확인 부족,-1,이력 부족: 0/16관측,현재 상태를 판단할 자료가 부족합니다.,확인 부족
2026-02-02,CORECPI,근원 CPI,확인 부족,-1,이력 부족: 0/16관측,현재 상태를 판단할 자료가 부족합니다.,확인 부족
2026-02-02,COREPCE,근원 PCE,확인 부족,-1,이력 부족: 0/16관측,현재 상태를 판단할 자료가 부족합니다.,확인 부족
2026-02-02,DXY,달러지수,확인 부족,-1,이력 부족: 0/147관측,현재 상태를 판단할 자료가 부족합니다.,확인 부족
2026-02-02,USDKRW,달러/원,확인 부족,-1,이력 부족: 0/147관측,현재 상태를 판단할 자료가 부족합니다.,확인 부족
2026-02-02,USDJPY,달러/엔,확인 부족,-1,이력 부족: 0/147관측,현재 상태를 판단할 자료가 부족합니다.,확인 부족
2026-02-02,WTI,WTI,확인 부족,-1,이력 부족: 0/147관측,현재 상태를 판단할 자료가 부족합니다.,확인 부족
2026-02-02,GOLD,금,주의,2,5일 -9.00% · 20일 +7.14% · 변동성 기준 99.6/80.2백분위,가격 움직임은 확인되지만 원인을 구분할 교차 근거가 충분하지 않습니다.,낮음
2026-02-02,SILVER,은,주의,2,5일 -33.28% · 20일 +8.82% · 변동성 기준 100.0/67.5백분위,금과 은이 함께 상승합니다. 귀금속 공통 흐름을 확인합니다.,낮음
2026-02-02,COPPER,구리,정상,0,5일 -3.05% · 20일 +2.86% · 변동성 기준 63.1/28.8백분위,가격 움직임은 확인되지만 원인을 구분할 교차 근거가 충분하지 않습니다.,낮음
2026-02-03,SP500,S&P500,확인 부족,-1,이력 부족: 0/252관측,현재 상태를 판단할 자료가 부족합니다.,확인 부족
2026-02-03,NASDAQ,Nasdaq,확인 부족,-1,이력 부족: 0/252관측,현재 상태를 판단할 자료가 부족합니다.,확인 부족
2026-02-03,RUSSELL,Russell 2000,정상,0,5일 -0.7% · 20일 +3.9% · 고점 대비 -2.6%,지표 고유의 상태와 다른 시장 영역의 동반 신호를 구분해 확인합니다.,낮음
2026-02-03,MA200,200일 이동평균 이격,확인 부족,-1,이력 부족: 0/200관측,현재 상태를 판단할 자료가 부족합니다.,확인 부족
2026-02-03,EW,동일가중 상대성과,정상,0,RSP가 SPY 대비 20일 +1.8%p · 5일 상대성과 +0.68%p,지표 고유의 상태와 다른 시장 영역의 동반 신호를 구분해 확인합니다.,낮음
2026-02-03,CAPE,CAPE,확인 부족,-1,이력 부족: 0/120관측,현재 상태를 판단할 자료가 부족합니다.,확인 부족
2026-02-03,ADV,상승 종목 비율,확인 부족,-1,이력 부족: 0/21관측,현재 상태를 판단할 자료가 부족합니다.,확인 부족
2026-02-03,ABOVE200,200DMA 위 종목 비율,확인 부족,-1,이력 부족: 0/21관측,현재 상태를 판단할 자료가 부족합니다.,확인 부족
2026-02-03,HILO,52주 신고가-신저가 비율,확인 부족,-1,이력 부족: 0/21관측,현재 상태를 판단할 자료가 부족합니다.,확인 부족
2026-02-03,EFFR,미국 기준금리,정상,0,20관측 +0bp · 유지 · EFFR 변화는 목표범위 결정 자체와 구분,금리 하락 또는 상대관계 변화을 관찰합니다. 물가·고용·신용의 동반 움직임으로 의미를 구분합니다.,낮음
2026-02-03,US3M,미국 3개월물 국채수익률,확인 부족,-1,이력 부족: 0/25관측,현재 상태를 판단할 자료가 부족합니다.,확인 부족
2026-02-03,US2Y,미국 2년물 국채수익률,확인 부족,-1,이력 부족: 0/25관측,현재 상태를 판단할 자료가 부족합니다.,확인 부족
2026-02-03,US10Y,미국 10년물 국채수익률,확인 부족,-1,이력 부족: 0/25관측,현재 상태를 판단할 자료가 부족합니다.,확인 부족
2026-02-03,US30Y,미국 30년물 국채수익률,확인 부족,-1,이력 부족: 0/25관측,현재 상태를 판단할 자료가 부족합니다.,확인 부족
2026-02-03,REAL10,미국 10년물 실질금리,확인 부족,-1,이력 부족: 0/25관측,현재 상태를 판단할 자료가 부족합니다.,확인 부족
2026-02-03,TERM,미국 10년물 기간프리미엄,관찰,1,과거 504관측 대비 91.7백분위 · 20일 +5bp,금리 상승에 따른 부담을 관찰합니다. 물가·고용·신용의 동반 움직임으로 의미를 구분합니다.,낮음
2026-02-03,CURVE2,미국 10년물-2년물 금리차,확인 부족,-1,이력 부족: 0/22관측,현재 상태를 판단할 자료가 부족합니다.,확인 부족
2026-02-03,CURVE3,미국 10년물-3개월물 금리차,확인 부족,-1,이력 부족: 0/22관측,현재 상태를 판단할 자료가 부족합니다.,확인 부족
2026-02-03,CURVEFED,미국 10년물-기준금리 차,확인 부족,-1,이력 부족: 0/22관측,현재 상태를 판단할 자료가 부족합니다.,확인 부족
2026-02-03,VIX,VIX,정상,0,VIX 18.0 · 5일 +10.1% · 20일 +22.0% · 5일 +1.6포인트,지표 고유의 상태와 다른 시장 영역의 동반 신호를 구분해 확인합니다.,낮음
2026-02-03,VIXPOS,VIX 1년 위치,참고,0,과거 252관측 대비 60.3백분위,최근 분포에서의 위치입니다. 별도 위험 신호로 중복 집계하지 않습니다.,낮음
2026-02-03,HY,하이일드 OAS,안정,0,HY 2.85%p · 5일 +13bp · 20일 +6bp,지표 고유의 상태와 다른 시장 영역의 동반 신호를 구분해 확인합니다.,낮음
2026-02-03,BBB,BBB OAS,안정,0,BBB 0.94%p · 5일 +1bp · 20일 -7bp,지표 고유의 상태와 다른 시장 영역의 동반 신호를 구분해 확인합니다.,낮음
2026-02-03,HYPOS,HY 1년 위치,참고,0,과거 252관측 대비 30.2백분위,최근 분포에서의 위치입니다. 별도 위험 신호로 중복 집계하지 않습니다.,낮음
2026-02-03,UNEMP,미국 실업률,확인 부족,-1,월간 관측 누락: 달력 기간 계산 보류,현재 상태를 판단할 자료가 부족합니다.,확인 부족
2026-02-03,SAHM,Sahm Rule,확인 부족,-1,월간 관측 누락: 달력 기간 계산 보류,현재 상태를 판단할 자료가 부족합니다.,확인 부족
2026-02-03,CLAIMS,신규실업수당 4주평균,확인 부족,-1,이력 부족: 0/55관측,현재 상태를 판단할 자료가 부족합니다.,확인 부족
2026-02-03,CPI,CPI,확인 부족,-1,이력 부족: 0/16관측,현재 상태를 판단할 자료가 부족합니다.,확인 부족
2026-02-03,CORECPI,근원 CPI,확인 부족,-1,이력 부족: 0/16관측,현재 상태를 판단할 자료가 부족합니다.,확인 부족
2026-02-03,COREPCE,근원 PCE,확인 부족,-1,이력 부족: 0/16관측,현재 상태를 판단할 자료가 부족합니다.,확인 부족
2026-02-03,DXY,달러지수,확인 부족,-1,이력 부족: 0/147관측,현재 상태를 판단할 자료가 부족합니다.,확인 부족
2026-02-03,USDKRW,달러/원,확인 부족,-1,이력 부족: 0/147관측,현재 상태를 판단할 자료가 부족합니다.,확인 부족
2026-02-03,USDJPY,달러/엔,확인 부족,-1,이력 부족: 0/147관측,현재 상태를 판단할 자료가 부족합니다.,확인 부족
2026-02-03,WTI,WTI,확인 부족,-1,이력 부족: 0/147관측,현재 상태를 판단할 자료가 부족합니다.,확인 부족
2026-02-03,GOLD,금,관찰,1,5일 -3.47% · 20일 +10.52% · 변동성 기준 82.7/95.6백분위,가격 움직임은 확인되지만 원인을 구분할 교차 근거가 충분하지 않습니다.,낮음
2026-02-03,SILVER,은,주의,2,5일 -21.30% · 20일 +9.03% · 변동성 기준 99.0/68.5백분위,금과 은이 함께 상승합니다. 귀금속 공통 흐름을 확인합니다.,낮음
2026-02-03,COPPER,구리,정상,0,5일 +4.01% · 20일 +2.33% · 변동성 기준 75.2/22.0백분위,가격 움직임은 확인되지만 원인을 구분할 교차 근거가 충분하지 않습니다.,낮음
2026-02-04,SP500,S&P500,확인 부족,-1,이력 부족: 0/252관측,현재 상태를 판단할 자료가 부족합니다.,확인 부족
2026-02-04,NASDAQ,Nasdaq,확인 부족,-1,이력 부족: 0/252관측,현재 상태를 판단할 자료가 부족합니다.,확인 부족
2026-02-04,RUSSELL,Russell 2000,정상,0,5일 -1.1% · 20일 +1.6% · 고점 대비 -3.5%,지표 고유의 상태와 다른 시장 영역의 동반 신호를 구분해 확인합니다.,낮음
2026-02-04,MA200,200일 이동평균 이격,확인 부족,-1,이력 부족: 0/200관측,현재 상태를 판단할 자료가 부족합니다.,확인 부족
2026-02-04,EW,동일가중 상대성과,정상,0,RSP가 SPY 대비 20일 +2.5%p · 5일 상대성과 +2.36%p,지표 고유의 상태와 다른 시장 영역의 동반 신호를 구분해 확인합니다.,낮음
2026-02-04,CAPE,CAPE,확인 부족,-1,이력 부족: 0/120관측,현재 상태를 판단할 자료가 부족합니다.,확인 부족
2026-02-04,ADV,상승 종목 비율,확인 부족,-1,이력 부족: 0/21관측,현재 상태를 판단할 자료가 부족합니다.,확인 부족
2026-02-04,ABOVE200,200DMA 위 종목 비율,확인 부족,-1,이력 부족: 0/21관측,현재 상태를 판단할 자료가 부족합니다.,확인 부족
2026-02-04,HILO,52주 신고가-신저가 비율,확인 부족,-1,이력 부족: 0/21관측,현재 상태를 판단할 자료가 부족합니다.,확인 부족
2026-02-04,EFFR,미국 기준금리,정상,0,20관측 +0bp · 유지 · EFFR 변화는 목표범위 결정 자체와 구분,금리 하락 또는 상대관계 변화을 관찰합니다. 물가·고용·신용의 동반 움직임으로 의미를 구분합니다.,낮음
2026-02-04,US3M,미국 3개월물 국채수익률,확인 부족,-1,이력 부족: 0/25관측,현재 상태를 판단할 자료가 부족합니다.,확인 부족
2026-02-04,US2Y,미국 2년물 국채수익률,확인 부족,-1,이력 부족: 0/25관측,현재 상태를 판단할 자료가 부족합니다.,확인 부족
2026-02-04,US10Y,미국 10년물 국채수익률,확인 부족,-1,이력 부족: 0/25관측,현재 상태를 판단할 자료가 부족합니다.,확인 부족
2026-02-04,US30Y,미국 30년물 국채수익률,확인 부족,-1,이력 부족: 0/25관측,현재 상태를 판단할 자료가 부족합니다.,확인 부족
2026-02-04,REAL10,미국 10년물 실질금리,확인 부족,-1,이력 부족: 0/25관측,현재 상태를 판단할 자료가 부족합니다.,확인 부족
2026-02-04,TERM,미국 10년물 기간프리미엄,관찰,1,과거 504관측 대비 91.9백분위 · 20일 +5bp,금리 상승에 따른 부담을 관찰합니다. 물가·고용·신용의 동반 움직임으로 의미를 구분합니다.,낮음
2026-02-04,CURVE2,미국 10년물-2년물 금리차,확인 부족,-1,이력 부족: 0/22관측,현재 상태를 판단할 자료가 부족합니다.,확인 부족
2026-02-04,CURVE3,미국 10년물-3개월물 금리차,확인 부족,-1,이력 부족: 0/22관측,현재 상태를 판단할 자료가 부족합니다.,확인 부족
2026-02-04,CURVEFED,미국 10년물-기준금리 차,확인 부족,-1,이력 부족: 0/22관측,현재 상태를 판단할 자료가 부족합니다.,확인 부족
2026-02-04,VIX,VIX,정상,0,VIX 18.6 · 5일 +14.0% · 20일 +21.2% · 5일 +2.3포인트,지표 고유의 상태와 다른 시장 영역의 동반 신호를 구분해 확인합니다.,낮음
2026-02-04,VIXPOS,VIX 1년 위치,참고,0,과거 252관측 대비 66.3백분위,최근 분포에서의 위치입니다. 별도 위험 신호로 중복 집계하지 않습니다.,낮음
2026-02-04,HY,하이일드 OAS,안정,0,HY 2.86%p · 5일 +9bp · 20일 +10bp,지표 고유의 상태와 다른 시장 영역의 동반 신호를 구분해 확인합니다.,낮음
2026-02-04,BBB,BBB OAS,안정,0,BBB 0.95%p · 5일 +1bp · 20일 -6bp,지표 고유의 상태와 다른 시장 영역의 동반 신호를 구분해 확인합니다.,낮음
2026-02-04,HYPOS,HY 1년 위치,참고,0,과거 252관측 대비 31.3백분위,최근 분포에서의 위치입니다. 별도 위험 신호로 중복 집계하지 않습니다.,낮음
2026-02-04,UNEMP,미국 실업률,확인 부족,-1,월간 관측 누락: 달력 기간 계산 보류,현재 상태를 판단할 자료가 부족합니다.,확인 부족
2026-02-04,SAHM,Sahm Rule,확인 부족,-1,월간 관측 누락: 달력 기간 계산 보류,현재 상태를 판단할 자료가 부족합니다.,확인 부족
2026-02-04,CLAIMS,신규실업수당 4주평균,확인 부족,-1,이력 부족: 0/55관측,현재 상태를 판단할 자료가 부족합니다.,확인 부족
2026-02-04,CPI,CPI,확인 부족,-1,이력 부족: 0/16관측,현재 상태를 판단할 자료가 부족합니다.,확인 부족
2026-02-04,CORECPI,근원 CPI,확인 부족,-1,이력 부족: 0/16관측,현재 상태를 판단할 자료가 부족합니다.,확인 부족
2026-02-04,COREPCE,근원 PCE,확인 부족,-1,이력 부족: 0/16관측,현재 상태를 판단할 자료가 부족합니다.,확인 부족
2026-02-04,DXY,달러지수,확인 부족,-1,이력 부족: 0/147관측,현재 상태를 판단할 자료가 부족합니다.,확인 부족
2026-02-04,USDKRW,달러/원,확인 부족,-1,이력 부족: 0/147관측,현재 상태를 판단할 자료가 부족합니다.,확인 부족
2026-02-04,USDJPY,달러/엔,확인 부족,-1,이력 부족: 0/147관측,현재 상태를 판단할 자료가 부족합니다.,확인 부족
2026-02-04,WTI,WTI,확인 부족,-1,이력 부족: 0/147관측,현재 상태를 판단할 자료가 부족합니다.,확인 부족
2026-02-04,GOLD,금,주의,2,5일 -7.19% · 20일 +9.78% · 변동성 기준 98.0/93.1백분위,가격 움직임은 확인되지만 원인을 구분할 교차 근거가 충분하지 않습니다.,낮음
2026-02-04,SILVER,은,주의,2,5일 -25.59% · 20일 +4.51% · 변동성 기준 99.6/39.5백분위,금과 은이 함께 상승합니다. 귀금속 공통 흐름을 확인합니다.,낮음
2026-02-04,COPPER,구리,정상,0,5일 -1.13% · 20일 -3.07% · 변동성 기준 26.4/30.2백분위,가격 움직임은 확인되지만 원인을 구분할 교차 근거가 충분하지 않습니다.,낮음
2026-02-05,SP500,S&P500,확인 부족,-1,이력 부족: 0/252관측,현재 상태를 판단할 자료가 부족합니다.,확인 부족
2026-02-05,NASDAQ,Nasdaq,확인 부족,-1,이력 부족: 0/252관측,현재 상태를 판단할 자료가 부족합니다.,확인 부족
2026-02-05,RUSSELL,Russell 2000,관찰,1,5일 -2.9% · 20일 +0.1% · 고점 대비 -5.2%,지표 고유의 상태와 다른 시장 영역의 동반 신호를 구분해 확인합니다.,보통
2026-02-05,MA200,200일 이동평균 이격,확인 부족,-1,이력 부족: 0/200관측,현재 상태를 판단할 자료가 부족합니다.,확인 부족
2026-02-05,EW,동일가중 상대성과,정상,0,RSP가 SPY 대비 20일 +3.7%p · 5일 상대성과 +2.39%p,지표 고유의 상태와 다른 시장 영역의 동반 신호를 구분해 확인합니다.,보통
2026-02-05,CAPE,CAPE,확인 부족,-1,이력 부족: 0/120관측,현재 상태를 판단할 자료가 부족합니다.,확인 부족
2026-02-05,ADV,상승 종목 비율,확인 부족,-1,이력 부족: 0/21관측,현재 상태를 판단할 자료가 부족합니다.,확인 부족
2026-02-05,ABOVE200,200DMA 위 종목 비율,확인 부족,-1,이력 부족: 0/21관측,현재 상태를 판단할 자료가 부족합니다.,확인 부족
2026-02-05,HILO,52주 신고가-신저가 비율,확인 부족,-1,이력 부족: 0/21관측,현재 상태를 판단할 자료가 부족합니다.,확인 부족
2026-02-05,EFFR,미국 기준금리,정상,0,20관측 +0bp · 유지 · EFFR 변화는 목표범위 결정 자체와 구분,금리 하락 또는 상대관계 변화을 관찰합니다. 물가·고용·신용의 동반 움직임으로 의미를 구분합니다.,보통
2026-02-05,US3M,미국 3개월물 국채수익률,확인 부족,-1,이력 부족: 0/25관측,현재 상태를 판단할 자료가 부족합니다.,확인 부족
2026-02-05,US2Y,미국 2년물 국채수익률,확인 부족,-1,이력 부족: 0/25관측,현재 상태를 판단할 자료가 부족합니다.,확인 부족
2026-02-05,US10Y,미국 10년물 국채수익률,확인 부족,-1,이력 부족: 0/25관측,현재 상태를 판단할 자료가 부족합니다.,확인 부족
2026-02-05,US30Y,미국 30년물 국채수익률,확인 부족,-1,이력 부족: 0/25관측,현재 상태를 판단할 자료가 부족합니다.,확인 부족
2026-02-05,REAL10,미국 10년물 실질금리,확인 부족,-1,이력 부족: 0/25관측,현재 상태를 판단할 자료가 부족합니다.,확인 부족
2026-02-05,TERM,미국 10년물 기간프리미엄,정상,0,과거 504관측 대비 87.5백분위 · 20일 +3bp,금리 상승에 따른 부담을 관찰합니다. 물가·고용·신용의 동반 움직임으로 의미를 구분합니다.,보통
2026-02-05,CURVE2,미국 10년물-2년물 금리차,확인 부족,-1,이력 부족: 0/22관측,현재 상태를 판단할 자료가 부족합니다.,확인 부족
2026-02-05,CURVE3,미국 10년물-3개월물 금리차,확인 부족,-1,이력 부족: 0/22관측,현재 상태를 판단할 자료가 부족합니다.,확인 부족
2026-02-05,CURVEFED,미국 10년물-기준금리 차,확인 부족,-1,이력 부족: 0/22관측,현재 상태를 판단할 자료가 부족합니다.,확인 부족
2026-02-05,VIX,VIX,관찰,1,VIX 21.8 · 5일 +29.0% · 20일 +40.9% · 5일 +4.9포인트,지표 고유의 상태와 다른 시장 영역의 동반 신호를 구분해 확인합니다.,보통
2026-02-05,VIXPOS,VIX 1년 위치,참고,0,과거 252관측 대비 82.1백분위,최근 분포에서의 위치입니다. 별도 위험 신호로 중복 집계하지 않습니다.,보통
2026-02-05,HY,하이일드 OAS,관찰,1,HY 2.97%p · 5일 +17bp · 20일 +23bp,지표 고유의 상태와 다른 시장 영역의 동반 신호를 구분해 확인합니다.,보통
2026-02-05,BBB,BBB OAS,안정,0,BBB 0.96%p · 5일 +2bp · 20일 -3bp,지표 고유의 상태와 다른 시장 영역의 동반 신호를 구분해 확인합니다.,보통
2026-02-05,HYPOS,HY 1년 위치,참고,0,과거 252관측 대비 53.8백분위,최근 분포에서의 위치입니다. 별도 위험 신호로 중복 집계하지 않습니다.,보통
2026-02-05,UNEMP,미국 실업률,확인 부족,-1,월간 관측 누락: 달력 기간 계산 보류,현재 상태를 판단할 자료가 부족합니다.,확인 부족
2026-02-05,SAHM,Sahm Rule,확인 부족,-1,월간 관측 누락: 달력 기간 계산 보류,현재 상태를 판단할 자료가 부족합니다.,확인 부족
2026-02-05,CLAIMS,신규실업수당 4주평균,확인 부족,-1,이력 부족: 0/55관측,현재 상태를 판단할 자료가 부족합니다.,확인 부족
2026-02-05,CPI,CPI,확인 부족,-1,이력 부족: 0/16관측,현재 상태를 판단할 자료가 부족합니다.,확인 부족
2026-02-05,CORECPI,근원 CPI,확인 부족,-1,이력 부족: 0/16관측,현재 상태를 판단할 자료가 부족합니다.,확인 부족
2026-02-05,COREPCE,근원 PCE,확인 부족,-1,이력 부족: 0/16관측,현재 상태를 판단할 자료가 부족합니다.,확인 부족
2026-02-05,DXY,달러지수,확인 부족,-1,이력 부족: 0/147관측,현재 상태를 판단할 자료가 부족합니다.,확인 부족
2026-02-05,USDKRW,달러/원,확인 부족,-1,이력 부족: 0/147관측,현재 상태를 판단할 자료가 부족합니다.,확인 부족
2026-02-05,USDJPY,달러/엔,확인 부족,-1,이력 부족: 0/147관측,현재 상태를 판단할 자료가 부족합니다.,확인 부족
2026-02-05,WTI,WTI,확인 부족,-1,이력 부족: 0/147관측,현재 상태를 판단할 자료가 부족합니다.,확인 부족
2026-02-05,GOLD,금,주의,2,5일 -8.59% · 20일 +9.26% · 변동성 기준 99.2/91.7백분위,금 상승과 여러 시장의 불안 신호가 겹쳐 안전자산 선호와 부합합니다.,낮음
2026-02-05,SILVER,은,주의,2,5일 -32.89% · 20일 -0.79% · 변동성 기준 99.8/7.3백분위,가격 움직임은 확인되지만 원인을 구분할 교차 근거가 충분하지 않습니다.,낮음
2026-02-05,COPPER,구리,관찰,1,5일 -6.10% · 20일 -0.17% · 변동성 기준 91.3/2.0백분위,가격 움직임은 확인되지만 원인을 구분할 교차 근거가 충분하지 않습니다.,낮음
2026-02-06,SP500,S&P500,확인 부족,-1,이력 부족: 0/252관측,현재 상태를 판단할 자료가 부족합니다.,확인 부족
2026-02-06,NASDAQ,Nasdaq,확인 부족,-1,이력 부족: 0/252관측,현재 상태를 판단할 자료가 부족합니다.,확인 부족
2026-02-06,RUSSELL,Russell 2000,정상,0,5일 +2.2% · 20일 +2.6% · 고점 대비 -1.8%,지표 고유의 상태와 다른 시장 영역의 동반 신호를 구분해 확인합니다.,낮음
2026-02-06,MA200,200일 이동평균 이격,확인 부족,-1,이력 부족: 0/200관측,현재 상태를 판단할 자료가 부족합니다.,확인 부족
2026-02-06,EW,동일가중 상대성과,정상,0,RSP가 SPY 대비 20일 +2.8%p · 5일 상대성과 +2.31%p,지표 고유의 상태와 다른 시장 영역의 동반 신호를 구분해 확인합니다.,낮음
2026-02-06,CAPE,CAPE,확인 부족,-1,이력 부족: 0/120관측,현재 상태를 판단할 자료가 부족합니다.,확인 부족
2026-02-06,ADV,상승 종목 비율,확인 부족,-1,이력 부족: 0/21관측,현재 상태를 판단할 자료가 부족합니다.,확인 부족
2026-02-06,ABOVE200,200DMA 위 종목 비율,확인 부족,-1,이력 부족: 0/21관측,현재 상태를 판단할 자료가 부족합니다.,확인 부족
2026-02-06,HILO,52주 신고가-신저가 비율,확인 부족,-1,이력 부족: 0/21관측,현재 상태를 판단할 자료가 부족합니다.,확인 부족
2026-02-06,EFFR,미국 기준금리,정상,0,20관측 +0bp · 유지 · EFFR 변화는 목표범위 결정 자체와 구분,금리 하락 또는 상대관계 변화을 관찰합니다. 물가·고용·신용의 동반 움직임으로 의미를 구분합니다.,낮음
2026-02-06,US3M,미국 3개월물 국채수익률,확인 부족,-1,이력 부족: 0/25관측,현재 상태를 판단할 자료가 부족합니다.,확인 부족
2026-02-06,US2Y,미국 2년물 국채수익률,확인 부족,-1,이력 부족: 0/25관측,현재 상태를 판단할 자료가 부족합니다.,확인 부족
2026-02-06,US10Y,미국 10년물 국채수익률,확인 부족,-1,이력 부족: 0/25관측,현재 상태를 판단할 자료가 부족합니다.,확인 부족
2026-02-06,US30Y,미국 30년물 국채수익률,확인 부족,-1,이력 부족: 0/25관측,현재 상태를 판단할 자료가 부족합니다.,확인 부족
2026-02-06,REAL10,미국 10년물 실질금리,확인 부족,-1,이력 부족: 0/25관측,현재 상태를 판단할 자료가 부족합니다.,확인 부족
2026-02-06,TERM,미국 10년물 기간프리미엄,정상,0,과거 504관측 대비 87.1백분위 · 20일 +1bp,금리 상승에 따른 부담을 관찰합니다. 물가·고용·신용의 동반 움직임으로 의미를 구분합니다.,낮음
2026-02-06,CURVE2,미국 10년물-2년물 금리차,확인 부족,-1,이력 부족: 0/22관측,현재 상태를 판단할 자료가 부족합니다.,확인 부족
2026-02-06,CURVE3,미국 10년물-3개월물 금리차,확인 부족,-1,이력 부족: 0/22관측,현재 상태를 판단할 자료가 부족합니다.,확인 부족
2026-02-06,CURVEFED,미국 10년물-기준금리 차,확인 부족,-1,이력 부족: 0/22관측,현재 상태를 판단할 자료가 부족합니다.,확인 부족
2026-02-06,VIX,VIX,정상,0,VIX 17.8 · 5일 +1.8% · 20일 +22.6% · 5일 +0.3포인트,지표 고유의 상태와 다른 시장 영역의 동반 신호를 구분해 확인합니다.,낮음
2026-02-06,VIXPOS,VIX 1년 위치,참고,0,과거 252관측 대비 57.5백분위,최근 분포에서의 위치입니다. 별도 위험 신호로 중복 집계하지 않습니다.,낮음
2026-02-06,HY,하이일드 OAS,안정,0,HY 2.87%p · 5일 -1bp · 20일 +13bp,지표 고유의 상태와 다른 시장 영역의 동반 신호를 구분해 확인합니다.,낮음
2026-02-06,BBB,BBB OAS,안정,0,BBB 0.96%p · 5일 +1bp · 20일 -3bp,지표 고유의 상태와 다른 시장 영역의 동반 신호를 구분해 확인합니다.,낮음
2026-02-06,HYPOS,HY 1년 위치,참고,0,과거 252관측 대비 32.3백분위,최근 분포에서의 위치입니다. 별도 위험 신호로 중복 집계하지 않습니다.,낮음
2026-02-06,UNEMP,미국 실업률,확인 부족,-1,월간 관측 누락: 달력 기간 계산 보류,현재 상태를 판단할 자료가 부족합니다.,확인 부족
2026-02-06,SAHM,Sahm Rule,확인 부족,-1,월간 관측 누락: 달력 기간 계산 보류,현재 상태를 판단할 자료가 부족합니다.,확인 부족
2026-02-06,CLAIMS,신규실업수당 4주평균,확인 부족,-1,이력 부족: 0/55관측,현재 상태를 판단할 자료가 부족합니다.,확인 부족
2026-02-06,CPI,CPI,확인 부족,-1,이력 부족: 0/16관측,현재 상태를 판단할 자료가 부족합니다.,확인 부족
2026-02-06,CORECPI,근원 CPI,확인 부족,-1,이력 부족: 0/16관측,현재 상태를 판단할 자료가 부족합니다.,확인 부족
2026-02-06,COREPCE,근원 PCE,확인 부족,-1,이력 부족: 0/16관측,현재 상태를 판단할 자료가 부족합니다.,확인 부족
2026-02-06,DXY,달러지수,확인 부족,-1,이력 부족: 0/147관측,현재 상태를 판단할 자료가 부족합니다.,확인 부족
2026-02-06,USDKRW,달러/원,확인 부족,-1,이력 부족: 0/147관측,현재 상태를 판단할 자료가 부족합니다.,확인 부족
2026-02-06,USDJPY,달러/엔,확인 부족,-1,이력 부족: 0/147관측,현재 상태를 판단할 자료가 부족합니다.,확인 부족
2026-02-06,WTI,WTI,확인 부족,-1,이력 부족: 0/147관측,현재 상태를 판단할 자료가 부족합니다.,확인 부족
2026-02-06,GOLD,금,관찰,1,5일 +5.03% · 20일 +11.27% · 변동성 기준 93.3/97.0백분위,가격 움직임은 확인되지만 원인을 구분할 교차 근거가 충분하지 않습니다.,낮음
2026-02-06,SILVER,은,정상,0,5일 -1.99% · 20일 +2.70% · 변동성 기준 36.7/26.0백분위,금과 은이 함께 상승합니다. 귀금속 공통 흐름을 확인합니다.,낮음
2026-02-06,COPPER,구리,정상,0,5일 -0.57% · 20일 +2.04% · 변동성 기준 12.5/17.7백분위,가격 움직임은 확인되지만 원인을 구분할 교차 근거가 충분하지 않습니다.,낮음
2026-02-09,SP500,S&P500,확인 부족,-1,이력 부족: 0/252관측,현재 상태를 판단할 자료가 부족합니다.,확인 부족
2026-02-09,NASDAQ,Nasdaq,확인 부족,-1,이력 부족: 0/252관측,현재 상태를 판단할 자료가 부족합니다.,확인 부족
2026-02-09,RUSSELL,Russell 2000,정상,0,5일 +1.8% · 20일 +2.5% · 고점 대비 -1.1%,지표 고유의 상태와 다른 시장 영역의 동반 신호를 구분해 확인합니다.,낮음
2026-02-09,MA200,200일 이동평균 이격,확인 부족,-1,이력 부족: 0/200관측,현재 상태를 판단할 자료가 부족합니다.,확인 부족
2026-02-09,EW,동일가중 상대성과,정상,0,RSP가 SPY 대비 20일 +2.4%p · 5일 상대성과 +1.86%p,지표 고유의 상태와 다른 시장 영역의 동반 신호를 구분해 확인합니다.,낮음
2026-02-09,CAPE,CAPE,확인 부족,-1,이력 부족: 0/120관측,현재 상태를 판단할 자료가 부족합니다.,확인 부족
2026-02-09,ADV,상승 종목 비율,확인 부족,-1,이력 부족: 0/21관측,현재 상태를 판단할 자료가 부족합니다.,확인 부족
2026-02-09,ABOVE200,200DMA 위 종목 비율,확인 부족,-1,이력 부족: 0/21관측,현재 상태를 판단할 자료가 부족합니다.,확인 부족
2026-02-09,HILO,52주 신고가-신저가 비율,확인 부족,-1,이력 부족: 0/21관측,현재 상태를 판단할 자료가 부족합니다.,확인 부족
2026-02-09,EFFR,미국 기준금리,정상,0,20관측 +0bp · 유지 · EFFR 변화는 목표범위 결정 자체와 구분,금리 하락 또는 상대관계 변화을 관찰합니다. 물가·고용·신용의 동반 움직임으로 의미를 구분합니다.,낮음
2026-02-09,US3M,미국 3개월물 국채수익률,확인 부족,-1,이력 부족: 0/25관측,현재 상태를 판단할 자료가 부족합니다.,확인 부족
2026-02-09,US2Y,미국 2년물 국채수익률,확인 부족,-1,이력 부족: 0/25관측,현재 상태를 판단할 자료가 부족합니다.,확인 부족
2026-02-09,US10Y,미국 10년물 국채수익률,확인 부족,-1,이력 부족: 0/25관측,현재 상태를 판단할 자료가 부족합니다.,확인 부족
2026-02-09,US30Y,미국 30년물 국채수익률,확인 부족,-1,이력 부족: 0/25관측,현재 상태를 판단할 자료가 부족합니다.,확인 부족
2026-02-09,REAL10,미국 10년물 실질금리,확인 부족,-1,이력 부족: 0/25관측,현재 상태를 판단할 자료가 부족합니다.,확인 부족
2026-02-09,TERM,미국 10년물 기간프리미엄,정상,0,과거 504관측 대비 86.5백분위 · 20일 +0bp,금리 상승에 따른 부담을 관찰합니다. 물가·고용·신용의 동반 움직임으로 의미를 구분합니다.,낮음
2026-02-09,CURVE2,미국 10년물-2년물 금리차,확인 부족,-1,이력 부족: 0/22관측,현재 상태를 판단할 자료가 부족합니다.,확인 부족
2026-02-09,CURVE3,미국 10년물-3개월물 금리차,확인 부족,-1,이력 부족: 0/22관측,현재 상태를 판단할 자료가 부족합니다.,확인 부족
2026-02-09,CURVEFED,미국 10년물-기준금리 차,확인 부족,-1,이력 부족: 0/22관측,현재 상태를 판단할 자료가 부족합니다.,확인 부족
2026-02-09,VIX,VIX,정상,0,VIX 17.4 · 5일 +6.2% · 20일 +14.8% · 5일 +1.0포인트,지표 고유의 상태와 다른 시장 영역의 동반 신호를 구분해 확인합니다.,낮음
2026-02-09,VIXPOS,VIX 1년 위치,참고,0,과거 252관측 대비 52.4백분위,최근 분포에서의 위치입니다. 별도 위험 신호로 중복 집계하지 않습니다.,낮음
2026-02-09,HY,하이일드 OAS,안정,0,HY 2.84%p · 5일 +3bp · 20일 +9bp,지표 고유의 상태와 다른 시장 영역의 동반 신호를 구분해 확인합니다.,낮음
2026-02-09,BBB,BBB OAS,안정,0,BBB 0.96%p · 5일 +3bp · 20일 -2bp,지표 고유의 상태와 다른 시장 영역의 동반 신호를 구분해 확인합니다.,낮음
2026-02-09,HYPOS,HY 1년 위치,참고,0,과거 252관측 대비 26.2백분위,최근 분포에서의 위치입니다. 별도 위험 신호로 중복 집계하지 않습니다.,낮음
2026-02-09,UNEMP,미국 실업률,확인 부족,-1,월간 관측 누락: 달력 기간 계산 보류,현재 상태를 판단할 자료가 부족합니다.,확인 부족
2026-02-09,SAHM,Sahm Rule,확인 부족,-1,월간 관측 누락: 달력 기간 계산 보류,현재 상태를 판단할 자료가 부족합니다.,확인 부족
2026-02-09,CLAIMS,신규실업수당 4주평균,확인 부족,-1,이력 부족: 0/55관측,현재 상태를 판단할 자료가 부족합니다.,확인 부족
2026-02-09,CPI,CPI,확인 부족,-1,이력 부족: 0/16관측,현재 상태를 판단할 자료가 부족합니다.,확인 부족
2026-02-09,CORECPI,근원 CPI,확인 부족,-1,이력 부족: 0/16관측,현재 상태를 판단할 자료가 부족합니다.,확인 부족
2026-02-09,COREPCE,근원 PCE,확인 부족,-1,이력 부족: 0/16관측,현재 상태를 판단할 자료가 부족합니다.,확인 부족
2026-02-09,DXY,달러지수,확인 부족,-1,이력 부족: 0/147관측,현재 상태를 판단할 자료가 부족합니다.,확인 부족
2026-02-09,USDKRW,달러/원,확인 부족,-1,이력 부족: 0/147관측,현재 상태를 판단할 자료가 부족합니다.,확인 부족
2026-02-09,USDJPY,달러/엔,확인 부족,-1,이력 부족: 0/147관측,현재 상태를 판단할 자료가 부족합니다.,확인 부족
2026-02-09,WTI,WTI,확인 부족,-1,이력 부족: 0/147관측,현재 상태를 판단할 자료가 부족합니다.,확인 부족
2026-02-09,GOLD,금,주의,2,5일 +9.27% · 20일 +12.48% · 변동성 기준 99.6/97.8백분위,가격 움직임은 확인되지만 원인을 구분할 교차 근거가 충분하지 않습니다.,낮음
2026-02-09,SILVER,은,정상,0,5일 +6.89% · 20일 +4.03% · 변동성 기준 84.1/35.9백분위,금과 은이 함께 상승합니다. 귀금속 공통 흐름을 확인합니다.,낮음
2026-02-09,COPPER,구리,정상,0,5일 +2.47% · 20일 +1.53% · 변동성 기준 52.0/13.5백분위,가격 움직임은 확인되지만 원인을 구분할 교차 근거가 충분하지 않습니다.,낮음
2026-02-10,SP500,S&P500,확인 부족,-1,이력 부족: 0/252관측,현재 상태를 판단할 자료가 부족합니다.,확인 부족
2026-02-10,NASDAQ,Nasdaq,확인 부족,-1,이력 부족: 0/252관측,현재 상태를 판단할 자료가 부족합니다.,확인 부족
2026-02-10,RUSSELL,Russell 2000,정상,0,5일 +1.2% · 20일 +1.7% · 고점 대비 -1.4%,지표 고유의 상태와 다른 시장 영역의 동반 신호를 구분해 확인합니다.,낮음
2026-02-10,MA200,200일 이동평균 이격,확인 부족,-1,이력 부족: 0/200관측,현재 상태를 판단할 자료가 부족합니다.,확인 부족
2026-02-10,EW,동일가중 상대성과,정상,0,RSP가 SPY 대비 20일 +3.1%p · 5일 상대성과 +1.91%p,지표 고유의 상태와 다른 시장 영역의 동반 신호를 구분해 확인합니다.,낮음
2026-02-10,CAPE,CAPE,확인 부족,-1,이력 부족: 0/120관측,현재 상태를 판단할 자료가 부족합니다.,확인 부족
2026-02-10,ADV,상승 종목 비율,확인 부족,-1,이력 부족: 0/21관측,현재 상태를 판단할 자료가 부족합니다.,확인 부족
2026-02-10,ABOVE200,200DMA 위 종목 비율,확인 부족,-1,이력 부족: 0/21관측,현재 상태를 판단할 자료가 부족합니다.,확인 부족
2026-02-10,HILO,52주 신고가-신저가 비율,확인 부족,-1,이력 부족: 0/21관측,현재 상태를 판단할 자료가 부족합니다.,확인 부족
2026-02-10,EFFR,미국 기준금리,정상,0,20관측 +0bp · 유지 · EFFR 변화는 목표범위 결정 자체와 구분,금리 하락 또는 상대관계 변화을 관찰합니다. 물가·고용·신용의 동반 움직임으로 의미를 구분합니다.,낮음
2026-02-10,US3M,미국 3개월물 국채수익률,확인 부족,-1,이력 부족: 0/25관측,현재 상태를 판단할 자료가 부족합니다.,확인 부족
2026-02-10,US2Y,미국 2년물 국채수익률,확인 부족,-1,이력 부족: 0/25관측,현재 상태를 판단할 자료가 부족합니다.,확인 부족
2026-02-10,US10Y,미국 10년물 국채수익률,확인 부족,-1,이력 부족: 0/25관측,현재 상태를 판단할 자료가 부족합니다.,확인 부족
2026-02-10,US30Y,미국 30년물 국채수익률,확인 부족,-1,이력 부족: 0/25관측,현재 상태를 판단할 자료가 부족합니다.,확인 부족
2026-02-10,REAL10,미국 10년물 실질금리,확인 부족,-1,이력 부족: 0/25관측,현재 상태를 판단할 자료가 부족합니다.,확인 부족
2026-02-10,TERM,미국 10년물 기간프리미엄,정상,0,과거 504관측 대비 80.8백분위 · 20일 -2bp,금리 하락 또는 상대관계 변화을 관찰합니다. 물가·고용·신용의 동반 움직임으로 의미를 구분합니다.,낮음
2026-02-10,CURVE2,미국 10년물-2년물 금리차,확인 부족,-1,이력 부족: 0/22관측,현재 상태를 판단할 자료가 부족합니다.,확인 부족
2026-02-10,CURVE3,미국 10년물-3개월물 금리차,확인 부족,-1,이력 부족: 0/22관측,현재 상태를 판단할 자료가 부족합니다.,확인 부족
2026-02-10,CURVEFED,미국 10년물-기준금리 차,확인 부족,-1,이력 부족: 0/22관측,현재 상태를 판단할 자료가 부족합니다.,확인 부족
2026-02-10,VIX,VIX,정상,0,VIX 17.8 · 5일 -1.2% · 20일 +11.3% · 5일 -0.2포인트,지표 고유의 상태와 다른 시장 영역의 동반 신호를 구분해 확인합니다.,낮음
2026-02-10,VIXPOS,VIX 1년 위치,참고,0,과거 252관측 대비 57.7백분위,최근 분포에서의 위치입니다. 별도 위험 신호로 중복 집계하지 않습니다.,낮음
2026-02-10,HY,하이일드 OAS,안정,0,HY 2.86%p · 5일 +1bp · 20일 +10bp,지표 고유의 상태와 다른 시장 영역의 동반 신호를 구분해 확인합니다.,낮음
2026-02-10,BBB,BBB OAS,안정,0,BBB 0.98%p · 5일 +4bp · 20일 +0bp,지표 고유의 상태와 다른 시장 영역의 동반 신호를 구분해 확인합니다.,낮음
2026-02-10,HYPOS,HY 1년 위치,참고,0,과거 252관측 대비 30.4백분위,최근 분포에서의 위치입니다. 별도 위험 신호로 중복 집계하지 않습니다.,낮음
2026-02-10,UNEMP,미국 실업률,확인 부족,-1,월간 관측 누락: 달력 기간 계산 보류,현재 상태를 판단할 자료가 부족합니다.,확인 부족
2026-02-10,SAHM,Sahm Rule,확인 부족,-1,월간 관측 누락: 달력 기간 계산 보류,현재 상태를 판단할 자료가 부족합니다.,확인 부족
2026-02-10,CLAIMS,신규실업수당 4주평균,확인 부족,-1,이력 부족: 0/55관측,현재 상태를 판단할 자료가 부족합니다.,확인 부족
2026-02-10,CPI,CPI,확인 부족,-1,이력 부족: 0/16관측,현재 상태를 판단할 자료가 부족합니다.,확인 부족
2026-02-10,CORECPI,근원 CPI,확인 부족,-1,이력 부족: 0/16관측,현재 상태를 판단할 자료가 부족합니다.,확인 부족
2026-02-10,COREPCE,근원 PCE,확인 부족,-1,이력 부족: 0/16관측,현재 상태를 판단할 자료가 부족합니다.,확인 부족
2026-02-10,DXY,달러지수,확인 부족,-1,이력 부족: 0/147관측,현재 상태를 판단할 자료가 부족합니다.,확인 부족
2026-02-10,USDKRW,달러/원,확인 부족,-1,이력 부족: 0/147관측,현재 상태를 판단할 자료가 부족합니다.,확인 부족
2026-02-10,USDJPY,달러/엔,확인 부족,-1,이력 부족: 0/147관측,현재 상태를 판단할 자료가 부족합니다.,확인 부족
2026-02-10,WTI,WTI,확인 부족,-1,이력 부족: 0/147관측,현재 상태를 판단할 자료가 부족합니다.,확인 부족
2026-02-10,GOLD,금,정상,0,5일 +2.04% · 20일 +8.68% · 변동성 기준 57.7/88.3백분위,가격 움직임은 확인되지만 원인을 구분할 교차 근거가 충분하지 않습니다.,낮음
2026-02-10,SILVER,은,정상,0,5일 -3.40% · 20일 -5.19% · 변동성 기준 56.7/44.0백분위,가격 움직임은 확인되지만 원인을 구분할 교차 근거가 충분하지 않습니다.,낮음
2026-02-10,COPPER,구리,정상,0,5일 -2.75% · 20일 -1.49% · 변동성 기준 58.1/12.9백분위,가격 움직임은 확인되지만 원인을 구분할 교차 근거가 충분하지 않습니다.,낮음
2026-02-11,SP500,S&P500,확인 부족,-1,이력 부족: 0/252관측,현재 상태를 판단할 자료가 부족합니다.,확인 부족
2026-02-11,NASDAQ,Nasdaq,확인 부족,-1,이력 부족: 0/252관측,현재 상태를 판단할 자료가 부족합니다.,확인 부족
2026-02-11,RUSSELL,Russell 2000,정상,0,5일 +1.7% · 20일 +1.4% · 고점 대비 -1.8%,지표 고유의 상태와 다른 시장 영역의 동반 신호를 구분해 확인합니다.,낮음
2026-02-11,MA200,200일 이동평균 이격,확인 부족,-1,이력 부족: 0/200관측,현재 상태를 판단할 자료가 부족합니다.,확인 부족
2026-02-11,EW,동일가중 상대성과,정상,0,RSP가 SPY 대비 20일 +3.1%p · 5일 상대성과 +0.74%p,지표 고유의 상태와 다른 시장 영역의 동반 신호를 구분해 확인합니다.,낮음
2026-02-11,CAPE,CAPE,확인 부족,-1,이력 부족: 0/120관측,현재 상태를 판단할 자료가 부족합니다.,확인 부족
2026-02-11,ADV,상승 종목 비율,확인 부족,-1,이력 부족: 0/21관측,현재 상태를 판단할 자료가 부족합니다.,확인 부족
2026-02-11,ABOVE200,200DMA 위 종목 비율,확인 부족,-1,이력 부족: 0/21관측,현재 상태를 판단할 자료가 부족합니다.,확인 부족
2026-02-11,HILO,52주 신고가-신저가 비율,확인 부족,-1,이력 부족: 0/21관측,현재 상태를 판단할 자료가 부족합니다.,확인 부족
2026-02-11,EFFR,미국 기준금리,정상,0,20관측 +0bp · 유지 · EFFR 변화는 목표범위 결정 자체와 구분,금리 하락 또는 상대관계 변화을 관찰합니다. 물가·고용·신용의 동반 움직임으로 의미를 구분합니다.,낮음
2026-02-11,US3M,미국 3개월물 국채수익률,확인 부족,-1,이력 부족: 0/25관측,현재 상태를 판단할 자료가 부족합니다.,확인 부족
2026-02-11,US2Y,미국 2년물 국채수익률,확인 부족,-1,이력 부족: 0/25관측,현재 상태를 판단할 자료가 부족합니다.,확인 부족
2026-02-11,US10Y,미국 10년물 국채수익률,확인 부족,-1,이력 부족: 0/25관측,현재 상태를 판단할 자료가 부족합니다.,확인 부족
2026-02-11,US30Y,미국 30년물 국채수익률,확인 부족,-1,이력 부족: 0/25관측,현재 상태를 판단할 자료가 부족합니다.,확인 부족
2026-02-11,REAL10,미국 10년물 실질금리,확인 부족,-1,이력 부족: 0/25관측,현재 상태를 판단할 자료가 부족합니다.,확인 부족
2026-02-11,TERM,미국 10년물 기간프리미엄,정상,0,과거 504관측 대비 83.3백분위 · 20일 -0bp,금리 하락 또는 상대관계 변화을 관찰합니다. 물가·고용·신용의 동반 움직임으로 의미를 구분합니다.,낮음
2026-02-11,CURVE2,미국 10년물-2년물 금리차,확인 부족,-1,이력 부족: 0/22관측,현재 상태를 판단할 자료가 부족합니다.,확인 부족
2026-02-11,CURVE3,미국 10년물-3개월물 금리차,확인 부족,-1,이력 부족: 0/22관측,현재 상태를 판단할 자료가 부족합니다.,확인 부족
2026-02-11,CURVEFED,미국 10년물-기준금리 차,확인 부족,-1,이력 부족: 0/22관측,현재 상태를 판단할 자료가 부족합니다.,확인 부족
2026-02-11,VIX,VIX,정상,0,VIX 17.6 · 5일 -5.3% · 20일 +5.4% · 5일 -1.0포인트,지표 고유의 상태와 다른 시장 영역의 동반 신호를 구분해 확인합니다.,낮음
2026-02-11,VIXPOS,VIX 1년 위치,참고,0,과거 252관측 대비 56.3백분위,최근 분포에서의 위치입니다. 별도 위험 신호로 중복 집계하지 않습니다.,낮음
2026-02-11,HY,하이일드 OAS,안정,0,HY 2.84%p · 5일 -2bp · 20일 +13bp,지표 고유의 상태와 다른 시장 영역의 동반 신호를 구분해 확인합니다.,낮음
2026-02-11,BBB,BBB OAS,안정,0,BBB 0.98%p · 5일 +3bp · 20일 +1bp,지표 고유의 상태와 다른 시장 영역의 동반 신호를 구분해 확인합니다.,낮음
2026-02-11,HYPOS,HY 1년 위치,참고,0,과거 252관측 대비 25.6백분위,최근 분포에서의 위치입니다. 별도 위험 신호로 중복 집계하지 않습니다.,낮음
2026-02-11,UNEMP,미국 실업률,확인 부족,-1,월간 관측 누락: 달력 기간 계산 보류,현재 상태를 판단할 자료가 부족합니다.,확인 부족
2026-02-11,SAHM,Sahm Rule,확인 부족,-1,월간 관측 누락: 달력 기간 계산 보류,현재 상태를 판단할 자료가 부족합니다.,확인 부족
2026-02-11,CLAIMS,신규실업수당 4주평균,확인 부족,-1,이력 부족: 0/55관측,현재 상태를 판단할 자료가 부족합니다.,확인 부족
2026-02-11,CPI,CPI,확인 부족,-1,이력 부족: 0/16관측,현재 상태를 판단할 자료가 부족합니다.,확인 부족
2026-02-11,CORECPI,근원 CPI,확인 부족,-1,이력 부족: 0/16관측,현재 상태를 판단할 자료가 부족합니다.,확인 부족
2026-02-11,COREPCE,근원 PCE,확인 부족,-1,이력 부족: 0/16관측,현재 상태를 판단할 자료가 부족합니다.,확인 부족
2026-02-11,DXY,달러지수,확인 부족,-1,이력 부족: 0/147관측,현재 상태를 판단할 자료가 부족합니다.,확인 부족
2026-02-11,USDKRW,달러/원,확인 부족,-1,이력 부족: 0/147관측,현재 상태를 판단할 자료가 부족합니다.,확인 부족
2026-02-11,USDJPY,달러/엔,확인 부족,-1,이력 부족: 0/147관측,현재 상태를 판단할 자료가 부족합니다.,확인 부족
2026-02-11,WTI,WTI,확인 부족,-1,이력 부족: 0/147관측,현재 상태를 판단할 자료가 부족합니다.,확인 부족
2026-02-11,GOLD,금,관찰,1,5일 +3.07% · 20일 +10.51% · 변동성 기준 76.0/95.0백분위,가격 움직임은 확인되지만 원인을 구분할 교차 근거가 충분하지 않습니다.,낮음
2026-02-11,SILVER,은,정상,0,5일 -0.49% · 20일 -2.47% · 변동성 기준 9.3/24.0백분위,가격 움직임은 확인되지만 원인을 구분할 교차 근거가 충분하지 않습니다.,낮음
2026-02-11,COPPER,구리,정상,0,5일 +2.11% · 20일 -0.35% · 변동성 기준 46.4/3.8백분위,가격 움직임은 확인되지만 원인을 구분할 교차 근거가 충분하지 않습니다.,낮음
2026-02-12,SP500,S&P500,확인 부족,-1,이력 부족: 0/252관측,현재 상태를 판단할 자료가 부족합니다.,확인 부족
2026-02-12,NASDAQ,Nasdaq,확인 부족,-1,이력 부족: 0/252관측,현재 상태를 판단할 자료가 부족합니다.,확인 부족
2026-02-12,RUSSELL,Russell 2000,정상,0,5일 +1.5% · 20일 -1.4% · 고점 대비 -3.8%,지표 고유의 상태와 다른 시장 영역의 동반 신호를 구분해 확인합니다.,낮음
2026-02-12,MA200,200일 이동평균 이격,확인 부족,-1,이력 부족: 0/200관측,현재 상태를 판단할 자료가 부족합니다.,확인 부족
2026-02-12,EW,동일가중 상대성과,정상,0,RSP가 SPY 대비 20일 +2.4%p · 5일 상대성과 +0.58%p,지표 고유의 상태와 다른 시장 영역의 동반 신호를 구분해 확인합니다.,낮음
2026-02-12,CAPE,CAPE,확인 부족,-1,이력 부족: 0/120관측,현재 상태를 판단할 자료가 부족합니다.,확인 부족
2026-02-12,ADV,상승 종목 비율,확인 부족,-1,이력 부족: 0/21관측,현재 상태를 판단할 자료가 부족합니다.,확인 부족
2026-02-12,ABOVE200,200DMA 위 종목 비율,확인 부족,-1,이력 부족: 0/21관측,현재 상태를 판단할 자료가 부족합니다.,확인 부족
2026-02-12,HILO,52주 신고가-신저가 비율,확인 부족,-1,이력 부족: 0/21관측,현재 상태를 판단할 자료가 부족합니다.,확인 부족
2026-02-12,EFFR,미국 기준금리,정상,0,20관측 +0bp · 유지 · EFFR 변화는 목표범위 결정 자체와 구분,금리 하락 또는 상대관계 변화을 관찰합니다. 물가·고용·신용의 동반 움직임으로 의미를 구분합니다.,낮음
2026-02-12,US3M,미국 3개월물 국채수익률,확인 부족,-1,이력 부족: 0/25관측,현재 상태를 판단할 자료가 부족합니다.,확인 부족
2026-02-12,US2Y,미국 2년물 국채수익률,확인 부족,-1,이력 부족: 0/25관측,현재 상태를 판단할 자료가 부족합니다.,확인 부족
2026-02-12,US10Y,미국 10년물 국채수익률,확인 부족,-1,이력 부족: 0/25관측,현재 상태를 판단할 자료가 부족합니다.,확인 부족
2026-02-12,US30Y,미국 30년물 국채수익률,확인 부족,-1,이력 부족: 0/25관측,현재 상태를 판단할 자료가 부족합니다.,확인 부족
2026-02-12,REAL10,미국 10년물 실질금리,확인 부족,-1,이력 부족: 0/25관측,현재 상태를 판단할 자료가 부족합니다.,확인 부족
2026-02-12,TERM,미국 10년물 기간프리미엄,정상,0,과거 504관측 대비 72.8백분위 · 20일 -2bp,금리 하락 또는 상대관계 변화을 관찰합니다. 물가·고용·신용의 동반 움직임으로 의미를 구분합니다.,낮음
2026-02-12,CURVE2,미국 10년물-2년물 금리차,확인 부족,-1,이력 부족: 0/22관측,현재 상태를 판단할 자료가 부족합니다.,확인 부족
2026-02-12,CURVE3,미국 10년물-3개월물 금리차,확인 부족,-1,이력 부족: 0/22관측,현재 상태를 판단할 자료가 부족합니다.,확인 부족
2026-02-12,CURVEFED,미국 10년물-기준금리 차,확인 부족,-1,이력 부족: 0/22관측,현재 상태를 판단할 자료가 부족합니다.,확인 부족
2026-02-12,VIX,VIX,관찰,1,VIX 20.8 · 5일 -4.4% · 20일 +31.4% · 5일 -0.9포인트,지표 고유의 상태와 다른 시장 영역의 동반 신호를 구분해 확인합니다.,낮음
2026-02-12,VIXPOS,VIX 1년 위치,참고,0,과거 252관측 대비 78.4백분위,최근 분포에서의 위치입니다. 별도 위험 신호로 중복 집계하지 않습니다.,낮음
2026-02-12,HY,하이일드 OAS,안정,0,HY 2.92%p · 5일 -5bp · 20일 +27bp,지표 고유의 상태와 다른 시장 영역의 동반 신호를 구분해 확인합니다.,낮음
2026-02-12,BBB,BBB OAS,안정,0,BBB 0.99%p · 5일 +3bp · 20일 +3bp,지표 고유의 상태와 다른 시장 영역의 동반 신호를 구분해 확인합니다.,낮음
2026-02-12,HYPOS,HY 1년 위치,참고,0,과거 252관측 대비 44.2백분위,최근 분포에서의 위치입니다. 별도 위험 신호로 중복 집계하지 않습니다.,낮음
2026-02-12,UNEMP,미국 실업률,확인 부족,-1,월간 관측 누락: 달력 기간 계산 보류,현재 상태를 판단할 자료가 부족합니다.,확인 부족
2026-02-12,SAHM,Sahm Rule,확인 부족,-1,월간 관측 누락: 달력 기간 계산 보류,현재 상태를 판단할 자료가 부족합니다.,확인 부족
2026-02-12,CLAIMS,신규실업수당 4주평균,확인 부족,-1,이력 부족: 0/55관측,현재 상태를 판단할 자료가 부족합니다.,확인 부족
2026-02-12,CPI,CPI,확인 부족,-1,이력 부족: 0/16관측,현재 상태를 판단할 자료가 부족합니다.,확인 부족
2026-02-12,CORECPI,근원 CPI,확인 부족,-1,이력 부족: 0/16관측,현재 상태를 판단할 자료가 부족합니다.,확인 부족
2026-02-12,COREPCE,근원 PCE,확인 부족,-1,이력 부족: 0/16관측,현재 상태를 판단할 자료가 부족합니다.,확인 부족
2026-02-12,DXY,달러지수,확인 부족,-1,이력 부족: 0/147관측,현재 상태를 판단할 자료가 부족합니다.,확인 부족
2026-02-12,USDKRW,달러/원,확인 부족,-1,이력 부족: 0/147관측,현재 상태를 판단할 자료가 부족합니다.,확인 부족
2026-02-12,USDJPY,달러/엔,확인 부족,-1,이력 부족: 0/147관측,현재 상태를 판단할 자료가 부족합니다.,확인 부족
2026-02-12,WTI,WTI,확인 부족,-1,이력 부족: 0/147관측,현재 상태를 판단할 자료가 부족합니다.,확인 부족
2026-02-12,GOLD,금,정상,0,5일 +1.28% · 20일 +6.43% · 변동성 기준 39.5/74.8백분위,가격 움직임은 확인되지만 원인을 구분할 교차 근거가 충분하지 않습니다.,낮음
2026-02-12,SILVER,은,관찰,1,5일 -1.28% · 20일 -16.86% · 변동성 기준 22.6/90.1백분위,가격 움직임은 확인되지만 원인을 구분할 교차 근거가 충분하지 않습니다.,낮음
2026-02-12,COPPER,구리,정상,0,5일 -0.48% · 20일 -3.96% · 변동성 기준 9.7/36.5백분위,가격 움직임은 확인되지만 원인을 구분할 교차 근거가 충분하지 않습니다.,낮음
2026-02-13,SP500,S&P500,확인 부족,-1,이력 부족: 0/252관측,현재 상태를 판단할 자료가 부족합니다.,확인 부족
2026-02-13,NASDAQ,Nasdaq,확인 부족,-1,이력 부족: 0/252관측,현재 상태를 판단할 자료가 부족합니다.,확인 부족
2026-02-13,RUSSELL,Russell 2000,정상,0,5일 -0.9% · 20일 -1.0% · 고점 대비 -2.7%,지표 고유의 상태와 다른 시장 영역의 동반 신호를 구분해 확인합니다.,보통
2026-02-13,MA200,200일 이동평균 이격,확인 부족,-1,이력 부족: 0/200관측,현재 상태를 판단할 자료가 부족합니다.,확인 부족
2026-02-13,EW,동일가중 상대성과,정상,0,RSP가 SPY 대비 20일 +3.2%p · 5일 상대성과 +1.59%p,지표 고유의 상태와 다른 시장 영역의 동반 신호를 구분해 확인합니다.,보통
2026-02-13,CAPE,CAPE,확인 부족,-1,이력 부족: 0/120관측,현재 상태를 판단할 자료가 부족합니다.,확인 부족
2026-02-13,ADV,상승 종목 비율,확인 부족,-1,이력 부족: 0/21관측,현재 상태를 판단할 자료가 부족합니다.,확인 부족
2026-02-13,ABOVE200,200DMA 위 종목 비율,확인 부족,-1,이력 부족: 0/21관측,현재 상태를 판단할 자료가 부족합니다.,확인 부족
2026-02-13,HILO,52주 신고가-신저가 비율,확인 부족,-1,이력 부족: 0/21관측,현재 상태를 판단할 자료가 부족합니다.,확인 부족
2026-02-13,EFFR,미국 기준금리,정상,0,20관측 +0bp · 유지 · EFFR 변화는 목표범위 결정 자체와 구분,금리 하락 또는 상대관계 변화을 관찰합니다. 물가·고용·신용의 동반 움직임으로 의미를 구분합니다.,낮음
2026-02-13,US3M,미국 3개월물 국채수익률,확인 부족,-1,이력 부족: 0/25관측,현재 상태를 판단할 자료가 부족합니다.,확인 부족
2026-02-13,US2Y,미국 2년물 국채수익률,확인 부족,-1,이력 부족: 0/25관측,현재 상태를 판단할 자료가 부족합니다.,확인 부족
2026-02-13,US10Y,미국 10년물 국채수익률,확인 부족,-1,이력 부족: 0/25관측,현재 상태를 판단할 자료가 부족합니다.,확인 부족
2026-02-13,US30Y,미국 30년물 국채수익률,확인 부족,-1,이력 부족: 0/25관측,현재 상태를 판단할 자료가 부족합니다.,확인 부족
2026-02-13,REAL10,미국 10년물 실질금리,확인 부족,-1,이력 부족: 0/25관측,현재 상태를 판단할 자료가 부족합니다.,확인 부족
2026-02-13,TERM,미국 10년물 기간프리미엄,정상,0,과거 504관측 대비 63.1백분위 · 20일 -6bp,금리 하락 또는 상대관계 변화을 관찰합니다. 물가·고용·신용의 동반 움직임으로 의미를 구분합니다.,낮음
2026-02-13,CURVE2,미국 10년물-2년물 금리차,확인 부족,-1,이력 부족: 0/22관측,현재 상태를 판단할 자료가 부족합니다.,확인 부족
2026-02-13,CURVE3,미국 10년물-3개월물 금리차,확인 부족,-1,이력 부족: 0/22관측,현재 상태를 판단할 자료가 부족합니다.,확인 부족
2026-02-13,CURVEFED,미국 10년물-기준금리 차,확인 부족,-1,이력 부족: 0/22관측,현재 상태를 판단할 자료가 부족합니다.,확인 부족
2026-02-13,VIX,VIX,관찰,1,VIX 20.6 · 5일 +16.0% · 20일 +29.9% · 5일 +2.8포인트,지표 고유의 상태와 다른 시장 영역의 동반 신호를 구분해 확인합니다.,낮음
2026-02-13,VIXPOS,VIX 1년 위치,참고,0,과거 252관측 대비 76.2백분위,최근 분포에서의 위치입니다. 별도 위험 신호로 중복 집계하지 않습니다.,낮음
2026-02-13,HY,하이일드 OAS,관찰,1,HY 2.95%p · 5일 +8bp · 20일 +30bp,지표 고유의 상태와 다른 시장 영역의 동반 신호를 구분해 확인합니다.,낮음
2026-02-13,BBB,BBB OAS,안정,0,BBB 1.00%p · 5일 +4bp · 20일 +4bp,지표 고유의 상태와 다른 시장 영역의 동반 신호를 구분해 확인합니다.,낮음
2026-02-13,HYPOS,HY 1년 위치,참고,0,과거 252관측 대비 50.4백분위,최근 분포에서의 위치입니다. 별도 위험 신호로 중복 집계하지 않습니다.,낮음
2026-02-13,UNEMP,미국 실업률,확인 부족,-1,월간 관측 누락: 달력 기간 계산 보류,현재 상태를 판단할 자료가 부족합니다.,확인 부족
2026-02-13,SAHM,Sahm Rule,확인 부족,-1,월간 관측 누락: 달력 기간 계산 보류,현재 상태를 판단할 자료가 부족합니다.,확인 부족
2026-02-13,CLAIMS,신규실업수당 4주평균,확인 부족,-1,이력 부족: 0/55관측,현재 상태를 판단할 자료가 부족합니다.,확인 부족
2026-02-13,CPI,CPI,확인 부족,-1,이력 부족: 0/16관측,현재 상태를 판단할 자료가 부족합니다.,확인 부족
2026-02-13,CORECPI,근원 CPI,확인 부족,-1,이력 부족: 0/16관측,현재 상태를 판단할 자료가 부족합니다.,확인 부족
2026-02-13,COREPCE,근원 PCE,확인 부족,-1,이력 부족: 0/16관측,현재 상태를 판단할 자료가 부족합니다.,확인 부족
2026-02-13,DXY,달러지수,확인 부족,-1,이력 부족: 0/147관측,현재 상태를 판단할 자료가 부족합니다.,확인 부족
2026-02-13,USDKRW,달러/원,확인 부족,-1,이력 부족: 0/147관측,현재 상태를 판단할 자료가 부족합니다.,확인 부족
2026-02-13,USDJPY,달러/엔,확인 부족,-1,이력 부족: 0/147관측,현재 상태를 판단할 자료가 부족합니다.,확인 부족
2026-02-13,WTI,WTI,확인 부족,-1,이력 부족: 0/147관측,현재 상태를 판단할 자료가 부족합니다.,확인 부족
2026-02-13,GOLD,금,정상,0,5일 +1.43% · 20일 +8.79% · 변동성 기준 42.3/88.5백분위,금 상승과 여러 시장의 불안 신호가 겹쳐 안전자산 선호와 부합합니다.,낮음
2026-02-13,SILVER,은,정상,0,5일 +1.45% · 20일 -15.27% · 변동성 기준 25.8/87.1백분위,가격 움직임은 확인되지만 원인을 구분할 교차 근거가 충분하지 않습니다.,낮음
2026-02-13,COPPER,구리,정상,0,5일 -1.21% · 20일 -2.61% · 변동성 기준 28.2/25.6백분위,가격 움직임은 확인되지만 원인을 구분할 교차 근거가 충분하지 않습니다.,낮음
2026-02-17,SP500,S&P500,확인 부족,-1,이력 부족: 0/252관측,현재 상태를 판단할 자료가 부족합니다.,확인 부족
2026-02-17,NASDAQ,Nasdaq,확인 부족,-1,이력 부족: 0/252관측,현재 상태를 판단할 자료가 부족합니다.,확인 부족
2026-02-17,RUSSELL,Russell 2000,정상,0,5일 -1.6% · 20일 -1.2% · 고점 대비 -2.7%,지표 고유의 상태와 다른 시장 영역의 동반 신호를 구분해 확인합니다.,낮음
2026-02-17,MA200,200일 이동평균 이격,확인 부족,-1,이력 부족: 0/200관측,현재 상태를 판단할 자료가 부족합니다.,확인 부족
2026-02-17,EW,동일가중 상대성과,정상,0,RSP가 SPY 대비 20일 +3.0%p · 5일 상대성과 +1.67%p,지표 고유의 상태와 다른 시장 영역의 동반 신호를 구분해 확인합니다.,낮음
2026-02-17,CAPE,CAPE,확인 부족,-1,이력 부족: 0/120관측,현재 상태를 판단할 자료가 부족합니다.,확인 부족
2026-02-17,ADV,상승 종목 비율,확인 부족,-1,이력 부족: 0/21관측,현재 상태를 판단할 자료가 부족합니다.,확인 부족
2026-02-17,ABOVE200,200DMA 위 종목 비율,확인 부족,-1,이력 부족: 0/21관측,현재 상태를 판단할 자료가 부족합니다.,확인 부족
2026-02-17,HILO,52주 신고가-신저가 비율,확인 부족,-1,이력 부족: 0/21관측,현재 상태를 판단할 자료가 부족합니다.,확인 부족
2026-02-17,EFFR,미국 기준금리,정상,0,20관측 +0bp · 유지 · EFFR 변화는 목표범위 결정 자체와 구분,금리 하락 또는 상대관계 변화을 관찰합니다. 물가·고용·신용의 동반 움직임으로 의미를 구분합니다.,낮음
2026-02-17,US3M,미국 3개월물 국채수익률,확인 부족,-1,이력 부족: 0/25관측,현재 상태를 판단할 자료가 부족합니다.,확인 부족
2026-02-17,US2Y,미국 2년물 국채수익률,확인 부족,-1,이력 부족: 0/25관측,현재 상태를 판단할 자료가 부족합니다.,확인 부족
2026-02-17,US10Y,미국 10년물 국채수익률,확인 부족,-1,이력 부족: 0/25관측,현재 상태를 판단할 자료가 부족합니다.,확인 부족
2026-02-17,US30Y,미국 30년물 국채수익률,확인 부족,-1,이력 부족: 0/25관측,현재 상태를 판단할 자료가 부족합니다.,확인 부족
2026-02-17,REAL10,미국 10년물 실질금리,확인 부족,-1,이력 부족: 0/25관측,현재 상태를 판단할 자료가 부족합니다.,확인 부족
2026-02-17,TERM,미국 10년물 기간프리미엄,정상,0,과거 504관측 대비 60.2백분위 · 20일 -9bp,금리 하락 또는 상대관계 변화을 관찰합니다. 물가·고용·신용의 동반 움직임으로 의미를 구분합니다.,낮음
2026-02-17,CURVE2,미국 10년물-2년물 금리차,확인 부족,-1,이력 부족: 0/22관측,현재 상태를 판단할 자료가 부족합니다.,확인 부족
2026-02-17,CURVE3,미국 10년물-3개월물 금리차,확인 부족,-1,이력 부족: 0/22관측,현재 상태를 판단할 자료가 부족합니다.,확인 부족
2026-02-17,CURVEFED,미국 10년물-기준금리 차,확인 부족,-1,이력 부족: 0/22관측,현재 상태를 판단할 자료가 부족합니다.,확인 부족
2026-02-17,VIX,VIX,관찰,1,VIX 20.3 · 5일 +14.1% · 20일 +1.0% · 5일 +2.5포인트,지표 고유의 상태와 다른 시장 영역의 동반 신호를 구분해 확인합니다.,낮음
2026-02-17,VIXPOS,VIX 1년 위치,참고,0,과거 252관측 대비 73.8백분위,최근 분포에서의 위치입니다. 별도 위험 신호로 중복 집계하지 않습니다.,낮음
2026-02-17,HY,하이일드 OAS,안정,0,HY 2.94%p · 5일 +8bp · 20일 +25bp,지표 고유의 상태와 다른 시장 영역의 동반 신호를 구분해 확인합니다.,낮음
2026-02-17,BBB,BBB OAS,안정,0,BBB 1.01%p · 5일 +3bp · 20일 +6bp,지표 고유의 상태와 다른 시장 영역의 동반 신호를 구분해 확인합니다.,낮음
2026-02-17,HYPOS,HY 1년 위치,참고,0,과거 252관측 대비 46.8백분위,최근 분포에서의 위치입니다. 별도 위험 신호로 중복 집계하지 않습니다.,낮음
2026-02-17,UNEMP,미국 실업률,확인 부족,-1,월간 관측 누락: 달력 기간 계산 보류,현재 상태를 판단할 자료가 부족합니다.,확인 부족
2026-02-17,SAHM,Sahm Rule,확인 부족,-1,월간 관측 누락: 달력 기간 계산 보류,현재 상태를 판단할 자료가 부족합니다.,확인 부족
2026-02-17,CLAIMS,신규실업수당 4주평균,확인 부족,-1,이력 부족: 0/55관측,현재 상태를 판단할 자료가 부족합니다.,확인 부족
2026-02-17,CPI,CPI,확인 부족,-1,이력 부족: 0/16관측,현재 상태를 판단할 자료가 부족합니다.,확인 부족
2026-02-17,CORECPI,근원 CPI,확인 부족,-1,이력 부족: 0/16관측,현재 상태를 판단할 자료가 부족합니다.,확인 부족
2026-02-17,COREPCE,근원 PCE,확인 부족,-1,이력 부족: 0/16관측,현재 상태를 판단할 자료가 부족합니다.,확인 부족
2026-02-17,DXY,달러지수,확인 부족,-1,이력 부족: 0/147관측,현재 상태를 판단할 자료가 부족합니다.,확인 부족
2026-02-17,USDKRW,달러/원,확인 부족,-1,이력 부족: 0/147관측,현재 상태를 판단할 자료가 부족합니다.,확인 부족
2026-02-17,USDJPY,달러/엔,확인 부족,-1,이력 부족: 0/147관측,현재 상태를 판단할 자료가 부족합니다.,확인 부족
2026-02-17,WTI,WTI,확인 부족,-1,이력 부족: 0/147관측,현재 상태를 판단할 자료가 부족합니다.,확인 부족
2026-02-17,GOLD,금,정상,0,5일 -3.33% · 20일 +6.42% · 변동성 기준 80.2/74.2백분위,가격 움직임은 확인되지만 원인을 구분할 교차 근거가 충분하지 않습니다.,낮음
2026-02-17,SILVER,은,관찰,1,5일 -10.50% · 20일 -16.62% · 변동성 기준 93.3/89.5백분위,가격 움직임은 확인되지만 원인을 구분할 교차 근거가 충분하지 않습니다.,낮음
2026-02-17,COPPER,구리,정상,0,5일 -5.25% · 20일 -2.69% · 변동성 기준 84.9/26.6백분위,가격 움직임은 확인되지만 원인을 구분할 교차 근거가 충분하지 않습니다.,낮음
2026-02-18,SP500,S&P500,확인 부족,-1,이력 부족: 0/252관측,현재 상태를 판단할 자료가 부족합니다.,확인 부족
2026-02-18,NASDAQ,Nasdaq,확인 부족,-1,이력 부족: 0/252관측,현재 상태를 판단할 자료가 부족합니다.,확인 부족
2026-02-18,RUSSELL,Russell 2000,정상,0,5일 -0.8% · 20일 +0.5% · 고점 대비 -2.2%,지표 고유의 상태와 다른 시장 영역의 동반 신호를 구분해 확인합니다.,낮음
2026-02-18,MA200,200일 이동평균 이격,확인 부족,-1,이력 부족: 0/200관측,현재 상태를 판단할 자료가 부족합니다.,확인 부족
2026-02-18,EW,동일가중 상대성과,정상,0,RSP가 SPY 대비 20일 +2.5%p · 5일 상대성과 +1.07%p,지표 고유의 상태와 다른 시장 영역의 동반 신호를 구분해 확인합니다.,낮음
2026-02-18,CAPE,CAPE,확인 부족,-1,이력 부족: 0/120관측,현재 상태를 판단할 자료가 부족합니다.,확인 부족
2026-02-18,ADV,상승 종목 비율,확인 부족,-1,이력 부족: 0/21관측,현재 상태를 판단할 자료가 부족합니다.,확인 부족
2026-02-18,ABOVE200,200DMA 위 종목 비율,확인 부족,-1,이력 부족: 0/21관측,현재 상태를 판단할 자료가 부족합니다.,확인 부족
2026-02-18,HILO,52주 신고가-신저가 비율,확인 부족,-1,이력 부족: 0/21관측,현재 상태를 판단할 자료가 부족합니다.,확인 부족
2026-02-18,EFFR,미국 기준금리,정상,0,20관측 +0bp · 유지 · EFFR 변화는 목표범위 결정 자체와 구분,금리 하락 또는 상대관계 변화을 관찰합니다. 물가·고용·신용의 동반 움직임으로 의미를 구분합니다.,낮음
2026-02-18,US3M,미국 3개월물 국채수익률,확인 부족,-1,이력 부족: 0/25관측,현재 상태를 판단할 자료가 부족합니다.,확인 부족
2026-02-18,US2Y,미국 2년물 국채수익률,확인 부족,-1,이력 부족: 0/25관측,현재 상태를 판단할 자료가 부족합니다.,확인 부족
2026-02-18,US10Y,미국 10년물 국채수익률,확인 부족,-1,이력 부족: 0/25관측,현재 상태를 판단할 자료가 부족합니다.,확인 부족
2026-02-18,US30Y,미국 30년물 국채수익률,확인 부족,-1,이력 부족: 0/25관측,현재 상태를 판단할 자료가 부족합니다.,확인 부족
2026-02-18,REAL10,미국 10년물 실질금리,확인 부족,-1,이력 부족: 0/25관측,현재 상태를 판단할 자료가 부족합니다.,확인 부족
2026-02-18,TERM,미국 10년물 기간프리미엄,정상,0,과거 504관측 대비 63.9백분위 · 20일 -11bp,금리 하락 또는 상대관계 변화을 관찰합니다. 물가·고용·신용의 동반 움직임으로 의미를 구분합니다.,낮음
2026-02-18,CURVE2,미국 10년물-2년물 금리차,확인 부족,-1,이력 부족: 0/22관측,현재 상태를 판단할 자료가 부족합니다.,확인 부족
2026-02-18,CURVE3,미국 10년물-3개월물 금리차,확인 부족,-1,이력 부족: 0/22관측,현재 상태를 판단할 자료가 부족합니다.,확인 부족
2026-02-18,CURVEFED,미국 10년물-기준금리 차,확인 부족,-1,이력 부족: 0/22관측,현재 상태를 판단할 자료가 부족합니다.,확인 부족
2026-02-18,VIX,VIX,정상,0,VIX 19.6 · 5일 +11.2% · 20일 +16.1% · 5일 +2.0포인트,지표 고유의 상태와 다른 시장 영역의 동반 신호를 구분해 확인합니다.,낮음
2026-02-18,VIXPOS,VIX 1년 위치,참고,0,과거 252관측 대비 69.8백분위,최근 분포에서의 위치입니다. 별도 위험 신호로 중복 집계하지 않습니다.,낮음
2026-02-18,HY,하이일드 OAS,안정,0,HY 2.86%p · 5일 +2bp · 20일 +22bp,지표 고유의 상태와 다른 시장 영역의 동반 신호를 구분해 확인합니다.,낮음
2026-02-18,BBB,BBB OAS,안정,0,BBB 0.99%p · 5일 +1bp · 20일 +6bp,지표 고유의 상태와 다른 시장 영역의 동반 신호를 구분해 확인합니다.,낮음
2026-02-18,HYPOS,HY 1년 위치,참고,0,과거 252관측 대비 29.4백분위,최근 분포에서의 위치입니다. 별도 위험 신호로 중복 집계하지 않습니다.,낮음
2026-02-18,UNEMP,미국 실업률,확인 부족,-1,월간 관측 누락: 달력 기간 계산 보류,현재 상태를 판단할 자료가 부족합니다.,확인 부족
2026-02-18,SAHM,Sahm Rule,확인 부족,-1,월간 관측 누락: 달력 기간 계산 보류,현재 상태를 판단할 자료가 부족합니다.,확인 부족
2026-02-18,CLAIMS,신규실업수당 4주평균,확인 부족,-1,이력 부족: 0/55관측,현재 상태를 판단할 자료가 부족합니다.,확인 부족
2026-02-18,CPI,CPI,확인 부족,-1,이력 부족: 0/16관측,현재 상태를 판단할 자료가 부족합니다.,확인 부족
2026-02-18,CORECPI,근원 CPI,확인 부족,-1,이력 부족: 0/16관측,현재 상태를 판단할 자료가 부족합니다.,확인 부족
2026-02-18,COREPCE,근원 PCE,확인 부족,-1,이력 부족: 0/16관측,현재 상태를 판단할 자료가 부족합니다.,확인 부족
2026-02-18,DXY,달러지수,확인 부족,-1,이력 부족: 0/147관측,현재 상태를 판단할 자료가 부족합니다.,확인 부족
2026-02-18,USDKRW,달러/원,확인 부족,-1,이력 부족: 0/147관측,현재 상태를 판단할 자료가 부족합니다.,확인 부족
2026-02-18,USDJPY,달러/엔,확인 부족,-1,이력 부족: 0/147관측,현재 상태를 판단할 자료가 부족합니다.,확인 부족
2026-02-18,WTI,WTI,확인 부족,-1,이력 부족: 0/147관측,현재 상태를 판단할 자료가 부족합니다.,확인 부족
2026-02-18,GOLD,금,정상,0,5일 -0.35% · 20일 +4.77% · 변동성 기준 9.7/59.7백분위,가격 움직임은 확인되지만 원인을 구분할 교차 근거가 충분하지 않습니다.,낮음
2026-02-18,SILVER,은,관찰,1,5일 -3.38% · 20일 -17.72% · 변동성 기준 55.8/90.3백분위,가격 움직임은 확인되지만 원인을 구분할 교차 근거가 충분하지 않습니다.,낮음
2026-02-18,COPPER,구리,정상,0,5일 -1.74% · 20일 +0.36% · 변동성 기준 40.5/3.8백분위,가격 움직임은 확인되지만 원인을 구분할 교차 근거가 충분하지 않습니다.,낮음
2026-02-19,SP500,S&P500,확인 부족,-1,이력 부족: 0/252관측,현재 상태를 판단할 자료가 부족합니다.,확인 부족
2026-02-19,NASDAQ,Nasdaq,확인 부족,-1,이력 부족: 0/252관측,현재 상태를 판단할 자료가 부족합니다.,확인 부족
2026-02-19,RUSSELL,Russell 2000,정상,0,5일 -0.2% · 20일 -1.2% · 고점 대비 -2.0%,지표 고유의 상태와 다른 시장 영역의 동반 신호를 구분해 확인합니다.,낮음
2026-02-19,MA200,200일 이동평균 이격,확인 부족,-1,이력 부족: 0/200관측,현재 상태를 판단할 자료가 부족합니다.,확인 부족
2026-02-19,EW,동일가중 상대성과,정상,0,RSP가 SPY 대비 20일 +2.0%p · 5일 상대성과 +0.92%p,지표 고유의 상태와 다른 시장 영역의 동반 신호를 구분해 확인합니다.,낮음
2026-02-19,CAPE,CAPE,확인 부족,-1,이력 부족: 0/120관측,현재 상태를 판단할 자료가 부족합니다.,확인 부족
2026-02-19,ADV,상승 종목 비율,확인 부족,-1,이력 부족: 0/21관측,현재 상태를 판단할 자료가 부족합니다.,확인 부족
2026-02-19,ABOVE200,200DMA 위 종목 비율,확인 부족,-1,이력 부족: 0/21관측,현재 상태를 판단할 자료가 부족합니다.,확인 부족
2026-02-19,HILO,52주 신고가-신저가 비율,확인 부족,-1,이력 부족: 0/21관측,현재 상태를 판단할 자료가 부족합니다.,확인 부족
2026-02-19,EFFR,미국 기준금리,정상,0,20관측 +0bp · 유지 · EFFR 변화는 목표범위 결정 자체와 구분,금리 하락 또는 상대관계 변화을 관찰합니다. 물가·고용·신용의 동반 움직임으로 의미를 구분합니다.,낮음
2026-02-19,US3M,미국 3개월물 국채수익률,확인 부족,-1,이력 부족: 0/25관측,현재 상태를 판단할 자료가 부족합니다.,확인 부족
2026-02-19,US2Y,미국 2년물 국채수익률,확인 부족,-1,이력 부족: 0/25관측,현재 상태를 판단할 자료가 부족합니다.,확인 부족
2026-02-19,US10Y,미국 10년물 국채수익률,확인 부족,-1,이력 부족: 0/25관측,현재 상태를 판단할 자료가 부족합니다.,확인 부족
2026-02-19,US30Y,미국 30년물 국채수익률,확인 부족,-1,이력 부족: 0/25관측,현재 상태를 판단할 자료가 부족합니다.,확인 부족
2026-02-19,REAL10,미국 10년물 실질금리,확인 부족,-1,이력 부족: 0/25관측,현재 상태를 판단할 자료가 부족합니다.,확인 부족
2026-02-19,TERM,미국 10년물 기간프리미엄,정상,0,과거 504관측 대비 63.3백분위 · 20일 -10bp,금리 하락 또는 상대관계 변화을 관찰합니다. 물가·고용·신용의 동반 움직임으로 의미를 구분합니다.,낮음
2026-02-19,CURVE2,미국 10년물-2년물 금리차,확인 부족,-1,이력 부족: 0/22관측,현재 상태를 판단할 자료가 부족합니다.,확인 부족
2026-02-19,CURVE3,미국 10년물-3개월물 금리차,확인 부족,-1,이력 부족: 0/22관측,현재 상태를 판단할 자료가 부족합니다.,확인 부족
2026-02-19,CURVEFED,미국 10년물-기준금리 차,확인 부족,-1,이력 부족: 0/22관측,현재 상태를 판단할 자료가 부족합니다.,확인 부족
2026-02-19,VIX,VIX,관찰,1,VIX 20.2 · 5일 -2.8% · 20일 +29.3% · 5일 -0.6포인트,지표 고유의 상태와 다른 시장 영역의 동반 신호를 구분해 확인합니다.,낮음
2026-02-19,VIXPOS,VIX 1년 위치,참고,0,과거 252관측 대비 73.0백분위,최근 분포에서의 위치입니다. 별도 위험 신호로 중복 집계하지 않습니다.,낮음
2026-02-19,HY,하이일드 OAS,안정,0,HY 2.88%p · 5일 -4bp · 20일 +20bp,지표 고유의 상태와 다른 시장 영역의 동반 신호를 구분해 확인합니다.,낮음
2026-02-19,BBB,BBB OAS,안정,0,BBB 0.99%p · 5일 +0bp · 20일 +5bp,지표 고유의 상태와 다른 시장 영역의 동반 신호를 구분해 확인합니다.,낮음
2026-02-19,HYPOS,HY 1년 위치,참고,0,과거 252관측 대비 34.3백분위,최근 분포에서의 위치입니다. 별도 위험 신호로 중복 집계하지 않습니다.,낮음
2026-02-19,UNEMP,미국 실업률,확인 부족,-1,월간 관측 누락: 달력 기간 계산 보류,현재 상태를 판단할 자료가 부족합니다.,확인 부족
2026-02-19,SAHM,Sahm Rule,확인 부족,-1,월간 관측 누락: 달력 기간 계산 보류,현재 상태를 판단할 자료가 부족합니다.,확인 부족
2026-02-19,CLAIMS,신규실업수당 4주평균,확인 부족,-1,이력 부족: 0/55관측,현재 상태를 판단할 자료가 부족합니다.,확인 부족
2026-02-19,CPI,CPI,확인 부족,-1,이력 부족: 0/16관측,현재 상태를 판단할 자료가 부족합니다.,확인 부족
2026-02-19,CORECPI,근원 CPI,확인 부족,-1,이력 부족: 0/16관측,현재 상태를 판단할 자료가 부족합니다.,확인 부족
2026-02-19,COREPCE,근원 PCE,확인 부족,-1,이력 부족: 0/16관측,현재 상태를 판단할 자료가 부족합니다.,확인 부족
2026-02-19,DXY,달러지수,확인 부족,-1,이력 부족: 0/147관측,현재 상태를 판단할 자료가 부족합니다.,확인 부족
2026-02-19,USDKRW,달러/원,확인 부족,-1,이력 부족: 0/147관측,현재 상태를 판단할 자료가 부족합니다.,확인 부족
2026-02-19,USDJPY,달러/엔,확인 부족,-1,이력 부족: 0/147관측,현재 상태를 판단할 자료가 부족합니다.,확인 부족
2026-02-19,WTI,WTI,확인 부족,-1,이력 부족: 0/147관측,현재 상태를 판단할 자료가 부족합니다.,확인 부족
2026-02-19,GOLD,금,정상,0,5일 -1.89% · 20일 +2.98% · 변동성 기준 53.4/41.7백분위,가격 움직임은 확인되지만 원인을 구분할 교차 근거가 충분하지 않습니다.,낮음
2026-02-19,SILVER,은,정상,0,5일 -7.39% · 20일 -15.88% · 변동성 기준 86.1/88.1백분위,가격 움직임은 확인되지만 원인을 구분할 교차 근거가 충분하지 않습니다.,낮음
2026-02-19,COPPER,구리,정상,0,5일 -3.68% · 20일 +0.01% · 변동성 기준 69.4/0.2백분위,가격 움직임은 확인되지만 원인을 구분할 교차 근거가 충분하지 않습니다.,낮음
2026-02-20,SP500,S&P500,확인 부족,-1,이력 부족: 0/252관측,현재 상태를 판단할 자료가 부족합니다.,확인 부족
2026-02-20,NASDAQ,Nasdaq,확인 부족,-1,이력 부족: 0/252관측,현재 상태를 판단할 자료가 부족합니다.,확인 부족
2026-02-20,RUSSELL,Russell 2000,정상,0,5일 +1.8% · 20일 -2.0% · 고점 대비 -2.0%,지표 고유의 상태와 다른 시장 영역의 동반 신호를 구분해 확인합니다.,낮음
2026-02-20,MA200,200일 이동평균 이격,확인 부족,-1,이력 부족: 0/200관측,현재 상태를 판단할 자료가 부족합니다.,확인 부족
2026-02-20,EW,동일가중 상대성과,정상,0,RSP가 SPY 대비 20일 +2.2%p · 5일 상대성과 +0.45%p,지표 고유의 상태와 다른 시장 영역의 동반 신호를 구분해 확인합니다.,낮음
2026-02-20,CAPE,CAPE,확인 부족,-1,이력 부족: 0/120관측,현재 상태를 판단할 자료가 부족합니다.,확인 부족
2026-02-20,ADV,상승 종목 비율,확인 부족,-1,이력 부족: 0/21관측,현재 상태를 판단할 자료가 부족합니다.,확인 부족
2026-02-20,ABOVE200,200DMA 위 종목 비율,확인 부족,-1,이력 부족: 0/21관측,현재 상태를 판단할 자료가 부족합니다.,확인 부족
2026-02-20,HILO,52주 신고가-신저가 비율,확인 부족,-1,이력 부족: 0/21관측,현재 상태를 판단할 자료가 부족합니다.,확인 부족
2026-02-20,EFFR,미국 기준금리,정상,0,20관측 +0bp · 유지 · EFFR 변화는 목표범위 결정 자체와 구분,금리 하락 또는 상대관계 변화을 관찰합니다. 물가·고용·신용의 동반 움직임으로 의미를 구분합니다.,낮음
2026-02-20,US3M,미국 3개월물 국채수익률,확인 부족,-1,이력 부족: 0/25관측,현재 상태를 판단할 자료가 부족합니다.,확인 부족
2026-02-20,US2Y,미국 2년물 국채수익률,확인 부족,-1,이력 부족: 0/25관측,현재 상태를 판단할 자료가 부족합니다.,확인 부족
2026-02-20,US10Y,미국 10년물 국채수익률,확인 부족,-1,이력 부족: 0/25관측,현재 상태를 판단할 자료가 부족합니다.,확인 부족
2026-02-20,US30Y,미국 30년물 국채수익률,확인 부족,-1,이력 부족: 0/25관측,현재 상태를 판단할 자료가 부족합니다.,확인 부족
2026-02-20,REAL10,미국 10년물 실질금리,확인 부족,-1,이력 부족: 0/25관측,현재 상태를 판단할 자료가 부족합니다.,확인 부족
2026-02-20,TERM,미국 10년물 기간프리미엄,정상,0,과거 504관측 대비 63.5백분위 · 20일 -10bp,금리 하락 또는 상대관계 변화을 관찰합니다. 물가·고용·신용의 동반 움직임으로 의미를 구분합니다.,낮음
2026-02-20,CURVE2,미국 10년물-2년물 금리차,확인 부족,-1,이력 부족: 0/22관측,현재 상태를 판단할 자료가 부족합니다.,확인 부족
2026-02-20,CURVE3,미국 10년물-3개월물 금리차,확인 부족,-1,이력 부족: 0/22관측,현재 상태를 판단할 자료가 부족합니다.,확인 부족
2026-02-20,CURVEFED,미국 10년물-기준금리 차,확인 부족,-1,이력 부족: 0/22관측,현재 상태를 판단할 자료가 부족합니다.,확인 부족
2026-02-20,VIX,VIX,정상,0,VIX 19.1 · 5일 -7.3% · 20일 +18.6% · 5일 -1.5포인트,지표 고유의 상태와 다른 시장 영역의 동반 신호를 구분해 확인합니다.,낮음
2026-02-20,VIXPOS,VIX 1년 위치,참고,0,과거 252관측 대비 67.5백분위,최근 분포에서의 위치입니다. 별도 위험 신호로 중복 집계하지 않습니다.,낮음
2026-02-20,HY,하이일드 OAS,안정,0,HY 2.86%p · 5일 -9bp · 20일 +17bp,지표 고유의 상태와 다른 시장 영역의 동반 신호를 구분해 확인합니다.,낮음
2026-02-20,BBB,BBB OAS,안정,0,BBB 0.99%p · 5일 -1bp · 20일 +5bp,지표 고유의 상태와 다른 시장 영역의 동반 신호를 구분해 확인합니다.,낮음
2026-02-20,HYPOS,HY 1년 위치,참고,0,과거 252관측 대비 29.6백분위,최근 분포에서의 위치입니다. 별도 위험 신호로 중복 집계하지 않습니다.,낮음
2026-02-20,UNEMP,미국 실업률,확인 부족,-1,월간 관측 누락: 달력 기간 계산 보류,현재 상태를 판단할 자료가 부족합니다.,확인 부족
2026-02-20,SAHM,Sahm Rule,확인 부족,-1,월간 관측 누락: 달력 기간 계산 보류,현재 상태를 판단할 자료가 부족합니다.,확인 부족
2026-02-20,CLAIMS,신규실업수당 4주평균,확인 부족,-1,이력 부족: 0/55관측,현재 상태를 판단할 자료가 부족합니다.,확인 부족
2026-02-20,CPI,CPI,확인 부족,-1,이력 부족: 0/16관측,현재 상태를 판단할 자료가 부족합니다.,확인 부족
2026-02-20,CORECPI,근원 CPI,확인 부족,-1,이력 부족: 0/16관측,현재 상태를 판단할 자료가 부족합니다.,확인 부족
2026-02-20,COREPCE,근원 PCE,확인 부족,-1,이력 부족: 0/16관측,현재 상태를 판단할 자료가 부족합니다.,확인 부족
2026-02-20,DXY,달러지수,확인 부족,-1,이력 부족: 0/147관측,현재 상태를 판단할 자료가 부족합니다.,확인 부족
2026-02-20,USDKRW,달러/원,확인 부족,-1,이력 부족: 0/147관측,현재 상태를 판단할 자료가 부족합니다.,확인 부족
2026-02-20,USDJPY,달러/엔,확인 부족,-1,이력 부족: 0/147관측,현재 상태를 판단할 자료가 부족합니다.,확인 부족
2026-02-20,WTI,WTI,확인 부족,-1,이력 부족: 0/147관측,현재 상태를 판단할 자료가 부족합니다.,확인 부족
2026-02-20,GOLD,금,정상,0,5일 +2.75% · 20일 +3.07% · 변동성 기준 69.8/42.3백분위,가격 움직임은 확인되지만 원인을 구분할 교차 근거가 충분하지 않습니다.,낮음
2026-02-20,SILVER,은,관찰,1,5일 +8.92% · 20일 -14.27% · 변동성 기준 90.5/85.9백분위,가격 움직임은 확인되지만 원인을 구분할 교차 근거가 충분하지 않습니다.,낮음
2026-02-20,COPPER,구리,정상,0,5일 +1.04% · 20일 +1.54% · 변동성 기준 24.0/13.5백분위,가격 움직임은 확인되지만 원인을 구분할 교차 근거가 충분하지 않습니다.,낮음
2026-02-23,SP500,S&P500,확인 부족,-1,이력 부족: 0/252관측,현재 상태를 판단할 자료가 부족합니다.,확인 부족
2026-02-23,NASDAQ,Nasdaq,확인 부족,-1,이력 부족: 0/252관측,현재 상태를 판단할 자료가 부족합니다.,확인 부족
2026-02-23,RUSSELL,Russell 2000,정상,0,5일 -1.0% · 20일 -1.8% · 고점 대비 -3.6%,지표 고유의 상태와 다른 시장 영역의 동반 신호를 구분해 확인합니다.,낮음
2026-02-23,MA200,200일 이동평균 이격,확인 부족,-1,이력 부족: 0/200관측,현재 상태를 판단할 자료가 부족합니다.,확인 부족
2026-02-23,EW,동일가중 상대성과,정상,0,RSP가 SPY 대비 20일 +2.5%p · 5일 상대성과 -0.60%p,지표 고유의 상태와 다른 시장 영역의 동반 신호를 구분해 확인합니다.,낮음
2026-02-23,CAPE,CAPE,확인 부족,-1,이력 부족: 0/120관측,현재 상태를 판단할 자료가 부족합니다.,확인 부족
2026-02-23,ADV,상승 종목 비율,확인 부족,-1,이력 부족: 0/21관측,현재 상태를 판단할 자료가 부족합니다.,확인 부족
2026-02-23,ABOVE200,200DMA 위 종목 비율,확인 부족,-1,이력 부족: 0/21관측,현재 상태를 판단할 자료가 부족합니다.,확인 부족
2026-02-23,HILO,52주 신고가-신저가 비율,확인 부족,-1,이력 부족: 0/21관측,현재 상태를 판단할 자료가 부족합니다.,확인 부족
2026-02-23,EFFR,미국 기준금리,정상,0,20관측 +0bp · 유지 · EFFR 변화는 목표범위 결정 자체와 구분,금리 하락 또는 상대관계 변화을 관찰합니다. 물가·고용·신용의 동반 움직임으로 의미를 구분합니다.,낮음
2026-02-23,US3M,미국 3개월물 국채수익률,확인 부족,-1,이력 부족: 0/25관측,현재 상태를 판단할 자료가 부족합니다.,확인 부족
2026-02-23,US2Y,미국 2년물 국채수익률,확인 부족,-1,이력 부족: 0/25관측,현재 상태를 판단할 자료가 부족합니다.,확인 부족
2026-02-23,US10Y,미국 10년물 국채수익률,확인 부족,-1,이력 부족: 0/25관측,현재 상태를 판단할 자료가 부족합니다.,확인 부족
2026-02-23,US30Y,미국 30년물 국채수익률,확인 부족,-1,이력 부족: 0/25관측,현재 상태를 판단할 자료가 부족합니다.,확인 부족
2026-02-23,REAL10,미국 10년물 실질금리,확인 부족,-1,이력 부족: 0/25관측,현재 상태를 판단할 자료가 부족합니다.,확인 부족
2026-02-23,TERM,미국 10년물 기간프리미엄,정상,0,과거 504관측 대비 52.4백분위 · 20일 -12bp,금리 하락 또는 상대관계 변화을 관찰합니다. 물가·고용·신용의 동반 움직임으로 의미를 구분합니다.,낮음
2026-02-23,CURVE2,미국 10년물-2년물 금리차,확인 부족,-1,이력 부족: 0/22관측,현재 상태를 판단할 자료가 부족합니다.,확인 부족
2026-02-23,CURVE3,미국 10년물-3개월물 금리차,확인 부족,-1,이력 부족: 0/22관측,현재 상태를 판단할 자료가 부족합니다.,확인 부족
2026-02-23,CURVEFED,미국 10년물-기준금리 차,확인 부족,-1,이력 부족: 0/22관측,현재 상태를 판단할 자료가 부족합니다.,확인 부족
2026-02-23,VIX,VIX,관찰,1,VIX 21.0 · 5일 -0.9% · 20일 +30.1% · 5일 -0.2포인트,지표 고유의 상태와 다른 시장 영역의 동반 신호를 구분해 확인합니다.,낮음
2026-02-23,VIXPOS,VIX 1년 위치,참고,0,과거 252관측 대비 79.0백분위,최근 분포에서의 위치입니다. 별도 위험 신호로 중복 집계하지 않습니다.,낮음
2026-02-23,HY,하이일드 OAS,안정,0,HY 2.95%p · 5일 +1bp · 20일 +24bp,지표 고유의 상태와 다른 시장 영역의 동반 신호를 구분해 확인합니다.,낮음
2026-02-23,BBB,BBB OAS,안정,0,BBB 1.01%p · 5일 +1bp · 20일 +7bp,지표 고유의 상태와 다른 시장 영역의 동반 신호를 구분해 확인합니다.,낮음
2026-02-23,HYPOS,HY 1년 위치,참고,0,과거 252관측 대비 51.0백분위,최근 분포에서의 위치입니다. 별도 위험 신호로 중복 집계하지 않습니다.,낮음
2026-02-23,UNEMP,미국 실업률,확인 부족,-1,월간 관측 누락: 달력 기간 계산 보류,현재 상태를 판단할 자료가 부족합니다.,확인 부족
2026-02-23,SAHM,Sahm Rule,확인 부족,-1,월간 관측 누락: 달력 기간 계산 보류,현재 상태를 판단할 자료가 부족합니다.,확인 부족
2026-02-23,CLAIMS,신규실업수당 4주평균,확인 부족,-1,이력 부족: 0/55관측,현재 상태를 판단할 자료가 부족합니다.,확인 부족
2026-02-23,CPI,CPI,확인 부족,-1,이력 부족: 0/16관측,현재 상태를 판단할 자료가 부족합니다.,확인 부족
2026-02-23,CORECPI,근원 CPI,확인 부족,-1,이력 부족: 0/16관측,현재 상태를 판단할 자료가 부족합니다.,확인 부족
2026-02-23,COREPCE,근원 PCE,확인 부족,-1,이력 부족: 0/16관측,현재 상태를 판단할 자료가 부족합니다.,확인 부족
2026-02-23,DXY,달러지수,확인 부족,-1,이력 부족: 0/147관측,현재 상태를 판단할 자료가 부족합니다.,확인 부족
2026-02-23,USDKRW,달러/원,확인 부족,-1,이력 부족: 0/147관측,현재 상태를 판단할 자료가 부족합니다.,확인 부족
2026-02-23,USDJPY,달러/엔,확인 부족,-1,이력 부족: 0/147관측,현재 상태를 판단할 자료가 부족합니다.,확인 부족
2026-02-23,WTI,WTI,확인 부족,-1,이력 부족: 0/147관측,현재 상태를 판단할 자료가 부족합니다.,확인 부족
2026-02-23,GOLD,금,정상,0,5일 +3.64% · 20일 +4.59% · 변동성 기준 84.5/57.9백분위,가격 움직임은 확인되지만 원인을 구분할 교차 근거가 충분하지 않습니다.,낮음
2026-02-23,SILVER,은,관찰,1,5일 +11.14% · 20일 -14.27% · 변동성 기준 93.8/85.9백분위,가격 움직임은 확인되지만 원인을 구분할 교차 근거가 충분하지 않습니다.,낮음
2026-02-23,COPPER,구리,정상,0,5일 -0.34% · 20일 -2.33% · 변동성 기준 6.7/21.6백분위,가격 움직임은 확인되지만 원인을 구분할 교차 근거가 충분하지 않습니다.,낮음
2026-02-24,SP500,S&P500,확인 부족,-1,이력 부족: 0/252관측,현재 상태를 판단할 자료가 부족합니다.,확인 부족
2026-02-24,NASDAQ,Nasdaq,확인 부족,-1,이력 부족: 0/252관측,현재 상태를 판단할 자료가 부족합니다.,확인 부족
2026-02-24,RUSSELL,Russell 2000,정상,0,5일 +0.2% · 20일 -0.3% · 고점 대비 -2.4%,지표 고유의 상태와 다른 시장 영역의 동반 신호를 구분해 확인합니다.,낮음
2026-02-24,MA200,200일 이동평균 이격,확인 부족,-1,이력 부족: 0/200관측,현재 상태를 판단할 자료가 부족합니다.,확인 부족
2026-02-24,EW,동일가중 상대성과,정상,0,RSP가 SPY 대비 20일 +2.9%p · 5일 상대성과 -0.19%p,지표 고유의 상태와 다른 시장 영역의 동반 신호를 구분해 확인합니다.,낮음
2026-02-24,CAPE,CAPE,확인 부족,-1,이력 부족: 0/120관측,현재 상태를 판단할 자료가 부족합니다.,확인 부족
2026-02-24,ADV,상승 종목 비율,확인 부족,-1,이력 부족: 0/21관측,현재 상태를 판단할 자료가 부족합니다.,확인 부족
2026-02-24,ABOVE200,200DMA 위 종목 비율,확인 부족,-1,이력 부족: 0/21관측,현재 상태를 판단할 자료가 부족합니다.,확인 부족
2026-02-24,HILO,52주 신고가-신저가 비율,확인 부족,-1,이력 부족: 0/21관측,현재 상태를 판단할 자료가 부족합니다.,확인 부족
2026-02-24,EFFR,미국 기준금리,정상,0,20관측 +0bp · 유지 · EFFR 변화는 목표범위 결정 자체와 구분,금리 하락 또는 상대관계 변화을 관찰합니다. 물가·고용·신용의 동반 움직임으로 의미를 구분합니다.,낮음
2026-02-24,US3M,미국 3개월물 국채수익률,확인 부족,-1,이력 부족: 0/25관측,현재 상태를 판단할 자료가 부족합니다.,확인 부족
2026-02-24,US2Y,미국 2년물 국채수익률,확인 부족,-1,이력 부족: 0/25관측,현재 상태를 판단할 자료가 부족합니다.,확인 부족
2026-02-24,US10Y,미국 10년물 국채수익률,확인 부족,-1,이력 부족: 0/25관측,현재 상태를 판단할 자료가 부족합니다.,확인 부족
2026-02-24,US30Y,미국 30년물 국채수익률,확인 부족,-1,이력 부족: 0/25관측,현재 상태를 판단할 자료가 부족합니다.,확인 부족
2026-02-24,REAL10,미국 10년물 실질금리,확인 부족,-1,이력 부족: 0/25관측,현재 상태를 판단할 자료가 부족합니다.,확인 부족
2026-02-24,TERM,미국 10년물 기간프리미엄,정상,0,과거 504관측 대비 51.6백분위 · 20일 -12bp,금리 하락 또는 상대관계 변화을 관찰합니다. 물가·고용·신용의 동반 움직임으로 의미를 구분합니다.,낮음
2026-02-24,CURVE2,미국 10년물-2년물 금리차,확인 부족,-1,이력 부족: 0/22관측,현재 상태를 판단할 자료가 부족합니다.,확인 부족
2026-02-24,CURVE3,미국 10년물-3개월물 금리차,확인 부족,-1,이력 부족: 0/22관측,현재 상태를 판단할 자료가 부족합니다.,확인 부족
2026-02-24,CURVEFED,미국 10년물-기준금리 차,확인 부족,-1,이력 부족: 0/22관측,현재 상태를 판단할 자료가 부족합니다.,확인 부족
2026-02-24,VIX,VIX,정상,0,VIX 19.6 · 5일 -3.6% · 20일 +19.6% · 5일 -0.7포인트,지표 고유의 상태와 다른 시장 영역의 동반 신호를 구분해 확인합니다.,낮음
2026-02-24,VIXPOS,VIX 1년 위치,참고,0,과거 252관측 대비 69.8백분위,최근 분포에서의 위치입니다. 별도 위험 신호로 중복 집계하지 않습니다.,낮음
2026-02-24,HY,하이일드 OAS,안정,0,HY 2.97%p · 5일 +3bp · 20일 +25bp,지표 고유의 상태와 다른 시장 영역의 동반 신호를 구분해 확인합니다.,낮음
2026-02-24,BBB,BBB OAS,안정,0,BBB 1.02%p · 5일 +1bp · 20일 +9bp,지표 고유의 상태와 다른 시장 영역의 동반 신호를 구분해 확인합니다.,낮음
2026-02-24,HYPOS,HY 1년 위치,참고,0,과거 252관측 대비 54.6백분위,최근 분포에서의 위치입니다. 별도 위험 신호로 중복 집계하지 않습니다.,낮음
2026-02-24,UNEMP,미국 실업률,확인 부족,-1,월간 관측 누락: 달력 기간 계산 보류,현재 상태를 판단할 자료가 부족합니다.,확인 부족
2026-02-24,SAHM,Sahm Rule,확인 부족,-1,월간 관측 누락: 달력 기간 계산 보류,현재 상태를 판단할 자료가 부족합니다.,확인 부족
2026-02-24,CLAIMS,신규실업수당 4주평균,확인 부족,-1,이력 부족: 0/55관측,현재 상태를 판단할 자료가 부족합니다.,확인 부족
2026-02-24,CPI,CPI,확인 부족,-1,이력 부족: 0/16관측,현재 상태를 판단할 자료가 부족합니다.,확인 부족
2026-02-24,CORECPI,근원 CPI,확인 부족,-1,이력 부족: 0/16관측,현재 상태를 판단할 자료가 부족합니다.,확인 부족
2026-02-24,COREPCE,근원 PCE,확인 부족,-1,이력 부족: 0/16관측,현재 상태를 판단할 자료가 부족합니다.,확인 부족
2026-02-24,DXY,달러지수,확인 부족,-1,이력 부족: 0/147관측,현재 상태를 판단할 자료가 부족합니다.,확인 부족
2026-02-24,USDKRW,달러/원,확인 부족,-1,이력 부족: 0/147관측,현재 상태를 판단할 자료가 부족합니다.,확인 부족
2026-02-24,USDJPY,달러/엔,확인 부족,-1,이력 부족: 0/147관측,현재 상태를 판단할 자료가 부족합니다.,확인 부족
2026-02-24,WTI,WTI,확인 부족,-1,이력 부족: 0/147관측,현재 상태를 판단할 자료가 부족합니다.,확인 부족
2026-02-24,GOLD,금,관찰,1,5일 +5.59% · 20일 +1.50% · 변동성 기준 95.2/24.0백분위,가격 움직임은 확인되지만 원인을 구분할 교차 근거가 충분하지 않습니다.,낮음
2026-02-24,SILVER,은,주의,2,5일 +19.07% · 20일 -24.00% · 변동성 기준 98.4/94.4백분위,가격 움직임은 확인되지만 원인을 구분할 교차 근거가 충분하지 않습니다.,낮음
2026-02-24,COPPER,구리,정상,0,5일 +5.15% · 20일 -1.02% · 변동성 기준 84.3/9.3백분위,가격 움직임은 확인되지만 원인을 구분할 교차 근거가 충분하지 않습니다.,낮음
2026-02-25,SP500,S&P500,확인 부족,-1,이력 부족: 0/252관측,현재 상태를 판단할 자료가 부족합니다.,확인 부족
2026-02-25,NASDAQ,Nasdaq,확인 부족,-1,이력 부족: 0/252관측,현재 상태를 판단할 자료가 부족합니다.,확인 부족
2026-02-25,RUSSELL,Russell 2000,정상,0,5일 +0.2% · 20일 -0.1% · 고점 대비 -2.0%,지표 고유의 상태와 다른 시장 영역의 동반 신호를 구분해 확인합니다.,낮음
2026-02-25,MA200,200일 이동평균 이격,확인 부족,-1,이력 부족: 0/200관측,현재 상태를 판단할 자료가 부족합니다.,확인 부족
2026-02-25,EW,동일가중 상대성과,정상,0,RSP가 SPY 대비 20일 +2.7%p · 5일 상대성과 -0.99%p,지표 고유의 상태와 다른 시장 영역의 동반 신호를 구분해 확인합니다.,낮음
2026-02-25,CAPE,CAPE,확인 부족,-1,이력 부족: 0/120관측,현재 상태를 판단할 자료가 부족합니다.,확인 부족
2026-02-25,ADV,상승 종목 비율,확인 부족,-1,이력 부족: 0/21관측,현재 상태를 판단할 자료가 부족합니다.,확인 부족
2026-02-25,ABOVE200,200DMA 위 종목 비율,확인 부족,-1,이력 부족: 0/21관측,현재 상태를 판단할 자료가 부족합니다.,확인 부족
2026-02-25,HILO,52주 신고가-신저가 비율,확인 부족,-1,이력 부족: 0/21관측,현재 상태를 판단할 자료가 부족합니다.,확인 부족
2026-02-25,EFFR,미국 기준금리,정상,0,20관측 +0bp · 유지 · EFFR 변화는 목표범위 결정 자체와 구분,금리 하락 또는 상대관계 변화을 관찰합니다. 물가·고용·신용의 동반 움직임으로 의미를 구분합니다.,낮음
2026-02-25,US3M,미국 3개월물 국채수익률,확인 부족,-1,이력 부족: 0/25관측,현재 상태를 판단할 자료가 부족합니다.,확인 부족
2026-02-25,US2Y,미국 2년물 국채수익률,확인 부족,-1,이력 부족: 0/25관측,현재 상태를 판단할 자료가 부족합니다.,확인 부족
2026-02-25,US10Y,미국 10년물 국채수익률,확인 부족,-1,이력 부족: 0/25관측,현재 상태를 판단할 자료가 부족합니다.,확인 부족
2026-02-25,US30Y,미국 30년물 국채수익률,확인 부족,-1,이력 부족: 0/25관측,현재 상태를 판단할 자료가 부족합니다.,확인 부족
2026-02-25,REAL10,미국 10년물 실질금리,확인 부족,-1,이력 부족: 0/25관측,현재 상태를 판단할 자료가 부족합니다.,확인 부족
2026-02-25,TERM,미국 10년물 기간프리미엄,정상,0,과거 504관측 대비 54.3백분위 · 20일 -12bp,금리 하락 또는 상대관계 변화을 관찰합니다. 물가·고용·신용의 동반 움직임으로 의미를 구분합니다.,낮음
2026-02-25,CURVE2,미국 10년물-2년물 금리차,확인 부족,-1,이력 부족: 0/22관측,현재 상태를 판단할 자료가 부족합니다.,확인 부족
2026-02-25,CURVE3,미국 10년물-3개월물 금리차,확인 부족,-1,이력 부족: 0/22관측,현재 상태를 판단할 자료가 부족합니다.,확인 부족
2026-02-25,CURVEFED,미국 10년물-기준금리 차,확인 부족,-1,이력 부족: 0/22관측,현재 상태를 판단할 자료가 부족합니다.,확인 부족
2026-02-25,VIX,VIX,정상,0,VIX 17.9 · 5일 -8.6% · 20일 +9.7% · 5일 -1.7포인트,지표 고유의 상태와 다른 시장 영역의 동반 신호를 구분해 확인합니다.,낮음
2026-02-25,VIXPOS,VIX 1년 위치,참고,0,과거 252관측 대비 58.7백분위,최근 분포에서의 위치입니다. 별도 위험 신호로 중복 집계하지 않습니다.,낮음
2026-02-25,HY,하이일드 OAS,안정,0,HY 2.94%p · 5일 +8bp · 20일 +17bp,지표 고유의 상태와 다른 시장 영역의 동반 신호를 구분해 확인합니다.,낮음
2026-02-25,BBB,BBB OAS,안정,0,BBB 1.01%p · 5일 +2bp · 20일 +7bp,지표 고유의 상태와 다른 시장 영역의 동반 신호를 구분해 확인합니다.,낮음
2026-02-25,HYPOS,HY 1년 위치,참고,0,과거 252관측 대비 47.6백분위,최근 분포에서의 위치입니다. 별도 위험 신호로 중복 집계하지 않습니다.,낮음
2026-02-25,UNEMP,미국 실업률,확인 부족,-1,월간 관측 누락: 달력 기간 계산 보류,현재 상태를 판단할 자료가 부족합니다.,확인 부족
2026-02-25,SAHM,Sahm Rule,확인 부족,-1,월간 관측 누락: 달력 기간 계산 보류,현재 상태를 판단할 자료가 부족합니다.,확인 부족
2026-02-25,CLAIMS,신규실업수당 4주평균,확인 부족,-1,이력 부족: 0/55관측,현재 상태를 판단할 자료가 부족합니다.,확인 부족
2026-02-25,CPI,CPI,확인 부족,-1,이력 부족: 0/16관측,현재 상태를 판단할 자료가 부족합니다.,확인 부족
2026-02-25,CORECPI,근원 CPI,확인 부족,-1,이력 부족: 0/16관측,현재 상태를 판단할 자료가 부족합니다.,확인 부족
2026-02-25,COREPCE,근원 PCE,확인 부족,-1,이력 부족: 0/16관측,현재 상태를 판단할 자료가 부족합니다.,확인 부족
2026-02-25,DXY,달러지수,확인 부족,-1,이력 부족: 0/147관측,현재 상태를 판단할 자료가 부족합니다.,확인 부족
2026-02-25,USDKRW,달러/원,확인 부족,-1,이력 부족: 0/147관측,현재 상태를 판단할 자료가 부족합니다.,확인 부족
2026-02-25,USDJPY,달러/엔,확인 부족,-1,이력 부족: 0/147관측,현재 상태를 판단할 자료가 부족합니다.,확인 부족
2026-02-25,WTI,WTI,확인 부족,-1,이력 부족: 0/147관측,현재 상태를 판단할 자료가 부족합니다.,확인 부족
2026-02-25,GOLD,금,관찰,1,5일 +4.41% · 20일 +2.49% · 변동성 기준 90.1/36.3백분위,가격 움직임은 확인되지만 원인을 구분할 교차 근거가 충분하지 않습니다.,낮음
2026-02-25,SILVER,은,주의,2,5일 +17.33% · 20일 -13.82% · 변동성 기준 97.6/84.3백분위,가격 움직임은 확인되지만 원인을 구분할 교차 근거가 충분하지 않습니다.,낮음
2026-02-25,COPPER,구리,정상,0,5일 +3.21% · 20일 +2.59% · 변동성 기준 65.5/25.0백분위,가격 움직임은 확인되지만 원인을 구분할 교차 근거가 충분하지 않습니다.,낮음
2026-02-26,SP500,S&P500,확인 부족,-1,이력 부족: 0/252관측,현재 상태를 판단할 자료가 부족합니다.,확인 부족
2026-02-26,NASDAQ,Nasdaq,확인 부족,-1,이력 부족: 0/252관측,현재 상태를 판단할 자료가 부족합니다.,확인 부족
2026-02-26,RUSSELL,Russell 2000,정상,0,5일 +0.5% · 20일 +0.9% · 고점 대비 -1.5%,지표 고유의 상태와 다른 시장 영역의 동반 신호를 구분해 확인합니다.,낮음
2026-02-26,MA200,200일 이동평균 이격,확인 부족,-1,이력 부족: 0/200관측,현재 상태를 판단할 자료가 부족합니다.,확인 부족
2026-02-26,EW,동일가중 상대성과,정상,0,RSP가 SPY 대비 20일 +4.1%p · 5일 상대성과 +0.08%p,지표 고유의 상태와 다른 시장 영역의 동반 신호를 구분해 확인합니다.,낮음
2026-02-26,CAPE,CAPE,확인 부족,-1,이력 부족: 0/120관측,현재 상태를 판단할 자료가 부족합니다.,확인 부족
2026-02-26,ADV,상승 종목 비율,확인 부족,-1,이력 부족: 0/21관측,현재 상태를 판단할 자료가 부족합니다.,확인 부족
2026-02-26,ABOVE200,200DMA 위 종목 비율,확인 부족,-1,이력 부족: 0/21관측,현재 상태를 판단할 자료가 부족합니다.,확인 부족
2026-02-26,HILO,52주 신고가-신저가 비율,확인 부족,-1,이력 부족: 0/21관측,현재 상태를 판단할 자료가 부족합니다.,확인 부족
2026-02-26,EFFR,미국 기준금리,정상,0,20관측 +0bp · 유지 · EFFR 변화는 목표범위 결정 자체와 구분,금리 하락 또는 상대관계 변화을 관찰합니다. 물가·고용·신용의 동반 움직임으로 의미를 구분합니다.,낮음
2026-02-26,US3M,미국 3개월물 국채수익률,확인 부족,-1,이력 부족: 0/25관측,현재 상태를 판단할 자료가 부족합니다.,확인 부족
2026-02-26,US2Y,미국 2년물 국채수익률,확인 부족,-1,이력 부족: 0/25관측,현재 상태를 판단할 자료가 부족합니다.,확인 부족
2026-02-26,US10Y,미국 10년물 국채수익률,확인 부족,-1,이력 부족: 0/25관측,현재 상태를 판단할 자료가 부족합니다.,확인 부족
2026-02-26,US30Y,미국 30년물 국채수익률,확인 부족,-1,이력 부족: 0/25관측,현재 상태를 판단할 자료가 부족합니다.,확인 부족
2026-02-26,REAL10,미국 10년물 실질금리,확인 부족,-1,이력 부족: 0/25관측,현재 상태를 판단할 자료가 부족합니다.,확인 부족
2026-02-26,TERM,미국 10년물 기간프리미엄,정상,0,과거 504관측 대비 46.6백분위 · 20일 -14bp,금리 하락 또는 상대관계 변화을 관찰합니다. 물가·고용·신용의 동반 움직임으로 의미를 구분합니다.,낮음
2026-02-26,CURVE2,미국 10년물-2년물 금리차,확인 부족,-1,이력 부족: 0/22관측,현재 상태를 판단할 자료가 부족합니다.,확인 부족
2026-02-26,CURVE3,미국 10년물-3개월물 금리차,확인 부족,-1,이력 부족: 0/22관측,현재 상태를 판단할 자료가 부족합니다.,확인 부족
2026-02-26,CURVEFED,미국 10년물-기준금리 차,확인 부족,-1,이력 부족: 0/22관측,현재 상태를 판단할 자료가 부족합니다.,확인 부족
2026-02-26,VIX,VIX,정상,0,VIX 18.6 · 5일 -7.9% · 20일 +10.4% · 5일 -1.6포인트,지표 고유의 상태와 다른 시장 영역의 동반 신호를 구분해 확인합니다.,낮음
2026-02-26,VIXPOS,VIX 1년 위치,참고,0,과거 252관측 대비 65.1백분위,최근 분포에서의 위치입니다. 별도 위험 신호로 중복 집계하지 않습니다.,낮음
2026-02-26,HY,하이일드 OAS,안정,0,HY 2.98%p · 5일 +10bp · 20일 +18bp,지표 고유의 상태와 다른 시장 영역의 동반 신호를 구분해 확인합니다.,낮음
2026-02-26,BBB,BBB OAS,안정,0,BBB 1.03%p · 5일 +4bp · 20일 +9bp,지표 고유의 상태와 다른 시장 영역의 동반 신호를 구분해 확인합니다.,낮음
2026-02-26,HYPOS,HY 1년 위치,참고,0,과거 252관측 대비 56.5백분위,최근 분포에서의 위치입니다. 별도 위험 신호로 중복 집계하지 않습니다.,낮음
2026-02-26,UNEMP,미국 실업률,확인 부족,-1,월간 관측 누락: 달력 기간 계산 보류,현재 상태를 판단할 자료가 부족합니다.,확인 부족
2026-02-26,SAHM,Sahm Rule,확인 부족,-1,월간 관측 누락: 달력 기간 계산 보류,현재 상태를 판단할 자료가 부족합니다.,확인 부족
2026-02-26,CLAIMS,신규실업수당 4주평균,확인 부족,-1,이력 부족: 0/55관측,현재 상태를 판단할 자료가 부족합니다.,확인 부족
2026-02-26,CPI,CPI,확인 부족,-1,이력 부족: 0/16관측,현재 상태를 판단할 자료가 부족합니다.,확인 부족
2026-02-26,CORECPI,근원 CPI,확인 부족,-1,이력 부족: 0/16관측,현재 상태를 판단할 자료가 부족합니다.,확인 부족
2026-02-26,COREPCE,근원 PCE,확인 부족,-1,이력 부족: 0/16관측,현재 상태를 판단할 자료가 부족합니다.,확인 부족
2026-02-26,DXY,달러지수,확인 부족,-1,이력 부족: 0/147관측,현재 상태를 판단할 자료가 부족합니다.,확인 부족
2026-02-26,USDKRW,달러/원,확인 부족,-1,이력 부족: 0/147관측,현재 상태를 판단할 자료가 부족합니다.,확인 부족
2026-02-26,USDJPY,달러/엔,확인 부족,-1,이력 부족: 0/147관측,현재 상태를 판단할 자료가 부족합니다.,확인 부족
2026-02-26,WTI,WTI,확인 부족,-1,이력 부족: 0/147관측,현재 상태를 판단할 자료가 부족합니다.,확인 부족
2026-02-26,GOLD,금,정상,0,5일 +4.03% · 20일 -2.36% · 변동성 기준 87.1/33.7백분위,가격 움직임은 확인되지만 원인을 구분할 교차 근거가 충분하지 않습니다.,낮음
2026-02-26,SILVER,은,관찰,1,5일 +12.16% · 20일 -23.09% · 변동성 기준 94.8/93.8백분위,가격 움직임은 확인되지만 원인을 구분할 교차 근거가 충분하지 않습니다.,낮음
2026-02-26,COPPER,구리,정상,0,5일 +3.79% · 20일 +0.92% · 변동성 기준 71.6/8.7백분위,가격 움직임은 확인되지만 원인을 구분할 교차 근거가 충분하지 않습니다.,낮음
2026-02-27,SP500,S&P500,확인 부족,-1,이력 부족: 0/252관측,현재 상태를 판단할 자료가 부족합니다.,확인 부족
2026-02-27,NASDAQ,Nasdaq,확인 부족,-1,이력 부족: 0/252관측,현재 상태를 판단할 자료가 부족합니다.,확인 부족
2026-02-27,RUSSELL,Russell 2000,정상,0,5일 -1.2% · 20일 -0.8% · 고점 대비 -3.2%,지표 고유의 상태와 다른 시장 영역의 동반 신호를 구분해 확인합니다.,낮음
2026-02-27,MA200,200일 이동평균 이격,확인 부족,-1,이력 부족: 0/200관측,현재 상태를 판단할 자료가 부족합니다.,확인 부족
2026-02-27,EW,동일가중 상대성과,정상,0,RSP가 SPY 대비 20일 +4.4%p · 5일 상대성과 +0.93%p,지표 고유의 상태와 다른 시장 영역의 동반 신호를 구분해 확인합니다.,낮음
2026-02-27,CAPE,CAPE,확인 부족,-1,이력 부족: 0/120관측,현재 상태를 판단할 자료가 부족합니다.,확인 부족
2026-02-27,ADV,상승 종목 비율,확인 부족,-1,이력 부족: 0/21관측,현재 상태를 판단할 자료가 부족합니다.,확인 부족
2026-02-27,ABOVE200,200DMA 위 종목 비율,확인 부족,-1,이력 부족: 0/21관측,현재 상태를 판단할 자료가 부족합니다.,확인 부족
2026-02-27,HILO,52주 신고가-신저가 비율,확인 부족,-1,이력 부족: 0/21관측,현재 상태를 판단할 자료가 부족합니다.,확인 부족
2026-02-27,EFFR,미국 기준금리,정상,0,20관측 +0bp · 유지 · EFFR 변화는 목표범위 결정 자체와 구분,금리 하락 또는 상대관계 변화을 관찰합니다. 물가·고용·신용의 동반 움직임으로 의미를 구분합니다.,낮음
2026-02-27,US3M,미국 3개월물 국채수익률,확인 부족,-1,이력 부족: 0/25관측,현재 상태를 판단할 자료가 부족합니다.,확인 부족
2026-02-27,US2Y,미국 2년물 국채수익률,확인 부족,-1,이력 부족: 0/25관측,현재 상태를 판단할 자료가 부족합니다.,확인 부족
2026-02-27,US10Y,미국 10년물 국채수익률,확인 부족,-1,이력 부족: 0/25관측,현재 상태를 판단할 자료가 부족합니다.,확인 부족
2026-02-27,US30Y,미국 30년물 국채수익률,확인 부족,-1,이력 부족: 0/25관측,현재 상태를 판단할 자료가 부족합니다.,확인 부족
2026-02-27,REAL10,미국 10년물 실질금리,확인 부족,-1,이력 부족: 0/25관측,현재 상태를 판단할 자료가 부족합니다.,확인 부족
2026-02-27,TERM,미국 10년물 기간프리미엄,정상,0,과거 504관측 대비 39.7백분위 · 20일 -15bp,금리 하락 또는 상대관계 변화을 관찰합니다. 물가·고용·신용의 동반 움직임으로 의미를 구분합니다.,낮음
2026-02-27,CURVE2,미국 10년물-2년물 금리차,확인 부족,-1,이력 부족: 0/22관측,현재 상태를 판단할 자료가 부족합니다.,확인 부족
2026-02-27,CURVE3,미국 10년물-3개월물 금리차,확인 부족,-1,이력 부족: 0/22관측,현재 상태를 판단할 자료가 부족합니다.,확인 부족
2026-02-27,CURVEFED,미국 10년물-기준금리 차,확인 부족,-1,이력 부족: 0/22관측,현재 상태를 판단할 자료가 부족합니다.,확인 부족
2026-02-27,VIX,VIX,정상,0,VIX 19.9 · 5일 +4.0% · 20일 +13.9% · 5일 +0.8포인트,지표 고유의 상태와 다른 시장 영역의 동반 신호를 구분해 확인합니다.,낮음
2026-02-27,VIXPOS,VIX 1년 위치,참고,0,과거 252관측 대비 72.6백분위,최근 분포에서의 위치입니다. 별도 위험 신호로 중복 집계하지 않습니다.,낮음
2026-02-27,HY,하이일드 OAS,관찰,1,HY 3.10%p · 5일 +24bp · 20일 +22bp,지표 고유의 상태와 다른 시장 영역의 동반 신호를 구분해 확인합니다.,낮음
2026-02-27,BBB,BBB OAS,관찰,1,BBB 1.07%p · 5일 +8bp · 20일 +12bp,지표 고유의 상태와 다른 시장 영역의 동반 신호를 구분해 확인합니다.,낮음
2026-02-27,HYPOS,HY 1년 위치,참고,0,과거 252관측 대비 67.7백분위,최근 분포에서의 위치입니다. 별도 위험 신호로 중복 집계하지 않습니다.,낮음
2026-02-27,UNEMP,미국 실업률,확인 부족,-1,월간 관측 누락: 달력 기간 계산 보류,현재 상태를 판단할 자료가 부족합니다.,확인 부족
2026-02-27,SAHM,Sahm Rule,확인 부족,-1,월간 관측 누락: 달력 기간 계산 보류,현재 상태를 판단할 자료가 부족합니다.,확인 부족
2026-02-27,CLAIMS,신규실업수당 4주평균,확인 부족,-1,이력 부족: 0/55관측,현재 상태를 판단할 자료가 부족합니다.,확인 부족
2026-02-27,CPI,CPI,확인 부족,-1,이력 부족: 0/16관측,현재 상태를 판단할 자료가 부족합니다.,확인 부족
2026-02-27,CORECPI,근원 CPI,확인 부족,-1,이력 부족: 0/16관측,현재 상태를 판단할 자료가 부족합니다.,확인 부족
2026-02-27,COREPCE,근원 PCE,확인 부족,-1,이력 부족: 0/16관측,현재 상태를 판단할 자료가 부족합니다.,확인 부족
2026-02-27,DXY,달러지수,확인 부족,-1,이력 부족: 0/147관측,현재 상태를 판단할 자료가 부족합니다.,확인 부족
2026-02-27,USDKRW,달러/원,확인 부족,-1,이력 부족: 0/147관측,현재 상태를 판단할 자료가 부족합니다.,확인 부족
2026-02-27,USDJPY,달러/엔,확인 부족,-1,이력 부족: 0/147관측,현재 상태를 판단할 자료가 부족합니다.,확인 부족
2026-02-27,WTI,WTI,확인 부족,-1,이력 부족: 0/147관측,현재 상태를 판단할 자료가 부족합니다.,확인 부족
2026-02-27,GOLD,금,정상,0,5일 +3.38% · 20일 -1.65% · 변동성 기준 80.4/25.4백분위,가격 움직임은 확인되지만 원인을 구분할 교차 근거가 충분하지 않습니다.,낮음
2026-02-27,SILVER,은,관찰,1,5일 +12.64% · 20일 -18.73% · 변동성 기준 95.4/91.1백분위,가격 움직임은 확인되지만 원인을 구분할 교차 근거가 충분하지 않습니다.,낮음
2026-02-27,COPPER,구리,정상,0,5일 +2.98% · 20일 -2.77% · 변동성 기준 62.5/27.4백분위,가격 움직임은 확인되지만 원인을 구분할 교차 근거가 충분하지 않습니다.,낮음
2026-03-02,SP500,S&P500,확인 부족,-1,이력 부족: 0/252관측,현재 상태를 판단할 자료가 부족합니다.,확인 부족
2026-03-02,NASDAQ,Nasdaq,확인 부족,-1,이력 부족: 0/252관측,현재 상태를 판단할 자료가 부족합니다.,확인 부족
2026-03-02,RUSSELL,Russell 2000,정상,0,5일 +1.3% · 20일 +1.6% · 고점 대비 -2.3%,지표 고유의 상태와 다른 시장 영역의 동반 신호를 구분해 확인합니다.,낮음
2026-03-02,MA200,200일 이동평균 이격,확인 부족,-1,이력 부족: 0/200관측,현재 상태를 판단할 자료가 부족합니다.,확인 부족
2026-03-02,EW,동일가중 상대성과,정상,0,RSP가 SPY 대비 20일 +4.1%p · 5일 상대성과 +0.77%p,지표 고유의 상태와 다른 시장 영역의 동반 신호를 구분해 확인합니다.,낮음
2026-03-02,CAPE,CAPE,확인 부족,-1,이력 부족: 0/120관측,현재 상태를 판단할 자료가 부족합니다.,확인 부족
2026-03-02,ADV,상승 종목 비율,확인 부족,-1,이력 부족: 0/21관측,현재 상태를 판단할 자료가 부족합니다.,확인 부족
2026-03-02,ABOVE200,200DMA 위 종목 비율,확인 부족,-1,이력 부족: 0/21관측,현재 상태를 판단할 자료가 부족합니다.,확인 부족
2026-03-02,HILO,52주 신고가-신저가 비율,확인 부족,-1,이력 부족: 0/21관측,현재 상태를 판단할 자료가 부족합니다.,확인 부족
2026-03-02,EFFR,미국 기준금리,정상,0,20관측 +0bp · 유지 · EFFR 변화는 목표범위 결정 자체와 구분,금리 하락 또는 상대관계 변화을 관찰합니다. 물가·고용·신용의 동반 움직임으로 의미를 구분합니다.,낮음
2026-03-02,US3M,미국 3개월물 국채수익률,확인 부족,-1,이력 부족: 0/25관측,현재 상태를 판단할 자료가 부족합니다.,확인 부족
2026-03-02,US2Y,미국 2년물 국채수익률,확인 부족,-1,이력 부족: 0/25관측,현재 상태를 판단할 자료가 부족합니다.,확인 부족
2026-03-02,US10Y,미국 10년물 국채수익률,확인 부족,-1,이력 부족: 0/25관측,현재 상태를 판단할 자료가 부족합니다.,확인 부족
2026-03-02,US30Y,미국 30년물 국채수익률,확인 부족,-1,이력 부족: 0/25관측,현재 상태를 판단할 자료가 부족합니다.,확인 부족
2026-03-02,REAL10,미국 10년물 실질금리,확인 부족,-1,이력 부족: 0/25관측,현재 상태를 판단할 자료가 부족합니다.,확인 부족
2026-03-02,TERM,미국 10년물 기간프리미엄,정상,0,과거 504관측 대비 49.0백분위 · 20일 -12bp,금리 하락 또는 상대관계 변화을 관찰합니다. 물가·고용·신용의 동반 움직임으로 의미를 구분합니다.,낮음
2026-03-02,CURVE2,미국 10년물-2년물 금리차,확인 부족,-1,이력 부족: 0/22관측,현재 상태를 판단할 자료가 부족합니다.,확인 부족
2026-03-02,CURVE3,미국 10년물-3개월물 금리차,확인 부족,-1,이력 부족: 0/22관측,현재 상태를 판단할 자료가 부족합니다.,확인 부족
2026-03-02,CURVEFED,미국 10년물-기준금리 차,확인 부족,-1,이력 부족: 0/22관측,현재 상태를 판단할 자료가 부족합니다.,확인 부족
2026-03-02,VIX,VIX,관찰,1,VIX 21.4 · 5일 +2.0% · 20일 +31.2% · 5일 +0.4포인트,지표 고유의 상태와 다른 시장 영역의 동반 신호를 구분해 확인합니다.,낮음
2026-03-02,VIXPOS,VIX 1년 위치,참고,0,과거 252관측 대비 81.3백분위,최근 분포에서의 위치입니다. 별도 위험 신호로 중복 집계하지 않습니다.,낮음
2026-03-02,HY,하이일드 OAS,안정,0,HY 3.03%p · 5일 +6bp · 20일 +18bp,지표 고유의 상태와 다른 시장 영역의 동반 신호를 구분해 확인합니다.,낮음
2026-03-02,BBB,BBB OAS,안정,0,BBB 1.06%p · 5일 +4bp · 20일 +12bp,지표 고유의 상태와 다른 시장 영역의 동반 신호를 구분해 확인합니다.,낮음
2026-03-02,HYPOS,HY 1년 위치,참고,0,과거 252관측 대비 61.9백분위,최근 분포에서의 위치입니다. 별도 위험 신호로 중복 집계하지 않습니다.,낮음
2026-03-02,UNEMP,미국 실업률,확인 부족,-1,월간 관측 누락: 달력 기간 계산 보류,현재 상태를 판단할 자료가 부족합니다.,확인 부족
2026-03-02,SAHM,Sahm Rule,확인 부족,-1,월간 관측 누락: 달력 기간 계산 보류,현재 상태를 판단할 자료가 부족합니다.,확인 부족
2026-03-02,CLAIMS,신규실업수당 4주평균,확인 부족,-1,이력 부족: 0/55관측,현재 상태를 판단할 자료가 부족합니다.,확인 부족
2026-03-02,CPI,CPI,확인 부족,-1,이력 부족: 0/16관측,현재 상태를 판단할 자료가 부족합니다.,확인 부족
2026-03-02,CORECPI,근원 CPI,확인 부족,-1,이력 부족: 0/16관측,현재 상태를 판단할 자료가 부족합니다.,확인 부족
2026-03-02,COREPCE,근원 PCE,확인 부족,-1,이력 부족: 0/16관측,현재 상태를 판단할 자료가 부족합니다.,확인 부족
2026-03-02,DXY,달러지수,확인 부족,-1,이력 부족: 0/147관측,현재 상태를 판단할 자료가 부족합니다.,확인 부족
2026-03-02,USDKRW,달러/원,확인 부족,-1,이력 부족: 0/147관측,현재 상태를 판단할 자료가 부족합니다.,확인 부족
2026-03-02,USDJPY,달러/엔,확인 부족,-1,이력 부족: 0/147관측,현재 상태를 판단할 자료가 부족합니다.,확인 부족
2026-03-02,WTI,WTI,확인 부족,-1,이력 부족: 0/147관측,현재 상태를 판단할 자료가 부족합니다.,확인 부족
2026-03-02,GOLD,금,주의,2,5일 +1.72% · 20일 +12.31% · 변동성 기준 48.6/97.6백분위,가격 움직임은 확인되지만 원인을 구분할 교차 근거가 충분하지 않습니다.,낮음
2026-03-02,SILVER,은,정상,0,5일 +2.04% · 20일 +12.77% · 변동성 기준 37.3/81.3백분위,금과 은이 함께 상승합니다. 귀금속 공통 흐름을 확인합니다.,낮음
2026-03-02,COPPER,구리,정상,0,5일 +2.10% · 20일 -0.04% · 변동성 기준 46.0/0.8백분위,가격 움직임은 확인되지만 원인을 구분할 교차 근거가 충분하지 않습니다.,낮음
2026-03-03,SP500,S&P500,확인 부족,-1,이력 부족: 0/252관측,현재 상태를 판단할 자료가 부족합니다.,확인 부족
2026-03-03,NASDAQ,Nasdaq,확인 부족,-1,이력 부족: 0/252관측,현재 상태를 판단할 자료가 부족합니다.,확인 부족
2026-03-03,RUSSELL,Russell 2000,정상,0,5일 -1.7% · 20일 -1.2% · 고점 대비 -4.1%,지표 고유의 상태와 다른 시장 영역의 동반 신호를 구분해 확인합니다.,보통
2026-03-03,MA200,200일 이동평균 이격,확인 부족,-1,이력 부족: 0/200관측,현재 상태를 판단할 자료가 부족합니다.,확인 부족
2026-03-03,EW,동일가중 상대성과,정상,0,RSP가 SPY 대비 20일 +3.7%p · 5일 상대성과 +0.34%p,지표 고유의 상태와 다른 시장 영역의 동반 신호를 구분해 확인합니다.,보통
2026-03-03,CAPE,CAPE,확인 부족,-1,이력 부족: 0/120관측,현재 상태를 판단할 자료가 부족합니다.,확인 부족
2026-03-03,ADV,상승 종목 비율,확인 부족,-1,이력 부족: 0/21관측,현재 상태를 판단할 자료가 부족합니다.,확인 부족
2026-03-03,ABOVE200,200DMA 위 종목 비율,확인 부족,-1,이력 부족: 0/21관측,현재 상태를 판단할 자료가 부족합니다.,확인 부족
2026-03-03,HILO,52주 신고가-신저가 비율,확인 부족,-1,이력 부족: 0/21관측,현재 상태를 판단할 자료가 부족합니다.,확인 부족
2026-03-03,EFFR,미국 기준금리,정상,0,20관측 +0bp · 유지 · EFFR 변화는 목표범위 결정 자체와 구분,금리 하락 또는 상대관계 변화을 관찰합니다. 물가·고용·신용의 동반 움직임으로 의미를 구분합니다.,낮음
2026-03-03,US3M,미국 3개월물 국채수익률,확인 부족,-1,이력 부족: 0/25관측,현재 상태를 판단할 자료가 부족합니다.,확인 부족
2026-03-03,US2Y,미국 2년물 국채수익률,확인 부족,-1,이력 부족: 0/25관측,현재 상태를 판단할 자료가 부족합니다.,확인 부족
2026-03-03,US10Y,미국 10년물 국채수익률,확인 부족,-1,이력 부족: 0/25관측,현재 상태를 판단할 자료가 부족합니다.,확인 부족
2026-03-03,US30Y,미국 30년물 국채수익률,확인 부족,-1,이력 부족: 0/25관측,현재 상태를 판단할 자료가 부족합니다.,확인 부족
2026-03-03,REAL10,미국 10년물 실질금리,확인 부족,-1,이력 부족: 0/25관측,현재 상태를 판단할 자료가 부족합니다.,확인 부족
2026-03-03,TERM,미국 10년물 기간프리미엄,정상,0,과거 504관측 대비 55.0백분위 · 20일 -13bp,금리 하락 또는 상대관계 변화을 관찰합니다. 물가·고용·신용의 동반 움직임으로 의미를 구분합니다.,낮음
2026-03-03,CURVE2,미국 10년물-2년물 금리차,확인 부족,-1,이력 부족: 0/22관측,현재 상태를 판단할 자료가 부족합니다.,확인 부족
2026-03-03,CURVE3,미국 10년물-3개월물 금리차,확인 부족,-1,이력 부족: 0/22관측,현재 상태를 판단할 자료가 부족합니다.,확인 부족
2026-03-03,CURVEFED,미국 10년물-기준금리 차,확인 부족,-1,이력 부족: 0/22관측,현재 상태를 판단할 자료가 부족합니다.,확인 부족
2026-03-03,VIX,VIX,관찰,1,VIX 23.6 · 5일 +20.6% · 20일 +30.9% · 5일 +4.0포인트,지표 고유의 상태와 다른 시장 영역의 동반 신호를 구분해 확인합니다.,낮음
2026-03-03,VIXPOS,VIX 1년 위치,참고,0,과거 252관측 대비 88.5백분위,최근 분포에서의 위치입니다. 별도 위험 신호로 중복 집계하지 않습니다.,낮음
2026-03-03,HY,하이일드 OAS,안정,0,HY 3.08%p · 5일 +14bp · 20일 +22bp,지표 고유의 상태와 다른 시장 영역의 동반 신호를 구분해 확인합니다.,낮음
2026-03-03,BBB,BBB OAS,관찰,1,BBB 1.06%p · 5일 +5bp · 20일 +11bp,지표 고유의 상태와 다른 시장 영역의 동반 신호를 구분해 확인합니다.,낮음
2026-03-03,HYPOS,HY 1년 위치,참고,0,과거 252관측 대비 65.9백분위,최근 분포에서의 위치입니다. 별도 위험 신호로 중복 집계하지 않습니다.,낮음
2026-03-03,UNEMP,미국 실업률,확인 부족,-1,월간 관측 누락: 달력 기간 계산 보류,현재 상태를 판단할 자료가 부족합니다.,확인 부족
2026-03-03,SAHM,Sahm Rule,확인 부족,-1,월간 관측 누락: 달력 기간 계산 보류,현재 상태를 판단할 자료가 부족합니다.,확인 부족
2026-03-03,CLAIMS,신규실업수당 4주평균,확인 부족,-1,이력 부족: 0/55관측,현재 상태를 판단할 자료가 부족합니다.,확인 부족
2026-03-03,CPI,CPI,확인 부족,-1,이력 부족: 0/16관측,현재 상태를 판단할 자료가 부족합니다.,확인 부족
2026-03-03,CORECPI,근원 CPI,확인 부족,-1,이력 부족: 0/16관측,현재 상태를 판단할 자료가 부족합니다.,확인 부족
2026-03-03,COREPCE,근원 PCE,확인 부족,-1,이력 부족: 0/16관측,현재 상태를 판단할 자료가 부족합니다.,확인 부족
2026-03-03,DXY,달러지수,확인 부족,-1,이력 부족: 0/147관측,현재 상태를 판단할 자료가 부족합니다.,확인 부족
2026-03-03,USDKRW,달러/원,확인 부족,-1,이력 부족: 0/147관측,현재 상태를 판단할 자료가 부족합니다.,확인 부족
2026-03-03,USDJPY,달러/엔,확인 부족,-1,이력 부족: 0/147관측,현재 상태를 판단할 자료가 부족합니다.,확인 부족
2026-03-03,WTI,WTI,확인 부족,-1,이력 부족: 0/147관측,현재 상태를 판단할 자료가 부족합니다.,확인 부족
2026-03-03,GOLD,금,관찰,1,5일 -0.94% · 20일 +10.49% · 변동성 기준 27.2/94.6백분위,금 상승과 여러 시장의 불안 신호가 겹쳐 안전자산 선호와 부합합니다.,낮음
2026-03-03,SILVER,은,정상,0,5일 -5.18% · 20일 +8.00% · 변동성 기준 73.8/58.9백분위,금과 은이 함께 상승합니다. 귀금속 공통 흐름을 확인합니다.,낮음
2026-03-03,COPPER,구리,정상,0,5일 -2.52% · 20일 -0.48% · 변동성 기준 53.8/5.2백분위,가격 움직임은 확인되지만 원인을 구분할 교차 근거가 충분하지 않습니다.,낮음
2026-03-04,SP500,S&P500,확인 부족,-1,이력 부족: 0/252관측,현재 상태를 판단할 자료가 부족합니다.,확인 부족
2026-03-04,NASDAQ,Nasdaq,확인 부족,-1,이력 부족: 0/252관측,현재 상태를 판단할 자료가 부족합니다.,확인 부족
2026-03-04,RUSSELL,Russell 2000,정상,0,5일 -1.0% · 20일 -0.5% · 고점 대비 -3.0%,지표 고유의 상태와 다른 시장 영역의 동반 신호를 구분해 확인합니다.,낮음
2026-03-04,MA200,200일 이동평균 이격,확인 부족,-1,이력 부족: 0/200관측,현재 상태를 판단할 자료가 부족합니다.,확인 부족
2026-03-04,EW,동일가중 상대성과,정상,0,RSP가 SPY 대비 20일 +2.8%p · 5일 상대성과 +0.82%p,지표 고유의 상태와 다른 시장 영역의 동반 신호를 구분해 확인합니다.,낮음
2026-03-04,CAPE,CAPE,확인 부족,-1,이력 부족: 0/120관측,현재 상태를 판단할 자료가 부족합니다.,확인 부족
2026-03-04,ADV,상승 종목 비율,확인 부족,-1,이력 부족: 0/21관측,현재 상태를 판단할 자료가 부족합니다.,확인 부족
2026-03-04,ABOVE200,200DMA 위 종목 비율,확인 부족,-1,이력 부족: 0/21관측,현재 상태를 판단할 자료가 부족합니다.,확인 부족
2026-03-04,HILO,52주 신고가-신저가 비율,확인 부족,-1,이력 부족: 0/21관측,현재 상태를 판단할 자료가 부족합니다.,확인 부족
2026-03-04,EFFR,미국 기준금리,정상,0,20관측 +0bp · 유지 · EFFR 변화는 목표범위 결정 자체와 구분,금리 하락 또는 상대관계 변화을 관찰합니다. 물가·고용·신용의 동반 움직임으로 의미를 구분합니다.,낮음
2026-03-04,US3M,미국 3개월물 국채수익률,확인 부족,-1,이력 부족: 0/25관측,현재 상태를 판단할 자료가 부족합니다.,확인 부족
2026-03-04,US2Y,미국 2년물 국채수익률,확인 부족,-1,이력 부족: 0/25관측,현재 상태를 판단할 자료가 부족합니다.,확인 부족
2026-03-04,US10Y,미국 10년물 국채수익률,확인 부족,-1,이력 부족: 0/25관측,현재 상태를 판단할 자료가 부족합니다.,확인 부족
2026-03-04,US30Y,미국 30년물 국채수익률,확인 부족,-1,이력 부족: 0/25관측,현재 상태를 판단할 자료가 부족합니다.,확인 부족
2026-03-04,REAL10,미국 10년물 실질금리,확인 부족,-1,이력 부족: 0/25관측,현재 상태를 판단할 자료가 부족합니다.,확인 부족
2026-03-04,TERM,미국 10년물 기간프리미엄,정상,0,과거 504관측 대비 61.3백분위 · 20일 -11bp,금리 하락 또는 상대관계 변화을 관찰합니다. 물가·고용·신용의 동반 움직임으로 의미를 구분합니다.,낮음
2026-03-04,CURVE2,미국 10년물-2년물 금리차,확인 부족,-1,이력 부족: 0/22관측,현재 상태를 판단할 자료가 부족합니다.,확인 부족
2026-03-04,CURVE3,미국 10년물-3개월물 금리차,확인 부족,-1,이력 부족: 0/22관측,현재 상태를 판단할 자료가 부족합니다.,확인 부족
2026-03-04,CURVEFED,미국 10년물-기준금리 차,확인 부족,-1,이력 부족: 0/22관측,현재 상태를 판단할 자료가 부족합니다.,확인 부족
2026-03-04,VIX,VIX,관찰,1,VIX 21.1 · 5일 +18.0% · 20일 +13.5% · 5일 +3.2포인트,지표 고유의 상태와 다른 시장 영역의 동반 신호를 구분해 확인합니다.,낮음
2026-03-04,VIXPOS,VIX 1년 위치,참고,0,과거 252관측 대비 81.0백분위,최근 분포에서의 위치입니다. 별도 위험 신호로 중복 집계하지 않습니다.,낮음
2026-03-04,HY,하이일드 OAS,안정,0,HY 2.97%p · 5일 -1bp · 20일 +0bp,지표 고유의 상태와 다른 시장 영역의 동반 신호를 구분해 확인합니다.,낮음
2026-03-04,BBB,BBB OAS,안정,0,BBB 1.03%p · 5일 +0bp · 20일 +7bp,지표 고유의 상태와 다른 시장 영역의 동반 신호를 구분해 확인합니다.,낮음
2026-03-04,HYPOS,HY 1년 위치,참고,0,과거 252관측 대비 55.2백분위,최근 분포에서의 위치입니다. 별도 위험 신호로 중복 집계하지 않습니다.,낮음
2026-03-04,UNEMP,미국 실업률,확인 부족,-1,월간 관측 누락: 달력 기간 계산 보류,현재 상태를 판단할 자료가 부족합니다.,확인 부족
2026-03-04,SAHM,Sahm Rule,확인 부족,-1,월간 관측 누락: 달력 기간 계산 보류,현재 상태를 판단할 자료가 부족합니다.,확인 부족
2026-03-04,CLAIMS,신규실업수당 4주평균,확인 부족,-1,이력 부족: 0/55관측,현재 상태를 판단할 자료가 부족합니다.,확인 부족
2026-03-04,CPI,CPI,확인 부족,-1,이력 부족: 0/16관측,현재 상태를 판단할 자료가 부족합니다.,확인 부족
2026-03-04,CORECPI,근원 CPI,확인 부족,-1,이력 부족: 0/16관측,현재 상태를 판단할 자료가 부족합니다.,확인 부족
2026-03-04,COREPCE,근원 PCE,확인 부족,-1,이력 부족: 0/16관측,현재 상태를 판단할 자료가 부족합니다.,확인 부족
2026-03-04,DXY,달러지수,확인 부족,-1,이력 부족: 0/147관측,현재 상태를 판단할 자료가 부족합니다.,확인 부족
2026-03-04,USDKRW,달러/원,확인 부족,-1,이력 부족: 0/147관측,현재 상태를 판단할 자료가 부족합니다.,확인 부족
2026-03-04,USDJPY,달러/엔,확인 부족,-1,이력 부족: 0/147관측,현재 상태를 판단할 자료가 부족합니다.,확인 부족
2026-03-04,WTI,WTI,확인 부족,-1,이력 부족: 0/147관측,현재 상태를 판단할 자료가 부족합니다.,확인 부족
2026-03-04,GOLD,금,정상,0,5일 -1.66% · 20일 +4.42% · 변동성 기준 47.4/56.2백분위,가격 움직임은 확인되지만 원인을 구분할 교차 근거가 충분하지 않습니다.,낮음
2026-03-04,SILVER,은,관찰,1,5일 -9.13% · 20일 -0.49% · 변동성 기준 90.1/4.6백분위,가격 움직임은 확인되지만 원인을 구분할 교차 근거가 충분하지 않습니다.,낮음
2026-03-04,COPPER,구리,정상,0,5일 -2.08% · 20일 -3.42% · 변동성 기준 45.4/31.5백분위,가격 움직임은 확인되지만 원인을 구분할 교차 근거가 충분하지 않습니다.,낮음
2026-03-05,SP500,S&P500,확인 부족,-1,이력 부족: 0/252관측,현재 상태를 판단할 자료가 부족합니다.,확인 부족
2026-03-05,NASDAQ,Nasdaq,확인 부족,-1,이력 부족: 0/252관측,현재 상태를 판단할 자료가 부족합니다.,확인 부족
2026-03-05,RUSSELL,Russell 2000,관찰,1,5일 -3.4% · 20일 -1.5% · 고점 대비 -4.9%,지표 고유의 상태와 다른 시장 영역의 동반 신호를 구분해 확인합니다.,낮음
2026-03-05,MA200,200일 이동평균 이격,확인 부족,-1,이력 부족: 0/200관측,현재 상태를 판단할 자료가 부족합니다.,확인 부족
2026-03-05,EW,동일가중 상대성과,정상,0,RSP가 SPY 대비 20일 +0.8%p · 5일 상대성과 -0.89%p,지표 고유의 상태와 다른 시장 영역의 동반 신호를 구분해 확인합니다.,낮음
2026-03-05,CAPE,CAPE,확인 부족,-1,이력 부족: 0/120관측,현재 상태를 판단할 자료가 부족합니다.,확인 부족
2026-03-05,ADV,상승 종목 비율,확인 부족,-1,이력 부족: 0/21관측,현재 상태를 판단할 자료가 부족합니다.,확인 부족
2026-03-05,ABOVE200,200DMA 위 종목 비율,확인 부족,-1,이력 부족: 0/21관측,현재 상태를 판단할 자료가 부족합니다.,확인 부족
2026-03-05,HILO,52주 신고가-신저가 비율,확인 부족,-1,이력 부족: 0/21관측,현재 상태를 판단할 자료가 부족합니다.,확인 부족
2026-03-05,EFFR,미국 기준금리,정상,0,20관측 +0bp · 유지 · EFFR 변화는 목표범위 결정 자체와 구분,금리 하락 또는 상대관계 변화을 관찰합니다. 물가·고용·신용의 동반 움직임으로 의미를 구분합니다.,낮음
2026-03-05,US3M,미국 3개월물 국채수익률,확인 부족,-1,이력 부족: 0/25관측,현재 상태를 판단할 자료가 부족합니다.,확인 부족
2026-03-05,US2Y,미국 2년물 국채수익률,확인 부족,-1,이력 부족: 0/25관측,현재 상태를 판단할 자료가 부족합니다.,확인 부족
2026-03-05,US10Y,미국 10년물 국채수익률,확인 부족,-1,이력 부족: 0/25관측,현재 상태를 판단할 자료가 부족합니다.,확인 부족
2026-03-05,US30Y,미국 30년물 국채수익률,확인 부족,-1,이력 부족: 0/25관측,현재 상태를 판단할 자료가 부족합니다.,확인 부족
2026-03-05,REAL10,미국 10년물 실질금리,확인 부족,-1,이력 부족: 0/25관측,현재 상태를 판단할 자료가 부족합니다.,확인 부족
2026-03-05,TERM,미국 10년물 기간프리미엄,정상,0,과거 504관측 대비 68.5백분위 · 20일 -10bp,금리 하락 또는 상대관계 변화을 관찰합니다. 물가·고용·신용의 동반 움직임으로 의미를 구분합니다.,낮음
2026-03-05,CURVE2,미국 10년물-2년물 금리차,확인 부족,-1,이력 부족: 0/22관측,현재 상태를 판단할 자료가 부족합니다.,확인 부족
2026-03-05,CURVE3,미국 10년물-3개월물 금리차,확인 부족,-1,이력 부족: 0/22관측,현재 상태를 판단할 자료가 부족합니다.,확인 부족
2026-03-05,CURVEFED,미국 10년물-기준금리 차,확인 부족,-1,이력 부족: 0/22관측,현재 상태를 판단할 자료가 부족합니다.,확인 부족
2026-03-05,VIX,VIX,관찰,1,VIX 23.8 · 5일 +27.5% · 20일 +9.1% · 5일 +5.1포인트,지표 고유의 상태와 다른 시장 영역의 동반 신호를 구분해 확인합니다.,낮음
2026-03-05,VIXPOS,VIX 1년 위치,참고,0,과거 252관측 대비 90.1백분위,최근 분포에서의 위치입니다. 별도 위험 신호로 중복 집계하지 않습니다.,낮음
2026-03-05,HY,하이일드 OAS,안정,0,HY 3.00%p · 5일 -10bp · 20일 +13bp,지표 고유의 상태와 다른 시장 영역의 동반 신호를 구분해 확인합니다.,보통
2026-03-05,BBB,BBB OAS,안정,0,BBB 1.04%p · 5일 -3bp · 20일 +8bp,지표 고유의 상태와 다른 시장 영역의 동반 신호를 구분해 확인합니다.,보통
2026-03-05,HYPOS,HY 1년 위치,참고,0,과거 252관측 대비 59.3백분위,최근 분포에서의 위치입니다. 별도 위험 신호로 중복 집계하지 않습니다.,보통
2026-03-05,UNEMP,미국 실업률,확인 부족,-1,월간 관측 누락: 달력 기간 계산 보류,현재 상태를 판단할 자료가 부족합니다.,확인 부족
2026-03-05,SAHM,Sahm Rule,확인 부족,-1,월간 관측 누락: 달력 기간 계산 보류,현재 상태를 판단할 자료가 부족합니다.,확인 부족
2026-03-05,CLAIMS,신규실업수당 4주평균,확인 부족,-1,이력 부족: 0/55관측,현재 상태를 판단할 자료가 부족합니다.,확인 부족
2026-03-05,CPI,CPI,확인 부족,-1,이력 부족: 0/16관측,현재 상태를 판단할 자료가 부족합니다.,확인 부족
2026-03-05,CORECPI,근원 CPI,확인 부족,-1,이력 부족: 0/16관측,현재 상태를 판단할 자료가 부족합니다.,확인 부족
2026-03-05,COREPCE,근원 PCE,확인 부족,-1,이력 부족: 0/16관측,현재 상태를 판단할 자료가 부족합니다.,확인 부족
2026-03-05,DXY,달러지수,확인 부족,-1,이력 부족: 0/147관측,현재 상태를 판단할 자료가 부족합니다.,확인 부족
2026-03-05,USDKRW,달러/원,확인 부족,-1,이력 부족: 0/147관측,현재 상태를 판단할 자료가 부족합니다.,확인 부족
2026-03-05,USDJPY,달러/엔,확인 부족,-1,이력 부족: 0/147관측,현재 상태를 판단할 자료가 부족합니다.,확인 부족
2026-03-05,WTI,WTI,확인 부족,-1,이력 부족: 0/147관측,현재 상태를 판단할 자료가 부족합니다.,확인 부족
2026-03-05,GOLD,금,정상,0,5일 -2.15% · 20일 +2.94% · 변동성 기준 58.7/39.9백분위,금 상승과 여러 시장의 불안 신호가 겹쳐 안전자산 선호와 부합합니다.,낮음
2026-03-05,SILVER,은,정상,0,5일 -6.10% · 20일 -2.94% · 변동성 기준 79.0/25.0백분위,가격 움직임은 확인되지만 원인을 구분할 교차 근거가 충분하지 않습니다.,낮음
2026-03-05,COPPER,구리,정상,0,5일 -3.26% · 20일 -1.25% · 변동성 기준 65.5/10.9백분위,가격 움직임은 확인되지만 원인을 구분할 교차 근거가 충분하지 않습니다.,낮음
2026-03-06,SP500,S&P500,확인 부족,-1,이력 부족: 0/252관측,현재 상태를 판단할 자료가 부족합니다.,확인 부족
2026-03-06,NASDAQ,Nasdaq,확인 부족,-1,이력 부족: 0/252관측,현재 상태를 판단할 자료가 부족합니다.,확인 부족
2026-03-06,RUSSELL,Russell 2000,주의,2,5일 -4.1% · 20일 -2.0% · 고점 대비 -7.1%,지표 고유의 상태와 다른 시장 영역의 동반 신호를 구분해 확인합니다.,낮음
2026-03-06,MA200,200일 이동평균 이격,확인 부족,-1,이력 부족: 0/200관측,현재 상태를 판단할 자료가 부족합니다.,확인 부족
2026-03-06,EW,동일가중 상대성과,정상,0,RSP가 SPY 대비 20일 +0.6%p · 5일 상대성과 -1.34%p,지표 고유의 상태와 다른 시장 영역의 동반 신호를 구분해 확인합니다.,낮음
2026-03-06,CAPE,CAPE,확인 부족,-1,이력 부족: 0/120관측,현재 상태를 판단할 자료가 부족합니다.,확인 부족
2026-03-06,ADV,상승 종목 비율,확인 부족,-1,이력 부족: 0/21관측,현재 상태를 판단할 자료가 부족합니다.,확인 부족
2026-03-06,ABOVE200,200DMA 위 종목 비율,확인 부족,-1,이력 부족: 0/21관측,현재 상태를 판단할 자료가 부족합니다.,확인 부족
2026-03-06,HILO,52주 신고가-신저가 비율,확인 부족,-1,이력 부족: 0/21관측,현재 상태를 판단할 자료가 부족합니다.,확인 부족
2026-03-06,EFFR,미국 기준금리,정상,0,20관측 +0bp · 유지 · EFFR 변화는 목표범위 결정 자체와 구분,금리 하락 또는 상대관계 변화을 관찰합니다. 물가·고용·신용의 동반 움직임으로 의미를 구분합니다.,낮음
2026-03-06,US3M,미국 3개월물 국채수익률,확인 부족,-1,이력 부족: 0/25관측,현재 상태를 판단할 자료가 부족합니다.,확인 부족
2026-03-06,US2Y,미국 2년물 국채수익률,확인 부족,-1,이력 부족: 0/25관측,현재 상태를 판단할 자료가 부족합니다.,확인 부족
2026-03-06,US10Y,미국 10년물 국채수익률,확인 부족,-1,이력 부족: 0/25관측,현재 상태를 판단할 자료가 부족합니다.,확인 부족
2026-03-06,US30Y,미국 30년물 국채수익률,확인 부족,-1,이력 부족: 0/25관측,현재 상태를 판단할 자료가 부족합니다.,확인 부족
2026-03-06,REAL10,미국 10년물 실질금리,확인 부족,-1,이력 부족: 0/25관측,현재 상태를 판단할 자료가 부족합니다.,확인 부족
2026-03-06,TERM,미국 10년물 기간프리미엄,정상,0,과거 504관측 대비 71.6백분위 · 20일 -5bp,금리 하락 또는 상대관계 변화을 관찰합니다. 물가·고용·신용의 동반 움직임으로 의미를 구분합니다.,낮음
2026-03-06,CURVE2,미국 10년물-2년물 금리차,확인 부족,-1,이력 부족: 0/22관측,현재 상태를 판단할 자료가 부족합니다.,확인 부족
2026-03-06,CURVE3,미국 10년물-3개월물 금리차,확인 부족,-1,이력 부족: 0/22관측,현재 상태를 판단할 자료가 부족합니다.,확인 부족
2026-03-06,CURVEFED,미국 10년물-기준금리 차,확인 부족,-1,이력 부족: 0/22관측,현재 상태를 판단할 자료가 부족합니다.,확인 부족
2026-03-06,VIX,VIX,주의,2,VIX 29.5 · 5일 +48.5% · 20일 +66.0% · 5일 +9.6포인트,지표 고유의 상태와 다른 시장 영역의 동반 신호를 구분해 확인합니다.,낮음
2026-03-06,VIXPOS,VIX 1년 위치,참고,0,과거 252관측 대비 94.8백분위,최근 분포에서의 위치입니다. 별도 위험 신호로 중복 집계하지 않습니다.,낮음
2026-03-06,HY,하이일드 OAS,안정,0,HY 3.13%p · 5일 +1bp · 20일 +29bp,지표 고유의 상태와 다른 시장 영역의 동반 신호를 구분해 확인합니다.,보통
2026-03-06,BBB,BBB OAS,안정,0,BBB 1.06%p · 5일 -2bp · 20일 +10bp,지표 고유의 상태와 다른 시장 영역의 동반 신호를 구분해 확인합니다.,보통
2026-03-06,HYPOS,HY 1년 위치,참고,0,과거 252관측 대비 73.6백분위,최근 분포에서의 위치입니다. 별도 위험 신호로 중복 집계하지 않습니다.,보통
2026-03-06,UNEMP,미국 실업률,확인 부족,-1,월간 관측 누락: 달력 기간 계산 보류,현재 상태를 판단할 자료가 부족합니다.,확인 부족
2026-03-06,SAHM,Sahm Rule,확인 부족,-1,월간 관측 누락: 달력 기간 계산 보류,현재 상태를 판단할 자료가 부족합니다.,확인 부족
2026-03-06,CLAIMS,신규실업수당 4주평균,확인 부족,-1,이력 부족: 0/55관측,현재 상태를 판단할 자료가 부족합니다.,확인 부족
2026-03-06,CPI,CPI,확인 부족,-1,이력 부족: 0/16관측,현재 상태를 판단할 자료가 부족합니다.,확인 부족
2026-03-06,CORECPI,근원 CPI,확인 부족,-1,이력 부족: 0/16관측,현재 상태를 판단할 자료가 부족합니다.,확인 부족
2026-03-06,COREPCE,근원 PCE,확인 부족,-1,이력 부족: 0/16관측,현재 상태를 판단할 자료가 부족합니다.,확인 부족
2026-03-06,DXY,달러지수,확인 부족,-1,이력 부족: 0/147관측,현재 상태를 판단할 자료가 부족합니다.,확인 부족
2026-03-06,USDKRW,달러/원,확인 부족,-1,이력 부족: 0/147관측,현재 상태를 판단할 자료가 부족합니다.,확인 부족
2026-03-06,USDJPY,달러/엔,확인 부족,-1,이력 부족: 0/147관측,현재 상태를 판단할 자료가 부족합니다.,확인 부족
2026-03-06,WTI,WTI,확인 부족,-1,이력 부족: 0/147관측,현재 상태를 판단할 자료가 부족합니다.,확인 부족
2026-03-06,GOLD,금,정상,0,5일 -1.61% · 20일 +5.86% · 변동성 기준 47.0/68.1백분위,금 상승과 여러 시장의 불안 신호가 겹쳐 안전자산 선호와 부합합니다.,낮음
2026-03-06,SILVER,은,관찰,1,5일 -9.57% · 20일 +9.52% · 변동성 기준 90.5/67.7백분위,금과 은이 함께 상승합니다. 귀금속 공통 흐름을 확인합니다.,낮음
2026-03-06,COPPER,구리,정상,0,5일 -4.12% · 20일 -0.72% · 변동성 기준 76.2/6.5백분위,가격 움직임은 확인되지만 원인을 구분할 교차 근거가 충분하지 않습니다.,낮음
2026-03-09,SP500,S&P500,확인 부족,-1,이력 부족: 0/252관측,현재 상태를 판단할 자료가 부족합니다.,확인 부족
2026-03-09,NASDAQ,Nasdaq,확인 부족,-1,이력 부족: 0/252관측,현재 상태를 판단할 자료가 부족합니다.,확인 부족
2026-03-09,RUSSELL,Russell 2000,관찰,1,5일 -3.9% · 20일 -4.4% · 고점 대비 -6.1%,지표 고유의 상태와 다른 시장 영역의 동반 신호를 구분해 확인합니다.,보통
2026-03-09,MA200,200일 이동평균 이격,확인 부족,-1,이력 부족: 0/200관측,현재 상태를 판단할 자료가 부족합니다.,확인 부족
2026-03-09,EW,동일가중 상대성과,정상,0,RSP가 SPY 대비 20일 +0.0%p · 5일 상대성과 -1.69%p,지표 고유의 상태와 다른 시장 영역의 동반 신호를 구분해 확인합니다.,보통
2026-03-09,CAPE,CAPE,확인 부족,-1,이력 부족: 0/120관측,현재 상태를 판단할 자료가 부족합니다.,확인 부족
2026-03-09,ADV,상승 종목 비율,확인 부족,-1,이력 부족: 0/21관측,현재 상태를 판단할 자료가 부족합니다.,확인 부족
2026-03-09,ABOVE200,200DMA 위 종목 비율,확인 부족,-1,이력 부족: 0/21관측,현재 상태를 판단할 자료가 부족합니다.,확인 부족
2026-03-09,HILO,52주 신고가-신저가 비율,확인 부족,-1,이력 부족: 0/21관측,현재 상태를 판단할 자료가 부족합니다.,확인 부족
2026-03-09,EFFR,미국 기준금리,정상,0,20관측 +0bp · 유지 · EFFR 변화는 목표범위 결정 자체와 구분,금리 하락 또는 상대관계 변화을 관찰합니다. 물가·고용·신용의 동반 움직임으로 의미를 구분합니다.,보통
2026-03-09,US3M,미국 3개월물 국채수익률,확인 부족,-1,이력 부족: 0/25관측,현재 상태를 판단할 자료가 부족합니다.,확인 부족
2026-03-09,US2Y,미국 2년물 국채수익률,확인 부족,-1,이력 부족: 0/25관측,현재 상태를 판단할 자료가 부족합니다.,확인 부족
2026-03-09,US10Y,미국 10년물 국채수익률,확인 부족,-1,이력 부족: 0/25관측,현재 상태를 판단할 자료가 부족합니다.,확인 부족
2026-03-09,US30Y,미국 30년물 국채수익률,확인 부족,-1,이력 부족: 0/25관측,현재 상태를 판단할 자료가 부족합니다.,확인 부족
2026-03-09,REAL10,미국 10년물 실질금리,확인 부족,-1,이력 부족: 0/25관측,현재 상태를 판단할 자료가 부족합니다.,확인 부족
2026-03-09,TERM,미국 10년물 기간프리미엄,정상,0,과거 504관측 대비 69.2백분위 · 20일 -6bp,금리 하락 또는 상대관계 변화을 관찰합니다. 물가·고용·신용의 동반 움직임으로 의미를 구분합니다.,보통
2026-03-09,CURVE2,미국 10년물-2년물 금리차,확인 부족,-1,이력 부족: 0/22관측,현재 상태를 판단할 자료가 부족합니다.,확인 부족
2026-03-09,CURVE3,미국 10년물-3개월물 금리차,확인 부족,-1,이력 부족: 0/22관측,현재 상태를 판단할 자료가 부족합니다.,확인 부족
2026-03-09,CURVEFED,미국 10년물-기준금리 차,확인 부족,-1,이력 부족: 0/22관측,현재 상태를 판단할 자료가 부족합니다.,확인 부족
2026-03-09,VIX,VIX,주의,2,VIX 25.5 · 5일 +18.9% · 20일 +46.9% · 5일 +4.1포인트,지표 고유의 상태와 다른 시장 영역의 동반 신호를 구분해 확인합니다.,보통
2026-03-09,VIXPOS,VIX 1년 위치,참고,0,과거 252관측 대비 93.3백분위,최근 분포에서의 위치입니다. 별도 위험 신호로 중복 집계하지 않습니다.,보통
2026-03-09,HY,하이일드 OAS,관찰,1,HY 3.19%p · 5일 +16bp · 20일 +33bp,지표 고유의 상태와 다른 시장 영역의 동반 신호를 구분해 확인합니다.,보통
2026-03-09,BBB,BBB OAS,안정,0,BBB 1.07%p · 5일 +1bp · 20일 +9bp,지표 고유의 상태와 다른 시장 영역의 동반 신호를 구분해 확인합니다.,보통
2026-03-09,HYPOS,HY 1년 위치,참고,0,과거 252관측 대비 81.2백분위,최근 분포에서의 위치입니다. 별도 위험 신호로 중복 집계하지 않습니다.,보통
2026-03-09,UNEMP,미국 실업률,확인 부족,-1,월간 관측 누락: 달력 기간 계산 보류,현재 상태를 판단할 자료가 부족합니다.,확인 부족
2026-03-09,SAHM,Sahm Rule,확인 부족,-1,월간 관측 누락: 달력 기간 계산 보류,현재 상태를 판단할 자료가 부족합니다.,확인 부족
2026-03-09,CLAIMS,신규실업수당 4주평균,확인 부족,-1,이력 부족: 0/55관측,현재 상태를 판단할 자료가 부족합니다.,확인 부족
2026-03-09,CPI,CPI,확인 부족,-1,이력 부족: 0/16관측,현재 상태를 판단할 자료가 부족합니다.,확인 부족
2026-03-09,CORECPI,근원 CPI,확인 부족,-1,이력 부족: 0/16관측,현재 상태를 판단할 자료가 부족합니다.,확인 부족
2026-03-09,COREPCE,근원 PCE,확인 부족,-1,이력 부족: 0/16관측,현재 상태를 판단할 자료가 부족합니다.,확인 부족
2026-03-09,DXY,달러지수,확인 부족,-1,이력 부족: 0/147관측,현재 상태를 판단할 자료가 부족합니다.,확인 부족
2026-03-09,USDKRW,달러/원,확인 부족,-1,이력 부족: 0/147관측,현재 상태를 판단할 자료가 부족합니다.,확인 부족
2026-03-09,USDJPY,달러/엔,확인 부족,-1,이력 부족: 0/147관측,현재 상태를 판단할 자료가 부족합니다.,확인 부족
2026-03-09,WTI,WTI,확인 부족,-1,이력 부족: 0/147관측,현재 상태를 판단할 자료가 부족합니다.,확인 부족
2026-03-09,GOLD,금,정상,0,5일 -3.83% · 20일 +2.83% · 변동성 기준 85.9/39.5백분위,금 상승과 여러 시장의 불안 신호가 겹쳐 안전자산 선호와 부합합니다.,낮음
2026-03-09,SILVER,은,정상,0,5일 -4.82% · 20일 +9.51% · 변동성 기준 70.4/67.5백분위,가격 움직임은 확인되지만 원인을 구분할 교차 근거가 충분하지 않습니다.,낮음
2026-03-09,COPPER,구리,정상,0,5일 -1.59% · 20일 -1.07% · 변동성 기준 34.7/9.5백분위,가격 움직임은 확인되지만 원인을 구분할 교차 근거가 충분하지 않습니다.,낮음
2026-03-10,SP500,S&P500,확인 부족,-1,이력 부족: 0/252관측,현재 상태를 판단할 자료가 부족합니다.,확인 부족
2026-03-10,NASDAQ,Nasdaq,확인 부족,-1,이력 부족: 0/252관측,현재 상태를 판단할 자료가 부족합니다.,확인 부족
2026-03-10,RUSSELL,Russell 2000,관찰,1,5일 -2.3% · 20일 -5.2% · 고점 대비 -6.3%,지표 고유의 상태와 다른 시장 영역의 동반 신호를 구분해 확인합니다.,낮음
2026-03-10,MA200,200일 이동평균 이격,확인 부족,-1,이력 부족: 0/200관측,현재 상태를 판단할 자료가 부족합니다.,확인 부족
2026-03-10,EW,동일가중 상대성과,정상,0,RSP가 SPY 대비 20일 -0.1%p · 5일 상대성과 -1.94%p,지표 고유의 상태와 다른 시장 영역의 동반 신호를 구분해 확인합니다.,낮음
2026-03-10,CAPE,CAPE,확인 부족,-1,이력 부족: 0/120관측,현재 상태를 판단할 자료가 부족합니다.,확인 부족
2026-03-10,ADV,상승 종목 비율,확인 부족,-1,이력 부족: 0/21관측,현재 상태를 판단할 자료가 부족합니다.,확인 부족
2026-03-10,ABOVE200,200DMA 위 종목 비율,확인 부족,-1,이력 부족: 0/21관측,현재 상태를 판단할 자료가 부족합니다.,확인 부족
2026-03-10,HILO,52주 신고가-신저가 비율,확인 부족,-1,이력 부족: 0/21관측,현재 상태를 판단할 자료가 부족합니다.,확인 부족
2026-03-10,EFFR,미국 기준금리,정상,0,20관측 +0bp · 유지 · EFFR 변화는 목표범위 결정 자체와 구분,금리 하락 또는 상대관계 변화을 관찰합니다. 물가·고용·신용의 동반 움직임으로 의미를 구분합니다.,낮음
2026-03-10,US3M,미국 3개월물 국채수익률,확인 부족,-1,이력 부족: 0/25관측,현재 상태를 판단할 자료가 부족합니다.,확인 부족
2026-03-10,US2Y,미국 2년물 국채수익률,확인 부족,-1,이력 부족: 0/25관측,현재 상태를 판단할 자료가 부족합니다.,확인 부족
2026-03-10,US10Y,미국 10년물 국채수익률,확인 부족,-1,이력 부족: 0/25관측,현재 상태를 판단할 자료가 부족합니다.,확인 부족
2026-03-10,US30Y,미국 30년물 국채수익률,확인 부족,-1,이력 부족: 0/25관측,현재 상태를 판단할 자료가 부족합니다.,확인 부족
2026-03-10,REAL10,미국 10년물 실질금리,확인 부족,-1,이력 부족: 0/25관측,현재 상태를 판단할 자료가 부족합니다.,확인 부족
2026-03-10,TERM,미국 10년물 기간프리미엄,정상,0,과거 504관측 대비 71.8백분위 · 20일 -5bp,금리 하락 또는 상대관계 변화을 관찰합니다. 물가·고용·신용의 동반 움직임으로 의미를 구분합니다.,낮음
2026-03-10,CURVE2,미국 10년물-2년물 금리차,확인 부족,-1,이력 부족: 0/22관측,현재 상태를 판단할 자료가 부족합니다.,확인 부족
2026-03-10,CURVE3,미국 10년물-3개월물 금리차,확인 부족,-1,이력 부족: 0/22관측,현재 상태를 판단할 자료가 부족합니다.,확인 부족
2026-03-10,CURVEFED,미국 10년물-기준금리 차,확인 부족,-1,이력 부족: 0/22관측,현재 상태를 판단할 자료가 부족합니다.,확인 부족
2026-03-10,VIX,VIX,관찰,1,VIX 24.9 · 5일 +5.8% · 20일 +40.1% · 5일 +1.4포인트,지표 고유의 상태와 다른 시장 영역의 동반 신호를 구분해 확인합니다.,낮음
2026-03-10,VIXPOS,VIX 1년 위치,참고,0,과거 252관측 대비 92.1백분위,최근 분포에서의 위치입니다. 별도 위험 신호로 중복 집계하지 않습니다.,낮음
2026-03-10,HY,하이일드 OAS,안정,0,HY 3.06%p · 5일 -2bp · 20일 +22bp,지표 고유의 상태와 다른 시장 영역의 동반 신호를 구분해 확인합니다.,보통
2026-03-10,BBB,BBB OAS,안정,0,BBB 1.06%p · 5일 +0bp · 20일 +8bp,지표 고유의 상태와 다른 시장 영역의 동반 신호를 구분해 확인합니다.,보통
2026-03-10,HYPOS,HY 1년 위치,참고,0,과거 252관측 대비 65.7백분위,최근 분포에서의 위치입니다. 별도 위험 신호로 중복 집계하지 않습니다.,보통
2026-03-10,UNEMP,미국 실업률,확인 부족,-1,월간 관측 누락: 달력 기간 계산 보류,현재 상태를 판단할 자료가 부족합니다.,확인 부족
2026-03-10,SAHM,Sahm Rule,확인 부족,-1,월간 관측 누락: 달력 기간 계산 보류,현재 상태를 판단할 자료가 부족합니다.,확인 부족
2026-03-10,CLAIMS,신규실업수당 4주평균,확인 부족,-1,이력 부족: 0/55관측,현재 상태를 판단할 자료가 부족합니다.,확인 부족
2026-03-10,CPI,CPI,확인 부족,-1,이력 부족: 0/16관측,현재 상태를 판단할 자료가 부족합니다.,확인 부족
2026-03-10,CORECPI,근원 CPI,확인 부족,-1,이력 부족: 0/16관측,현재 상태를 판단할 자료가 부족합니다.,확인 부족
2026-03-10,COREPCE,근원 PCE,확인 부족,-1,이력 부족: 0/16관측,현재 상태를 판단할 자료가 부족합니다.,확인 부족
2026-03-10,DXY,달러지수,확인 부족,-1,이력 부족: 0/147관측,현재 상태를 판단할 자료가 부족합니다.,확인 부족
2026-03-10,USDKRW,달러/원,확인 부족,-1,이력 부족: 0/147관측,현재 상태를 판단할 자료가 부족합니다.,확인 부족
2026-03-10,USDJPY,달러/엔,확인 부족,-1,이력 부족: 0/147관측,현재 상태를 판단할 자료가 부족합니다.,확인 부족
2026-03-10,WTI,WTI,확인 부족,-1,이력 부족: 0/147관측,현재 상태를 판단할 자료가 부족합니다.,확인 부족
2026-03-10,GOLD,금,정상,0,5일 +2.39% · 20일 +3.54% · 변동성 기준 63.9/47.0백분위,금 상승과 여러 시장의 불안 신호가 겹쳐 안전자산 선호와 부합합니다.,낮음
2026-03-10,SILVER,은,정상,0,5일 +7.43% · 20일 +8.55% · 변동성 기준 84.9/63.3백분위,금과 은이 함께 상승합니다. 귀금속 공통 흐름을 확인합니다.,낮음
2026-03-10,COPPER,구리,정상,0,5일 +2.26% · 20일 -0.69% · 변동성 기준 48.6/6.3백분위,가격 움직임은 확인되지만 원인을 구분할 교차 근거가 충분하지 않습니다.,낮음
2026-03-11,SP500,S&P500,확인 부족,-1,이력 부족: 0/252관측,현재 상태를 판단할 자료가 부족합니다.,확인 부족
2026-03-11,NASDAQ,Nasdaq,확인 부족,-1,이력 부족: 0/252관측,현재 상태를 판단할 자료가 부족합니다.,확인 부족
2026-03-11,RUSSELL,Russell 2000,관찰,1,5일 -3.5% · 20일 -5.1% · 고점 대비 -6.5%,지표 고유의 상태와 다른 시장 영역의 동반 신호를 구분해 확인합니다.,보통
2026-03-11,MA200,200일 이동평균 이격,확인 부족,-1,이력 부족: 0/200관측,현재 상태를 판단할 자료가 부족합니다.,확인 부족
2026-03-11,EW,동일가중 상대성과,정상,0,RSP가 SPY 대비 20일 -0.9%p · 5일 상대성과 -1.83%p,지표 고유의 상태와 다른 시장 영역의 동반 신호를 구분해 확인합니다.,보통
2026-03-11,CAPE,CAPE,확인 부족,-1,이력 부족: 0/120관측,현재 상태를 판단할 자료가 부족합니다.,확인 부족
2026-03-11,ADV,상승 종목 비율,확인 부족,-1,이력 부족: 0/21관측,현재 상태를 판단할 자료가 부족합니다.,확인 부족
2026-03-11,ABOVE200,200DMA 위 종목 비율,확인 부족,-1,이력 부족: 0/21관측,현재 상태를 판단할 자료가 부족합니다.,확인 부족
2026-03-11,HILO,52주 신고가-신저가 비율,확인 부족,-1,이력 부족: 0/21관측,현재 상태를 판단할 자료가 부족합니다.,확인 부족
2026-03-11,EFFR,미국 기준금리,정상,0,20관측 +0bp · 유지 · EFFR 변화는 목표범위 결정 자체와 구분,금리 하락 또는 상대관계 변화을 관찰합니다. 물가·고용·신용의 동반 움직임으로 의미를 구분합니다.,보통
2026-03-11,US3M,미국 3개월물 국채수익률,확인 부족,-1,이력 부족: 0/25관측,현재 상태를 판단할 자료가 부족합니다.,확인 부족
2026-03-11,US2Y,미국 2년물 국채수익률,확인 부족,-1,이력 부족: 0/25관측,현재 상태를 판단할 자료가 부족합니다.,확인 부족
2026-03-11,US10Y,미국 10년물 국채수익률,확인 부족,-1,이력 부족: 0/25관측,현재 상태를 판단할 자료가 부족합니다.,확인 부족
2026-03-11,US30Y,미국 30년물 국채수익률,확인 부족,-1,이력 부족: 0/25관측,현재 상태를 판단할 자료가 부족합니다.,확인 부족
2026-03-11,REAL10,미국 10년물 실질금리,확인 부족,-1,이력 부족: 0/25관측,현재 상태를 판단할 자료가 부족합니다.,확인 부족
2026-03-11,TERM,미국 10년물 기간프리미엄,정상,0,과거 504관측 대비 81.5백분위 · 20일 +0bp,금리 상승에 따른 부담을 관찰합니다. 물가·고용·신용의 동반 움직임으로 의미를 구분합니다.,보통
2026-03-11,CURVE2,미국 10년물-2년물 금리차,확인 부족,-1,이력 부족: 0/22관측,현재 상태를 판단할 자료가 부족합니다.,확인 부족
2026-03-11,CURVE3,미국 10년물-3개월물 금리차,확인 부족,-1,이력 부족: 0/22관측,현재 상태를 판단할 자료가 부족합니다.,확인 부족
2026-03-11,CURVEFED,미국 10년물-기준금리 차,확인 부족,-1,이력 부족: 0/22관측,현재 상태를 판단할 자료가 부족합니다.,확인 부족
2026-03-11,VIX,VIX,관찰,1,VIX 24.2 · 5일 +14.6% · 20일 +37.3% · 5일 +3.1포인트,지표 고유의 상태와 다른 시장 영역의 동반 신호를 구분해 확인합니다.,보통
2026-03-11,VIXPOS,VIX 1년 위치,참고,0,과거 252관측 대비 89.7백분위,최근 분포에서의 위치입니다. 별도 위험 신호로 중복 집계하지 않습니다.,보통
2026-03-11,HY,하이일드 OAS,안정,0,HY 3.09%p · 5일 +12bp · 20일 +17bp,지표 고유의 상태와 다른 시장 영역의 동반 신호를 구분해 확인합니다.,보통
2026-03-11,BBB,BBB OAS,관찰,1,BBB 1.09%p · 5일 +6bp · 20일 +10bp,지표 고유의 상태와 다른 시장 영역의 동반 신호를 구분해 확인합니다.,보통
2026-03-11,HYPOS,HY 1년 위치,참고,0,과거 252관측 대비 67.7백분위,최근 분포에서의 위치입니다. 별도 위험 신호로 중복 집계하지 않습니다.,보통
2026-03-11,UNEMP,미국 실업률,확인 부족,-1,월간 관측 누락: 달력 기간 계산 보류,현재 상태를 판단할 자료가 부족합니다.,확인 부족
2026-03-11,SAHM,Sahm Rule,확인 부족,-1,월간 관측 누락: 달력 기간 계산 보류,현재 상태를 판단할 자료가 부족합니다.,확인 부족
2026-03-11,CLAIMS,신규실업수당 4주평균,확인 부족,-1,이력 부족: 0/55관측,현재 상태를 판단할 자료가 부족합니다.,확인 부족
2026-03-11,CPI,CPI,확인 부족,-1,이력 부족: 0/16관측,현재 상태를 판단할 자료가 부족합니다.,확인 부족
2026-03-11,CORECPI,근원 CPI,확인 부족,-1,이력 부족: 0/16관측,현재 상태를 판단할 자료가 부족합니다.,확인 부족
2026-03-11,COREPCE,근원 PCE,확인 부족,-1,이력 부족: 0/16관측,현재 상태를 판단할 자료가 부족합니다.,확인 부족
2026-03-11,DXY,달러지수,확인 부족,-1,이력 부족: 0/147관측,현재 상태를 판단할 자료가 부족합니다.,확인 부족
2026-03-11,USDKRW,달러/원,확인 부족,-1,이력 부족: 0/147관측,현재 상태를 판단할 자료가 부족합니다.,확인 부족
2026-03-11,USDJPY,달러/엔,확인 부족,-1,이력 부족: 0/147관측,현재 상태를 판단할 자료가 부족합니다.,확인 부족
2026-03-11,WTI,WTI,확인 부족,-1,이력 부족: 0/147관측,현재 상태를 판단할 자료가 부족합니다.,확인 부족
2026-03-11,GOLD,금,정상,0,5일 +0.92% · 20일 +3.27% · 변동성 기준 26.2/43.8백분위,금 상승과 여러 시장의 불안 신호가 겹쳐 안전자산 선호와 부합합니다.,보통
2026-03-11,SILVER,은,정상,0,5일 +2.94% · 20일 +6.04% · 변동성 기준 48.2/47.0백분위,금과 은이 함께 상승합니다. 귀금속 공통 흐름을 확인합니다.,낮음
2026-03-11,COPPER,구리,정상,0,5일 -0.16% · 20일 -0.86% · 변동성 기준 2.6/8.1백분위,가격 움직임은 확인되지만 원인을 구분할 교차 근거가 충분하지 않습니다.,낮음
2026-03-12,SP500,S&P500,확인 부족,-1,이력 부족: 0/252관측,현재 상태를 판단할 자료가 부족합니다.,확인 부족
2026-03-12,NASDAQ,Nasdaq,확인 부족,-1,이력 부족: 0/252관측,현재 상태를 판단할 자료가 부족합니다.,확인 부족
2026-03-12,RUSSELL,Russell 2000,관찰,1,5일 -3.7% · 20일 -6.8% · 고점 대비 -8.5%,지표 고유의 상태와 다른 시장 영역의 동반 신호를 구분해 확인합니다.,보통
2026-03-12,MA200,200일 이동평균 이격,확인 부족,-1,이력 부족: 0/200관측,현재 상태를 판단할 자료가 부족합니다.,확인 부족
2026-03-12,EW,동일가중 상대성과,정상,0,RSP가 SPY 대비 20일 -1.1%p · 5일 상대성과 -1.26%p,지표 고유의 상태와 다른 시장 영역의 동반 신호를 구분해 확인합니다.,보통
2026-03-12,CAPE,CAPE,확인 부족,-1,이력 부족: 0/120관측,현재 상태를 판단할 자료가 부족합니다.,확인 부족
2026-03-12,ADV,상승 종목 비율,확인 부족,-1,이력 부족: 0/21관측,현재 상태를 판단할 자료가 부족합니다.,확인 부족
2026-03-12,ABOVE200,200DMA 위 종목 비율,확인 부족,-1,이력 부족: 0/21관측,현재 상태를 판단할 자료가 부족합니다.,확인 부족
2026-03-12,HILO,52주 신고가-신저가 비율,확인 부족,-1,이력 부족: 0/21관측,현재 상태를 판단할 자료가 부족합니다.,확인 부족
2026-03-12,EFFR,미국 기준금리,정상,0,20관측 +0bp · 유지 · EFFR 변화는 목표범위 결정 자체와 구분,금리 하락 또는 상대관계 변화을 관찰합니다. 물가·고용·신용의 동반 움직임으로 의미를 구분합니다.,보통
2026-03-12,US3M,미국 3개월물 국채수익률,확인 부족,-1,이력 부족: 0/25관측,현재 상태를 판단할 자료가 부족합니다.,확인 부족
2026-03-12,US2Y,미국 2년물 국채수익률,확인 부족,-1,이력 부족: 0/25관측,현재 상태를 판단할 자료가 부족합니다.,확인 부족
2026-03-12,US10Y,미국 10년물 국채수익률,확인 부족,-1,이력 부족: 0/25관측,현재 상태를 판단할 자료가 부족합니다.,확인 부족
2026-03-12,US30Y,미국 30년물 국채수익률,확인 부족,-1,이력 부족: 0/25관측,현재 상태를 판단할 자료가 부족합니다.,확인 부족
2026-03-12,REAL10,미국 10년물 실질금리,확인 부족,-1,이력 부족: 0/25관측,현재 상태를 판단할 자료가 부족합니다.,확인 부족
2026-03-12,TERM,미국 10년물 기간프리미엄,정상,0,과거 504관측 대비 89.3백분위 · 20일 +4bp,금리 상승에 따른 부담을 관찰합니다. 물가·고용·신용의 동반 움직임으로 의미를 구분합니다.,보통
2026-03-12,CURVE2,미국 10년물-2년물 금리차,확인 부족,-1,이력 부족: 0/22관측,현재 상태를 판단할 자료가 부족합니다.,확인 부족
2026-03-12,CURVE3,미국 10년물-3개월물 금리차,확인 부족,-1,이력 부족: 0/22관측,현재 상태를 판단할 자료가 부족합니다.,확인 부족
2026-03-12,CURVEFED,미국 10년물-기준금리 차,확인 부족,-1,이력 부족: 0/22관측,현재 상태를 판단할 자료가 부족합니다.,확인 부족
2026-03-12,VIX,VIX,주의,2,VIX 27.3 · 5일 +14.9% · 20일 +31.1% · 5일 +3.5포인트,지표 고유의 상태와 다른 시장 영역의 동반 신호를 구분해 확인합니다.,보통
2026-03-12,VIXPOS,VIX 1년 위치,참고,0,과거 252관측 대비 94.0백분위,최근 분포에서의 위치입니다. 별도 위험 신호로 중복 집계하지 않습니다.,보통
2026-03-12,HY,하이일드 OAS,관찰,1,HY 3.17%p · 5일 +17bp · 20일 +22bp,지표 고유의 상태와 다른 시장 영역의 동반 신호를 구분해 확인합니다.,보통
2026-03-12,BBB,BBB OAS,관찰,1,BBB 1.12%p · 5일 +8bp · 20일 +12bp,지표 고유의 상태와 다른 시장 영역의 동반 신호를 구분해 확인합니다.,보통
2026-03-12,HYPOS,HY 1년 위치,참고,0,과거 252관측 대비 78.2백분위,최근 분포에서의 위치입니다. 별도 위험 신호로 중복 집계하지 않습니다.,보통
2026-03-12,UNEMP,미국 실업률,확인 부족,-1,월간 관측 누락: 달력 기간 계산 보류,현재 상태를 판단할 자료가 부족합니다.,확인 부족
2026-03-12,SAHM,Sahm Rule,확인 부족,-1,월간 관측 누락: 달력 기간 계산 보류,현재 상태를 판단할 자료가 부족합니다.,확인 부족
2026-03-12,CLAIMS,신규실업수당 4주평균,확인 부족,-1,이력 부족: 0/55관측,현재 상태를 판단할 자료가 부족합니다.,확인 부족
2026-03-12,CPI,CPI,확인 부족,-1,이력 부족: 0/16관측,현재 상태를 판단할 자료가 부족합니다.,확인 부족
2026-03-12,CORECPI,근원 CPI,확인 부족,-1,이력 부족: 0/16관측,현재 상태를 판단할 자료가 부족합니다.,확인 부족
2026-03-12,COREPCE,근원 PCE,확인 부족,-1,이력 부족: 0/16관측,현재 상태를 판단할 자료가 부족합니다.,확인 부족
2026-03-12,DXY,달러지수,확인 부족,-1,이력 부족: 0/147관측,현재 상태를 판단할 자료가 부족합니다.,확인 부족
2026-03-12,USDKRW,달러/원,확인 부족,-1,이력 부족: 0/147관측,현재 상태를 판단할 자료가 부족합니다.,확인 부족
2026-03-12,USDJPY,달러/엔,확인 부족,-1,이력 부족: 0/147관측,현재 상태를 판단할 자료가 부족합니다.,확인 부족
2026-03-12,WTI,WTI,확인 부족,-1,이력 부족: 0/147관측,현재 상태를 판단할 자료가 부족합니다.,확인 부족
2026-03-12,GOLD,금,정상,0,5일 +1.00% · 20일 +0.87% · 변동성 기준 28.4/14.7백분위,금 상승과 여러 시장의 불안 신호가 겹쳐 안전자산 선호와 부합합니다.,보통
2026-03-12,SILVER,은,정상,0,5일 +3.65% · 20일 +1.09% · 변동성 기준 58.7/9.7백분위,가격 움직임은 확인되지만 원인을 구분할 교차 근거가 충분하지 않습니다.,낮음
2026-03-12,COPPER,구리,정상,0,5일 +1.24% · 20일 -2.09% · 변동성 기준 27.6/18.3백분위,가격 움직임은 확인되지만 원인을 구분할 교차 근거가 충분하지 않습니다.,낮음
2026-03-13,SP500,S&P500,확인 부족,-1,이력 부족: 0/252관측,현재 상태를 판단할 자료가 부족합니다.,확인 부족
2026-03-13,NASDAQ,Nasdaq,확인 부족,-1,이력 부족: 0/252관측,현재 상태를 판단할 자료가 부족합니다.,확인 부족
2026-03-13,RUSSELL,Russell 2000,관찰,1,5일 -1.8% · 20일 -5.2% · 고점 대비 -8.8%,지표 고유의 상태와 다른 시장 영역의 동반 신호를 구분해 확인합니다.,보통
2026-03-13,MA200,200일 이동평균 이격,확인 부족,-1,이력 부족: 0/200관측,현재 상태를 판단할 자료가 부족합니다.,확인 부족
2026-03-13,EW,동일가중 상대성과,정상,0,RSP가 SPY 대비 20일 -0.8%p · 5일 상대성과 -0.84%p,지표 고유의 상태와 다른 시장 영역의 동반 신호를 구분해 확인합니다.,보통
2026-03-13,CAPE,CAPE,확인 부족,-1,이력 부족: 0/120관측,현재 상태를 판단할 자료가 부족합니다.,확인 부족
2026-03-13,ADV,상승 종목 비율,확인 부족,-1,이력 부족: 0/21관측,현재 상태를 판단할 자료가 부족합니다.,확인 부족
2026-03-13,ABOVE200,200DMA 위 종목 비율,확인 부족,-1,이력 부족: 0/21관측,현재 상태를 판단할 자료가 부족합니다.,확인 부족
2026-03-13,HILO,52주 신고가-신저가 비율,확인 부족,-1,이력 부족: 0/21관측,현재 상태를 판단할 자료가 부족합니다.,확인 부족
2026-03-13,EFFR,미국 기준금리,정상,0,20관측 +0bp · 유지 · EFFR 변화는 목표범위 결정 자체와 구분,금리 하락 또는 상대관계 변화을 관찰합니다. 물가·고용·신용의 동반 움직임으로 의미를 구분합니다.,보통
2026-03-13,US3M,미국 3개월물 국채수익률,확인 부족,-1,이력 부족: 0/25관측,현재 상태를 판단할 자료가 부족합니다.,확인 부족
2026-03-13,US2Y,미국 2년물 국채수익률,확인 부족,-1,이력 부족: 0/25관측,현재 상태를 판단할 자료가 부족합니다.,확인 부족
2026-03-13,US10Y,미국 10년물 국채수익률,확인 부족,-1,이력 부족: 0/25관측,현재 상태를 판단할 자료가 부족합니다.,확인 부족
2026-03-13,US30Y,미국 30년물 국채수익률,확인 부족,-1,이력 부족: 0/25관측,현재 상태를 판단할 자료가 부족합니다.,확인 부족
2026-03-13,REAL10,미국 10년물 실질금리,확인 부족,-1,이력 부족: 0/25관측,현재 상태를 판단할 자료가 부족합니다.,확인 부족
2026-03-13,TERM,미국 10년물 기간프리미엄,관찰,1,과거 504관측 대비 90.9백분위 · 20일 +8bp,금리 상승에 따른 부담을 관찰합니다. 물가·고용·신용의 동반 움직임으로 의미를 구분합니다.,보통
2026-03-13,CURVE2,미국 10년물-2년물 금리차,확인 부족,-1,이력 부족: 0/22관측,현재 상태를 판단할 자료가 부족합니다.,확인 부족
2026-03-13,CURVE3,미국 10년물-3개월물 금리차,확인 부족,-1,이력 부족: 0/22관측,현재 상태를 판단할 자료가 부족합니다.,확인 부족
2026-03-13,CURVEFED,미국 10년물-기준금리 차,확인 부족,-1,이력 부족: 0/22관측,현재 상태를 판단할 자료가 부족합니다.,확인 부족
2026-03-13,VIX,VIX,주의,2,VIX 27.2 · 5일 -7.8% · 20일 +32.0% · 5일 -2.3포인트,지표 고유의 상태와 다른 시장 영역의 동반 신호를 구분해 확인합니다.,보통
2026-03-13,VIXPOS,VIX 1년 위치,참고,0,과거 252관측 대비 93.7백분위,최근 분포에서의 위치입니다. 별도 위험 신호로 중복 집계하지 않습니다.,보통
2026-03-13,HY,하이일드 OAS,관찰,1,HY 3.28%p · 5일 +15bp · 20일 +34bp,지표 고유의 상태와 다른 시장 영역의 동반 신호를 구분해 확인합니다.,보통
2026-03-13,BBB,BBB OAS,관찰,1,BBB 1.15%p · 5일 +9bp · 20일 +15bp,지표 고유의 상태와 다른 시장 영역의 동반 신호를 구분해 확인합니다.,보통
2026-03-13,HYPOS,HY 1년 위치,참고,0,과거 252관측 대비 86.1백분위,최근 분포에서의 위치입니다. 별도 위험 신호로 중복 집계하지 않습니다.,보통
2026-03-13,UNEMP,미국 실업률,확인 부족,-1,월간 관측 누락: 달력 기간 계산 보류,현재 상태를 판단할 자료가 부족합니다.,확인 부족
2026-03-13,SAHM,Sahm Rule,확인 부족,-1,월간 관측 누락: 달력 기간 계산 보류,현재 상태를 판단할 자료가 부족합니다.,확인 부족
2026-03-13,CLAIMS,신규실업수당 4주평균,확인 부족,-1,이력 부족: 0/55관측,현재 상태를 판단할 자료가 부족합니다.,확인 부족
2026-03-13,CPI,CPI,확인 부족,-1,이력 부족: 0/16관측,현재 상태를 판단할 자료가 부족합니다.,확인 부족
2026-03-13,CORECPI,근원 CPI,확인 부족,-1,이력 부족: 0/16관측,현재 상태를 판단할 자료가 부족합니다.,확인 부족
2026-03-13,COREPCE,근원 PCE,확인 부족,-1,이력 부족: 0/16관측,현재 상태를 판단할 자료가 부족합니다.,확인 부족
2026-03-13,DXY,달러지수,확인 부족,-1,이력 부족: 0/147관측,현재 상태를 판단할 자료가 부족합니다.,확인 부족
2026-03-13,USDKRW,달러/원,확인 부족,-1,이력 부족: 0/147관측,현재 상태를 판단할 자료가 부족합니다.,확인 부족
2026-03-13,USDJPY,달러/엔,확인 부족,-1,이력 부족: 0/147관측,현재 상태를 판단할 자료가 부족합니다.,확인 부족
2026-03-13,WTI,WTI,확인 부족,-1,이력 부족: 0/147관측,현재 상태를 판단할 자료가 부족합니다.,확인 부족
2026-03-13,GOLD,금,정상,0,5일 -1.82% · 20일 +2.62% · 변동성 기준 51.8/37.7백분위,금 상승과 여러 시장의 불안 신호가 겹쳐 안전자산 선호와 부합합니다.,낮음
2026-03-13,SILVER,은,정상,0,5일 -3.46% · 20일 +7.11% · 변동성 기준 55.8/53.6백분위,가격 움직임은 확인되지만 원인을 구분할 교차 근거가 충분하지 않습니다.,낮음
2026-03-13,COPPER,구리,정상,0,5일 -0.74% · 20일 -0.98% · 변동성 기준 15.9/9.5백분위,가격 움직임은 확인되지만 원인을 구분할 교차 근거가 충분하지 않습니다.,낮음
2026-03-16,SP500,S&P500,확인 부족,-1,이력 부족: 0/252관측,현재 상태를 판단할 자료가 부족합니다.,확인 부족
2026-03-16,NASDAQ,Nasdaq,확인 부족,-1,이력 부족: 0/252관측,현재 상태를 판단할 자료가 부족합니다.,확인 부족
2026-03-16,RUSSELL,Russell 2000,관찰,1,5일 -2.0% · 20일 -5.4% · 고점 대비 -7.9%,지표 고유의 상태와 다른 시장 영역의 동반 신호를 구분해 확인합니다.,보통
2026-03-16,MA200,200일 이동평균 이격,확인 부족,-1,이력 부족: 0/200관측,현재 상태를 판단할 자료가 부족합니다.,확인 부족
2026-03-16,EW,동일가중 상대성과,관찰,1,RSP가 SPY 대비 20일 -2.0%p · 5일 상대성과 -0.52%p,지표 고유의 상태와 다른 시장 영역의 동반 신호를 구분해 확인합니다.,보통
2026-03-16,CAPE,CAPE,확인 부족,-1,이력 부족: 0/120관측,현재 상태를 판단할 자료가 부족합니다.,확인 부족
2026-03-16,ADV,상승 종목 비율,확인 부족,-1,이력 부족: 0/21관측,현재 상태를 판단할 자료가 부족합니다.,확인 부족
2026-03-16,ABOVE200,200DMA 위 종목 비율,확인 부족,-1,이력 부족: 0/21관측,현재 상태를 판단할 자료가 부족합니다.,확인 부족
2026-03-16,HILO,52주 신고가-신저가 비율,확인 부족,-1,이력 부족: 0/21관측,현재 상태를 판단할 자료가 부족합니다.,확인 부족
2026-03-16,EFFR,미국 기준금리,정상,0,20관측 +0bp · 유지 · EFFR 변화는 목표범위 결정 자체와 구분,금리 하락 또는 상대관계 변화을 관찰합니다. 물가·고용·신용의 동반 움직임으로 의미를 구분합니다.,보통
2026-03-16,US3M,미국 3개월물 국채수익률,확인 부족,-1,이력 부족: 0/25관측,현재 상태를 판단할 자료가 부족합니다.,확인 부족
2026-03-16,US2Y,미국 2년물 국채수익률,확인 부족,-1,이력 부족: 0/25관측,현재 상태를 판단할 자료가 부족합니다.,확인 부족
2026-03-16,US10Y,미국 10년물 국채수익률,확인 부족,-1,이력 부족: 0/25관측,현재 상태를 판단할 자료가 부족합니다.,확인 부족
2026-03-16,US30Y,미국 30년물 국채수익률,확인 부족,-1,이력 부족: 0/25관측,현재 상태를 판단할 자료가 부족합니다.,확인 부족
2026-03-16,REAL10,미국 10년물 실질금리,확인 부족,-1,이력 부족: 0/25관측,현재 상태를 판단할 자료가 부족합니다.,확인 부족
2026-03-16,TERM,미국 10년물 기간프리미엄,정상,0,과거 504관측 대비 87.1백분위 · 20일 +8bp,금리 상승에 따른 부담을 관찰합니다. 물가·고용·신용의 동반 움직임으로 의미를 구분합니다.,보통
2026-03-16,CURVE2,미국 10년물-2년물 금리차,확인 부족,-1,이력 부족: 0/22관측,현재 상태를 판단할 자료가 부족합니다.,확인 부족
2026-03-16,CURVE3,미국 10년물-3개월물 금리차,확인 부족,-1,이력 부족: 0/22관측,현재 상태를 판단할 자료가 부족합니다.,확인 부족
2026-03-16,CURVEFED,미국 10년물-기준금리 차,확인 부족,-1,이력 부족: 0/22관측,현재 상태를 판단할 자료가 부족합니다.,확인 부족
2026-03-16,VIX,VIX,관찰,1,VIX 23.5 · 5일 -7.8% · 20일 +10.9% · 5일 -2.0포인트,지표 고유의 상태와 다른 시장 영역의 동반 신호를 구분해 확인합니다.,보통
2026-03-16,VIXPOS,VIX 1년 위치,참고,0,과거 252관측 대비 86.1백분위,최근 분포에서의 위치입니다. 별도 위험 신호로 중복 집계하지 않습니다.,보통
2026-03-16,HY,하이일드 OAS,관찰,1,HY 3.27%p · 5일 +8bp · 20일 +33bp,지표 고유의 상태와 다른 시장 영역의 동반 신호를 구분해 확인합니다.,보통
2026-03-16,BBB,BBB OAS,관찰,1,BBB 1.16%p · 5일 +9bp · 20일 +15bp,지표 고유의 상태와 다른 시장 영역의 동반 신호를 구분해 확인합니다.,보통
2026-03-16,HYPOS,HY 1년 위치,참고,0,과거 252관측 대비 85.9백분위,최근 분포에서의 위치입니다. 별도 위험 신호로 중복 집계하지 않습니다.,보통
2026-03-16,UNEMP,미국 실업률,확인 부족,-1,월간 관측 누락: 달력 기간 계산 보류,현재 상태를 판단할 자료가 부족합니다.,확인 부족
2026-03-16,SAHM,Sahm Rule,확인 부족,-1,월간 관측 누락: 달력 기간 계산 보류,현재 상태를 판단할 자료가 부족합니다.,확인 부족
2026-03-16,CLAIMS,신규실업수당 4주평균,확인 부족,-1,이력 부족: 0/55관측,현재 상태를 판단할 자료가 부족합니다.,확인 부족
2026-03-16,CPI,CPI,확인 부족,-1,이력 부족: 0/16관측,현재 상태를 판단할 자료가 부족합니다.,확인 부족
2026-03-16,CORECPI,근원 CPI,확인 부족,-1,이력 부족: 0/16관측,현재 상태를 판단할 자료가 부족합니다.,확인 부족
2026-03-16,COREPCE,근원 PCE,확인 부족,-1,이력 부족: 0/16관측,현재 상태를 판단할 자료가 부족합니다.,확인 부족
2026-03-16,DXY,달러지수,확인 부족,-1,이력 부족: 0/147관측,현재 상태를 판단할 자료가 부족합니다.,확인 부족
2026-03-16,USDKRW,달러/원,확인 부족,-1,이력 부족: 0/147관측,현재 상태를 판단할 자료가 부족합니다.,확인 부족
2026-03-16,USDJPY,달러/엔,확인 부족,-1,이력 부족: 0/147관측,현재 상태를 판단할 자료가 부족합니다.,확인 부족
2026-03-16,WTI,WTI,확인 부족,-1,이력 부족: 0/147관측,현재 상태를 판단할 자료가 부족합니다.,확인 부족
2026-03-16,GOLD,금,정상,0,5일 -1.91% · 20일 -0.56% · 변동성 기준 53.8/8.5백분위,가격 움직임은 확인되지만 원인을 구분할 교차 근거가 충분하지 않습니다.,낮음
2026-03-16,SILVER,은,정상,0,5일 -4.49% · 20일 +3.10% · 변동성 기준 67.3/27.0백분위,가격 움직임은 확인되지만 원인을 구분할 교차 근거가 충분하지 않습니다.,낮음
2026-03-16,COPPER,구리,정상,0,5일 -0.17% · 20일 -0.03% · 변동성 기준 2.8/0.6백분위,가격 움직임은 확인되지만 원인을 구분할 교차 근거가 충분하지 않습니다.,낮음
2026-03-17,SP500,S&P500,확인 부족,-1,이력 부족: 0/252관측,현재 상태를 판단할 자료가 부족합니다.,확인 부족
2026-03-17,NASDAQ,Nasdaq,확인 부족,-1,이력 부족: 0/252관측,현재 상태를 판단할 자료가 부족합니다.,확인 부족
2026-03-17,RUSSELL,Russell 2000,관찰,1,5일 -1.1% · 20일 -4.8% · 고점 대비 -7.3%,지표 고유의 상태와 다른 시장 영역의 동반 신호를 구분해 확인합니다.,보통
2026-03-17,MA200,200일 이동평균 이격,확인 부족,-1,이력 부족: 0/200관측,현재 상태를 판단할 자료가 부족합니다.,확인 부족
2026-03-17,EW,동일가중 상대성과,정상,0,RSP가 SPY 대비 20일 -1.4%p · 5일 상대성과 +0.35%p,지표 고유의 상태와 다른 시장 영역의 동반 신호를 구분해 확인합니다.,보통
2026-03-17,CAPE,CAPE,확인 부족,-1,이력 부족: 0/120관측,현재 상태를 판단할 자료가 부족합니다.,확인 부족
2026-03-17,ADV,상승 종목 비율,확인 부족,-1,이력 부족: 0/21관측,현재 상태를 판단할 자료가 부족합니다.,확인 부족
2026-03-17,ABOVE200,200DMA 위 종목 비율,확인 부족,-1,이력 부족: 0/21관측,현재 상태를 판단할 자료가 부족합니다.,확인 부족
2026-03-17,HILO,52주 신고가-신저가 비율,확인 부족,-1,이력 부족: 0/21관측,현재 상태를 판단할 자료가 부족합니다.,확인 부족
2026-03-17,EFFR,미국 기준금리,정상,0,20관측 +0bp · 유지 · EFFR 변화는 목표범위 결정 자체와 구분,금리 하락 또는 상대관계 변화을 관찰합니다. 물가·고용·신용의 동반 움직임으로 의미를 구분합니다.,보통
2026-03-17,US3M,미국 3개월물 국채수익률,확인 부족,-1,이력 부족: 0/25관측,현재 상태를 판단할 자료가 부족합니다.,확인 부족
2026-03-17,US2Y,미국 2년물 국채수익률,확인 부족,-1,이력 부족: 0/25관측,현재 상태를 판단할 자료가 부족합니다.,확인 부족
2026-03-17,US10Y,미국 10년물 국채수익률,확인 부족,-1,이력 부족: 0/25관측,현재 상태를 판단할 자료가 부족합니다.,확인 부족
2026-03-17,US30Y,미국 30년물 국채수익률,확인 부족,-1,이력 부족: 0/25관측,현재 상태를 판단할 자료가 부족합니다.,확인 부족
2026-03-17,REAL10,미국 10년물 실질금리,확인 부족,-1,이력 부족: 0/25관측,현재 상태를 판단할 자료가 부족합니다.,확인 부족
2026-03-17,TERM,미국 10년물 기간프리미엄,정상,0,과거 504관측 대비 84.5백분위 · 20일 +7bp,금리 상승에 따른 부담을 관찰합니다. 물가·고용·신용의 동반 움직임으로 의미를 구분합니다.,보통
2026-03-17,CURVE2,미국 10년물-2년물 금리차,확인 부족,-1,이력 부족: 0/22관측,현재 상태를 판단할 자료가 부족합니다.,확인 부족
2026-03-17,CURVE3,미국 10년물-3개월물 금리차,확인 부족,-1,이력 부족: 0/22관측,현재 상태를 판단할 자료가 부족합니다.,확인 부족
2026-03-17,CURVEFED,미국 10년물-기준금리 차,확인 부족,-1,이력 부족: 0/22관측,현재 상태를 판단할 자료가 부족합니다.,확인 부족
2026-03-17,VIX,VIX,관찰,1,VIX 22.4 · 5일 -10.3% · 20일 +10.3% · 5일 -2.6포인트,지표 고유의 상태와 다른 시장 영역의 동반 신호를 구분해 확인합니다.,보통
2026-03-17,VIXPOS,VIX 1년 위치,참고,0,과거 252관측 대비 84.1백분위,최근 분포에서의 위치입니다. 별도 위험 신호로 중복 집계하지 않습니다.,보통
2026-03-17,HY,하이일드 OAS,관찰,1,HY 3.22%p · 5일 +16bp · 20일 +36bp,지표 고유의 상태와 다른 시장 영역의 동반 신호를 구분해 확인합니다.,보통
2026-03-17,BBB,BBB OAS,관찰,1,BBB 1.14%p · 5일 +8bp · 20일 +15bp,지표 고유의 상태와 다른 시장 영역의 동반 신호를 구분해 확인합니다.,보통
2026-03-17,HYPOS,HY 1년 위치,참고,0,과거 252관측 대비 83.9백분위,최근 분포에서의 위치입니다. 별도 위험 신호로 중복 집계하지 않습니다.,보통
2026-03-17,UNEMP,미국 실업률,확인 부족,-1,월간 관측 누락: 달력 기간 계산 보류,현재 상태를 판단할 자료가 부족합니다.,확인 부족
2026-03-17,SAHM,Sahm Rule,확인 부족,-1,월간 관측 누락: 달력 기간 계산 보류,현재 상태를 판단할 자료가 부족합니다.,확인 부족
2026-03-17,CLAIMS,신규실업수당 4주평균,확인 부족,-1,이력 부족: 0/55관측,현재 상태를 판단할 자료가 부족합니다.,확인 부족
2026-03-17,CPI,CPI,확인 부족,-1,이력 부족: 0/16관측,현재 상태를 판단할 자료가 부족합니다.,확인 부족
2026-03-17,CORECPI,근원 CPI,확인 부족,-1,이력 부족: 0/16관측,현재 상태를 판단할 자료가 부족합니다.,확인 부족
2026-03-17,COREPCE,근원 PCE,확인 부족,-1,이력 부족: 0/16관측,현재 상태를 판단할 자료가 부족합니다.,확인 부족
2026-03-17,DXY,달러지수,확인 부족,-1,이력 부족: 0/147관측,현재 상태를 판단할 자료가 부족합니다.,확인 부족
2026-03-17,USDKRW,달러/원,확인 부족,-1,이력 부족: 0/147관측,현재 상태를 판단할 자료가 부족합니다.,확인 부족
2026-03-17,USDJPY,달러/엔,확인 부족,-1,이력 부족: 0/147관측,현재 상태를 판단할 자료가 부족합니다.,확인 부족
2026-03-17,WTI,WTI,확인 부족,-1,이력 부족: 0/147관측,현재 상태를 판단할 자료가 부족합니다.,확인 부족
2026-03-17,GOLD,금,관찰,1,5일 -4.37% · 20일 +2.42% · 변동성 기준 90.5/34.5백분위,금 상승과 여러 시장의 불안 신호가 겹쳐 안전자산 선호와 부합합니다.,낮음
2026-03-17,SILVER,은,관찰,1,5일 -10.72% · 20일 +8.28% · 변동성 기준 92.3/60.9백분위,가격 움직임은 확인되지만 원인을 구분할 교차 근거가 충분하지 않습니다.,낮음
2026-03-17,COPPER,구리,정상,0,5일 -3.01% · 20일 +1.66% · 변동성 기준 62.9/15.3백분위,가격 움직임은 확인되지만 원인을 구분할 교차 근거가 충분하지 않습니다.,낮음
2026-03-18,SP500,S&P500,확인 부족,-1,이력 부족: 0/252관측,현재 상태를 판단할 자료가 부족합니다.,확인 부족
2026-03-18,NASDAQ,Nasdaq,확인 부족,-1,이력 부족: 0/252관측,현재 상태를 판단할 자료가 부족합니다.,확인 부족
2026-03-18,RUSSELL,Russell 2000,관찰,1,5일 -2.5% · 20일 -6.8% · 고점 대비 -8.8%,지표 고유의 상태와 다른 시장 영역의 동반 신호를 구분해 확인합니다.,보통
2026-03-18,MA200,200일 이동평균 이격,확인 부족,-1,이력 부족: 0/200관측,현재 상태를 판단할 자료가 부족합니다.,확인 부족
2026-03-18,EW,동일가중 상대성과,정상,0,RSP가 SPY 대비 20일 -1.3%p · 5일 상대성과 +0.63%p,지표 고유의 상태와 다른 시장 영역의 동반 신호를 구분해 확인합니다.,보통
2026-03-18,CAPE,CAPE,확인 부족,-1,이력 부족: 0/120관측,현재 상태를 판단할 자료가 부족합니다.,확인 부족
2026-03-18,ADV,상승 종목 비율,확인 부족,-1,이력 부족: 0/21관측,현재 상태를 판단할 자료가 부족합니다.,확인 부족
2026-03-18,ABOVE200,200DMA 위 종목 비율,확인 부족,-1,이력 부족: 0/21관측,현재 상태를 판단할 자료가 부족합니다.,확인 부족
2026-03-18,HILO,52주 신고가-신저가 비율,확인 부족,-1,이력 부족: 0/21관측,현재 상태를 판단할 자료가 부족합니다.,확인 부족
2026-03-18,EFFR,미국 기준금리,정상,0,20관측 +0bp · 유지 · EFFR 변화는 목표범위 결정 자체와 구분,금리 하락 또는 상대관계 변화을 관찰합니다. 물가·고용·신용의 동반 움직임으로 의미를 구분합니다.,보통
2026-03-18,US3M,미국 3개월물 국채수익률,확인 부족,-1,이력 부족: 0/25관측,현재 상태를 판단할 자료가 부족합니다.,확인 부족
2026-03-18,US2Y,미국 2년물 국채수익률,확인 부족,-1,이력 부족: 0/25관측,현재 상태를 판단할 자료가 부족합니다.,확인 부족
2026-03-18,US10Y,미국 10년물 국채수익률,확인 부족,-1,이력 부족: 0/25관측,현재 상태를 판단할 자료가 부족합니다.,확인 부족
2026-03-18,US30Y,미국 30년물 국채수익률,확인 부족,-1,이력 부족: 0/25관측,현재 상태를 판단할 자료가 부족합니다.,확인 부족
2026-03-18,REAL10,미국 10년물 실질금리,확인 부족,-1,이력 부족: 0/25관측,현재 상태를 판단할 자료가 부족합니다.,확인 부족
2026-03-18,TERM,미국 10년물 기간프리미엄,정상,0,과거 504관측 대비 87.7백분위 · 20일 +9bp,금리 상승에 따른 부담을 관찰합니다. 물가·고용·신용의 동반 움직임으로 의미를 구분합니다.,보통
2026-03-18,CURVE2,미국 10년물-2년물 금리차,확인 부족,-1,이력 부족: 0/22관측,현재 상태를 판단할 자료가 부족합니다.,확인 부족
2026-03-18,CURVE3,미국 10년물-3개월물 금리차,확인 부족,-1,이력 부족: 0/22관측,현재 상태를 판단할 자료가 부족합니다.,확인 부족
2026-03-18,CURVEFED,미국 10년물-기준금리 차,확인 부족,-1,이력 부족: 0/22관측,현재 상태를 판단할 자료가 부족합니다.,확인 부족
2026-03-18,VIX,VIX,주의,2,VIX 25.1 · 5일 +3.5% · 20일 +27.9% · 5일 +0.9포인트,지표 고유의 상태와 다른 시장 영역의 동반 신호를 구분해 확인합니다.,보통
2026-03-18,VIXPOS,VIX 1년 위치,참고,0,과거 252관측 대비 91.3백분위,최근 분포에서의 위치입니다. 별도 위험 신호로 중복 집계하지 않습니다.,보통
2026-03-18,HY,하이일드 OAS,관찰,1,HY 3.20%p · 5일 +11bp · 20일 +32bp,지표 고유의 상태와 다른 시장 영역의 동반 신호를 구분해 확인합니다.,보통
2026-03-18,BBB,BBB OAS,안정,0,BBB 1.13%p · 5일 +4bp · 20일 +14bp,지표 고유의 상태와 다른 시장 영역의 동반 신호를 구분해 확인합니다.,보통
2026-03-18,HYPOS,HY 1년 위치,참고,0,과거 252관측 대비 82.7백분위,최근 분포에서의 위치입니다. 별도 위험 신호로 중복 집계하지 않습니다.,보통
2026-03-18,UNEMP,미국 실업률,확인 부족,-1,월간 관측 누락: 달력 기간 계산 보류,현재 상태를 판단할 자료가 부족합니다.,확인 부족
2026-03-18,SAHM,Sahm Rule,확인 부족,-1,월간 관측 누락: 달력 기간 계산 보류,현재 상태를 판단할 자료가 부족합니다.,확인 부족
2026-03-18,CLAIMS,신규실업수당 4주평균,확인 부족,-1,이력 부족: 0/55관측,현재 상태를 판단할 자료가 부족합니다.,확인 부족
2026-03-18,CPI,CPI,확인 부족,-1,이력 부족: 0/16관측,현재 상태를 판단할 자료가 부족합니다.,확인 부족
2026-03-18,CORECPI,근원 CPI,확인 부족,-1,이력 부족: 0/16관측,현재 상태를 판단할 자료가 부족합니다.,확인 부족
2026-03-18,COREPCE,근원 PCE,확인 부족,-1,이력 부족: 0/16관측,현재 상태를 판단할 자료가 부족합니다.,확인 부족
2026-03-18,DXY,달러지수,확인 부족,-1,이력 부족: 0/147관측,현재 상태를 판단할 자료가 부족합니다.,확인 부족
2026-03-18,USDKRW,달러/원,확인 부족,-1,이력 부족: 0/147관측,현재 상태를 판단할 자료가 부족합니다.,확인 부족
2026-03-18,USDJPY,달러/엔,확인 부족,-1,이력 부족: 0/147관측,현재 상태를 판단할 자료가 부족합니다.,확인 부족
2026-03-18,WTI,WTI,확인 부족,-1,이력 부족: 0/147관측,현재 상태를 판단할 자료가 부족합니다.,확인 부족
2026-03-18,GOLD,금,관찰,1,5일 -5.37% · 20일 -1.94% · 변동성 기준 94.4/27.4백분위,가격 움직임은 확인되지만 원인을 구분할 교차 근거가 충분하지 않습니다.,낮음
2026-03-18,SILVER,은,정상,0,5일 -9.20% · 20일 -0.35% · 변동성 기준 89.7/3.4백분위,가격 움직임은 확인되지만 원인을 구분할 교차 근거가 충분하지 않습니다.,낮음
2026-03-18,COPPER,구리,정상,0,5일 -4.99% · 20일 -4.13% · 변동성 기준 83.5/38.7백분위,가격 움직임은 확인되지만 원인을 구분할 교차 근거가 충분하지 않습니다.,낮음
2026-03-19,SP500,S&P500,확인 부족,-1,이력 부족: 0/252관측,현재 상태를 판단할 자료가 부족합니다.,확인 부족
2026-03-19,NASDAQ,Nasdaq,확인 부족,-1,이력 부족: 0/252관측,현재 상태를 판단할 자료가 부족합니다.,확인 부족
2026-03-19,RUSSELL,Russell 2000,관찰,1,5일 +0.2% · 20일 -6.4% · 고점 대비 -8.2%,지표 고유의 상태와 다른 시장 영역의 동반 신호를 구분해 확인합니다.,보통
2026-03-19,MA200,200일 이동평균 이격,확인 부족,-1,이력 부족: 0/200관측,현재 상태를 판단할 자료가 부족합니다.,확인 부족
2026-03-19,EW,동일가중 상대성과,정상,0,RSP가 SPY 대비 20일 -1.2%p · 5일 상대성과 +0.83%p,지표 고유의 상태와 다른 시장 영역의 동반 신호를 구분해 확인합니다.,보통
2026-03-19,CAPE,CAPE,확인 부족,-1,이력 부족: 0/120관측,현재 상태를 판단할 자료가 부족합니다.,확인 부족
2026-03-19,ADV,상승 종목 비율,확인 부족,-1,이력 부족: 0/21관측,현재 상태를 판단할 자료가 부족합니다.,확인 부족
2026-03-19,ABOVE200,200DMA 위 종목 비율,확인 부족,-1,이력 부족: 0/21관측,현재 상태를 판단할 자료가 부족합니다.,확인 부족
2026-03-19,HILO,52주 신고가-신저가 비율,확인 부족,-1,이력 부족: 0/21관측,현재 상태를 판단할 자료가 부족합니다.,확인 부족
2026-03-19,EFFR,미국 기준금리,정상,0,20관측 +0bp · 유지 · EFFR 변화는 목표범위 결정 자체와 구분,금리 하락 또는 상대관계 변화을 관찰합니다. 물가·고용·신용의 동반 움직임으로 의미를 구분합니다.,보통
2026-03-19,US3M,미국 3개월물 국채수익률,확인 부족,-1,이력 부족: 0/25관측,현재 상태를 판단할 자료가 부족합니다.,확인 부족
2026-03-19,US2Y,미국 2년물 국채수익률,확인 부족,-1,이력 부족: 0/25관측,현재 상태를 판단할 자료가 부족합니다.,확인 부족
2026-03-19,US10Y,미국 10년물 국채수익률,확인 부족,-1,이력 부족: 0/25관측,현재 상태를 판단할 자료가 부족합니다.,확인 부족
2026-03-19,US30Y,미국 30년물 국채수익률,확인 부족,-1,이력 부족: 0/25관측,현재 상태를 판단할 자료가 부족합니다.,확인 부족
2026-03-19,REAL10,미국 10년물 실질금리,확인 부족,-1,이력 부족: 0/25관측,현재 상태를 판단할 자료가 부족합니다.,확인 부족
2026-03-19,TERM,미국 10년물 기간프리미엄,정상,0,과거 504관측 대비 89.3백분위 · 20일 +10bp,금리 상승에 따른 부담을 관찰합니다. 물가·고용·신용의 동반 움직임으로 의미를 구분합니다.,보통
2026-03-19,CURVE2,미국 10년물-2년물 금리차,확인 부족,-1,이력 부족: 0/22관측,현재 상태를 판단할 자료가 부족합니다.,확인 부족
2026-03-19,CURVE3,미국 10년물-3개월물 금리차,확인 부족,-1,이력 부족: 0/22관측,현재 상태를 판단할 자료가 부족합니다.,확인 부족
2026-03-19,CURVEFED,미국 10년물-기준금리 차,확인 부족,-1,이력 부족: 0/22관측,현재 상태를 판단할 자료가 부족합니다.,확인 부족
2026-03-19,VIX,VIX,관찰,1,VIX 24.1 · 5일 -11.8% · 20일 +18.9% · 5일 -3.2포인트,지표 고유의 상태와 다른 시장 영역의 동반 신호를 구분해 확인합니다.,보통
2026-03-19,VIXPOS,VIX 1년 위치,참고,0,과거 252관측 대비 87.7백분위,최근 분포에서의 위치입니다. 별도 위험 신호로 중복 집계하지 않습니다.,보통
2026-03-19,HY,하이일드 OAS,관찰,1,HY 3.27%p · 5일 +10bp · 20일 +41bp,지표 고유의 상태와 다른 시장 영역의 동반 신호를 구분해 확인합니다.,보통
2026-03-19,BBB,BBB OAS,안정,0,BBB 1.13%p · 5일 +1bp · 20일 +14bp,지표 고유의 상태와 다른 시장 영역의 동반 신호를 구분해 확인합니다.,보통
2026-03-19,HYPOS,HY 1년 위치,참고,0,과거 252관측 대비 86.9백분위,최근 분포에서의 위치입니다. 별도 위험 신호로 중복 집계하지 않습니다.,보통
2026-03-19,UNEMP,미국 실업률,확인 부족,-1,월간 관측 누락: 달력 기간 계산 보류,현재 상태를 판단할 자료가 부족합니다.,확인 부족
2026-03-19,SAHM,Sahm Rule,확인 부족,-1,월간 관측 누락: 달력 기간 계산 보류,현재 상태를 판단할 자료가 부족합니다.,확인 부족
2026-03-19,CLAIMS,신규실업수당 4주평균,확인 부족,-1,이력 부족: 0/55관측,현재 상태를 판단할 자료가 부족합니다.,확인 부족
2026-03-19,CPI,CPI,확인 부족,-1,이력 부족: 0/16관측,현재 상태를 판단할 자료가 부족합니다.,확인 부족
2026-03-19,CORECPI,근원 CPI,확인 부족,-1,이력 부족: 0/16관측,현재 상태를 판단할 자료가 부족합니다.,확인 부족
2026-03-19,COREPCE,근원 PCE,확인 부족,-1,이력 부족: 0/16관측,현재 상태를 판단할 자료가 부족합니다.,확인 부족
2026-03-19,DXY,달러지수,확인 부족,-1,이력 부족: 0/147관측,현재 상태를 판단할 자료가 부족합니다.,확인 부족
2026-03-19,USDKRW,달러/원,확인 부족,-1,이력 부족: 0/147관측,현재 상태를 판단할 자료가 부족합니다.,확인 부족
2026-03-19,USDJPY,달러/엔,확인 부족,-1,이력 부족: 0/147관측,현재 상태를 판단할 자료가 부족합니다.,확인 부족
2026-03-19,WTI,WTI,확인 부족,-1,이력 부족: 0/147관측,현재 상태를 판단할 자료가 부족합니다.,확인 부족
2026-03-19,GOLD,금,주의,2,5일 -10.07% · 20일 -7.54% · 변동성 기준 99.8/81.9백분위,가격 움직임은 확인되지만 원인을 구분할 교차 근거가 충분하지 않습니다.,낮음
2026-03-19,SILVER,은,관찰,1,5일 -16.26% · 20일 -8.59% · 변동성 기준 97.2/64.7백분위,가격 움직임은 확인되지만 원인을 구분할 교차 근거가 충분하지 않습니다.,낮음
2026-03-19,COPPER,구리,관찰,1,5일 -6.72% · 20일 -5.18% · 변동성 기준 92.9/46.8백분위,가격 움직임은 확인되지만 원인을 구분할 교차 근거가 충분하지 않습니다.,낮음
2026-03-20,SP500,S&P500,확인 부족,-1,이력 부족: 0/252관측,현재 상태를 판단할 자료가 부족합니다.,확인 부족
2026-03-20,NASDAQ,Nasdaq,확인 부족,-1,이력 부족: 0/252관측,현재 상태를 판단할 자료가 부족합니다.,확인 부족
2026-03-20,RUSSELL,Russell 2000,주의,2,5일 -1.7% · 20일 -8.5% · 고점 대비 -10.3%,지표 고유의 상태와 다른 시장 영역의 동반 신호를 구분해 확인합니다.,낮음
2026-03-20,MA200,200일 이동평균 이격,확인 부족,-1,이력 부족: 0/200관측,현재 상태를 판단할 자료가 부족합니다.,확인 부족
2026-03-20,EW,동일가중 상대성과,정상,0,RSP가 SPY 대비 20일 -0.7%p · 5일 상대성과 +0.50%p,지표 고유의 상태와 다른 시장 영역의 동반 신호를 구분해 확인합니다.,낮음
2026-03-20,CAPE,CAPE,확인 부족,-1,이력 부족: 0/120관측,현재 상태를 판단할 자료가 부족합니다.,확인 부족
2026-03-20,ADV,상승 종목 비율,확인 부족,-1,이력 부족: 0/21관측,현재 상태를 판단할 자료가 부족합니다.,확인 부족
2026-03-20,ABOVE200,200DMA 위 종목 비율,확인 부족,-1,이력 부족: 0/21관측,현재 상태를 판단할 자료가 부족합니다.,확인 부족
2026-03-20,HILO,52주 신고가-신저가 비율,확인 부족,-1,이력 부족: 0/21관측,현재 상태를 판단할 자료가 부족합니다.,확인 부족
2026-03-20,EFFR,미국 기준금리,정상,0,20관측 +0bp · 유지 · EFFR 변화는 목표범위 결정 자체와 구분,금리 하락 또는 상대관계 변화을 관찰합니다. 물가·고용·신용의 동반 움직임으로 의미를 구분합니다.,낮음
2026-03-20,US3M,미국 3개월물 국채수익률,확인 부족,-1,이력 부족: 0/25관측,현재 상태를 판단할 자료가 부족합니다.,확인 부족
2026-03-20,US2Y,미국 2년물 국채수익률,확인 부족,-1,이력 부족: 0/25관측,현재 상태를 판단할 자료가 부족합니다.,확인 부족
2026-03-20,US10Y,미국 10년물 국채수익률,확인 부족,-1,이력 부족: 0/25관측,현재 상태를 판단할 자료가 부족합니다.,확인 부족
2026-03-20,US30Y,미국 30년물 국채수익률,확인 부족,-1,이력 부족: 0/25관측,현재 상태를 판단할 자료가 부족합니다.,확인 부족
2026-03-20,REAL10,미국 10년물 실질금리,확인 부족,-1,이력 부족: 0/25관측,현재 상태를 판단할 자료가 부족합니다.,확인 부족
2026-03-20,TERM,미국 10년물 기간프리미엄,관찰,1,과거 504관측 대비 94.8백분위 · 20일 +16bp,금리 상승에 따른 부담을 관찰합니다. 물가·고용·신용의 동반 움직임으로 의미를 구분합니다.,낮음
2026-03-20,CURVE2,미국 10년물-2년물 금리차,확인 부족,-1,이력 부족: 0/22관측,현재 상태를 판단할 자료가 부족합니다.,확인 부족
2026-03-20,CURVE3,미국 10년물-3개월물 금리차,확인 부족,-1,이력 부족: 0/22관측,현재 상태를 판단할 자료가 부족합니다.,확인 부족
2026-03-20,CURVEFED,미국 10년물-기준금리 차,확인 부족,-1,이력 부족: 0/22관측,현재 상태를 판단할 자료가 부족합니다.,확인 부족
2026-03-20,VIX,VIX,주의,2,VIX 26.8 · 5일 -1.5% · 20일 +40.3% · 5일 -0.4포인트,지표 고유의 상태와 다른 시장 영역의 동반 신호를 구분해 확인합니다.,낮음
2026-03-20,VIXPOS,VIX 1년 위치,참고,0,과거 252관측 대비 93.3백분위,최근 분포에서의 위치입니다. 별도 위험 신호로 중복 집계하지 않습니다.,낮음
2026-03-20,HY,하이일드 OAS,안정,0,HY 3.24%p · 5일 -4bp · 20일 +29bp,지표 고유의 상태와 다른 시장 영역의 동반 신호를 구분해 확인합니다.,보통
2026-03-20,BBB,BBB OAS,안정,0,BBB 1.11%p · 5일 -4bp · 20일 +10bp,지표 고유의 상태와 다른 시장 영역의 동반 신호를 구분해 확인합니다.,보통
2026-03-20,HYPOS,HY 1년 위치,참고,0,과거 252관측 대비 85.9백분위,최근 분포에서의 위치입니다. 별도 위험 신호로 중복 집계하지 않습니다.,보통
2026-03-20,UNEMP,미국 실업률,확인 부족,-1,월간 관측 누락: 달력 기간 계산 보류,현재 상태를 판단할 자료가 부족합니다.,확인 부족
2026-03-20,SAHM,Sahm Rule,확인 부족,-1,월간 관측 누락: 달력 기간 계산 보류,현재 상태를 판단할 자료가 부족합니다.,확인 부족
2026-03-20,CLAIMS,신규실업수당 4주평균,확인 부족,-1,이력 부족: 0/55관측,현재 상태를 판단할 자료가 부족합니다.,확인 부족
2026-03-20,CPI,CPI,확인 부족,-1,이력 부족: 0/16관측,현재 상태를 판단할 자료가 부족합니다.,확인 부족
2026-03-20,CORECPI,근원 CPI,확인 부족,-1,이력 부족: 0/16관측,현재 상태를 판단할 자료가 부족합니다.,확인 부족
2026-03-20,COREPCE,근원 PCE,확인 부족,-1,이력 부족: 0/16관측,현재 상태를 판단할 자료가 부족합니다.,확인 부족
2026-03-20,DXY,달러지수,확인 부족,-1,이력 부족: 0/147관측,현재 상태를 판단할 자료가 부족합니다.,확인 부족
2026-03-20,USDKRW,달러/원,확인 부족,-1,이력 부족: 0/147관측,현재 상태를 판단할 자료가 부족합니다.,확인 부족
2026-03-20,USDJPY,달러/엔,확인 부족,-1,이력 부족: 0/147관측,현재 상태를 판단할 자료가 부족합니다.,확인 부족
2026-03-20,WTI,WTI,확인 부족,-1,이력 부족: 0/147관측,현재 상태를 판단할 자료가 부족합니다.,확인 부족
2026-03-20,GOLD,금,주의,2,5일 -9.54% · 20일 -9.66% · 변동성 기준 99.4/91.3백분위,가격 움직임은 확인되지만 원인을 구분할 교차 근거가 충분하지 않습니다.,낮음
2026-03-20,SILVER,은,관찰,1,5일 -14.28% · 20일 -15.71% · 변동성 기준 96.2/86.9백분위,가격 움직임은 확인되지만 원인을 구분할 교차 근거가 충분하지 않습니다.,낮음
2026-03-20,COPPER,구리,관찰,1,5일 -6.51% · 20일 -8.38% · 변동성 기준 92.3/72.0백분위,가격 움직임은 확인되지만 원인을 구분할 교차 근거가 충분하지 않습니다.,낮음
2026-03-23,SP500,S&P500,확인 부족,-1,이력 부족: 0/252관측,현재 상태를 판단할 자료가 부족합니다.,확인 부족
2026-03-23,NASDAQ,Nasdaq,확인 부족,-1,이력 부족: 0/252관측,현재 상태를 판단할 자료가 부족합니다.,확인 부족
2026-03-23,RUSSELL,Russell 2000,관찰,1,5일 -0.4% · 20일 -4.8% · 고점 대비 -8.3%,지표 고유의 상태와 다른 시장 영역의 동반 신호를 구분해 확인합니다.,낮음
2026-03-23,MA200,200일 이동평균 이격,확인 부족,-1,이력 부족: 0/200관측,현재 상태를 판단할 자료가 부족합니다.,확인 부족
2026-03-23,EW,동일가중 상대성과,정상,0,RSP가 SPY 대비 20일 -1.1%p · 5일 상대성과 +0.36%p,지표 고유의 상태와 다른 시장 영역의 동반 신호를 구분해 확인합니다.,낮음
2026-03-23,CAPE,CAPE,확인 부족,-1,이력 부족: 0/120관측,현재 상태를 판단할 자료가 부족합니다.,확인 부족
2026-03-23,ADV,상승 종목 비율,확인 부족,-1,이력 부족: 0/21관측,현재 상태를 판단할 자료가 부족합니다.,확인 부족
2026-03-23,ABOVE200,200DMA 위 종목 비율,확인 부족,-1,이력 부족: 0/21관측,현재 상태를 판단할 자료가 부족합니다.,확인 부족
2026-03-23,HILO,52주 신고가-신저가 비율,확인 부족,-1,이력 부족: 0/21관측,현재 상태를 판단할 자료가 부족합니다.,확인 부족
2026-03-23,EFFR,미국 기준금리,정상,0,20관측 +0bp · 유지 · EFFR 변화는 목표범위 결정 자체와 구분,금리 하락 또는 상대관계 변화을 관찰합니다. 물가·고용·신용의 동반 움직임으로 의미를 구분합니다.,낮음
2026-03-23,US3M,미국 3개월물 국채수익률,확인 부족,-1,이력 부족: 0/25관측,현재 상태를 판단할 자료가 부족합니다.,확인 부족
2026-03-23,US2Y,미국 2년물 국채수익률,확인 부족,-1,이력 부족: 0/25관측,현재 상태를 판단할 자료가 부족합니다.,확인 부족
2026-03-23,US10Y,미국 10년물 국채수익률,확인 부족,-1,이력 부족: 0/25관측,현재 상태를 판단할 자료가 부족합니다.,확인 부족
2026-03-23,US30Y,미국 30년물 국채수익률,확인 부족,-1,이력 부족: 0/25관측,현재 상태를 판단할 자료가 부족합니다.,확인 부족
2026-03-23,REAL10,미국 10년물 실질금리,확인 부족,-1,이력 부족: 0/25관측,현재 상태를 판단할 자료가 부족합니다.,확인 부족
2026-03-23,TERM,미국 10년물 기간프리미엄,관찰,1,과거 504관측 대비 93.8백분위 · 20일 +17bp,금리 상승에 따른 부담을 관찰합니다. 물가·고용·신용의 동반 움직임으로 의미를 구분합니다.,낮음
2026-03-23,CURVE2,미국 10년물-2년물 금리차,확인 부족,-1,이력 부족: 0/22관측,현재 상태를 판단할 자료가 부족합니다.,확인 부족
2026-03-23,CURVE3,미국 10년물-3개월물 금리차,확인 부족,-1,이력 부족: 0/22관측,현재 상태를 판단할 자료가 부족합니다.,확인 부족
2026-03-23,CURVEFED,미국 10년물-기준금리 차,확인 부족,-1,이력 부족: 0/22관측,현재 상태를 판단할 자료가 부족합니다.,확인 부족
2026-03-23,VIX,VIX,주의,2,VIX 26.1 · 5일 +11.2% · 20일 +24.5% · 5일 +2.6포인트,지표 고유의 상태와 다른 시장 영역의 동반 신호를 구분해 확인합니다.,낮음
2026-03-23,VIXPOS,VIX 1년 위치,참고,0,과거 252관측 대비 92.1백분위,최근 분포에서의 위치입니다. 별도 위험 신호로 중복 집계하지 않습니다.,낮음
2026-03-23,HY,하이일드 OAS,안정,0,HY 3.19%p · 5일 -8bp · 20일 +22bp,지표 고유의 상태와 다른 시장 영역의 동반 신호를 구분해 확인합니다.,보통
2026-03-23,BBB,BBB OAS,안정,0,BBB 1.11%p · 5일 -5bp · 20일 +9bp,지표 고유의 상태와 다른 시장 영역의 동반 신호를 구분해 확인합니다.,보통
2026-03-23,HYPOS,HY 1년 위치,참고,0,과거 252관측 대비 81.5백분위,최근 분포에서의 위치입니다. 별도 위험 신호로 중복 집계하지 않습니다.,보통
2026-03-23,UNEMP,미국 실업률,확인 부족,-1,월간 관측 누락: 달력 기간 계산 보류,현재 상태를 판단할 자료가 부족합니다.,확인 부족
2026-03-23,SAHM,Sahm Rule,확인 부족,-1,월간 관측 누락: 달력 기간 계산 보류,현재 상태를 판단할 자료가 부족합니다.,확인 부족
2026-03-23,CLAIMS,신규실업수당 4주평균,확인 부족,-1,이력 부족: 0/55관측,현재 상태를 판단할 자료가 부족합니다.,확인 부족
2026-03-23,CPI,CPI,확인 부족,-1,이력 부족: 0/16관측,현재 상태를 판단할 자료가 부족합니다.,확인 부족
2026-03-23,CORECPI,근원 CPI,확인 부족,-1,이력 부족: 0/16관측,현재 상태를 판단할 자료가 부족합니다.,확인 부족
2026-03-23,COREPCE,근원 PCE,확인 부족,-1,이력 부족: 0/16관측,현재 상태를 판단할 자료가 부족합니다.,확인 부족
2026-03-23,DXY,달러지수,확인 부족,-1,이력 부족: 0/147관측,현재 상태를 판단할 자료가 부족합니다.,확인 부족
2026-03-23,USDKRW,달러/원,확인 부족,-1,이력 부족: 0/147관측,현재 상태를 판단할 자료가 부족합니다.,확인 부족
2026-03-23,USDJPY,달러/엔,확인 부족,-1,이력 부족: 0/147관측,현재 상태를 판단할 자료가 부족합니다.,확인 부족
2026-03-23,WTI,WTI,확인 부족,-1,이력 부족: 0/147관측,현재 상태를 판단할 자료가 부족합니다.,확인 부족
2026-03-23,GOLD,금,주의,2,5일 -11.81% · 20일 -15.38% · 변동성 기준 100.0/99.0백분위,가격 움직임은 확인되지만 원인을 구분할 교차 근거가 충분하지 않습니다.,낮음
2026-03-23,SILVER,은,관찰,1,5일 -13.97% · 20일 -20.20% · 변동성 기준 95.8/91.9백분위,가격 움직임은 확인되지만 원인을 구분할 교차 근거가 충분하지 않습니다.,낮음
2026-03-23,COPPER,구리,관찰,1,5일 -6.06% · 20일 -5.78% · 변동성 기준 90.7/52.2백분위,가격 움직임은 확인되지만 원인을 구분할 교차 근거가 충분하지 않습니다.,낮음
2026-03-24,SP500,S&P500,확인 부족,-1,이력 부족: 0/252관측,현재 상태를 판단할 자료가 부족합니다.,확인 부족
2026-03-24,NASDAQ,Nasdaq,확인 부족,-1,이력 부족: 0/252관측,현재 상태를 판단할 자료가 부족합니다.,확인 부족
2026-03-24,RUSSELL,Russell 2000,관찰,1,5일 -0.6% · 20일 -5.5% · 고점 대비 -7.8%,지표 고유의 상태와 다른 시장 영역의 동반 신호를 구분해 확인합니다.,낮음
2026-03-24,MA200,200일 이동평균 이격,확인 부족,-1,이력 부족: 0/200관측,현재 상태를 판단할 자료가 부족합니다.,확인 부족
2026-03-24,EW,동일가중 상대성과,정상,0,RSP가 SPY 대비 20일 -0.7%p · 5일 상대성과 +0.52%p,지표 고유의 상태와 다른 시장 영역의 동반 신호를 구분해 확인합니다.,낮음
2026-03-24,CAPE,CAPE,확인 부족,-1,이력 부족: 0/120관측,현재 상태를 판단할 자료가 부족합니다.,확인 부족
2026-03-24,ADV,상승 종목 비율,확인 부족,-1,이력 부족: 0/21관측,현재 상태를 판단할 자료가 부족합니다.,확인 부족
2026-03-24,ABOVE200,200DMA 위 종목 비율,확인 부족,-1,이력 부족: 0/21관측,현재 상태를 판단할 자료가 부족합니다.,확인 부족
2026-03-24,HILO,52주 신고가-신저가 비율,확인 부족,-1,이력 부족: 0/21관측,현재 상태를 판단할 자료가 부족합니다.,확인 부족
2026-03-24,EFFR,미국 기준금리,정상,0,20관측 +0bp · 유지 · EFFR 변화는 목표범위 결정 자체와 구분,금리 하락 또는 상대관계 변화을 관찰합니다. 물가·고용·신용의 동반 움직임으로 의미를 구분합니다.,낮음
2026-03-24,US3M,미국 3개월물 국채수익률,확인 부족,-1,이력 부족: 0/25관측,현재 상태를 판단할 자료가 부족합니다.,확인 부족
2026-03-24,US2Y,미국 2년물 국채수익률,확인 부족,-1,이력 부족: 0/25관측,현재 상태를 판단할 자료가 부족합니다.,확인 부족
2026-03-24,US10Y,미국 10년물 국채수익률,확인 부족,-1,이력 부족: 0/25관측,현재 상태를 판단할 자료가 부족합니다.,확인 부족
2026-03-24,US30Y,미국 30년물 국채수익률,확인 부족,-1,이력 부족: 0/25관측,현재 상태를 판단할 자료가 부족합니다.,확인 부족
2026-03-24,REAL10,미국 10년물 실질금리,확인 부족,-1,이력 부족: 0/25관측,현재 상태를 판단할 자료가 부족합니다.,확인 부족
2026-03-24,TERM,미국 10년물 기간프리미엄,관찰,1,과거 504관측 대비 96.0백분위 · 20일 +20bp,금리 상승에 따른 부담을 관찰합니다. 물가·고용·신용의 동반 움직임으로 의미를 구분합니다.,낮음
2026-03-24,CURVE2,미국 10년물-2년물 금리차,확인 부족,-1,이력 부족: 0/22관측,현재 상태를 판단할 자료가 부족합니다.,확인 부족
2026-03-24,CURVE3,미국 10년물-3개월물 금리차,확인 부족,-1,이력 부족: 0/22관측,현재 상태를 판단할 자료가 부족합니다.,확인 부족
2026-03-24,CURVEFED,미국 10년물-기준금리 차,확인 부족,-1,이력 부족: 0/22관측,현재 상태를 판단할 자료가 부족합니다.,확인 부족
2026-03-24,VIX,VIX,주의,2,VIX 26.9 · 5일 +20.5% · 20일 +37.9% · 5일 +4.6포인트,지표 고유의 상태와 다른 시장 영역의 동반 신호를 구분해 확인합니다.,낮음
2026-03-24,VIXPOS,VIX 1년 위치,참고,0,과거 252관측 대비 93.3백분위,최근 분포에서의 위치입니다. 별도 위험 신호로 중복 집계하지 않습니다.,낮음
2026-03-24,HY,하이일드 OAS,안정,0,HY 3.19%p · 5일 -3bp · 20일 +25bp,지표 고유의 상태와 다른 시장 영역의 동반 신호를 구분해 확인합니다.,보통
2026-03-24,BBB,BBB OAS,안정,0,BBB 1.09%p · 5일 -5bp · 20일 +8bp,지표 고유의 상태와 다른 시장 영역의 동반 신호를 구분해 확인합니다.,보통
2026-03-24,HYPOS,HY 1년 위치,참고,0,과거 252관측 대비 81.7백분위,최근 분포에서의 위치입니다. 별도 위험 신호로 중복 집계하지 않습니다.,보통
2026-03-24,UNEMP,미국 실업률,확인 부족,-1,월간 관측 누락: 달력 기간 계산 보류,현재 상태를 판단할 자료가 부족합니다.,확인 부족
2026-03-24,SAHM,Sahm Rule,확인 부족,-1,월간 관측 누락: 달력 기간 계산 보류,현재 상태를 판단할 자료가 부족합니다.,확인 부족
2026-03-24,CLAIMS,신규실업수당 4주평균,확인 부족,-1,이력 부족: 0/55관측,현재 상태를 판단할 자료가 부족합니다.,확인 부족
2026-03-24,CPI,CPI,확인 부족,-1,이력 부족: 0/16관측,현재 상태를 판단할 자료가 부족합니다.,확인 부족
2026-03-24,CORECPI,근원 CPI,확인 부족,-1,이력 부족: 0/16관측,현재 상태를 판단할 자료가 부족합니다.,확인 부족
2026-03-24,COREPCE,근원 PCE,확인 부족,-1,이력 부족: 0/16관측,현재 상태를 판단할 자료가 부족합니다.,확인 부족
2026-03-24,DXY,달러지수,확인 부족,-1,이력 부족: 0/147관측,현재 상태를 판단할 자료가 부족합니다.,확인 부족
2026-03-24,USDKRW,달러/원,확인 부족,-1,이력 부족: 0/147관측,현재 상태를 판단할 자료가 부족합니다.,확인 부족
2026-03-24,USDJPY,달러/엔,확인 부족,-1,이력 부족: 0/147관측,현재 상태를 판단할 자료가 부족합니다.,확인 부족
2026-03-24,WTI,WTI,확인 부족,-1,이력 부족: 0/147관측,현재 상태를 판단할 자료가 부족합니다.,확인 부족
2026-03-24,GOLD,금,주의,2,5일 -12.03% · 20일 -14.67% · 변동성 기준 100.0/98.8백분위,가격 움직임은 확인되지만 원인을 구분할 교차 근거가 충분하지 않습니다.,낮음
2026-03-24,SILVER,은,관찰,1,5일 -12.90% · 20일 -20.79% · 변동성 기준 94.8/92.1백분위,가격 움직임은 확인되지만 원인을 구분할 교차 근거가 충분하지 않습니다.,낮음
2026-03-24,COPPER,구리,정상,0,5일 -5.31% · 20일 -8.45% · 변동성 기준 85.5/72.2백분위,가격 움직임은 확인되지만 원인을 구분할 교차 근거가 충분하지 않습니다.,낮음
2026-03-25,SP500,S&P500,확인 부족,-1,이력 부족: 0/252관측,현재 상태를 판단할 자료가 부족합니다.,확인 부족
2026-03-25,NASDAQ,Nasdaq,확인 부족,-1,이력 부족: 0/252관측,현재 상태를 판단할 자료가 부족합니다.,확인 부족
2026-03-25,RUSSELL,Russell 2000,관찰,1,5일 +2.3% · 20일 -4.8% · 고점 대비 -6.7%,지표 고유의 상태와 다른 시장 영역의 동반 신호를 구분해 확인합니다.,낮음
2026-03-25,MA200,200일 이동평균 이격,확인 부족,-1,이력 부족: 0/200관측,현재 상태를 판단할 자료가 부족합니다.,확인 부족
2026-03-25,EW,동일가중 상대성과,정상,0,RSP가 SPY 대비 20일 -0.0%p · 5일 상대성과 +0.38%p,지표 고유의 상태와 다른 시장 영역의 동반 신호를 구분해 확인합니다.,낮음
2026-03-25,CAPE,CAPE,확인 부족,-1,이력 부족: 0/120관측,현재 상태를 판단할 자료가 부족합니다.,확인 부족
2026-03-25,ADV,상승 종목 비율,확인 부족,-1,이력 부족: 0/21관측,현재 상태를 판단할 자료가 부족합니다.,확인 부족
2026-03-25,ABOVE200,200DMA 위 종목 비율,확인 부족,-1,이력 부족: 0/21관측,현재 상태를 판단할 자료가 부족합니다.,확인 부족
2026-03-25,HILO,52주 신고가-신저가 비율,확인 부족,-1,이력 부족: 0/21관측,현재 상태를 판단할 자료가 부족합니다.,확인 부족
2026-03-25,EFFR,미국 기준금리,정상,0,20관측 +0bp · 유지 · EFFR 변화는 목표범위 결정 자체와 구분,금리 하락 또는 상대관계 변화을 관찰합니다. 물가·고용·신용의 동반 움직임으로 의미를 구분합니다.,낮음
2026-03-25,US3M,미국 3개월물 국채수익률,확인 부족,-1,이력 부족: 0/25관측,현재 상태를 판단할 자료가 부족합니다.,확인 부족
2026-03-25,US2Y,미국 2년물 국채수익률,확인 부족,-1,이력 부족: 0/25관측,현재 상태를 판단할 자료가 부족합니다.,확인 부족
2026-03-25,US10Y,미국 10년물 국채수익률,확인 부족,-1,이력 부족: 0/25관측,현재 상태를 판단할 자료가 부족합니다.,확인 부족
2026-03-25,US30Y,미국 30년물 국채수익률,확인 부족,-1,이력 부족: 0/25관측,현재 상태를 판단할 자료가 부족합니다.,확인 부족
2026-03-25,REAL10,미국 10년물 실질금리,확인 부족,-1,이력 부족: 0/25관측,현재 상태를 판단할 자료가 부족합니다.,확인 부족
2026-03-25,TERM,미국 10년물 기간프리미엄,관찰,1,과거 504관측 대비 93.8백분위 · 20일 +17bp,금리 상승에 따른 부담을 관찰합니다. 물가·고용·신용의 동반 움직임으로 의미를 구분합니다.,낮음
2026-03-25,CURVE2,미국 10년물-2년물 금리차,확인 부족,-1,이력 부족: 0/22관측,현재 상태를 판단할 자료가 부족합니다.,확인 부족
2026-03-25,CURVE3,미국 10년물-3개월물 금리차,확인 부족,-1,이력 부족: 0/22관측,현재 상태를 판단할 자료가 부족합니다.,확인 부족
2026-03-25,CURVEFED,미국 10년물-기준금리 차,확인 부족,-1,이력 부족: 0/22관측,현재 상태를 판단할 자료가 부족합니다.,확인 부족
2026-03-25,VIX,VIX,주의,2,VIX 25.3 · 5일 +1.0% · 20일 +41.3% · 5일 +0.2포인트,지표 고유의 상태와 다른 시장 영역의 동반 신호를 구분해 확인합니다.,낮음
2026-03-25,VIXPOS,VIX 1년 위치,참고,0,과거 252관측 대비 90.9백분위,최근 분포에서의 위치입니다. 별도 위험 신호로 중복 집계하지 않습니다.,낮음
2026-03-25,HY,하이일드 OAS,안정,0,HY 3.17%p · 5일 -3bp · 20일 +19bp,지표 고유의 상태와 다른 시장 영역의 동반 신호를 구분해 확인합니다.,보통
2026-03-25,BBB,BBB OAS,안정,0,BBB 1.09%p · 5일 -4bp · 20일 +6bp,지표 고유의 상태와 다른 시장 영역의 동반 신호를 구분해 확인합니다.,보통
2026-03-25,HYPOS,HY 1년 위치,참고,0,과거 252관측 대비 78.4백분위,최근 분포에서의 위치입니다. 별도 위험 신호로 중복 집계하지 않습니다.,보통
2026-03-25,UNEMP,미국 실업률,확인 부족,-1,월간 관측 누락: 달력 기간 계산 보류,현재 상태를 판단할 자료가 부족합니다.,확인 부족
2026-03-25,SAHM,Sahm Rule,확인 부족,-1,월간 관측 누락: 달력 기간 계산 보류,현재 상태를 판단할 자료가 부족합니다.,확인 부족
2026-03-25,CLAIMS,신규실업수당 4주평균,확인 부족,-1,이력 부족: 0/55관측,현재 상태를 판단할 자료가 부족합니다.,확인 부족
2026-03-25,CPI,CPI,확인 부족,-1,이력 부족: 0/16관측,현재 상태를 판단할 자료가 부족합니다.,확인 부족
2026-03-25,CORECPI,근원 CPI,확인 부족,-1,이력 부족: 0/16관측,현재 상태를 판단할 자료가 부족합니다.,확인 부족
2026-03-25,COREPCE,근원 PCE,확인 부족,-1,이력 부족: 0/16관측,현재 상태를 판단할 자료가 부족합니다.,확인 부족
2026-03-25,DXY,달러지수,확인 부족,-1,이력 부족: 0/147관측,현재 상태를 판단할 자료가 부족합니다.,확인 부족
2026-03-25,USDKRW,달러/원,확인 부족,-1,이력 부족: 0/147관측,현재 상태를 판단할 자료가 부족합니다.,확인 부족
2026-03-25,USDJPY,달러/엔,확인 부족,-1,이력 부족: 0/147관측,현재 상태를 판단할 자료가 부족합니다.,확인 부족
2026-03-25,WTI,WTI,확인 부족,-1,이력 부족: 0/147관측,현재 상태를 판단할 자료가 부족합니다.,확인 부족
2026-03-25,GOLD,금,관찰,1,5일 -6.96% · 20일 -12.61% · 변동성 기준 96.4/97.4백분위,가격 움직임은 확인되지만 원인을 구분할 교차 근거가 충분하지 않습니다.,낮음
2026-03-25,SILVER,은,관찰,1,5일 -6.31% · 20일 -20.43% · 변동성 기준 78.6/91.9백분위,가격 움직임은 확인되지만 원인을 구분할 교차 근거가 충분하지 않습니다.,낮음
2026-03-25,COPPER,구리,정상,0,5일 -0.45% · 20일 -7.53% · 변동성 기준 9.1/65.7백분위,가격 움직임은 확인되지만 원인을 구분할 교차 근거가 충분하지 않습니다.,낮음
2026-03-26,SP500,S&P500,확인 부족,-1,이력 부족: 0/252관측,현재 상태를 판단할 자료가 부족합니다.,확인 부족
2026-03-26,NASDAQ,Nasdaq,확인 부족,-1,이력 부족: 0/252관측,현재 상태를 판단할 자료가 부족합니다.,확인 부족
2026-03-26,RUSSELL,Russell 2000,관찰,1,5일 -0.1% · 20일 -6.9% · 고점 대비 -8.3%,지표 고유의 상태와 다른 시장 영역의 동반 신호를 구분해 확인합니다.,낮음
2026-03-26,MA200,200일 이동평균 이격,확인 부족,-1,이력 부족: 0/200관측,현재 상태를 판단할 자료가 부족합니다.,확인 부족
2026-03-26,EW,동일가중 상대성과,정상,0,RSP가 SPY 대비 20일 -0.3%p · 5일 상대성과 +1.07%p,지표 고유의 상태와 다른 시장 영역의 동반 신호를 구분해 확인합니다.,낮음
2026-03-26,CAPE,CAPE,확인 부족,-1,이력 부족: 0/120관측,현재 상태를 판단할 자료가 부족합니다.,확인 부족
2026-03-26,ADV,상승 종목 비율,확인 부족,-1,이력 부족: 0/21관측,현재 상태를 판단할 자료가 부족합니다.,확인 부족
2026-03-26,ABOVE200,200DMA 위 종목 비율,확인 부족,-1,이력 부족: 0/21관측,현재 상태를 판단할 자료가 부족합니다.,확인 부족
2026-03-26,HILO,52주 신고가-신저가 비율,확인 부족,-1,이력 부족: 0/21관측,현재 상태를 판단할 자료가 부족합니다.,확인 부족
2026-03-26,EFFR,미국 기준금리,정상,0,20관측 +0bp · 유지 · EFFR 변화는 목표범위 결정 자체와 구분,금리 하락 또는 상대관계 변화을 관찰합니다. 물가·고용·신용의 동반 움직임으로 의미를 구분합니다.,낮음
2026-03-26,US3M,미국 3개월물 국채수익률,확인 부족,-1,이력 부족: 0/25관측,현재 상태를 판단할 자료가 부족합니다.,확인 부족
2026-03-26,US2Y,미국 2년물 국채수익률,확인 부족,-1,이력 부족: 0/25관측,현재 상태를 판단할 자료가 부족합니다.,확인 부족
2026-03-26,US10Y,미국 10년물 국채수익률,확인 부족,-1,이력 부족: 0/25관측,현재 상태를 판단할 자료가 부족합니다.,확인 부족
2026-03-26,US30Y,미국 30년물 국채수익률,확인 부족,-1,이력 부족: 0/25관측,현재 상태를 판단할 자료가 부족합니다.,확인 부족
2026-03-26,REAL10,미국 10년물 실질금리,확인 부족,-1,이력 부족: 0/25관측,현재 상태를 판단할 자료가 부족합니다.,확인 부족
2026-03-26,TERM,미국 10년물 기간프리미엄,주의,2,과거 504관측 대비 97.6백분위 · 20일 +23bp,금리 상승에 따른 부담을 관찰합니다. 물가·고용·신용의 동반 움직임으로 의미를 구분합니다.,낮음
2026-03-26,CURVE2,미국 10년물-2년물 금리차,확인 부족,-1,이력 부족: 0/22관측,현재 상태를 판단할 자료가 부족합니다.,확인 부족
2026-03-26,CURVE3,미국 10년물-3개월물 금리차,확인 부족,-1,이력 부족: 0/22관측,현재 상태를 판단할 자료가 부족합니다.,확인 부족
2026-03-26,CURVEFED,미국 10년물-기준금리 차,확인 부족,-1,이력 부족: 0/22관측,현재 상태를 판단할 자료가 부족합니다.,확인 부족
2026-03-26,VIX,VIX,주의,2,VIX 27.4 · 5일 +14.0% · 20일 +47.3% · 5일 +3.4포인트,지표 고유의 상태와 다른 시장 영역의 동반 신호를 구분해 확인합니다.,낮음
2026-03-26,VIXPOS,VIX 1년 위치,참고,0,과거 252관측 대비 94.0백분위,최근 분포에서의 위치입니다. 별도 위험 신호로 중복 집계하지 않습니다.,낮음
2026-03-26,HY,하이일드 OAS,안정,0,HY 3.21%p · 5일 -6bp · 20일 +11bp,지표 고유의 상태와 다른 시장 영역의 동반 신호를 구분해 확인합니다.,보통
2026-03-26,BBB,BBB OAS,안정,0,BBB 1.11%p · 5일 -2bp · 20일 +4bp,지표 고유의 상태와 다른 시장 영역의 동반 신호를 구분해 확인합니다.,보통
2026-03-26,HYPOS,HY 1년 위치,참고,0,과거 252관측 대비 85.1백분위,최근 분포에서의 위치입니다. 별도 위험 신호로 중복 집계하지 않습니다.,보통
2026-03-26,UNEMP,미국 실업률,확인 부족,-1,월간 관측 누락: 달력 기간 계산 보류,현재 상태를 판단할 자료가 부족합니다.,확인 부족
2026-03-26,SAHM,Sahm Rule,확인 부족,-1,월간 관측 누락: 달력 기간 계산 보류,현재 상태를 판단할 자료가 부족합니다.,확인 부족
2026-03-26,CLAIMS,신규실업수당 4주평균,확인 부족,-1,이력 부족: 0/55관측,현재 상태를 판단할 자료가 부족합니다.,확인 부족
2026-03-26,CPI,CPI,확인 부족,-1,이력 부족: 0/16관측,현재 상태를 판단할 자료가 부족합니다.,확인 부족
2026-03-26,CORECPI,근원 CPI,확인 부족,-1,이력 부족: 0/16관측,현재 상태를 판단할 자료가 부족합니다.,확인 부족
2026-03-26,COREPCE,근원 PCE,확인 부족,-1,이력 부족: 0/16관측,현재 상태를 판단할 자료가 부족합니다.,확인 부족
2026-03-26,DXY,달러지수,확인 부족,-1,이력 부족: 0/147관측,현재 상태를 판단할 자료가 부족합니다.,확인 부족
2026-03-26,USDKRW,달러/원,확인 부족,-1,이력 부족: 0/147관측,현재 상태를 판단할 자료가 부족합니다.,확인 부족
2026-03-26,USDJPY,달러/엔,확인 부족,-1,이력 부족: 0/147관측,현재 상태를 판단할 자료가 부족합니다.,확인 부족
2026-03-26,WTI,WTI,확인 부족,-1,이력 부족: 0/147관측,현재 상태를 판단할 자료가 부족합니다.,확인 부족
2026-03-26,GOLD,금,주의,2,5일 -4.89% · 20일 -15.47% · 변동성 기준 91.7/99.0백분위,가격 움직임은 확인되지만 원인을 구분할 교차 근거가 충분하지 않습니다.,낮음
2026-03-26,SILVER,은,관찰,1,5일 -4.56% · 20일 -22.22% · 변동성 기준 66.5/93.1백분위,가격 움직임은 확인되지만 원인을 구분할 교차 근거가 충분하지 않습니다.,낮음
2026-03-26,COPPER,구리,정상,0,5일 +0.25% · 20일 -8.42% · 변동성 기준 5.0/71.8백분위,가격 움직임은 확인되지만 원인을 구분할 교차 근거가 충분하지 않습니다.,낮음
2026-03-27,SP500,S&P500,확인 부족,-1,이력 부족: 0/252관측,현재 상태를 판단할 자료가 부족합니다.,확인 부족
2026-03-27,NASDAQ,Nasdaq,확인 부족,-1,이력 부족: 0/252관측,현재 상태를 판단할 자료가 부족합니다.,확인 부족
2026-03-27,RUSSELL,Russell 2000,관찰,1,5일 +0.5% · 20일 -6.9% · 고점 대비 -9.9%,지표 고유의 상태와 다른 시장 영역의 동반 신호를 구분해 확인합니다.,보통
2026-03-27,MA200,200일 이동평균 이격,확인 부족,-1,이력 부족: 0/200관측,현재 상태를 판단할 자료가 부족합니다.,확인 부족
2026-03-27,EW,동일가중 상대성과,정상,0,RSP가 SPY 대비 20일 -0.5%p · 5일 상대성과 +1.17%p,지표 고유의 상태와 다른 시장 영역의 동반 신호를 구분해 확인합니다.,보통
2026-03-27,CAPE,CAPE,확인 부족,-1,이력 부족: 0/120관측,현재 상태를 판단할 자료가 부족합니다.,확인 부족
2026-03-27,ADV,상승 종목 비율,확인 부족,-1,이력 부족: 0/21관측,현재 상태를 판단할 자료가 부족합니다.,확인 부족
2026-03-27,ABOVE200,200DMA 위 종목 비율,확인 부족,-1,이력 부족: 0/21관측,현재 상태를 판단할 자료가 부족합니다.,확인 부족
2026-03-27,HILO,52주 신고가-신저가 비율,확인 부족,-1,이력 부족: 0/21관측,현재 상태를 판단할 자료가 부족합니다.,확인 부족
2026-03-27,EFFR,미국 기준금리,정상,0,20관측 +0bp · 유지 · EFFR 변화는 목표범위 결정 자체와 구분,금리 하락 또는 상대관계 변화을 관찰합니다. 물가·고용·신용의 동반 움직임으로 의미를 구분합니다.,보통
2026-03-27,US3M,미국 3개월물 국채수익률,확인 부족,-1,이력 부족: 0/25관측,현재 상태를 판단할 자료가 부족합니다.,확인 부족
2026-03-27,US2Y,미국 2년물 국채수익률,확인 부족,-1,이력 부족: 0/25관측,현재 상태를 판단할 자료가 부족합니다.,확인 부족
2026-03-27,US10Y,미국 10년물 국채수익률,확인 부족,-1,이력 부족: 0/25관측,현재 상태를 판단할 자료가 부족합니다.,확인 부족
2026-03-27,US30Y,미국 30년물 국채수익률,확인 부족,-1,이력 부족: 0/25관측,현재 상태를 판단할 자료가 부족합니다.,확인 부족
2026-03-27,REAL10,미국 10년물 실질금리,확인 부족,-1,이력 부족: 0/25관측,현재 상태를 판단할 자료가 부족합니다.,확인 부족
2026-03-27,TERM,미국 10년물 기간프리미엄,주의,2,과거 504관측 대비 97.8백분위 · 20일 +26bp,금리 상승에 따른 부담을 관찰합니다. 물가·고용·신용의 동반 움직임으로 의미를 구분합니다.,보통
2026-03-27,CURVE2,미국 10년물-2년물 금리차,확인 부족,-1,이력 부족: 0/22관측,현재 상태를 판단할 자료가 부족합니다.,확인 부족
2026-03-27,CURVE3,미국 10년물-3개월물 금리차,확인 부족,-1,이력 부족: 0/22관측,현재 상태를 판단할 자료가 부족합니다.,확인 부족
2026-03-27,CURVEFED,미국 10년물-기준금리 차,확인 부족,-1,이력 부족: 0/22관측,현재 상태를 판단할 자료가 부족합니다.,확인 부족
2026-03-27,VIX,VIX,위험,3,VIX 31.1 · 5일 +15.9% · 20일 +56.3% · 5일 +4.3포인트,지표 고유의 상태와 다른 시장 영역의 동반 신호를 구분해 확인합니다.,보통
2026-03-27,VIXPOS,VIX 1년 위치,참고,0,과거 252관측 대비 96.8백분위,최근 분포에서의 위치입니다. 별도 위험 신호로 중복 집계하지 않습니다.,보통
2026-03-27,HY,하이일드 OAS,관찰,1,HY 3.42%p · 5일 +18bp · 20일 +30bp,지표 고유의 상태와 다른 시장 영역의 동반 신호를 구분해 확인합니다.,보통
2026-03-27,BBB,BBB OAS,안정,0,BBB 1.14%p · 5일 +3bp · 20일 +6bp,지표 고유의 상태와 다른 시장 영역의 동반 신호를 구분해 확인합니다.,보통
2026-03-27,HYPOS,HY 1년 위치,참고,0,과거 252관측 대비 92.1백분위,최근 분포에서의 위치입니다. 별도 위험 신호로 중복 집계하지 않습니다.,보통
2026-03-27,UNEMP,미국 실업률,확인 부족,-1,월간 관측 누락: 달력 기간 계산 보류,현재 상태를 판단할 자료가 부족합니다.,확인 부족
2026-03-27,SAHM,Sahm Rule,확인 부족,-1,월간 관측 누락: 달력 기간 계산 보류,현재 상태를 판단할 자료가 부족합니다.,확인 부족
2026-03-27,CLAIMS,신규실업수당 4주평균,확인 부족,-1,이력 부족: 0/55관측,현재 상태를 판단할 자료가 부족합니다.,확인 부족
2026-03-27,CPI,CPI,확인 부족,-1,이력 부족: 0/16관측,현재 상태를 판단할 자료가 부족합니다.,확인 부족
2026-03-27,CORECPI,근원 CPI,확인 부족,-1,이력 부족: 0/16관측,현재 상태를 판단할 자료가 부족합니다.,확인 부족
2026-03-27,COREPCE,근원 PCE,확인 부족,-1,이력 부족: 0/16관측,현재 상태를 판단할 자료가 부족합니다.,확인 부족
2026-03-27,DXY,달러지수,확인 부족,-1,이력 부족: 0/147관측,현재 상태를 판단할 자료가 부족합니다.,확인 부족
2026-03-27,USDKRW,달러/원,확인 부족,-1,이력 부족: 0/147관측,현재 상태를 판단할 자료가 부족합니다.,확인 부족
2026-03-27,USDJPY,달러/엔,확인 부족,-1,이력 부족: 0/147관측,현재 상태를 판단할 자료가 부족합니다.,확인 부족
2026-03-27,WTI,WTI,확인 부족,-1,이력 부족: 0/147관측,현재 상태를 판단할 자료가 부족합니다.,확인 부족
2026-03-27,GOLD,금,주의,2,5일 -1.72% · 20일 -14.12% · 변동성 기준 47.2/98.2백분위,가격 움직임은 확인되지만 원인을 구분할 교차 근거가 충분하지 않습니다.,낮음
2026-03-27,SILVER,은,관찰,1,5일 +0.27% · 20일 -24.96% · 변동성 기준 4.4/94.8백분위,가격 움직임은 확인되지만 원인을 구분할 교차 근거가 충분하지 않습니다.,낮음
2026-03-27,COPPER,구리,정상,0,5일 +2.33% · 20일 -8.95% · 변동성 기준 49.8/74.6백분위,가격 움직임은 확인되지만 원인을 구분할 교차 근거가 충분하지 않습니다.,낮음
2026-03-30,SP500,S&P500,확인 부족,-1,이력 부족: 0/252관측,현재 상태를 판단할 자료가 부족합니다.,확인 부족
2026-03-30,NASDAQ,Nasdaq,확인 부족,-1,이력 부족: 0/252관측,현재 상태를 판단할 자료가 부족합니다.,확인 부족
2026-03-30,RUSSELL,Russell 2000,주의,2,5일 -3.2% · 20일 -9.1% · 고점 대비 -11.2%,지표 고유의 상태와 다른 시장 영역의 동반 신호를 구분해 확인합니다.,보통
2026-03-30,MA200,200일 이동평균 이격,확인 부족,-1,이력 부족: 0/200관측,현재 상태를 판단할 자료가 부족합니다.,확인 부족
2026-03-30,EW,동일가중 상대성과,정상,0,RSP가 SPY 대비 20일 -0.1%p · 5일 상대성과 +1.68%p,지표 고유의 상태와 다른 시장 영역의 동반 신호를 구분해 확인합니다.,보통
2026-03-30,CAPE,CAPE,확인 부족,-1,이력 부족: 0/120관측,현재 상태를 판단할 자료가 부족합니다.,확인 부족
2026-03-30,ADV,상승 종목 비율,확인 부족,-1,이력 부족: 0/21관측,현재 상태를 판단할 자료가 부족합니다.,확인 부족
2026-03-30,ABOVE200,200DMA 위 종목 비율,확인 부족,-1,이력 부족: 0/21관측,현재 상태를 판단할 자료가 부족합니다.,확인 부족
2026-03-30,HILO,52주 신고가-신저가 비율,확인 부족,-1,이력 부족: 0/21관측,현재 상태를 판단할 자료가 부족합니다.,확인 부족
2026-03-30,EFFR,미국 기준금리,정상,0,20관측 +0bp · 유지 · EFFR 변화는 목표범위 결정 자체와 구분,금리 하락 또는 상대관계 변화을 관찰합니다. 물가·고용·신용의 동반 움직임으로 의미를 구분합니다.,보통
2026-03-30,US3M,미국 3개월물 국채수익률,확인 부족,-1,이력 부족: 0/25관측,현재 상태를 판단할 자료가 부족합니다.,확인 부족
2026-03-30,US2Y,미국 2년물 국채수익률,확인 부족,-1,이력 부족: 0/25관측,현재 상태를 판단할 자료가 부족합니다.,확인 부족
2026-03-30,US10Y,미국 10년물 국채수익률,확인 부족,-1,이력 부족: 0/25관측,현재 상태를 판단할 자료가 부족합니다.,확인 부족
2026-03-30,US30Y,미국 30년물 국채수익률,확인 부족,-1,이력 부족: 0/25관측,현재 상태를 판단할 자료가 부족합니다.,확인 부족
2026-03-30,REAL10,미국 10년물 실질금리,확인 부족,-1,이력 부족: 0/25관측,현재 상태를 판단할 자료가 부족합니다.,확인 부족
2026-03-30,TERM,미국 10년물 기간프리미엄,관찰,1,과거 504관측 대비 94.4백분위 · 20일 +19bp,금리 상승에 따른 부담을 관찰합니다. 물가·고용·신용의 동반 움직임으로 의미를 구분합니다.,보통
2026-03-30,CURVE2,미국 10년물-2년물 금리차,확인 부족,-1,이력 부족: 0/22관측,현재 상태를 판단할 자료가 부족합니다.,확인 부족
2026-03-30,CURVE3,미국 10년물-3개월물 금리차,확인 부족,-1,이력 부족: 0/22관측,현재 상태를 판단할 자료가 부족합니다.,확인 부족
2026-03-30,CURVEFED,미국 10년물-기준금리 차,확인 부족,-1,이력 부족: 0/22관측,현재 상태를 판단할 자료가 부족합니다.,확인 부족
2026-03-30,VIX,VIX,위험,3,VIX 30.6 · 5일 +17.1% · 20일 +42.8% · 5일 +4.5포인트,지표 고유의 상태와 다른 시장 영역의 동반 신호를 구분해 확인합니다.,보통
2026-03-30,VIXPOS,VIX 1년 위치,참고,0,과거 252관측 대비 96.4백분위,최근 분포에서의 위치입니다. 별도 위험 신호로 중복 집계하지 않습니다.,보통
2026-03-30,HY,하이일드 OAS,관찰,1,HY 3.46%p · 5일 +27bp · 20일 +43bp,지표 고유의 상태와 다른 시장 영역의 동반 신호를 구분해 확인합니다.,보통
2026-03-30,BBB,BBB OAS,관찰,1,BBB 1.16%p · 5일 +5bp · 20일 +10bp,지표 고유의 상태와 다른 시장 영역의 동반 신호를 구분해 확인합니다.,보통
2026-03-30,HYPOS,HY 1년 위치,참고,0,과거 252관측 대비 92.5백분위,최근 분포에서의 위치입니다. 별도 위험 신호로 중복 집계하지 않습니다.,보통
2026-03-30,UNEMP,미국 실업률,확인 부족,-1,월간 관측 누락: 달력 기간 계산 보류,현재 상태를 판단할 자료가 부족합니다.,확인 부족
2026-03-30,SAHM,Sahm Rule,확인 부족,-1,월간 관측 누락: 달력 기간 계산 보류,현재 상태를 판단할 자료가 부족합니다.,확인 부족
2026-03-30,CLAIMS,신규실업수당 4주평균,확인 부족,-1,이력 부족: 0/55관측,현재 상태를 판단할 자료가 부족합니다.,확인 부족
2026-03-30,CPI,CPI,확인 부족,-1,이력 부족: 0/16관측,현재 상태를 판단할 자료가 부족합니다.,확인 부족
2026-03-30,CORECPI,근원 CPI,확인 부족,-1,이력 부족: 0/16관측,현재 상태를 판단할 자료가 부족합니다.,확인 부족
2026-03-30,COREPCE,근원 PCE,확인 부족,-1,이력 부족: 0/16관측,현재 상태를 판단할 자료가 부족합니다.,확인 부족
2026-03-30,DXY,달러지수,확인 부족,-1,이력 부족: 0/147관측,현재 상태를 판단할 자료가 부족합니다.,확인 부족
2026-03-30,USDKRW,달러/원,확인 부족,-1,이력 부족: 0/147관측,현재 상태를 판단할 자료가 부족합니다.,확인 부족
2026-03-30,USDJPY,달러/엔,확인 부족,-1,이력 부족: 0/147관측,현재 상태를 판단할 자료가 부족합니다.,확인 부족
2026-03-30,WTI,WTI,확인 부족,-1,이력 부족: 0/147관측,현재 상태를 판단할 자료가 부족합니다.,확인 부족
2026-03-30,GOLD,금,주의,2,5일 +2.77% · 20일 -14.51% · 변동성 기준 68.7/98.4백분위,가격 움직임은 확인되지만 원인을 구분할 교차 근거가 충분하지 않습니다.,낮음
2026-03-30,SILVER,은,관찰,1,5일 +1.85% · 20일 -20.34% · 변동성 기준 30.4/91.3백분위,가격 움직임은 확인되지만 원인을 구분할 교차 근거가 충분하지 않습니다.,낮음
2026-03-30,COPPER,구리,정상,0,5일 +0.67% · 20일 -7.10% · 변동성 기준 15.1/63.1백분위,가격 움직임은 확인되지만 원인을 구분할 교차 근거가 충분하지 않습니다.,낮음
2026-03-31,SP500,S&P500,확인 부족,-1,이력 부족: 0/252관측,현재 상태를 판단할 자료가 부족합니다.,확인 부족
2026-03-31,NASDAQ,Nasdaq,확인 부족,-1,이력 부족: 0/252관측,현재 상태를 판단할 자료가 부족합니다.,확인 부족
2026-03-31,RUSSELL,Russell 2000,관찰,1,5일 -0.4% · 20일 -4.3% · 고점 대비 -8.2%,지표 고유의 상태와 다른 시장 영역의 동반 신호를 구분해 확인합니다.,낮음
2026-03-31,MA200,200일 이동평균 이격,확인 부족,-1,이력 부족: 0/200관측,현재 상태를 판단할 자료가 부족합니다.,확인 부족
2026-03-31,EW,동일가중 상대성과,정상,0,RSP가 SPY 대비 20일 -0.6%p · 5일 상대성과 +0.43%p,지표 고유의 상태와 다른 시장 영역의 동반 신호를 구분해 확인합니다.,낮음
2026-03-31,CAPE,CAPE,확인 부족,-1,이력 부족: 0/120관측,현재 상태를 판단할 자료가 부족합니다.,확인 부족
2026-03-31,ADV,상승 종목 비율,확인 부족,-1,이력 부족: 0/21관측,현재 상태를 판단할 자료가 부족합니다.,확인 부족
2026-03-31,ABOVE200,200DMA 위 종목 비율,확인 부족,-1,이력 부족: 0/21관측,현재 상태를 판단할 자료가 부족합니다.,확인 부족
2026-03-31,HILO,52주 신고가-신저가 비율,확인 부족,-1,이력 부족: 0/21관측,현재 상태를 판단할 자료가 부족합니다.,확인 부족
2026-03-31,EFFR,미국 기준금리,정상,0,20관측 +0bp · 유지 · EFFR 변화는 목표범위 결정 자체와 구분,금리 하락 또는 상대관계 변화을 관찰합니다. 물가·고용·신용의 동반 움직임으로 의미를 구분합니다.,낮음
2026-03-31,US3M,미국 3개월물 국채수익률,확인 부족,-1,이력 부족: 0/25관측,현재 상태를 판단할 자료가 부족합니다.,확인 부족
2026-03-31,US2Y,미국 2년물 국채수익률,확인 부족,-1,이력 부족: 0/25관측,현재 상태를 판단할 자료가 부족합니다.,확인 부족
2026-03-31,US10Y,미국 10년물 국채수익률,확인 부족,-1,이력 부족: 0/25관측,현재 상태를 판단할 자료가 부족합니다.,확인 부족
2026-03-31,US30Y,미국 30년물 국채수익률,확인 부족,-1,이력 부족: 0/25관측,현재 상태를 판단할 자료가 부족합니다.,확인 부족
2026-03-31,REAL10,미국 10년물 실질금리,확인 부족,-1,이력 부족: 0/25관측,현재 상태를 판단할 자료가 부족합니다.,확인 부족
2026-03-31,TERM,미국 10년물 기간프리미엄,관찰,1,과거 504관측 대비 91.7백분위 · 20일 +15bp,금리 상승에 따른 부담을 관찰합니다. 물가·고용·신용의 동반 움직임으로 의미를 구분합니다.,낮음
2026-03-31,CURVE2,미국 10년물-2년물 금리차,확인 부족,-1,이력 부족: 0/22관측,현재 상태를 판단할 자료가 부족합니다.,확인 부족
2026-03-31,CURVE3,미국 10년물-3개월물 금리차,확인 부족,-1,이력 부족: 0/22관측,현재 상태를 판단할 자료가 부족합니다.,확인 부족
2026-03-31,CURVEFED,미국 10년물-기준금리 차,확인 부족,-1,이력 부족: 0/22관측,현재 상태를 판단할 자료가 부족합니다.,확인 부족
2026-03-31,VIX,VIX,주의,2,VIX 25.2 · 5일 -6.3% · 20일 +7.1% · 5일 -1.7포인트,지표 고유의 상태와 다른 시장 영역의 동반 신호를 구분해 확인합니다.,낮음
2026-03-31,VIXPOS,VIX 1년 위치,참고,0,과거 252관측 대비 90.1백분위,최근 분포에서의 위치입니다. 별도 위험 신호로 중복 집계하지 않습니다.,낮음
2026-03-31,HY,하이일드 OAS,안정,0,HY 3.28%p · 5일 +9bp · 20일 +20bp,지표 고유의 상태와 다른 시장 영역의 동반 신호를 구분해 확인합니다.,보통
2026-03-31,BBB,BBB OAS,안정,0,BBB 1.13%p · 5일 +4bp · 20일 +7bp,지표 고유의 상태와 다른 시장 영역의 동반 신호를 구분해 확인합니다.,보통
2026-03-31,HYPOS,HY 1년 위치,참고,0,과거 252관측 대비 89.9백분위,최근 분포에서의 위치입니다. 별도 위험 신호로 중복 집계하지 않습니다.,보통
2026-03-31,UNEMP,미국 실업률,확인 부족,-1,월간 관측 누락: 달력 기간 계산 보류,현재 상태를 판단할 자료가 부족합니다.,확인 부족
2026-03-31,SAHM,Sahm Rule,확인 부족,-1,월간 관측 누락: 달력 기간 계산 보류,현재 상태를 판단할 자료가 부족합니다.,확인 부족
2026-03-31,CLAIMS,신규실업수당 4주평균,확인 부족,-1,이력 부족: 0/55관측,현재 상태를 판단할 자료가 부족합니다.,확인 부족
2026-03-31,CPI,CPI,확인 부족,-1,이력 부족: 0/16관측,현재 상태를 판단할 자료가 부족합니다.,확인 부족
2026-03-31,CORECPI,근원 CPI,확인 부족,-1,이력 부족: 0/16관측,현재 상태를 판단할 자료가 부족합니다.,확인 부족
2026-03-31,COREPCE,근원 PCE,확인 부족,-1,이력 부족: 0/16관측,현재 상태를 판단할 자료가 부족합니다.,확인 부족
2026-03-31,DXY,달러지수,확인 부족,-1,이력 부족: 0/147관측,현재 상태를 판단할 자료가 부족합니다.,확인 부족
2026-03-31,USDKRW,달러/원,확인 부족,-1,이력 부족: 0/147관측,현재 상태를 판단할 자료가 부족합니다.,확인 부족
2026-03-31,USDJPY,달러/엔,확인 부족,-1,이력 부족: 0/147관측,현재 상태를 판단할 자료가 부족합니다.,확인 부족
2026-03-31,WTI,WTI,확인 부족,-1,이력 부족: 0/147관측,현재 상태를 판단할 자료가 부족합니다.,확인 부족
2026-03-31,GOLD,금,관찰,1,5일 +5.64% · 20일 -9.00% · 변동성 기준 94.8/88.5백분위,가격 움직임은 확인되지만 원인을 구분할 교차 근거가 충분하지 않습니다.,낮음
2026-03-31,SILVER,은,정상,0,5일 +7.82% · 20일 -9.93% · 변동성 기준 84.5/69.0백분위,가격 움직임은 확인되지만 원인을 구분할 교차 근거가 충분하지 않습니다.,낮음
2026-03-31,COPPER,구리,정상,0,5일 +3.04% · 20일 -3.22% · 변동성 기준 62.7/31.5백분위,가격 움직임은 확인되지만 원인을 구분할 교차 근거가 충분하지 않습니다.,낮음
2026-04-01,SP500,S&P500,확인 부족,-1,이력 부족: 0/252관측,현재 상태를 판단할 자료가 부족합니다.,확인 부족
2026-04-01,NASDAQ,Nasdaq,확인 부족,-1,이력 부족: 0/252관측,현재 상태를 판단할 자료가 부족합니다.,확인 부족
2026-04-01,RUSSELL,Russell 2000,관찰,1,5일 -0.9% · 20일 -4.7% · 고점 대비 -7.6%,지표 고유의 상태와 다른 시장 영역의 동반 신호를 구분해 확인합니다.,낮음
2026-04-01,MA200,200일 이동평균 이격,확인 부족,-1,이력 부족: 0/200관측,현재 상태를 판단할 자료가 부족합니다.,확인 부족
2026-04-01,EW,동일가중 상대성과,정상,0,RSP가 SPY 대비 20일 -0.7%p · 5일 상대성과 +0.08%p,지표 고유의 상태와 다른 시장 영역의 동반 신호를 구분해 확인합니다.,낮음
2026-04-01,CAPE,CAPE,확인 부족,-1,이력 부족: 0/120관측,현재 상태를 판단할 자료가 부족합니다.,확인 부족
2026-04-01,ADV,상승 종목 비율,확인 부족,-1,이력 부족: 0/21관측,현재 상태를 판단할 자료가 부족합니다.,확인 부족
2026-04-01,ABOVE200,200DMA 위 종목 비율,확인 부족,-1,이력 부족: 0/21관측,현재 상태를 판단할 자료가 부족합니다.,확인 부족
2026-04-01,HILO,52주 신고가-신저가 비율,확인 부족,-1,이력 부족: 0/21관측,현재 상태를 판단할 자료가 부족합니다.,확인 부족
2026-04-01,EFFR,미국 기준금리,정상,0,20관측 +0bp · 유지 · EFFR 변화는 목표범위 결정 자체와 구분,금리 하락 또는 상대관계 변화을 관찰합니다. 물가·고용·신용의 동반 움직임으로 의미를 구분합니다.,낮음
2026-04-01,US3M,미국 3개월물 국채수익률,확인 부족,-1,이력 부족: 0/25관측,현재 상태를 판단할 자료가 부족합니다.,확인 부족
2026-04-01,US2Y,미국 2년물 국채수익률,확인 부족,-1,이력 부족: 0/25관측,현재 상태를 판단할 자료가 부족합니다.,확인 부족
2026-04-01,US10Y,미국 10년물 국채수익률,확인 부족,-1,이력 부족: 0/25관측,현재 상태를 판단할 자료가 부족합니다.,확인 부족
2026-04-01,US30Y,미국 30년물 국채수익률,확인 부족,-1,이력 부족: 0/25관측,현재 상태를 판단할 자료가 부족합니다.,확인 부족
2026-04-01,REAL10,미국 10년물 실질금리,확인 부족,-1,이력 부족: 0/25관측,현재 상태를 판단할 자료가 부족합니다.,확인 부족
2026-04-01,TERM,미국 10년물 기간프리미엄,관찰,1,과거 504관측 대비 92.3백분위 · 20일 +15bp,금리 상승에 따른 부담을 관찰합니다. 물가·고용·신용의 동반 움직임으로 의미를 구분합니다.,낮음
2026-04-01,CURVE2,미국 10년물-2년물 금리차,확인 부족,-1,이력 부족: 0/22관측,현재 상태를 판단할 자료가 부족합니다.,확인 부족
2026-04-01,CURVE3,미국 10년물-3개월물 금리차,확인 부족,-1,이력 부족: 0/22관측,현재 상태를 판단할 자료가 부족합니다.,확인 부족
2026-04-01,CURVEFED,미국 10년물-기준금리 차,확인 부족,-1,이력 부족: 0/22관측,현재 상태를 판단할 자료가 부족합니다.,확인 부족
2026-04-01,VIX,VIX,관찰,1,VIX 24.5 · 5일 -3.1% · 20일 +16.0% · 5일 -0.8포인트,지표 고유의 상태와 다른 시장 영역의 동반 신호를 구분해 확인합니다.,낮음
2026-04-01,VIXPOS,VIX 1년 위치,참고,0,과거 252관측 대비 86.9백분위,최근 분포에서의 위치입니다. 별도 위험 신호로 중복 집계하지 않습니다.,낮음
2026-04-01,HY,하이일드 OAS,안정,0,HY 3.16%p · 5일 -1bp · 20일 +19bp,지표 고유의 상태와 다른 시장 영역의 동반 신호를 구분해 확인합니다.,보통
2026-04-01,BBB,BBB OAS,안정,0,BBB 1.10%p · 5일 +1bp · 20일 +7bp,지표 고유의 상태와 다른 시장 영역의 동반 신호를 구분해 확인합니다.,보통
2026-04-01,HYPOS,HY 1년 위치,참고,0,과거 252관측 대비 76.8백분위,최근 분포에서의 위치입니다. 별도 위험 신호로 중복 집계하지 않습니다.,보통
2026-04-01,UNEMP,미국 실업률,확인 부족,-1,월간 관측 누락: 달력 기간 계산 보류,현재 상태를 판단할 자료가 부족합니다.,확인 부족
2026-04-01,SAHM,Sahm Rule,확인 부족,-1,월간 관측 누락: 달력 기간 계산 보류,현재 상태를 판단할 자료가 부족합니다.,확인 부족
2026-04-01,CLAIMS,신규실업수당 4주평균,확인 부족,-1,이력 부족: 0/55관측,현재 상태를 판단할 자료가 부족합니다.,확인 부족
2026-04-01,CPI,CPI,확인 부족,-1,이력 부족: 0/16관측,현재 상태를 판단할 자료가 부족합니다.,확인 부족
2026-04-01,CORECPI,근원 CPI,확인 부족,-1,이력 부족: 0/16관측,현재 상태를 판단할 자료가 부족합니다.,확인 부족
2026-04-01,COREPCE,근원 PCE,확인 부족,-1,이력 부족: 0/16관측,현재 상태를 판단할 자료가 부족합니다.,확인 부족
2026-04-01,DXY,달러지수,확인 부족,-1,이력 부족: 0/147관측,현재 상태를 판단할 자료가 부족합니다.,확인 부족
2026-04-01,USDKRW,달러/원,확인 부족,-1,이력 부족: 0/147관측,현재 상태를 판단할 자료가 부족합니다.,확인 부족
2026-04-01,USDJPY,달러/엔,확인 부족,-1,이력 부족: 0/147관측,현재 상태를 판단할 자료가 부족합니다.,확인 부족
2026-04-01,WTI,WTI,확인 부족,-1,이력 부족: 0/147관측,현재 상태를 판단할 자료가 부족합니다.,확인 부족
2026-04-01,GOLD,금,관찰,1,5일 +5.13% · 20일 -6.58% · 변동성 기준 92.1/75.6백분위,가격 움직임은 확인되지만 원인을 구분할 교차 근거가 충분하지 않습니다.,낮음
2026-04-01,SILVER,은,정상,0,5일 +4.85% · 20일 -8.19% · 변동성 기준 69.2/60.1백분위,가격 움직임은 확인되지만 원인을 구분할 교차 근거가 충분하지 않습니다.,낮음
2026-04-01,COPPER,구리,정상,0,5일 +1.72% · 20일 -3.95% · 변동성 기준 38.7/37.1백분위,가격 움직임은 확인되지만 원인을 구분할 교차 근거가 충분하지 않습니다.,낮음
2026-04-02,SP500,S&P500,확인 부족,-1,이력 부족: 0/252관측,현재 상태를 판단할 자료가 부족합니다.,확인 부족
2026-04-02,NASDAQ,Nasdaq,확인 부족,-1,이력 부족: 0/252관측,현재 상태를 판단할 자료가 부족합니다.,확인 부족
2026-04-02,RUSSELL,Russell 2000,관찰,1,5일 +1.5% · 20일 -2.1% · 고점 대비 -6.9%,지표 고유의 상태와 다른 시장 영역의 동반 신호를 구분해 확인합니다.,낮음
2026-04-02,MA200,200일 이동평균 이격,확인 부족,-1,이력 부족: 0/200관측,현재 상태를 판단할 자료가 부족합니다.,확인 부족
2026-04-02,EW,동일가중 상대성과,정상,0,RSP가 SPY 대비 20일 +0.0%p · 5일 상대성과 -0.61%p,지표 고유의 상태와 다른 시장 영역의 동반 신호를 구분해 확인합니다.,낮음
2026-04-02,CAPE,CAPE,확인 부족,-1,이력 부족: 0/120관측,현재 상태를 판단할 자료가 부족합니다.,확인 부족
2026-04-02,ADV,상승 종목 비율,확인 부족,-1,이력 부족: 0/21관측,현재 상태를 판단할 자료가 부족합니다.,확인 부족
2026-04-02,ABOVE200,200DMA 위 종목 비율,확인 부족,-1,이력 부족: 0/21관측,현재 상태를 판단할 자료가 부족합니다.,확인 부족
2026-04-02,HILO,52주 신고가-신저가 비율,확인 부족,-1,이력 부족: 0/21관측,현재 상태를 판단할 자료가 부족합니다.,확인 부족
2026-04-02,EFFR,미국 기준금리,정상,0,20관측 +0bp · 유지 · EFFR 변화는 목표범위 결정 자체와 구분,금리 하락 또는 상대관계 변화을 관찰합니다. 물가·고용·신용의 동반 움직임으로 의미를 구분합니다.,낮음
2026-04-02,US3M,미국 3개월물 국채수익률,확인 부족,-1,이력 부족: 0/25관측,현재 상태를 판단할 자료가 부족합니다.,확인 부족
2026-04-02,US2Y,미국 2년물 국채수익률,확인 부족,-1,이력 부족: 0/25관측,현재 상태를 판단할 자료가 부족합니다.,확인 부족
2026-04-02,US10Y,미국 10년물 국채수익률,확인 부족,-1,이력 부족: 0/25관측,현재 상태를 판단할 자료가 부족합니다.,확인 부족
2026-04-02,US30Y,미국 30년물 국채수익률,확인 부족,-1,이력 부족: 0/25관측,현재 상태를 판단할 자료가 부족합니다.,확인 부족
2026-04-02,REAL10,미국 10년물 실질금리,확인 부족,-1,이력 부족: 0/25관측,현재 상태를 판단할 자료가 부족합니다.,확인 부족
2026-04-02,TERM,미국 10년물 기간프리미엄,관찰,1,과거 504관측 대비 91.5백분위 · 20일 +12bp,금리 상승에 따른 부담을 관찰합니다. 물가·고용·신용의 동반 움직임으로 의미를 구분합니다.,낮음
2026-04-02,CURVE2,미국 10년물-2년물 금리차,확인 부족,-1,이력 부족: 0/22관측,현재 상태를 판단할 자료가 부족합니다.,확인 부족
2026-04-02,CURVE3,미국 10년물-3개월물 금리차,확인 부족,-1,이력 부족: 0/22관측,현재 상태를 판단할 자료가 부족합니다.,확인 부족
2026-04-02,CURVEFED,미국 10년물-기준금리 차,확인 부족,-1,이력 부족: 0/22관측,현재 상태를 판단할 자료가 부족합니다.,확인 부족
2026-04-02,VIX,VIX,관찰,1,VIX 23.9 · 5일 -13.0% · 20일 +0.5% · 5일 -3.6포인트,지표 고유의 상태와 다른 시장 영역의 동반 신호를 구분해 확인합니다.,낮음
2026-04-02,VIXPOS,VIX 1년 위치,참고,0,과거 252관측 대비 85.7백분위,최근 분포에서의 위치입니다. 별도 위험 신호로 중복 집계하지 않습니다.,낮음
2026-04-02,HY,하이일드 OAS,안정,0,HY 3.17%p · 5일 -4bp · 20일 +17bp,지표 고유의 상태와 다른 시장 영역의 동반 신호를 구분해 확인합니다.,보통
2026-04-02,BBB,BBB OAS,안정,0,BBB 1.09%p · 5일 -2bp · 20일 +5bp,지표 고유의 상태와 다른 시장 영역의 동반 신호를 구분해 확인합니다.,보통
2026-04-02,HYPOS,HY 1년 위치,참고,0,과거 252관측 대비 79.0백분위,최근 분포에서의 위치입니다. 별도 위험 신호로 중복 집계하지 않습니다.,보통
2026-04-02,UNEMP,미국 실업률,확인 부족,-1,월간 관측 누락: 달력 기간 계산 보류,현재 상태를 판단할 자료가 부족합니다.,확인 부족
2026-04-02,SAHM,Sahm Rule,확인 부족,-1,월간 관측 누락: 달력 기간 계산 보류,현재 상태를 판단할 자료가 부족합니다.,확인 부족
2026-04-02,CLAIMS,신규실업수당 4주평균,확인 부족,-1,이력 부족: 0/55관측,현재 상태를 판단할 자료가 부족합니다.,확인 부족
2026-04-02,CPI,CPI,확인 부족,-1,이력 부족: 0/16관측,현재 상태를 판단할 자료가 부족합니다.,확인 부족
2026-04-02,CORECPI,근원 CPI,확인 부족,-1,이력 부족: 0/16관측,현재 상태를 판단할 자료가 부족합니다.,확인 부족
2026-04-02,COREPCE,근원 PCE,확인 부족,-1,이력 부족: 0/16관측,현재 상태를 판단할 자료가 부족합니다.,확인 부족
2026-04-02,DXY,달러지수,확인 부족,-1,이력 부족: 0/147관측,현재 상태를 판단할 자료가 부족합니다.,확인 부족
2026-04-02,USDKRW,달러/원,확인 부족,-1,이력 부족: 0/147관측,현재 상태를 판단할 자료가 부족합니다.,확인 부족
2026-04-02,USDJPY,달러/엔,확인 부족,-1,이력 부족: 0/147관측,현재 상태를 판단할 자료가 부족합니다.,확인 부족
2026-04-02,WTI,WTI,확인 부족,-1,이력 부족: 0/147관측,현재 상태를 판단할 자료가 부족합니다.,확인 부족
2026-04-02,GOLD,금,관찰,1,5일 +6.31% · 20일 -8.17% · 변동성 기준 96.0/84.1백분위,가격 움직임은 확인되지만 원인을 구분할 교차 근거가 충분하지 않습니다.,낮음
2026-04-02,SILVER,은,정상,0,5일 +7.48% · 20일 -10.96% · 변동성 기준 83.9/73.0백분위,가격 움직임은 확인되지만 원인을 구분할 교차 근거가 충분하지 않습니다.,낮음
2026-04-02,COPPER,구리,정상,0,5일 +2.14% · 20일 -3.30% · 변동성 기준 46.2/31.9백분위,가격 움직임은 확인되지만 원인을 구분할 교차 근거가 충분하지 않습니다.,낮음
2026-04-06,SP500,S&P500,확인 부족,-1,이력 부족: 0/252관측,현재 상태를 판단할 자료가 부족합니다.,확인 부족
2026-04-06,NASDAQ,Nasdaq,확인 부족,-1,이력 부족: 0/252관측,현재 상태를 판단할 자료가 부족합니다.,확인 부족
2026-04-06,RUSSELL,Russell 2000,관찰,1,5일 +3.7% · 20일 +0.6% · 고점 대비 -6.6%,지표 고유의 상태와 다른 시장 영역의 동반 신호를 구분해 확인합니다.,낮음
2026-04-06,MA200,200일 이동평균 이격,확인 부족,-1,이력 부족: 0/200관측,현재 상태를 판단할 자료가 부족합니다.,확인 부족
2026-04-06,EW,동일가중 상대성과,정상,0,RSP가 SPY 대비 20일 -0.1%p · 5일 상대성과 -1.02%p,지표 고유의 상태와 다른 시장 영역의 동반 신호를 구분해 확인합니다.,낮음
2026-04-06,CAPE,CAPE,확인 부족,-1,이력 부족: 0/120관측,현재 상태를 판단할 자료가 부족합니다.,확인 부족
2026-04-06,ADV,상승 종목 비율,확인 부족,-1,이력 부족: 0/21관측,현재 상태를 판단할 자료가 부족합니다.,확인 부족
2026-04-06,ABOVE200,200DMA 위 종목 비율,확인 부족,-1,이력 부족: 0/21관측,현재 상태를 판단할 자료가 부족합니다.,확인 부족
2026-04-06,HILO,52주 신고가-신저가 비율,확인 부족,-1,이력 부족: 0/21관측,현재 상태를 판단할 자료가 부족합니다.,확인 부족
2026-04-06,EFFR,미국 기준금리,정상,0,20관측 +0bp · 유지 · EFFR 변화는 목표범위 결정 자체와 구분,금리 하락 또는 상대관계 변화을 관찰합니다. 물가·고용·신용의 동반 움직임으로 의미를 구분합니다.,낮음
2026-04-06,US3M,미국 3개월물 국채수익률,확인 부족,-1,이력 부족: 0/25관측,현재 상태를 판단할 자료가 부족합니다.,확인 부족
2026-04-06,US2Y,미국 2년물 국채수익률,확인 부족,-1,이력 부족: 0/25관측,현재 상태를 판단할 자료가 부족합니다.,확인 부족
2026-04-06,US10Y,미국 10년물 국채수익률,확인 부족,-1,이력 부족: 0/25관측,현재 상태를 판단할 자료가 부족합니다.,확인 부족
2026-04-06,US30Y,미국 30년물 국채수익률,확인 부족,-1,이력 부족: 0/25관측,현재 상태를 판단할 자료가 부족합니다.,확인 부족
2026-04-06,REAL10,미국 10년물 실질금리,확인 부족,-1,이력 부족: 0/25관측,현재 상태를 판단할 자료가 부족합니다.,확인 부족
2026-04-06,TERM,미국 10년물 기간프리미엄,관찰,1,과거 504관측 대비 92.7백분위 · 20일 +13bp,금리 상승에 따른 부담을 관찰합니다. 물가·고용·신용의 동반 움직임으로 의미를 구분합니다.,낮음
2026-04-06,CURVE2,미국 10년물-2년물 금리차,확인 부족,-1,이력 부족: 0/22관측,현재 상태를 판단할 자료가 부족합니다.,확인 부족
2026-04-06,CURVE3,미국 10년물-3개월물 금리차,확인 부족,-1,이력 부족: 0/22관측,현재 상태를 판단할 자료가 부족합니다.,확인 부족
2026-04-06,CURVEFED,미국 10년물-기준금리 차,확인 부족,-1,이력 부족: 0/22관측,현재 상태를 판단할 자료가 부족합니다.,확인 부족
2026-04-06,VIX,VIX,관찰,1,VIX 24.2 · 5일 -22.2% · 20일 -18.0% · 5일 -6.9포인트,지표 고유의 상태와 다른 시장 영역의 동반 신호를 구분해 확인합니다.,낮음
2026-04-06,VIXPOS,VIX 1년 위치,참고,0,과거 252관측 대비 86.7백분위,최근 분포에서의 위치입니다. 별도 위험 신호로 중복 집계하지 않습니다.,낮음
2026-04-06,HY,하이일드 OAS,안정,0,HY 3.05%p · 5일 -41bp · 20일 -14bp,지표 고유의 상태와 다른 시장 영역의 동반 신호를 구분해 확인합니다.,보통
2026-04-06,BBB,BBB OAS,안정,0,BBB 1.07%p · 5일 -9bp · 20일 +0bp,지표 고유의 상태와 다른 시장 영역의 동반 신호를 구분해 확인합니다.,보통
2026-04-06,HYPOS,HY 1년 위치,참고,0,과거 252관측 대비 65.3백분위,최근 분포에서의 위치입니다. 별도 위험 신호로 중복 집계하지 않습니다.,보통
2026-04-06,UNEMP,미국 실업률,확인 부족,-1,월간 관측 누락: 달력 기간 계산 보류,현재 상태를 판단할 자료가 부족합니다.,확인 부족
2026-04-06,SAHM,Sahm Rule,확인 부족,-1,월간 관측 누락: 달력 기간 계산 보류,현재 상태를 판단할 자료가 부족합니다.,확인 부족
2026-04-06,CLAIMS,신규실업수당 4주평균,확인 부족,-1,이력 부족: 0/55관측,현재 상태를 판단할 자료가 부족합니다.,확인 부족
2026-04-06,CPI,CPI,확인 부족,-1,이력 부족: 0/16관측,현재 상태를 판단할 자료가 부족합니다.,확인 부족
2026-04-06,CORECPI,근원 CPI,확인 부족,-1,이력 부족: 0/16관측,현재 상태를 판단할 자료가 부족합니다.,확인 부족
2026-04-06,COREPCE,근원 PCE,확인 부족,-1,이력 부족: 0/16관측,현재 상태를 판단할 자료가 부족합니다.,확인 부족
2026-04-06,DXY,달러지수,확인 부족,-1,이력 부족: 0/147관측,현재 상태를 판단할 자료가 부족합니다.,확인 부족
2026-04-06,USDKRW,달러/원,확인 부족,-1,이력 부족: 0/147관측,현재 상태를 판단할 자료가 부족합니다.,확인 부족
2026-04-06,USDJPY,달러/엔,확인 부족,-1,이력 부족: 0/147관측,현재 상태를 판단할 자료가 부족합니다.,확인 부족
2026-04-06,WTI,WTI,확인 부족,-1,이력 부족: 0/147관측,현재 상태를 판단할 자료가 부족합니다.,확인 부족
2026-04-06,GOLD,금,정상,0,5일 +3.67% · 20일 -9.51% · 변동성 기준 83.3/89.5백분위,가격 움직임은 확인되지만 원인을 구분할 교차 근거가 충분하지 않습니다.,낮음
2026-04-06,SILVER,은,정상,0,5일 +4.48% · 20일 -13.31% · 변동성 기준 64.9/81.0백분위,가격 움직임은 확인되지만 원인을 구분할 교차 근거가 충분하지 않습니다.,낮음
2026-04-06,COPPER,구리,정상,0,5일 +2.13% · 20일 -3.01% · 변동성 기준 46.0/30.0백분위,가격 움직임은 확인되지만 원인을 구분할 교차 근거가 충분하지 않습니다.,낮음
2026-04-07,SP500,S&P500,확인 부족,-1,이력 부족: 0/252관측,현재 상태를 판단할 자료가 부족합니다.,확인 부족
2026-04-07,NASDAQ,Nasdaq,확인 부족,-1,이력 부족: 0/252관측,현재 상태를 판단할 자료가 부족합니다.,확인 부족
2026-04-07,RUSSELL,Russell 2000,관찰,1,5일 +5.4% · 20일 -0.3% · 고점 대비 -6.4%,지표 고유의 상태와 다른 시장 영역의 동반 신호를 구분해 확인합니다.,낮음
2026-04-07,MA200,200일 이동평균 이격,확인 부족,-1,이력 부족: 0/200관측,현재 상태를 판단할 자료가 부족합니다.,확인 부족
2026-04-07,EW,동일가중 상대성과,정상,0,RSP가 SPY 대비 20일 +0.2%p · 5일 상대성과 -1.43%p,지표 고유의 상태와 다른 시장 영역의 동반 신호를 구분해 확인합니다.,낮음
2026-04-07,CAPE,CAPE,확인 부족,-1,이력 부족: 0/120관측,현재 상태를 판단할 자료가 부족합니다.,확인 부족
2026-04-07,ADV,상승 종목 비율,확인 부족,-1,이력 부족: 0/21관측,현재 상태를 판단할 자료가 부족합니다.,확인 부족
2026-04-07,ABOVE200,200DMA 위 종목 비율,확인 부족,-1,이력 부족: 0/21관측,현재 상태를 판단할 자료가 부족합니다.,확인 부족
2026-04-07,HILO,52주 신고가-신저가 비율,확인 부족,-1,이력 부족: 0/21관측,현재 상태를 판단할 자료가 부족합니다.,확인 부족
2026-04-07,EFFR,미국 기준금리,정상,0,20관측 +0bp · 유지 · EFFR 변화는 목표범위 결정 자체와 구분,금리 하락 또는 상대관계 변화을 관찰합니다. 물가·고용·신용의 동반 움직임으로 의미를 구분합니다.,낮음
2026-04-07,US3M,미국 3개월물 국채수익률,확인 부족,-1,이력 부족: 0/25관측,현재 상태를 판단할 자료가 부족합니다.,확인 부족
2026-04-07,US2Y,미국 2년물 국채수익률,확인 부족,-1,이력 부족: 0/25관측,현재 상태를 판단할 자료가 부족합니다.,확인 부족
2026-04-07,US10Y,미국 10년물 국채수익률,확인 부족,-1,이력 부족: 0/25관측,현재 상태를 판단할 자료가 부족합니다.,확인 부족
2026-04-07,US30Y,미국 30년물 국채수익률,확인 부족,-1,이력 부족: 0/25관측,현재 상태를 판단할 자료가 부족합니다.,확인 부족
2026-04-07,REAL10,미국 10년물 실질금리,확인 부족,-1,이력 부족: 0/25관측,현재 상태를 판단할 자료가 부족합니다.,확인 부족
2026-04-07,TERM,미국 10년물 기간프리미엄,관찰,1,과거 504관측 대비 91.5백분위 · 20일 +11bp,금리 상승에 따른 부담을 관찰합니다. 물가·고용·신용의 동반 움직임으로 의미를 구분합니다.,낮음
2026-04-07,CURVE2,미국 10년물-2년물 금리차,확인 부족,-1,이력 부족: 0/22관측,현재 상태를 판단할 자료가 부족합니다.,확인 부족
2026-04-07,CURVE3,미국 10년물-3개월물 금리차,확인 부족,-1,이력 부족: 0/22관측,현재 상태를 판단할 자료가 부족합니다.,확인 부족
2026-04-07,CURVEFED,미국 10년물-기준금리 차,확인 부족,-1,이력 부족: 0/22관측,현재 상태를 판단할 자료가 부족합니다.,확인 부족
2026-04-07,VIX,VIX,주의,2,VIX 25.8 · 5일 -15.8% · 20일 +1.1% · 5일 -4.8포인트,지표 고유의 상태와 다른 시장 영역의 동반 신호를 구분해 확인합니다.,낮음
2026-04-07,VIXPOS,VIX 1년 위치,참고,0,과거 252관측 대비 92.9백분위,최근 분포에서의 위치입니다. 별도 위험 신호로 중복 집계하지 않습니다.,낮음
2026-04-07,HY,하이일드 OAS,안정,0,HY 3.12%p · 5일 -16bp · 20일 +6bp,지표 고유의 상태와 다른 시장 영역의 동반 신호를 구분해 확인합니다.,보통
2026-04-07,BBB,BBB OAS,안정,0,BBB 1.08%p · 5일 -5bp · 20일 +2bp,지표 고유의 상태와 다른 시장 영역의 동반 신호를 구분해 확인합니다.,보통
2026-04-07,HYPOS,HY 1년 위치,참고,0,과거 252관측 대비 72.0백분위,최근 분포에서의 위치입니다. 별도 위험 신호로 중복 집계하지 않습니다.,보통
2026-04-07,UNEMP,미국 실업률,확인 부족,-1,월간 관측 누락: 달력 기간 계산 보류,현재 상태를 판단할 자료가 부족합니다.,확인 부족
2026-04-07,SAHM,Sahm Rule,확인 부족,-1,월간 관측 누락: 달력 기간 계산 보류,현재 상태를 판단할 자료가 부족합니다.,확인 부족
2026-04-07,CLAIMS,신규실업수당 4주평균,확인 부족,-1,이력 부족: 0/55관측,현재 상태를 판단할 자료가 부족합니다.,확인 부족
2026-04-07,CPI,CPI,확인 부족,-1,이력 부족: 0/16관측,현재 상태를 판단할 자료가 부족합니다.,확인 부족
2026-04-07,CORECPI,근원 CPI,확인 부족,-1,이력 부족: 0/16관측,현재 상태를 판단할 자료가 부족합니다.,확인 부족
2026-04-07,COREPCE,근원 PCE,확인 부족,-1,이력 부족: 0/16관측,현재 상태를 판단할 자료가 부족합니다.,확인 부족
2026-04-07,DXY,달러지수,확인 부족,-1,이력 부족: 0/147관측,현재 상태를 판단할 자료가 부족합니다.,확인 부족
2026-04-07,USDKRW,달러/원,확인 부족,-1,이력 부족: 0/147관측,현재 상태를 판단할 자료가 부족합니다.,확인 부족
2026-04-07,USDJPY,달러/엔,확인 부족,-1,이력 부족: 0/147관측,현재 상태를 판단할 자료가 부족합니다.,확인 부족
2026-04-07,WTI,WTI,확인 부족,-1,이력 부족: 0/147관측,현재 상태를 판단할 자료가 부족합니다.,확인 부족
2026-04-07,GOLD,금,정상,0,5일 +2.90% · 20일 -8.53% · 변동성 기준 71.4/85.3백분위,가격 움직임은 확인되지만 원인을 구분할 교차 근거가 충분하지 않습니다.,낮음
2026-04-07,SILVER,은,정상,0,5일 +2.14% · 20일 -14.53% · 변동성 기준 37.3/83.9백분위,가격 움직임은 확인되지만 원인을 구분할 교차 근거가 충분하지 않습니다.,낮음
2026-04-07,COPPER,구리,정상,0,5일 +1.25% · 20일 -4.41% · 변동성 기준 28.2/40.7백분위,가격 움직임은 확인되지만 원인을 구분할 교차 근거가 충분하지 않습니다.,낮음
2026-04-08,SP500,S&P500,확인 부족,-1,이력 부족: 0/252관측,현재 상태를 판단할 자료가 부족합니다.,확인 부족
2026-04-08,NASDAQ,Nasdaq,확인 부족,-1,이력 부족: 0/252관측,현재 상태를 판단할 자료가 부족합니다.,확인 부족
2026-04-08,RUSSELL,Russell 2000,정상,0,5일 +5.0% · 20일 +2.8% · 고점 대비 -3.6%,지표 고유의 상태와 다른 시장 영역의 동반 신호를 구분해 확인합니다.,낮음
2026-04-08,MA200,200일 이동평균 이격,확인 부족,-1,이력 부족: 0/200관측,현재 상태를 판단할 자료가 부족합니다.,확인 부족
2026-04-08,EW,동일가중 상대성과,정상,0,RSP가 SPY 대비 20일 +0.5%p · 5일 상대성과 -0.80%p,지표 고유의 상태와 다른 시장 영역의 동반 신호를 구분해 확인합니다.,낮음
2026-04-08,CAPE,CAPE,확인 부족,-1,이력 부족: 0/120관측,현재 상태를 판단할 자료가 부족합니다.,확인 부족
2026-04-08,ADV,상승 종목 비율,확인 부족,-1,이력 부족: 0/21관측,현재 상태를 판단할 자료가 부족합니다.,확인 부족
2026-04-08,ABOVE200,200DMA 위 종목 비율,확인 부족,-1,이력 부족: 0/21관측,현재 상태를 판단할 자료가 부족합니다.,확인 부족
2026-04-08,HILO,52주 신고가-신저가 비율,확인 부족,-1,이력 부족: 0/21관측,현재 상태를 판단할 자료가 부족합니다.,확인 부족
2026-04-08,EFFR,미국 기준금리,정상,0,20관측 +0bp · 유지 · EFFR 변화는 목표범위 결정 자체와 구분,금리 하락 또는 상대관계 변화을 관찰합니다. 물가·고용·신용의 동반 움직임으로 의미를 구분합니다.,낮음
2026-04-08,US3M,미국 3개월물 국채수익률,확인 부족,-1,이력 부족: 0/25관측,현재 상태를 판단할 자료가 부족합니다.,확인 부족
2026-04-08,US2Y,미국 2년물 국채수익률,확인 부족,-1,이력 부족: 0/25관측,현재 상태를 판단할 자료가 부족합니다.,확인 부족
2026-04-08,US10Y,미국 10년물 국채수익률,확인 부족,-1,이력 부족: 0/25관측,현재 상태를 판단할 자료가 부족합니다.,확인 부족
2026-04-08,US30Y,미국 30년물 국채수익률,확인 부족,-1,이력 부족: 0/25관측,현재 상태를 판단할 자료가 부족합니다.,확인 부족
2026-04-08,REAL10,미국 10년물 실질금리,확인 부족,-1,이력 부족: 0/25관측,현재 상태를 판단할 자료가 부족합니다.,확인 부족
2026-04-08,TERM,미국 10년물 기간프리미엄,관찰,1,과거 504관측 대비 90.1백분위 · 20일 +7bp,금리 상승에 따른 부담을 관찰합니다. 물가·고용·신용의 동반 움직임으로 의미를 구분합니다.,낮음
2026-04-08,CURVE2,미국 10년물-2년물 금리차,확인 부족,-1,이력 부족: 0/22관측,현재 상태를 판단할 자료가 부족합니다.,확인 부족
2026-04-08,CURVE3,미국 10년물-3개월물 금리차,확인 부족,-1,이력 부족: 0/22관측,현재 상태를 판단할 자료가 부족합니다.,확인 부족
2026-04-08,CURVEFED,미국 10년물-기준금리 차,확인 부족,-1,이력 부족: 0/22관측,현재 상태를 판단할 자료가 부족합니다.,확인 부족
2026-04-08,VIX,VIX,관찰,1,VIX 21.0 · 5일 -16.7% · 20일 -15.6% · 5일 -4.2포인트,지표 고유의 상태와 다른 시장 영역의 동반 신호를 구분해 확인합니다.,낮음
2026-04-08,VIXPOS,VIX 1년 위치,참고,0,과거 252관측 대비 77.8백분위,최근 분포에서의 위치입니다. 별도 위험 신호로 중복 집계하지 않습니다.,낮음
2026-04-08,HY,하이일드 OAS,안정,0,HY 2.94%p · 5일 -22bp · 20일 -15bp,지표 고유의 상태와 다른 시장 영역의 동반 신호를 구분해 확인합니다.,낮음
2026-04-08,BBB,BBB OAS,안정,0,BBB 1.05%p · 5일 -5bp · 20일 -4bp,지표 고유의 상태와 다른 시장 영역의 동반 신호를 구분해 확인합니다.,낮음
2026-04-08,HYPOS,HY 1년 위치,참고,0,과거 252관측 대비 47.8백분위,최근 분포에서의 위치입니다. 별도 위험 신호로 중복 집계하지 않습니다.,낮음
2026-04-08,UNEMP,미국 실업률,확인 부족,-1,월간 관측 누락: 달력 기간 계산 보류,현재 상태를 판단할 자료가 부족합니다.,확인 부족
2026-04-08,SAHM,Sahm Rule,확인 부족,-1,월간 관측 누락: 달력 기간 계산 보류,현재 상태를 판단할 자료가 부족합니다.,확인 부족
2026-04-08,CLAIMS,신규실업수당 4주평균,확인 부족,-1,이력 부족: 0/55관측,현재 상태를 판단할 자료가 부족합니다.,확인 부족
2026-04-08,CPI,CPI,확인 부족,-1,이력 부족: 0/16관측,현재 상태를 판단할 자료가 부족합니다.,확인 부족
2026-04-08,CORECPI,근원 CPI,확인 부족,-1,이력 부족: 0/16관측,현재 상태를 판단할 자료가 부족합니다.,확인 부족
2026-04-08,COREPCE,근원 PCE,확인 부족,-1,이력 부족: 0/16관측,현재 상태를 판단할 자료가 부족합니다.,확인 부족
2026-04-08,DXY,달러지수,확인 부족,-1,이력 부족: 0/147관측,현재 상태를 판단할 자료가 부족합니다.,확인 부족
2026-04-08,USDKRW,달러/원,확인 부족,-1,이력 부족: 0/147관측,현재 상태를 판단할 자료가 부족합니다.,확인 부족
2026-04-08,USDJPY,달러/엔,확인 부족,-1,이력 부족: 0/147관측,현재 상태를 판단할 자료가 부족합니다.,확인 부족
2026-04-08,WTI,WTI,확인 부족,-1,이력 부족: 0/147관측,현재 상태를 판단할 자료가 부족합니다.,확인 부족
2026-04-08,GOLD,금,정상,0,5일 +2.19% · 20일 -9.18% · 변동성 기준 58.3/88.9백분위,가격 움직임은 확인되지만 원인을 구분할 교차 근거가 충분하지 않습니다.,낮음
2026-04-08,SILVER,은,정상,0,5일 +0.71% · 20일 -15.56% · 변동성 기준 12.7/85.1백분위,가격 움직임은 확인되지만 원인을 구분할 교차 근거가 충분하지 않습니다.,낮음
2026-04-08,COPPER,구리,정상,0,5일 +3.08% · 20일 -2.45% · 변동성 기준 63.5/24.0백분위,가격 움직임은 확인되지만 원인을 구분할 교차 근거가 충분하지 않습니다.,낮음
2026-04-09,SP500,S&P500,확인 부족,-1,이력 부족: 0/252관측,현재 상태를 판단할 자료가 부족합니다.,확인 부족
2026-04-09,NASDAQ,Nasdaq,확인 부족,-1,이력 부족: 0/252관측,현재 상태를 판단할 자료가 부족합니다.,확인 부족
2026-04-09,RUSSELL,Russell 2000,정상,0,5일 +4.9% · 20일 +3.7% · 고점 대비 -3.0%,지표 고유의 상태와 다른 시장 영역의 동반 신호를 구분해 확인합니다.,낮음
2026-04-09,MA200,200일 이동평균 이격,확인 부족,-1,이력 부족: 0/200관측,현재 상태를 판단할 자료가 부족합니다.,확인 부족
2026-04-09,EW,동일가중 상대성과,정상,0,RSP가 SPY 대비 20일 +0.2%p · 5일 상대성과 -0.89%p,지표 고유의 상태와 다른 시장 영역의 동반 신호를 구분해 확인합니다.,낮음
2026-04-09,CAPE,CAPE,확인 부족,-1,이력 부족: 0/120관측,현재 상태를 판단할 자료가 부족합니다.,확인 부족
2026-04-09,ADV,상승 종목 비율,확인 부족,-1,이력 부족: 0/21관측,현재 상태를 판단할 자료가 부족합니다.,확인 부족
2026-04-09,ABOVE200,200DMA 위 종목 비율,확인 부족,-1,이력 부족: 0/21관측,현재 상태를 판단할 자료가 부족합니다.,확인 부족
2026-04-09,HILO,52주 신고가-신저가 비율,확인 부족,-1,이력 부족: 0/21관측,현재 상태를 판단할 자료가 부족합니다.,확인 부족
2026-04-09,EFFR,미국 기준금리,정상,0,20관측 +0bp · 유지 · EFFR 변화는 목표범위 결정 자체와 구분,금리 하락 또는 상대관계 변화을 관찰합니다. 물가·고용·신용의 동반 움직임으로 의미를 구분합니다.,낮음
2026-04-09,US3M,미국 3개월물 국채수익률,확인 부족,-1,이력 부족: 0/25관측,현재 상태를 판단할 자료가 부족합니다.,확인 부족
2026-04-09,US2Y,미국 2년물 국채수익률,확인 부족,-1,이력 부족: 0/25관측,현재 상태를 판단할 자료가 부족합니다.,확인 부족
2026-04-09,US10Y,미국 10년물 국채수익률,확인 부족,-1,이력 부족: 0/25관측,현재 상태를 판단할 자료가 부족합니다.,확인 부족
2026-04-09,US30Y,미국 30년물 국채수익률,확인 부족,-1,이력 부족: 0/25관측,현재 상태를 판단할 자료가 부족합니다.,확인 부족
2026-04-09,REAL10,미국 10년물 실질금리,확인 부족,-1,이력 부족: 0/25관측,현재 상태를 판단할 자료가 부족합니다.,확인 부족
2026-04-09,TERM,미국 10년물 기간프리미엄,정상,0,과거 504관측 대비 89.9백분위 · 20일 +2bp,금리 상승에 따른 부담을 관찰합니다. 물가·고용·신용의 동반 움직임으로 의미를 구분합니다.,낮음
2026-04-09,CURVE2,미국 10년물-2년물 금리차,확인 부족,-1,이력 부족: 0/22관측,현재 상태를 판단할 자료가 부족합니다.,확인 부족
2026-04-09,CURVE3,미국 10년물-3개월물 금리차,확인 부족,-1,이력 부족: 0/22관측,현재 상태를 판단할 자료가 부족합니다.,확인 부족
2026-04-09,CURVEFED,미국 10년물-기준금리 차,확인 부족,-1,이력 부족: 0/22관측,현재 상태를 판단할 자료가 부족합니다.,확인 부족
2026-04-09,VIX,VIX,정상,0,VIX 19.5 · 5일 -20.6% · 20일 -19.6% · 5일 -5.1포인트,지표 고유의 상태와 다른 시장 영역의 동반 신호를 구분해 확인합니다.,낮음
2026-04-09,VIXPOS,VIX 1년 위치,참고,0,과거 252관측 대비 68.3백분위,최근 분포에서의 위치입니다. 별도 위험 신호로 중복 집계하지 않습니다.,낮음
2026-04-09,HY,하이일드 OAS,안정,0,HY 2.90%p · 5일 -27bp · 20일 -27bp,지표 고유의 상태와 다른 시장 영역의 동반 신호를 구분해 확인합니다.,낮음
2026-04-09,BBB,BBB OAS,안정,0,BBB 1.05%p · 5일 -4bp · 20일 -7bp,지표 고유의 상태와 다른 시장 영역의 동반 신호를 구분해 확인합니다.,낮음
2026-04-09,HYPOS,HY 1년 위치,참고,0,과거 252관측 대비 40.1백분위,최근 분포에서의 위치입니다. 별도 위험 신호로 중복 집계하지 않습니다.,낮음
2026-04-09,UNEMP,미국 실업률,확인 부족,-1,월간 관측 누락: 달력 기간 계산 보류,현재 상태를 판단할 자료가 부족합니다.,확인 부족
2026-04-09,SAHM,Sahm Rule,확인 부족,-1,월간 관측 누락: 달력 기간 계산 보류,현재 상태를 판단할 자료가 부족합니다.,확인 부족
2026-04-09,CLAIMS,신규실업수당 4주평균,확인 부족,-1,이력 부족: 0/55관측,현재 상태를 판단할 자료가 부족합니다.,확인 부족
2026-04-09,CPI,CPI,확인 부족,-1,이력 부족: 0/16관측,현재 상태를 판단할 자료가 부족합니다.,확인 부족
2026-04-09,CORECPI,근원 CPI,확인 부족,-1,이력 부족: 0/16관측,현재 상태를 판단할 자료가 부족합니다.,확인 부족
2026-04-09,COREPCE,근원 PCE,확인 부족,-1,이력 부족: 0/16관측,현재 상태를 판단할 자료가 부족합니다.,확인 부족
2026-04-09,DXY,달러지수,확인 부족,-1,이력 부족: 0/147관측,현재 상태를 판단할 자료가 부족합니다.,확인 부족
2026-04-09,USDKRW,달러/원,확인 부족,-1,이력 부족: 0/147관측,현재 상태를 판단할 자료가 부족합니다.,확인 부족
2026-04-09,USDJPY,달러/엔,확인 부족,-1,이력 부족: 0/147관측,현재 상태를 판단할 자료가 부족합니다.,확인 부족
2026-04-09,WTI,WTI,확인 부족,-1,이력 부족: 0/147관측,현재 상태를 판단할 자료가 부족합니다.,확인 부족
2026-04-09,GOLD,금,정상,0,5일 +0.19% · 20일 -7.26% · 변동성 기준 5.6/79.0백분위,가격 움직임은 확인되지만 원인을 구분할 교차 근거가 충분하지 않습니다.,낮음
2026-04-09,SILVER,은,정상,0,5일 +0.54% · 20일 -10.33% · 변동성 기준 9.5/70.6백분위,가격 움직임은 확인되지만 원인을 구분할 교차 근거가 충분하지 않습니다.,낮음
2026-04-09,COPPER,구리,정상,0,5일 +2.20% · 20일 -1.67% · 변동성 기준 47.4/15.5백분위,가격 움직임은 확인되지만 원인을 구분할 교차 근거가 충분하지 않습니다.,낮음
2026-04-10,SP500,S&P500,확인 부족,-1,이력 부족: 0/252관측,현재 상태를 판단할 자료가 부족합니다.,확인 부족
2026-04-10,NASDAQ,Nasdaq,확인 부족,-1,이력 부족: 0/252관측,현재 상태를 판단할 자료가 부족합니다.,확인 부족
2026-04-10,RUSSELL,Russell 2000,정상,0,5일 +4.0% · 20일 +5.7% · 고점 대비 -3.2%,지표 고유의 상태와 다른 시장 영역의 동반 신호를 구분해 확인합니다.,낮음
2026-04-10,MA200,200일 이동평균 이격,확인 부족,-1,이력 부족: 0/200관측,현재 상태를 판단할 자료가 부족합니다.,확인 부족
2026-04-10,EW,동일가중 상대성과,정상,0,RSP가 SPY 대비 20일 -0.4%p · 5일 상대성과 -1.76%p,지표 고유의 상태와 다른 시장 영역의 동반 신호를 구분해 확인합니다.,낮음
2026-04-10,CAPE,CAPE,확인 부족,-1,이력 부족: 0/120관측,현재 상태를 판단할 자료가 부족합니다.,확인 부족
2026-04-10,ADV,상승 종목 비율,확인 부족,-1,이력 부족: 0/21관측,현재 상태를 판단할 자료가 부족합니다.,확인 부족
2026-04-10,ABOVE200,200DMA 위 종목 비율,확인 부족,-1,이력 부족: 0/21관측,현재 상태를 판단할 자료가 부족합니다.,확인 부족
2026-04-10,HILO,52주 신고가-신저가 비율,확인 부족,-1,이력 부족: 0/21관측,현재 상태를 판단할 자료가 부족합니다.,확인 부족
2026-04-10,EFFR,미국 기준금리,정상,0,20관측 +0bp · 유지 · EFFR 변화는 목표범위 결정 자체와 구분,금리 하락 또는 상대관계 변화을 관찰합니다. 물가·고용·신용의 동반 움직임으로 의미를 구분합니다.,낮음
2026-04-10,US3M,미국 3개월물 국채수익률,확인 부족,-1,이력 부족: 0/25관측,현재 상태를 판단할 자료가 부족합니다.,확인 부족
2026-04-10,US2Y,미국 2년물 국채수익률,확인 부족,-1,이력 부족: 0/25관측,현재 상태를 판단할 자료가 부족합니다.,확인 부족
2026-04-10,US10Y,미국 10년물 국채수익률,확인 부족,-1,이력 부족: 0/25관측,현재 상태를 판단할 자료가 부족합니다.,확인 부족
2026-04-10,US30Y,미국 30년물 국채수익률,확인 부족,-1,이력 부족: 0/25관측,현재 상태를 판단할 자료가 부족합니다.,확인 부족
2026-04-10,REAL10,미국 10년물 실질금리,확인 부족,-1,이력 부족: 0/25관측,현재 상태를 판단할 자료가 부족합니다.,확인 부족
2026-04-10,TERM,미국 10년물 기간프리미엄,관찰,1,과거 504관측 대비 90.5백분위 · 20일 +2bp,금리 상승에 따른 부담을 관찰합니다. 물가·고용·신용의 동반 움직임으로 의미를 구분합니다.,낮음
2026-04-10,CURVE2,미국 10년물-2년물 금리차,확인 부족,-1,이력 부족: 0/22관측,현재 상태를 판단할 자료가 부족합니다.,확인 부족
2026-04-10,CURVE3,미국 10년물-3개월물 금리차,확인 부족,-1,이력 부족: 0/22관측,현재 상태를 판단할 자료가 부족합니다.,확인 부족
2026-04-10,CURVEFED,미국 10년물-기준금리 차,확인 부족,-1,이력 부족: 0/22관측,현재 상태를 판단할 자료가 부족합니다.,확인 부족
2026-04-10,VIX,VIX,정상,0,VIX 19.2 · 5일 -19.4% · 20일 -29.5% · 5일 -4.6포인트,지표 고유의 상태와 다른 시장 영역의 동반 신호를 구분해 확인합니다.,낮음
2026-04-10,VIXPOS,VIX 1년 위치,참고,0,과거 252관측 대비 67.9백분위,최근 분포에서의 위치입니다. 별도 위험 신호로 중복 집계하지 않습니다.,낮음
2026-04-10,HY,하이일드 OAS,안정,0,HY 2.94%p · 5일 -19bp · 20일 -34bp,지표 고유의 상태와 다른 시장 영역의 동반 신호를 구분해 확인합니다.,낮음
2026-04-10,BBB,BBB OAS,안정,0,BBB 1.04%p · 5일 -5bp · 20일 -11bp,지표 고유의 상태와 다른 시장 영역의 동반 신호를 구분해 확인합니다.,낮음
2026-04-10,HYPOS,HY 1년 위치,참고,0,과거 252관측 대비 48.4백분위,최근 분포에서의 위치입니다. 별도 위험 신호로 중복 집계하지 않습니다.,낮음
2026-04-10,UNEMP,미국 실업률,확인 부족,-1,월간 관측 누락: 달력 기간 계산 보류,현재 상태를 판단할 자료가 부족합니다.,확인 부족
2026-04-10,SAHM,Sahm Rule,확인 부족,-1,월간 관측 누락: 달력 기간 계산 보류,현재 상태를 판단할 자료가 부족합니다.,확인 부족
2026-04-10,CLAIMS,신규실업수당 4주평균,확인 부족,-1,이력 부족: 0/55관측,현재 상태를 판단할 자료가 부족합니다.,확인 부족
2026-04-10,CPI,CPI,확인 부족,-1,이력 부족: 0/16관측,현재 상태를 판단할 자료가 부족합니다.,확인 부족
2026-04-10,CORECPI,근원 CPI,확인 부족,-1,이력 부족: 0/16관측,현재 상태를 판단할 자료가 부족합니다.,확인 부족
2026-04-10,COREPCE,근원 PCE,확인 부족,-1,이력 부족: 0/16관측,현재 상태를 판단할 자료가 부족합니다.,확인 부족
2026-04-10,DXY,달러지수,확인 부족,-1,이력 부족: 0/147관측,현재 상태를 판단할 자료가 부족합니다.,확인 부족
2026-04-10,USDKRW,달러/원,확인 부족,-1,이력 부족: 0/147관측,현재 상태를 판단할 자료가 부족합니다.,확인 부족
2026-04-10,USDJPY,달러/엔,확인 부족,-1,이력 부족: 0/147관측,현재 상태를 판단할 자료가 부족합니다.,확인 부족
2026-04-10,WTI,WTI,확인 부족,-1,이력 부족: 0/147관측,현재 상태를 판단할 자료가 부족합니다.,확인 부족
2026-04-10,GOLD,금,정상,0,5일 +2.37% · 20일 -6.92% · 변동성 기준 62.3/77.0백분위,가격 움직임은 확인되지만 원인을 구분할 교차 근거가 충분하지 않습니다.,낮음
2026-04-10,SILVER,은,정상,0,5일 +4.93% · 20일 -9.86% · 변동성 기준 70.6/68.5백분위,가격 움직임은 확인되지만 원인을 구분할 교차 근거가 충분하지 않습니다.,낮음
2026-04-10,COPPER,구리,정상,0,5일 +5.53% · 20일 +0.79% · 변동성 기준 87.9/7.5백분위,가격 움직임은 확인되지만 원인을 구분할 교차 근거가 충분하지 않습니다.,낮음
2026-04-13,SP500,S&P500,확인 부족,-1,이력 부족: 0/252관측,현재 상태를 판단할 자료가 부족합니다.,확인 부족
2026-04-13,NASDAQ,Nasdaq,확인 부족,-1,이력 부족: 0/252관측,현재 상태를 판단할 자료가 부족합니다.,확인 부족
2026-04-13,RUSSELL,Russell 2000,정상,0,5일 +5.1% · 20일 +7.7% · 고점 대비 -1.8%,지표 고유의 상태와 다른 시장 영역의 동반 신호를 구분해 확인합니다.,낮음
2026-04-13,MA200,200일 이동평균 이격,확인 부족,-1,이력 부족: 0/200관측,현재 상태를 판단할 자료가 부족합니다.,확인 부족
2026-04-13,EW,동일가중 상대성과,정상,0,RSP가 SPY 대비 20일 -0.9%p · 5일 상대성과 -1.59%p,지표 고유의 상태와 다른 시장 영역의 동반 신호를 구분해 확인합니다.,낮음
2026-04-13,CAPE,CAPE,확인 부족,-1,이력 부족: 0/120관측,현재 상태를 판단할 자료가 부족합니다.,확인 부족
2026-04-13,ADV,상승 종목 비율,확인 부족,-1,이력 부족: 0/21관측,현재 상태를 판단할 자료가 부족합니다.,확인 부족
2026-04-13,ABOVE200,200DMA 위 종목 비율,확인 부족,-1,이력 부족: 0/21관측,현재 상태를 판단할 자료가 부족합니다.,확인 부족
2026-04-13,HILO,52주 신고가-신저가 비율,확인 부족,-1,이력 부족: 0/21관측,현재 상태를 판단할 자료가 부족합니다.,확인 부족
2026-04-13,EFFR,미국 기준금리,정상,0,20관측 +0bp · 유지 · EFFR 변화는 목표범위 결정 자체와 구분,금리 하락 또는 상대관계 변화을 관찰합니다. 물가·고용·신용의 동반 움직임으로 의미를 구분합니다.,낮음
2026-04-13,US3M,미국 3개월물 국채수익률,확인 부족,-1,이력 부족: 0/25관측,현재 상태를 판단할 자료가 부족합니다.,확인 부족
2026-04-13,US2Y,미국 2년물 국채수익률,확인 부족,-1,이력 부족: 0/25관측,현재 상태를 판단할 자료가 부족합니다.,확인 부족
2026-04-13,US10Y,미국 10년물 국채수익률,확인 부족,-1,이력 부족: 0/25관측,현재 상태를 판단할 자료가 부족합니다.,확인 부족
2026-04-13,US30Y,미국 30년물 국채수익률,확인 부족,-1,이력 부족: 0/25관측,현재 상태를 판단할 자료가 부족합니다.,확인 부족
2026-04-13,REAL10,미국 10년물 실질금리,확인 부족,-1,이력 부족: 0/25관측,현재 상태를 판단할 자료가 부족합니다.,확인 부족
2026-04-13,TERM,미국 10년물 기간프리미엄,정상,0,과거 504관측 대비 89.7백분위 · 20일 +4bp,금리 상승에 따른 부담을 관찰합니다. 물가·고용·신용의 동반 움직임으로 의미를 구분합니다.,낮음
2026-04-13,CURVE2,미국 10년물-2년물 금리차,확인 부족,-1,이력 부족: 0/22관측,현재 상태를 판단할 자료가 부족합니다.,확인 부족
2026-04-13,CURVE3,미국 10년물-3개월물 금리차,확인 부족,-1,이력 부족: 0/22관측,현재 상태를 판단할 자료가 부족합니다.,확인 부족
2026-04-13,CURVEFED,미국 10년물-기준금리 차,확인 부족,-1,이력 부족: 0/22관측,현재 상태를 판단할 자료가 부족합니다.,확인 부족
2026-04-13,VIX,VIX,정상,0,VIX 19.1 · 5일 -20.9% · 20일 -29.7% · 5일 -5.1포인트,지표 고유의 상태와 다른 시장 영역의 동반 신호를 구분해 확인합니다.,낮음
2026-04-13,VIXPOS,VIX 1년 위치,참고,0,과거 252관측 대비 67.5백분위,최근 분포에서의 위치입니다. 별도 위험 신호로 중복 집계하지 않습니다.,낮음
2026-04-13,HY,하이일드 OAS,안정,0,HY 2.95%p · 5일 -10bp · 20일 -32bp,지표 고유의 상태와 다른 시장 영역의 동반 신호를 구분해 확인합니다.,낮음
2026-04-13,BBB,BBB OAS,안정,0,BBB 1.04%p · 5일 -3bp · 20일 -12bp,지표 고유의 상태와 다른 시장 영역의 동반 신호를 구분해 확인합니다.,낮음
2026-04-13,HYPOS,HY 1년 위치,참고,0,과거 252관측 대비 52.8백분위,최근 분포에서의 위치입니다. 별도 위험 신호로 중복 집계하지 않습니다.,낮음
2026-04-13,UNEMP,미국 실업률,확인 부족,-1,월간 관측 누락: 달력 기간 계산 보류,현재 상태를 판단할 자료가 부족합니다.,확인 부족
2026-04-13,SAHM,Sahm Rule,확인 부족,-1,월간 관측 누락: 달력 기간 계산 보류,현재 상태를 판단할 자료가 부족합니다.,확인 부족
2026-04-13,CLAIMS,신규실업수당 4주평균,확인 부족,-1,이력 부족: 0/55관측,현재 상태를 판단할 자료가 부족합니다.,확인 부족
2026-04-13,CPI,CPI,확인 부족,-1,이력 부족: 0/16관측,현재 상태를 판단할 자료가 부족합니다.,확인 부족
2026-04-13,CORECPI,근원 CPI,확인 부족,-1,이력 부족: 0/16관측,현재 상태를 판단할 자료가 부족합니다.,확인 부족
2026-04-13,COREPCE,근원 PCE,확인 부족,-1,이력 부족: 0/16관측,현재 상태를 판단할 자료가 부족합니다.,확인 부족
2026-04-13,DXY,달러지수,확인 부족,-1,이력 부족: 0/147관측,현재 상태를 판단할 자료가 부족합니다.,확인 부족
2026-04-13,USDKRW,달러/원,확인 부족,-1,이력 부족: 0/147관측,현재 상태를 판단할 자료가 부족합니다.,확인 부족
2026-04-13,USDJPY,달러/엔,확인 부족,-1,이력 부족: 0/147관측,현재 상태를 판단할 자료가 부족합니다.,확인 부족
2026-04-13,WTI,WTI,확인 부족,-1,이력 부족: 0/147관측,현재 상태를 판단할 자료가 부족합니다.,확인 부족
2026-04-13,GOLD,금,정상,0,5일 +1.84% · 20일 -6.14% · 변동성 기준 50.0/70.8백분위,가격 움직임은 확인되지만 원인을 구분할 교차 근거가 충분하지 않습니다.,낮음
2026-04-13,SILVER,은,정상,0,5일 +3.94% · 20일 -6.66% · 변동성 기준 60.1/50.6백분위,가격 움직임은 확인되지만 원인을 구분할 교차 근거가 충분하지 않습니다.,낮음
2026-04-13,COPPER,구리,관찰,1,5일 +7.03% · 20일 +4.58% · 변동성 기준 93.3/42.9백분위,가격 움직임은 확인되지만 원인을 구분할 교차 근거가 충분하지 않습니다.,낮음
2026-04-14,SP500,S&P500,확인 부족,-1,이력 부족: 0/252관측,현재 상태를 판단할 자료가 부족합니다.,확인 부족
2026-04-14,NASDAQ,Nasdaq,확인 부족,-1,이력 부족: 0/252관측,현재 상태를 판단할 자료가 부족합니다.,확인 부족
2026-04-14,RUSSELL,Russell 2000,정상,0,5일 +6.3% · 20일 +8.1% · 고점 대비 -0.5%,지표 고유의 상태와 다른 시장 영역의 동반 신호를 구분해 확인합니다.,낮음
2026-04-14,MA200,200일 이동평균 이격,확인 부족,-1,이력 부족: 0/200관측,현재 상태를 판단할 자료가 부족합니다.,확인 부족
2026-04-14,EW,동일가중 상대성과,정상,0,RSP가 SPY 대비 20일 -1.4%p · 5일 상대성과 -2.16%p,지표 고유의 상태와 다른 시장 영역의 동반 신호를 구분해 확인합니다.,낮음
2026-04-14,CAPE,CAPE,확인 부족,-1,이력 부족: 0/120관측,현재 상태를 판단할 자료가 부족합니다.,확인 부족
2026-04-14,ADV,상승 종목 비율,확인 부족,-1,이력 부족: 0/21관측,현재 상태를 판단할 자료가 부족합니다.,확인 부족
2026-04-14,ABOVE200,200DMA 위 종목 비율,확인 부족,-1,이력 부족: 0/21관측,현재 상태를 판단할 자료가 부족합니다.,확인 부족
2026-04-14,HILO,52주 신고가-신저가 비율,확인 부족,-1,이력 부족: 0/21관측,현재 상태를 판단할 자료가 부족합니다.,확인 부족
2026-04-14,EFFR,미국 기준금리,정상,0,20관측 +0bp · 유지 · EFFR 변화는 목표범위 결정 자체와 구분,금리 하락 또는 상대관계 변화을 관찰합니다. 물가·고용·신용의 동반 움직임으로 의미를 구분합니다.,낮음
2026-04-14,US3M,미국 3개월물 국채수익률,확인 부족,-1,이력 부족: 0/25관측,현재 상태를 판단할 자료가 부족합니다.,확인 부족
2026-04-14,US2Y,미국 2년물 국채수익률,확인 부족,-1,이력 부족: 0/25관측,현재 상태를 판단할 자료가 부족합니다.,확인 부족
2026-04-14,US10Y,미국 10년물 국채수익률,확인 부족,-1,이력 부족: 0/25관측,현재 상태를 판단할 자료가 부족합니다.,확인 부족
2026-04-14,US30Y,미국 30년물 국채수익률,확인 부족,-1,이력 부족: 0/25관측,현재 상태를 판단할 자료가 부족합니다.,확인 부족
2026-04-14,REAL10,미국 10년물 실질금리,확인 부족,-1,이력 부족: 0/25관측,현재 상태를 판단할 자료가 부족합니다.,확인 부족
2026-04-14,TERM,미국 10년물 기간프리미엄,정상,0,과거 504관측 대비 86.0백분위 · 20일 +3bp,금리 상승에 따른 부담을 관찰합니다. 물가·고용·신용의 동반 움직임으로 의미를 구분합니다.,낮음
2026-04-14,CURVE2,미국 10년물-2년물 금리차,확인 부족,-1,이력 부족: 0/22관측,현재 상태를 판단할 자료가 부족합니다.,확인 부족
2026-04-14,CURVE3,미국 10년물-3개월물 금리차,확인 부족,-1,이력 부족: 0/22관측,현재 상태를 판단할 자료가 부족합니다.,확인 부족
2026-04-14,CURVEFED,미국 10년물-기준금리 차,확인 부족,-1,이력 부족: 0/22관측,현재 상태를 판단할 자료가 부족합니다.,확인 부족
2026-04-14,VIX,VIX,정상,0,VIX 18.4 · 5일 -28.8% · 20일 -21.9% · 5일 -7.4포인트,지표 고유의 상태와 다른 시장 영역의 동반 신호를 구분해 확인합니다.,낮음
2026-04-14,VIXPOS,VIX 1년 위치,참고,0,과거 252관측 대비 61.3백분위,최근 분포에서의 위치입니다. 별도 위험 신호로 중복 집계하지 않습니다.,낮음
2026-04-14,HY,하이일드 OAS,안정,0,HY 2.84%p · 5일 -28bp · 20일 -38bp,지표 고유의 상태와 다른 시장 영역의 동반 신호를 구분해 확인합니다.,낮음
2026-04-14,BBB,BBB OAS,안정,0,BBB 1.02%p · 5일 -6bp · 20일 -12bp,지표 고유의 상태와 다른 시장 영역의 동반 신호를 구분해 확인합니다.,낮음
2026-04-14,HYPOS,HY 1년 위치,참고,0,과거 252관측 대비 24.8백분위,최근 분포에서의 위치입니다. 별도 위험 신호로 중복 집계하지 않습니다.,낮음
2026-04-14,UNEMP,미국 실업률,확인 부족,-1,월간 관측 누락: 달력 기간 계산 보류,현재 상태를 판단할 자료가 부족합니다.,확인 부족
2026-04-14,SAHM,Sahm Rule,확인 부족,-1,월간 관측 누락: 달력 기간 계산 보류,현재 상태를 판단할 자료가 부족합니다.,확인 부족
2026-04-14,CLAIMS,신규실업수당 4주평균,확인 부족,-1,이력 부족: 0/55관측,현재 상태를 판단할 자료가 부족합니다.,확인 부족
2026-04-14,CPI,CPI,확인 부족,-1,이력 부족: 0/16관측,현재 상태를 판단할 자료가 부족합니다.,확인 부족
2026-04-14,CORECPI,근원 CPI,확인 부족,-1,이력 부족: 0/16관측,현재 상태를 판단할 자료가 부족합니다.,확인 부족
2026-04-14,COREPCE,근원 PCE,확인 부족,-1,이력 부족: 0/16관측,현재 상태를 판단할 자료가 부족합니다.,확인 부족
2026-04-14,DXY,달러지수,확인 부족,-1,이력 부족: 0/147관측,현재 상태를 판단할 자료가 부족합니다.,확인 부족
2026-04-14,USDKRW,달러/원,확인 부족,-1,이력 부족: 0/147관측,현재 상태를 판단할 자료가 부족합니다.,확인 부족
2026-04-14,USDJPY,달러/엔,확인 부족,-1,이력 부족: 0/147관측,현재 상태를 판단할 자료가 부족합니다.,확인 부족
2026-04-14,WTI,WTI,확인 부족,-1,이력 부족: 0/147관측,현재 상태를 판단할 자료가 부족합니다.,확인 부족
2026-04-14,GOLD,금,정상,0,5일 +3.61% · 20일 -3.38% · 변동성 기준 82.7/46.8백분위,가격 움직임은 확인되지만 원인을 구분할 교차 근거가 충분하지 않습니다.,낮음
2026-04-14,SILVER,은,관찰,1,5일 +10.53% · 20일 -1.09% · 변동성 기준 91.5/9.9백분위,가격 움직임은 확인되지만 원인을 구분할 교차 근거가 충분하지 않습니다.,낮음
2026-04-14,COPPER,구리,관찰,1,5일 +9.49% · 20일 +4.84% · 변동성 기준 96.6/44.4백분위,가격 움직임은 확인되지만 원인을 구분할 교차 근거가 충분하지 않습니다.,낮음
2026-04-15,SP500,S&P500,확인 부족,-1,이력 부족: 0/252관측,현재 상태를 판단할 자료가 부족합니다.,확인 부족
2026-04-15,NASDAQ,Nasdaq,확인 부족,-1,이력 부족: 0/252관측,현재 상태를 판단할 자료가 부족합니다.,확인 부족
2026-04-15,RUSSELL,Russell 2000,정상,0,5일 +3.6% · 20일 +7.7% · 고점 대비 -0.2%,지표 고유의 상태와 다른 시장 영역의 동반 신호를 구분해 확인합니다.,낮음
2026-04-15,MA200,200일 이동평균 이격,확인 부족,-1,이력 부족: 0/200관측,현재 상태를 판단할 자료가 부족합니다.,확인 부족
2026-04-15,EW,동일가중 상대성과,관찰,1,RSP가 SPY 대비 20일 -2.5%p · 5일 상대성과 -2.65%p,지표 고유의 상태와 다른 시장 영역의 동반 신호를 구분해 확인합니다.,낮음
2026-04-15,CAPE,CAPE,확인 부족,-1,이력 부족: 0/120관측,현재 상태를 판단할 자료가 부족합니다.,확인 부족
2026-04-15,ADV,상승 종목 비율,확인 부족,-1,이력 부족: 0/21관측,현재 상태를 판단할 자료가 부족합니다.,확인 부족
2026-04-15,ABOVE200,200DMA 위 종목 비율,확인 부족,-1,이력 부족: 0/21관측,현재 상태를 판단할 자료가 부족합니다.,확인 부족
2026-04-15,HILO,52주 신고가-신저가 비율,확인 부족,-1,이력 부족: 0/21관측,현재 상태를 판단할 자료가 부족합니다.,확인 부족
2026-04-15,EFFR,미국 기준금리,정상,0,20관측 +0bp · 유지 · EFFR 변화는 목표범위 결정 자체와 구분,금리 하락 또는 상대관계 변화을 관찰합니다. 물가·고용·신용의 동반 움직임으로 의미를 구분합니다.,낮음
2026-04-15,US3M,미국 3개월물 국채수익률,확인 부족,-1,이력 부족: 0/25관측,현재 상태를 판단할 자료가 부족합니다.,확인 부족
2026-04-15,US2Y,미국 2년물 국채수익률,확인 부족,-1,이력 부족: 0/25관측,현재 상태를 판단할 자료가 부족합니다.,확인 부족
2026-04-15,US10Y,미국 10년물 국채수익률,확인 부족,-1,이력 부족: 0/25관측,현재 상태를 판단할 자료가 부족합니다.,확인 부족
2026-04-15,US30Y,미국 30년물 국채수익률,확인 부족,-1,이력 부족: 0/25관측,현재 상태를 판단할 자료가 부족합니다.,확인 부족
2026-04-15,REAL10,미국 10년물 실질금리,확인 부족,-1,이력 부족: 0/25관측,현재 상태를 판단할 자료가 부족합니다.,확인 부족
2026-04-15,TERM,미국 10년물 기간프리미엄,정상,0,과거 504관측 대비 86.9백분위 · 20일 +1bp,금리 상승에 따른 부담을 관찰합니다. 물가·고용·신용의 동반 움직임으로 의미를 구분합니다.,낮음
2026-04-15,CURVE2,미국 10년물-2년물 금리차,확인 부족,-1,이력 부족: 0/22관측,현재 상태를 판단할 자료가 부족합니다.,확인 부족
2026-04-15,CURVE3,미국 10년물-3개월물 금리차,확인 부족,-1,이력 부족: 0/22관측,현재 상태를 판단할 자료가 부족합니다.,확인 부족
2026-04-15,CURVEFED,미국 10년물-기준금리 차,확인 부족,-1,이력 부족: 0/22관측,현재 상태를 판단할 자료가 부족합니다.,확인 부족
2026-04-15,VIX,VIX,정상,0,VIX 18.2 · 5일 -13.6% · 20일 -18.8% · 5일 -2.9포인트,지표 고유의 상태와 다른 시장 영역의 동반 신호를 구분해 확인합니다.,낮음
2026-04-15,VIXPOS,VIX 1년 위치,참고,0,과거 252관측 대비 60.3백분위,최근 분포에서의 위치입니다. 별도 위험 신호로 중복 집계하지 않습니다.,낮음
2026-04-15,HY,하이일드 OAS,안정,0,HY 2.85%p · 5일 -9bp · 20일 -35bp,지표 고유의 상태와 다른 시장 영역의 동반 신호를 구분해 확인합니다.,낮음
2026-04-15,BBB,BBB OAS,안정,0,BBB 1.01%p · 5일 -4bp · 20일 -12bp,지표 고유의 상태와 다른 시장 영역의 동반 신호를 구분해 확인합니다.,낮음
2026-04-15,HYPOS,HY 1년 위치,참고,0,과거 252관측 대비 28.0백분위,최근 분포에서의 위치입니다. 별도 위험 신호로 중복 집계하지 않습니다.,낮음
2026-04-15,UNEMP,미국 실업률,확인 부족,-1,월간 관측 누락: 달력 기간 계산 보류,현재 상태를 판단할 자료가 부족합니다.,확인 부족
2026-04-15,SAHM,Sahm Rule,확인 부족,-1,월간 관측 누락: 달력 기간 계산 보류,현재 상태를 판단할 자료가 부족합니다.,확인 부족
2026-04-15,CLAIMS,신규실업수당 4주평균,확인 부족,-1,이력 부족: 0/55관측,현재 상태를 판단할 자료가 부족합니다.,확인 부족
2026-04-15,CPI,CPI,확인 부족,-1,이력 부족: 0/16관측,현재 상태를 판단할 자료가 부족합니다.,확인 부족
2026-04-15,CORECPI,근원 CPI,확인 부족,-1,이력 부족: 0/16관측,현재 상태를 판단할 자료가 부족합니다.,확인 부족
2026-04-15,COREPCE,근원 PCE,확인 부족,-1,이력 부족: 0/16관측,현재 상태를 판단할 자료가 부족합니다.,확인 부족
2026-04-15,DXY,달러지수,확인 부족,-1,이력 부족: 0/147관측,현재 상태를 판단할 자료가 부족합니다.,확인 부족
2026-04-15,USDKRW,달러/원,확인 부족,-1,이력 부족: 0/147관측,현재 상태를 판단할 자료가 부족합니다.,확인 부족
2026-04-15,USDJPY,달러/엔,확인 부족,-1,이력 부족: 0/147관측,현재 상태를 판단할 자료가 부족합니다.,확인 부족
2026-04-15,WTI,WTI,확인 부족,-1,이력 부족: 0/147관측,현재 상태를 판단할 자료가 부족합니다.,확인 부족
2026-04-15,GOLD,금,정상,0,5일 +1.06% · 20일 -4.02% · 변동성 기준 30.2/53.6백분위,가격 움직임은 확인되지만 원인을 구분할 교차 근거가 충분하지 않습니다.,낮음
2026-04-15,SILVER,은,정상,0,5일 +5.67% · 20일 -0.05% · 변동성 기준 75.0/0.4백분위,가격 움직임은 확인되지만 원인을 구분할 교차 근거가 충분하지 않습니다.,낮음
2026-04-15,COPPER,구리,정상,0,5일 +5.43% · 20일 +6.03% · 변동성 기준 86.3/55.4백분위,가격 움직임은 확인되지만 원인을 구분할 교차 근거가 충분하지 않습니다.,낮음
2026-04-16,SP500,S&P500,확인 부족,-1,이력 부족: 0/252관측,현재 상태를 판단할 자료가 부족합니다.,확인 부족
2026-04-16,NASDAQ,Nasdaq,확인 부족,-1,이력 부족: 0/252관측,현재 상태를 판단할 자료가 부족합니다.,확인 부족
2026-04-16,RUSSELL,Russell 2000,정상,0,5일 +3.2% · 20일 +9.7% · 고점 대비 0.0%,지표 고유의 상태와 다른 시장 영역의 동반 신호를 구분해 확인합니다.,낮음
2026-04-16,MA200,200일 이동평균 이격,확인 부족,-1,이력 부족: 0/200관측,현재 상태를 판단할 자료가 부족합니다.,확인 부족
2026-04-16,EW,동일가중 상대성과,관찰,1,RSP가 SPY 대비 20일 -2.4%p · 5일 상대성과 -1.91%p,지표 고유의 상태와 다른 시장 영역의 동반 신호를 구분해 확인합니다.,낮음
2026-04-16,CAPE,CAPE,확인 부족,-1,이력 부족: 0/120관측,현재 상태를 판단할 자료가 부족합니다.,확인 부족
2026-04-16,ADV,상승 종목 비율,확인 부족,-1,이력 부족: 0/21관측,현재 상태를 판단할 자료가 부족합니다.,확인 부족
2026-04-16,ABOVE200,200DMA 위 종목 비율,확인 부족,-1,이력 부족: 0/21관측,현재 상태를 판단할 자료가 부족합니다.,확인 부족
2026-04-16,HILO,52주 신고가-신저가 비율,확인 부족,-1,이력 부족: 0/21관측,현재 상태를 판단할 자료가 부족합니다.,확인 부족
2026-04-16,EFFR,미국 기준금리,정상,0,20관측 +0bp · 유지 · EFFR 변화는 목표범위 결정 자체와 구분,금리 하락 또는 상대관계 변화을 관찰합니다. 물가·고용·신용의 동반 움직임으로 의미를 구분합니다.,낮음
2026-04-16,US3M,미국 3개월물 국채수익률,확인 부족,-1,이력 부족: 0/25관측,현재 상태를 판단할 자료가 부족합니다.,확인 부족
2026-04-16,US2Y,미국 2년물 국채수익률,확인 부족,-1,이력 부족: 0/25관측,현재 상태를 판단할 자료가 부족합니다.,확인 부족
2026-04-16,US10Y,미국 10년물 국채수익률,확인 부족,-1,이력 부족: 0/25관측,현재 상태를 판단할 자료가 부족합니다.,확인 부족
2026-04-16,US30Y,미국 30년물 국채수익률,확인 부족,-1,이력 부족: 0/25관측,현재 상태를 판단할 자료가 부족합니다.,확인 부족
2026-04-16,REAL10,미국 10년물 실질금리,확인 부족,-1,이력 부족: 0/25관측,현재 상태를 판단할 자료가 부족합니다.,확인 부족
2026-04-16,TERM,미국 10년물 기간프리미엄,정상,0,과거 504관측 대비 88.7백분위 · 20일 +2bp,금리 상승에 따른 부담을 관찰합니다. 물가·고용·신용의 동반 움직임으로 의미를 구분합니다.,낮음
2026-04-16,CURVE2,미국 10년물-2년물 금리차,확인 부족,-1,이력 부족: 0/22관측,현재 상태를 판단할 자료가 부족합니다.,확인 부족
2026-04-16,CURVE3,미국 10년물-3개월물 금리차,확인 부족,-1,이력 부족: 0/22관측,현재 상태를 판단할 자료가 부족합니다.,확인 부족
2026-04-16,CURVEFED,미국 10년물-기준금리 차,확인 부족,-1,이력 부족: 0/22관측,현재 상태를 판단할 자료가 부족합니다.,확인 부족
2026-04-16,VIX,VIX,정상,0,VIX 17.9 · 5일 -8.0% · 20일 -28.5% · 5일 -1.5포인트,지표 고유의 상태와 다른 시장 영역의 동반 신호를 구분해 확인합니다.,낮음
2026-04-16,VIXPOS,VIX 1년 위치,참고,0,과거 252관측 대비 58.3백분위,최근 분포에서의 위치입니다. 별도 위험 신호로 중복 집계하지 않습니다.,낮음
2026-04-16,HY,하이일드 OAS,안정,0,HY 2.86%p · 5일 -4bp · 20일 -41bp,지표 고유의 상태와 다른 시장 영역의 동반 신호를 구분해 확인합니다.,낮음
2026-04-16,BBB,BBB OAS,안정,0,BBB 1.01%p · 5일 -4bp · 20일 -12bp,지표 고유의 상태와 다른 시장 영역의 동반 신호를 구분해 확인합니다.,낮음
2026-04-16,HYPOS,HY 1년 위치,참고,0,과거 252관측 대비 30.6백분위,최근 분포에서의 위치입니다. 별도 위험 신호로 중복 집계하지 않습니다.,낮음
2026-04-16,UNEMP,미국 실업률,확인 부족,-1,월간 관측 누락: 달력 기간 계산 보류,현재 상태를 판단할 자료가 부족합니다.,확인 부족
2026-04-16,SAHM,Sahm Rule,확인 부족,-1,월간 관측 누락: 달력 기간 계산 보류,현재 상태를 판단할 자료가 부족합니다.,확인 부족
2026-04-16,CLAIMS,신규실업수당 4주평균,확인 부족,-1,이력 부족: 0/55관측,현재 상태를 판단할 자료가 부족합니다.,확인 부족
2026-04-16,CPI,CPI,확인 부족,-1,이력 부족: 0/16관측,현재 상태를 판단할 자료가 부족합니다.,확인 부족
2026-04-16,CORECPI,근원 CPI,확인 부족,-1,이력 부족: 0/16관측,현재 상태를 판단할 자료가 부족합니다.,확인 부족
2026-04-16,COREPCE,근원 PCE,확인 부족,-1,이력 부족: 0/16관측,현재 상태를 판단할 자료가 부족합니다.,확인 부족
2026-04-16,DXY,달러지수,확인 부족,-1,이력 부족: 0/147관측,현재 상태를 판단할 자료가 부족합니다.,확인 부족
2026-04-16,USDKRW,달러/원,확인 부족,-1,이력 부족: 0/147관측,현재 상태를 판단할 자료가 부족합니다.,확인 부족
2026-04-16,USDJPY,달러/엔,확인 부족,-1,이력 부족: 0/147관측,현재 상태를 판단할 자료가 부족합니다.,확인 부족
2026-04-16,WTI,WTI,확인 부족,-1,이력 부족: 0/147관측,현재 상태를 판단할 자료가 부족합니다.,확인 부족
2026-04-16,GOLD,금,정상,0,5일 -0.14% · 20일 -2.14% · 변동성 기준 4.6/30.6백분위,가격 움직임은 확인되지만 원인을 구분할 교차 근거가 충분하지 않습니다.,낮음
2026-04-16,SILVER,은,정상,0,5일 +3.05% · 20일 +1.77% · 변동성 기준 48.6/17.1백분위,가격 움직임은 확인되지만 원인을 구분할 교차 근거가 충분하지 않습니다.,낮음
2026-04-16,COPPER,구리,정상,0,5일 +5.54% · 20일 +9.23% · 변동성 기준 87.5/77.4백분위,가격 움직임은 확인되지만 원인을 구분할 교차 근거가 충분하지 않습니다.,낮음
2026-04-17,SP500,S&P500,확인 부족,-1,이력 부족: 0/252관측,현재 상태를 판단할 자료가 부족합니다.,확인 부족
2026-04-17,NASDAQ,Nasdaq,확인 부족,-1,이력 부족: 0/252관측,현재 상태를 판단할 자료가 부족합니다.,확인 부족
2026-04-17,RUSSELL,Russell 2000,정상,0,5일 +5.6% · 20일 +11.3% · 고점 대비 0.0%,지표 고유의 상태와 다른 시장 영역의 동반 신호를 구분해 확인합니다.,낮음
2026-04-17,MA200,200일 이동평균 이격,확인 부족,-1,이력 부족: 0/200관측,현재 상태를 판단할 자료가 부족합니다.,확인 부족
2026-04-17,EW,동일가중 상대성과,관찰,1,RSP가 SPY 대비 20일 -2.5%p · 5일 상대성과 -1.20%p,지표 고유의 상태와 다른 시장 영역의 동반 신호를 구분해 확인합니다.,낮음
2026-04-17,CAPE,CAPE,확인 부족,-1,이력 부족: 0/120관측,현재 상태를 판단할 자료가 부족합니다.,확인 부족
2026-04-17,ADV,상승 종목 비율,확인 부족,-1,이력 부족: 0/21관측,현재 상태를 판단할 자료가 부족합니다.,확인 부족
2026-04-17,ABOVE200,200DMA 위 종목 비율,확인 부족,-1,이력 부족: 0/21관측,현재 상태를 판단할 자료가 부족합니다.,확인 부족
2026-04-17,HILO,52주 신고가-신저가 비율,확인 부족,-1,이력 부족: 0/21관측,현재 상태를 판단할 자료가 부족합니다.,확인 부족
2026-04-17,EFFR,미국 기준금리,정상,0,20관측 +0bp · 유지 · EFFR 변화는 목표범위 결정 자체와 구분,금리 하락 또는 상대관계 변화을 관찰합니다. 물가·고용·신용의 동반 움직임으로 의미를 구분합니다.,낮음
2026-04-17,US3M,미국 3개월물 국채수익률,확인 부족,-1,이력 부족: 0/25관측,현재 상태를 판단할 자료가 부족합니다.,확인 부족
2026-04-17,US2Y,미국 2년물 국채수익률,확인 부족,-1,이력 부족: 0/25관측,현재 상태를 판단할 자료가 부족합니다.,확인 부족
2026-04-17,US10Y,미국 10년물 국채수익률,확인 부족,-1,이력 부족: 0/25관측,현재 상태를 판단할 자료가 부족합니다.,확인 부족
2026-04-17,US30Y,미국 30년물 국채수익률,확인 부족,-1,이력 부족: 0/25관측,현재 상태를 판단할 자료가 부족합니다.,확인 부족
2026-04-17,REAL10,미국 10년물 실질금리,확인 부족,-1,이력 부족: 0/25관측,현재 상태를 판단할 자료가 부족합니다.,확인 부족
2026-04-17,TERM,미국 10년물 기간프리미엄,정상,0,과거 504관측 대비 84.0백분위 · 20일 -6bp,금리 하락 또는 상대관계 변화을 관찰합니다. 물가·고용·신용의 동반 움직임으로 의미를 구분합니다.,낮음
2026-04-17,CURVE2,미국 10년물-2년물 금리차,확인 부족,-1,이력 부족: 0/22관측,현재 상태를 판단할 자료가 부족합니다.,확인 부족
2026-04-17,CURVE3,미국 10년물-3개월물 금리차,확인 부족,-1,이력 부족: 0/22관측,현재 상태를 판단할 자료가 부족합니다.,확인 부족
2026-04-17,CURVEFED,미국 10년물-기준금리 차,확인 부족,-1,이력 부족: 0/22관측,현재 상태를 판단할 자료가 부족합니다.,확인 부족
2026-04-17,VIX,VIX,정상,0,VIX 17.5 · 5일 -9.1% · 20일 -27.3% · 5일 -1.8포인트,지표 고유의 상태와 다른 시장 영역의 동반 신호를 구분해 확인합니다.,낮음
2026-04-17,VIXPOS,VIX 1년 위치,참고,0,과거 252관측 대비 52.4백분위,최근 분포에서의 위치입니다. 별도 위험 신호로 중복 집계하지 않습니다.,낮음
2026-04-17,HY,하이일드 OAS,안정,0,HY 2.83%p · 5일 -11bp · 20일 -41bp,지표 고유의 상태와 다른 시장 영역의 동반 신호를 구분해 확인합니다.,낮음
2026-04-17,BBB,BBB OAS,안정,0,BBB 1.01%p · 5일 -3bp · 20일 -10bp,지표 고유의 상태와 다른 시장 영역의 동반 신호를 구분해 확인합니다.,낮음
2026-04-17,HYPOS,HY 1년 위치,참고,0,과거 252관측 대비 21.8백분위,최근 분포에서의 위치입니다. 별도 위험 신호로 중복 집계하지 않습니다.,낮음
2026-04-17,UNEMP,미국 실업률,확인 부족,-1,월간 관측 누락: 달력 기간 계산 보류,현재 상태를 판단할 자료가 부족합니다.,확인 부족
2026-04-17,SAHM,Sahm Rule,확인 부족,-1,월간 관측 누락: 달력 기간 계산 보류,현재 상태를 판단할 자료가 부족합니다.,확인 부족
2026-04-17,CLAIMS,신규실업수당 4주평균,확인 부족,-1,이력 부족: 0/55관측,현재 상태를 판단할 자료가 부족합니다.,확인 부족
2026-04-17,CPI,CPI,확인 부족,-1,이력 부족: 0/16관측,현재 상태를 판단할 자료가 부족합니다.,확인 부족
2026-04-17,CORECPI,근원 CPI,확인 부족,-1,이력 부족: 0/16관측,현재 상태를 판단할 자료가 부족합니다.,확인 부족
2026-04-17,COREPCE,근원 PCE,확인 부족,-1,이력 부족: 0/16관측,현재 상태를 판단할 자료가 부족합니다.,확인 부족
2026-04-17,DXY,달러지수,확인 부족,-1,이력 부족: 0/147관측,현재 상태를 판단할 자료가 부족합니다.,확인 부족
2026-04-17,USDKRW,달러/원,확인 부족,-1,이력 부족: 0/147관측,현재 상태를 판단할 자료가 부족합니다.,확인 부족
2026-04-17,USDJPY,달러/엔,확인 부족,-1,이력 부족: 0/147관측,현재 상태를 판단할 자료가 부족합니다.,확인 부족
2026-04-17,WTI,WTI,확인 부족,-1,이력 부족: 0/147관측,현재 상태를 판단할 자료가 부족합니다.,확인 부족
2026-04-17,GOLD,금,정상,0,5일 +2.01% · 20일 +5.58% · 변동성 기준 55.0/66.7백분위,가격 움직임은 확인되지만 원인을 구분할 교차 근거가 충분하지 않습니다.,낮음
2026-04-17,SILVER,은,정상,0,5일 +7.09% · 20일 +15.28% · 변동성 기준 82.5/84.5백분위,금과 은이 함께 상승합니다. 귀금속 공통 흐름을 확인합니다.,낮음
2026-04-17,COPPER,구리,정상,0,5일 +3.97% · 20일 +12.34% · 변동성 기준 73.6/88.5백분위,가격 움직임은 확인되지만 원인을 구분할 교차 근거가 충분하지 않습니다.,낮음
2026-04-20,SP500,S&P500,확인 부족,-1,이력 부족: 0/252관측,현재 상태를 판단할 자료가 부족합니다.,확인 부족
2026-04-20,NASDAQ,Nasdaq,확인 부족,-1,이력 부족: 0/252관측,현재 상태를 판단할 자료가 부족합니다.,확인 부족
2026-04-20,RUSSELL,Russell 2000,정상,0,5일 +4.6% · 20일 +14.5% · 고점 대비 0.0%,지표 고유의 상태와 다른 시장 영역의 동반 신호를 구분해 확인합니다.,낮음
2026-04-20,MA200,200일 이동평균 이격,확인 부족,-1,이력 부족: 0/200관측,현재 상태를 판단할 자료가 부족합니다.,확인 부족
2026-04-20,EW,동일가중 상대성과,관찰,1,RSP가 SPY 대비 20일 -2.3%p · 5일 상대성과 -0.80%p,지표 고유의 상태와 다른 시장 영역의 동반 신호를 구분해 확인합니다.,낮음
2026-04-20,CAPE,CAPE,확인 부족,-1,이력 부족: 0/120관측,현재 상태를 판단할 자료가 부족합니다.,확인 부족
2026-04-20,ADV,상승 종목 비율,확인 부족,-1,이력 부족: 0/21관측,현재 상태를 판단할 자료가 부족합니다.,확인 부족
2026-04-20,ABOVE200,200DMA 위 종목 비율,확인 부족,-1,이력 부족: 0/21관측,현재 상태를 판단할 자료가 부족합니다.,확인 부족
2026-04-20,HILO,52주 신고가-신저가 비율,확인 부족,-1,이력 부족: 0/21관측,현재 상태를 판단할 자료가 부족합니다.,확인 부족
2026-04-20,EFFR,미국 기준금리,정상,0,20관측 +0bp · 유지 · EFFR 변화는 목표범위 결정 자체와 구분,금리 하락 또는 상대관계 변화을 관찰합니다. 물가·고용·신용의 동반 움직임으로 의미를 구분합니다.,낮음
2026-04-20,US3M,미국 3개월물 국채수익률,확인 부족,-1,이력 부족: 0/25관측,현재 상태를 판단할 자료가 부족합니다.,확인 부족
2026-04-20,US2Y,미국 2년물 국채수익률,확인 부족,-1,이력 부족: 0/25관측,현재 상태를 판단할 자료가 부족합니다.,확인 부족
2026-04-20,US10Y,미국 10년물 국채수익률,확인 부족,-1,이력 부족: 0/25관측,현재 상태를 판단할 자료가 부족합니다.,확인 부족
2026-04-20,US30Y,미국 30년물 국채수익률,확인 부족,-1,이력 부족: 0/25관측,현재 상태를 판단할 자료가 부족합니다.,확인 부족
2026-04-20,REAL10,미국 10년물 실질금리,확인 부족,-1,이력 부족: 0/25관측,현재 상태를 판단할 자료가 부족합니다.,확인 부족
2026-04-20,TERM,미국 10년물 기간프리미엄,정상,0,과거 504관측 대비 82.9백분위 · 20일 -6bp,금리 하락 또는 상대관계 변화을 관찰합니다. 물가·고용·신용의 동반 움직임으로 의미를 구분합니다.,낮음
2026-04-20,CURVE2,미국 10년물-2년물 금리차,확인 부족,-1,이력 부족: 0/22관측,현재 상태를 판단할 자료가 부족합니다.,확인 부족
2026-04-20,CURVE3,미국 10년물-3개월물 금리차,확인 부족,-1,이력 부족: 0/22관측,현재 상태를 판단할 자료가 부족합니다.,확인 부족
2026-04-20,CURVEFED,미국 10년물-기준금리 차,확인 부족,-1,이력 부족: 0/22관측,현재 상태를 판단할 자료가 부족합니다.,확인 부족
2026-04-20,VIX,VIX,정상,0,VIX 18.9 · 5일 -1.3% · 20일 -29.5% · 5일 -0.2포인트,지표 고유의 상태와 다른 시장 영역의 동반 신호를 구분해 확인합니다.,낮음
2026-04-20,VIXPOS,VIX 1년 위치,참고,0,과거 252관측 대비 66.7백분위,최근 분포에서의 위치입니다. 별도 위험 신호로 중복 집계하지 않습니다.,낮음
2026-04-20,HY,하이일드 OAS,안정,0,HY 2.87%p · 5일 -8bp · 20일 -32bp,지표 고유의 상태와 다른 시장 영역의 동반 신호를 구분해 확인합니다.,낮음
2026-04-20,BBB,BBB OAS,안정,0,BBB 1.01%p · 5일 -3bp · 20일 -10bp,지표 고유의 상태와 다른 시장 영역의 동반 신호를 구분해 확인합니다.,낮음
2026-04-20,HYPOS,HY 1년 위치,참고,0,과거 252관측 대비 33.5백분위,최근 분포에서의 위치입니다. 별도 위험 신호로 중복 집계하지 않습니다.,낮음
2026-04-20,UNEMP,미국 실업률,확인 부족,-1,월간 관측 누락: 달력 기간 계산 보류,현재 상태를 판단할 자료가 부족합니다.,확인 부족
2026-04-20,SAHM,Sahm Rule,확인 부족,-1,월간 관측 누락: 달력 기간 계산 보류,현재 상태를 판단할 자료가 부족합니다.,확인 부족
2026-04-20,CLAIMS,신규실업수당 4주평균,확인 부족,-1,이력 부족: 0/55관측,현재 상태를 판단할 자료가 부족합니다.,확인 부족
2026-04-20,CPI,CPI,확인 부족,-1,이력 부족: 0/16관측,현재 상태를 판단할 자료가 부족합니다.,확인 부족
2026-04-20,CORECPI,근원 CPI,확인 부족,-1,이력 부족: 0/16관측,현재 상태를 판단할 자료가 부족합니다.,확인 부족
2026-04-20,COREPCE,근원 PCE,확인 부족,-1,이력 부족: 0/16관측,현재 상태를 판단할 자료가 부족합니다.,확인 부족
2026-04-20,DXY,달러지수,확인 부족,-1,이력 부족: 0/147관측,현재 상태를 판단할 자료가 부족합니다.,확인 부족
2026-04-20,USDKRW,달러/원,확인 부족,-1,이력 부족: 0/147관측,현재 상태를 판단할 자료가 부족합니다.,확인 부족
2026-04-20,USDJPY,달러/엔,확인 부족,-1,이력 부족: 0/147관측,현재 상태를 판단할 자료가 부족합니다.,확인 부족
2026-04-20,WTI,WTI,확인 부족,-1,이력 부족: 0/147관측,현재 상태를 판단할 자료가 부족합니다.,확인 부족
2026-04-20,GOLD,금,정상,0,5일 +1.35% · 20일 +5.17% · 변동성 기준 38.9/62.7백분위,가격 움직임은 확인되지만 원인을 구분할 교차 근거가 충분하지 않습니다.,낮음
2026-04-20,SILVER,은,정상,0,5일 +5.86% · 20일 +15.27% · 변동성 기준 76.0/84.3백분위,금과 은이 함께 상승합니다. 귀금속 공통 흐름을 확인합니다.,낮음
2026-04-20,COPPER,구리,관찰,1,5일 +1.00% · 20일 +12.98% · 변동성 기준 22.6/90.5백분위,가격 움직임은 확인되지만 원인을 구분할 교차 근거가 충분하지 않습니다.,낮음
2026-04-21,SP500,S&P500,확인 부족,-1,이력 부족: 0/252관측,현재 상태를 판단할 자료가 부족합니다.,확인 부족
2026-04-21,NASDAQ,Nasdaq,확인 부족,-1,이력 부족: 0/252관측,현재 상태를 판단할 자료가 부족합니다.,확인 부족
2026-04-21,RUSSELL,Russell 2000,정상,0,5일 +2.2% · 20일 +10.9% · 고점 대비 -1.0%,지표 고유의 상태와 다른 시장 영역의 동반 신호를 구분해 확인합니다.,낮음
2026-04-21,MA200,200일 이동평균 이격,확인 부족,-1,이력 부족: 0/200관측,현재 상태를 판단할 자료가 부족합니다.,확인 부족
2026-04-21,EW,동일가중 상대성과,정상,0,RSP가 SPY 대비 20일 -1.8%p · 5일 상대성과 +0.06%p,지표 고유의 상태와 다른 시장 영역의 동반 신호를 구분해 확인합니다.,낮음
2026-04-21,CAPE,CAPE,확인 부족,-1,이력 부족: 0/120관측,현재 상태를 판단할 자료가 부족합니다.,확인 부족
2026-04-21,ADV,상승 종목 비율,확인 부족,-1,이력 부족: 0/21관측,현재 상태를 판단할 자료가 부족합니다.,확인 부족
2026-04-21,ABOVE200,200DMA 위 종목 비율,확인 부족,-1,이력 부족: 0/21관측,현재 상태를 판단할 자료가 부족합니다.,확인 부족
2026-04-21,HILO,52주 신고가-신저가 비율,확인 부족,-1,이력 부족: 0/21관측,현재 상태를 판단할 자료가 부족합니다.,확인 부족
2026-04-21,EFFR,미국 기준금리,정상,0,20관측 +0bp · 유지 · EFFR 변화는 목표범위 결정 자체와 구분,금리 하락 또는 상대관계 변화을 관찰합니다. 물가·고용·신용의 동반 움직임으로 의미를 구분합니다.,낮음
2026-04-21,US3M,미국 3개월물 국채수익률,확인 부족,-1,이력 부족: 0/25관측,현재 상태를 판단할 자료가 부족합니다.,확인 부족
2026-04-21,US2Y,미국 2년물 국채수익률,확인 부족,-1,이력 부족: 0/25관측,현재 상태를 판단할 자료가 부족합니다.,확인 부족
2026-04-21,US10Y,미국 10년물 국채수익률,확인 부족,-1,이력 부족: 0/25관측,현재 상태를 판단할 자료가 부족합니다.,확인 부족
2026-04-21,US30Y,미국 30년물 국채수익률,확인 부족,-1,이력 부족: 0/25관측,현재 상태를 판단할 자료가 부족합니다.,확인 부족
2026-04-21,REAL10,미국 10년물 실질금리,확인 부족,-1,이력 부족: 0/25관측,현재 상태를 판단할 자료가 부족합니다.,확인 부족
2026-04-21,TERM,미국 10년물 기간프리미엄,정상,0,과거 504관측 대비 87.7백분위 · 20일 -6bp,금리 하락 또는 상대관계 변화을 관찰합니다. 물가·고용·신용의 동반 움직임으로 의미를 구분합니다.,낮음
2026-04-21,CURVE2,미국 10년물-2년물 금리차,확인 부족,-1,이력 부족: 0/22관측,현재 상태를 판단할 자료가 부족합니다.,확인 부족
2026-04-21,CURVE3,미국 10년물-3개월물 금리차,확인 부족,-1,이력 부족: 0/22관측,현재 상태를 판단할 자료가 부족합니다.,확인 부족
2026-04-21,CURVEFED,미국 10년물-기준금리 차,확인 부족,-1,이력 부족: 0/22관측,현재 상태를 판단할 자료가 부족합니다.,확인 부족
2026-04-21,VIX,VIX,정상,0,VIX 19.5 · 5일 +6.2% · 20일 -25.4% · 5일 +1.1포인트,지표 고유의 상태와 다른 시장 영역의 동반 신호를 구분해 확인합니다.,낮음
2026-04-21,VIXPOS,VIX 1년 위치,참고,0,과거 252관측 대비 71.6백분위,최근 분포에서의 위치입니다. 별도 위험 신호로 중복 집계하지 않습니다.,낮음
2026-04-21,HY,하이일드 OAS,안정,0,HY 2.85%p · 5일 +1bp · 20일 -34bp,지표 고유의 상태와 다른 시장 영역의 동반 신호를 구분해 확인합니다.,낮음
2026-04-21,BBB,BBB OAS,안정,0,BBB 1.00%p · 5일 -2bp · 20일 -9bp,지표 고유의 상태와 다른 시장 영역의 동반 신호를 구분해 확인합니다.,낮음
2026-04-21,HYPOS,HY 1년 위치,참고,0,과거 252관측 대비 28.6백분위,최근 분포에서의 위치입니다. 별도 위험 신호로 중복 집계하지 않습니다.,낮음
2026-04-21,UNEMP,미국 실업률,확인 부족,-1,월간 관측 누락: 달력 기간 계산 보류,현재 상태를 판단할 자료가 부족합니다.,확인 부족
2026-04-21,SAHM,Sahm Rule,확인 부족,-1,월간 관측 누락: 달력 기간 계산 보류,현재 상태를 판단할 자료가 부족합니다.,확인 부족
2026-04-21,CLAIMS,신규실업수당 4주평균,확인 부족,-1,이력 부족: 0/55관측,현재 상태를 판단할 자료가 부족합니다.,확인 부족
2026-04-21,CPI,CPI,확인 부족,-1,이력 부족: 0/16관측,현재 상태를 판단할 자료가 부족합니다.,확인 부족
2026-04-21,CORECPI,근원 CPI,확인 부족,-1,이력 부족: 0/16관측,현재 상태를 판단할 자료가 부족합니다.,확인 부족
2026-04-21,COREPCE,근원 PCE,확인 부족,-1,이력 부족: 0/16관측,현재 상태를 판단할 자료가 부족합니다.,확인 부족
2026-04-21,DXY,달러지수,확인 부족,-1,이력 부족: 0/147관측,현재 상태를 판단할 자료가 부족합니다.,확인 부족
2026-04-21,USDKRW,달러/원,확인 부족,-1,이력 부족: 0/147관측,현재 상태를 판단할 자료가 부족합니다.,확인 부족
2026-04-21,USDJPY,달러/엔,확인 부족,-1,이력 부족: 0/147관측,현재 상태를 판단할 자료가 부족합니다.,확인 부족
2026-04-21,WTI,WTI,확인 부족,-1,이력 부족: 0/147관측,현재 상태를 판단할 자료가 부족합니다.,확인 부족
2026-04-21,GOLD,금,정상,0,5일 -2.62% · 20일 +6.68% · 변동성 기준 65.7/76.8백분위,가격 움직임은 확인되지만 원인을 구분할 교차 근거가 충분하지 않습니다.,낮음
2026-04-21,SILVER,은,정상,0,5일 -3.75% · 20일 +10.66% · 변동성 기준 57.5/73.0백분위,금과 은이 함께 상승합니다. 귀금속 공통 흐름을 확인합니다.,낮음
2026-04-21,COPPER,구리,정상,0,5일 -1.14% · 20일 +10.33% · 변동성 기준 26.0/81.3백분위,가격 움직임은 확인되지만 원인을 구분할 교차 근거가 충분하지 않습니다.,낮음
2026-04-22,SP500,S&P500,확인 부족,-1,이력 부족: 0/252관측,현재 상태를 판단할 자료가 부족합니다.,확인 부족
2026-04-22,NASDAQ,Nasdaq,확인 부족,-1,이력 부족: 0/252관측,현재 상태를 판단할 자료가 부족합니다.,확인 부족
2026-04-22,RUSSELL,Russell 2000,정상,0,5일 +2.6% · 20일 +11.2% · 고점 대비 -0.3%,지표 고유의 상태와 다른 시장 영역의 동반 신호를 구분해 확인합니다.,낮음
2026-04-22,MA200,200일 이동평균 이격,확인 부족,-1,이력 부족: 0/200관측,현재 상태를 판단할 자료가 부족합니다.,확인 부족
2026-04-22,EW,동일가중 상대성과,관찰,1,RSP가 SPY 대비 20일 -3.4%p · 5일 상대성과 -0.24%p,지표 고유의 상태와 다른 시장 영역의 동반 신호를 구분해 확인합니다.,낮음
2026-04-22,CAPE,CAPE,확인 부족,-1,이력 부족: 0/120관측,현재 상태를 판단할 자료가 부족합니다.,확인 부족
2026-04-22,ADV,상승 종목 비율,확인 부족,-1,이력 부족: 0/21관측,현재 상태를 판단할 자료가 부족합니다.,확인 부족
2026-04-22,ABOVE200,200DMA 위 종목 비율,확인 부족,-1,이력 부족: 0/21관측,현재 상태를 판단할 자료가 부족합니다.,확인 부족
2026-04-22,HILO,52주 신고가-신저가 비율,확인 부족,-1,이력 부족: 0/21관측,현재 상태를 판단할 자료가 부족합니다.,확인 부족
2026-04-22,EFFR,미국 기준금리,정상,0,20관측 +0bp · 유지 · EFFR 변화는 목표범위 결정 자체와 구분,금리 하락 또는 상대관계 변화을 관찰합니다. 물가·고용·신용의 동반 움직임으로 의미를 구분합니다.,낮음
2026-04-22,US3M,미국 3개월물 국채수익률,확인 부족,-1,이력 부족: 0/25관측,현재 상태를 판단할 자료가 부족합니다.,확인 부족
2026-04-22,US2Y,미국 2년물 국채수익률,확인 부족,-1,이력 부족: 0/25관측,현재 상태를 판단할 자료가 부족합니다.,확인 부족
2026-04-22,US10Y,미국 10년물 국채수익률,확인 부족,-1,이력 부족: 0/25관측,현재 상태를 판단할 자료가 부족합니다.,확인 부족
2026-04-22,US30Y,미국 30년물 국채수익률,확인 부족,-1,이력 부족: 0/25관측,현재 상태를 판단할 자료가 부족합니다.,확인 부족
2026-04-22,REAL10,미국 10년물 실질금리,확인 부족,-1,이력 부족: 0/25관측,현재 상태를 판단할 자료가 부족합니다.,확인 부족
2026-04-22,TERM,미국 10년물 기간프리미엄,정상,0,과거 504관측 대비 88.9백분위 · 20일 -3bp,금리 하락 또는 상대관계 변화을 관찰합니다. 물가·고용·신용의 동반 움직임으로 의미를 구분합니다.,낮음
2026-04-22,CURVE2,미국 10년물-2년물 금리차,확인 부족,-1,이력 부족: 0/22관측,현재 상태를 판단할 자료가 부족합니다.,확인 부족
2026-04-22,CURVE3,미국 10년물-3개월물 금리차,확인 부족,-1,이력 부족: 0/22관측,현재 상태를 판단할 자료가 부족합니다.,확인 부족
2026-04-22,CURVEFED,미국 10년물-기준금리 차,확인 부족,-1,이력 부족: 0/22관측,현재 상태를 판단할 자료가 부족합니다.,확인 부족
2026-04-22,VIX,VIX,정상,0,VIX 18.9 · 5일 +4.1% · 20일 -29.8% · 5일 +0.8포인트,지표 고유의 상태와 다른 시장 영역의 동반 신호를 구분해 확인합니다.,낮음
2026-04-22,VIXPOS,VIX 1년 위치,참고,0,과거 252관측 대비 67.1백분위,최근 분포에서의 위치입니다. 별도 위험 신호로 중복 집계하지 않습니다.,낮음
2026-04-22,HY,하이일드 OAS,안정,0,HY 2.84%p · 5일 -1bp · 20일 -33bp,지표 고유의 상태와 다른 시장 영역의 동반 신호를 구분해 확인합니다.,낮음
2026-04-22,BBB,BBB OAS,안정,0,BBB 0.99%p · 5일 -2bp · 20일 -10bp,지표 고유의 상태와 다른 시장 영역의 동반 신호를 구분해 확인합니다.,낮음
2026-04-22,HYPOS,HY 1년 위치,참고,0,과거 252관측 대비 25.4백분위,최근 분포에서의 위치입니다. 별도 위험 신호로 중복 집계하지 않습니다.,낮음
2026-04-22,UNEMP,미국 실업률,확인 부족,-1,월간 관측 누락: 달력 기간 계산 보류,현재 상태를 판단할 자료가 부족합니다.,확인 부족
2026-04-22,SAHM,Sahm Rule,확인 부족,-1,월간 관측 누락: 달력 기간 계산 보류,현재 상태를 판단할 자료가 부족합니다.,확인 부족
2026-04-22,CLAIMS,신규실업수당 4주평균,확인 부족,-1,이력 부족: 0/55관측,현재 상태를 판단할 자료가 부족합니다.,확인 부족
2026-04-22,CPI,CPI,확인 부족,-1,이력 부족: 0/16관측,현재 상태를 판단할 자료가 부족합니다.,확인 부족
2026-04-22,CORECPI,근원 CPI,확인 부족,-1,이력 부족: 0/16관측,현재 상태를 판단할 자료가 부족합니다.,확인 부족
2026-04-22,COREPCE,근원 PCE,확인 부족,-1,이력 부족: 0/16관측,현재 상태를 판단할 자료가 부족합니다.,확인 부족
2026-04-22,DXY,달러지수,확인 부족,-1,이력 부족: 0/147관측,현재 상태를 판단할 자료가 부족합니다.,확인 부족
2026-04-22,USDKRW,달러/원,확인 부족,-1,이력 부족: 0/147관측,현재 상태를 판단할 자료가 부족합니다.,확인 부족
2026-04-22,USDJPY,달러/엔,확인 부족,-1,이력 부족: 0/147관측,현재 상태를 판단할 자료가 부족합니다.,확인 부족
2026-04-22,WTI,WTI,확인 부족,-1,이력 부족: 0/147관측,현재 상태를 판단할 자료가 부족합니다.,확인 부족
2026-04-22,GOLD,금,정상,0,5일 -1.41% · 20일 +7.57% · 변동성 기준 39.7/81.9백분위,가격 움직임은 확인되지만 원인을 구분할 교차 근거가 충분하지 않습니다.,낮음
2026-04-22,SILVER,은,정상,0,5일 -2.01% · 20일 +12.44% · 변동성 기준 34.5/80.4백분위,금과 은이 함께 상승합니다. 귀금속 공통 흐름을 확인합니다.,낮음
2026-04-22,COPPER,구리,정상,0,5일 +0.79% · 20일 +12.86% · 변동성 기준 17.3/89.9백분위,가격 움직임은 확인되지만 원인을 구분할 교차 근거가 충분하지 않습니다.,낮음
2026-04-23,SP500,S&P500,확인 부족,-1,이력 부족: 0/252관측,현재 상태를 판단할 자료가 부족합니다.,확인 부족
2026-04-23,NASDAQ,Nasdaq,확인 부족,-1,이력 부족: 0/252관측,현재 상태를 판단할 자료가 부족합니다.,확인 부족
2026-04-23,RUSSELL,Russell 2000,정상,0,5일 +2.0% · 20일 +9.4% · 고점 대비 -0.6%,지표 고유의 상태와 다른 시장 영역의 동반 신호를 구분해 확인합니다.,낮음
2026-04-23,MA200,200일 이동평균 이격,확인 부족,-1,이력 부족: 0/200관측,현재 상태를 판단할 자료가 부족합니다.,확인 부족
2026-04-23,EW,동일가중 상대성과,관찰,1,RSP가 SPY 대비 20일 -2.9%p · 5일 상대성과 -0.07%p,지표 고유의 상태와 다른 시장 영역의 동반 신호를 구분해 확인합니다.,낮음
2026-04-23,CAPE,CAPE,확인 부족,-1,이력 부족: 0/120관측,현재 상태를 판단할 자료가 부족합니다.,확인 부족
2026-04-23,ADV,상승 종목 비율,확인 부족,-1,이력 부족: 0/21관측,현재 상태를 판단할 자료가 부족합니다.,확인 부족
2026-04-23,ABOVE200,200DMA 위 종목 비율,확인 부족,-1,이력 부족: 0/21관측,현재 상태를 판단할 자료가 부족합니다.,확인 부족
2026-04-23,HILO,52주 신고가-신저가 비율,확인 부족,-1,이력 부족: 0/21관측,현재 상태를 판단할 자료가 부족합니다.,확인 부족
2026-04-23,EFFR,미국 기준금리,정상,0,20관측 +0bp · 유지 · EFFR 변화는 목표범위 결정 자체와 구분,금리 하락 또는 상대관계 변화을 관찰합니다. 물가·고용·신용의 동반 움직임으로 의미를 구분합니다.,낮음
2026-04-23,US3M,미국 3개월물 국채수익률,확인 부족,-1,이력 부족: 0/25관측,현재 상태를 판단할 자료가 부족합니다.,확인 부족
2026-04-23,US2Y,미국 2년물 국채수익률,확인 부족,-1,이력 부족: 0/25관측,현재 상태를 판단할 자료가 부족합니다.,확인 부족
2026-04-23,US10Y,미국 10년물 국채수익률,확인 부족,-1,이력 부족: 0/25관측,현재 상태를 판단할 자료가 부족합니다.,확인 부족
2026-04-23,US30Y,미국 30년물 국채수익률,확인 부족,-1,이력 부족: 0/25관측,현재 상태를 판단할 자료가 부족합니다.,확인 부족
2026-04-23,REAL10,미국 10년물 실질금리,확인 부족,-1,이력 부족: 0/25관측,현재 상태를 판단할 자료가 부족합니다.,확인 부족
2026-04-23,TERM,미국 10년물 기간프리미엄,관찰,1,과거 504관측 대비 91.1백분위 · 20일 -5bp,금리 하락 또는 상대관계 변화을 관찰합니다. 물가·고용·신용의 동반 움직임으로 의미를 구분합니다.,낮음
2026-04-23,CURVE2,미국 10년물-2년물 금리차,확인 부족,-1,이력 부족: 0/22관측,현재 상태를 판단할 자료가 부족합니다.,확인 부족
2026-04-23,CURVE3,미국 10년물-3개월물 금리차,확인 부족,-1,이력 부족: 0/22관측,현재 상태를 판단할 자료가 부족합니다.,확인 부족
2026-04-23,CURVEFED,미국 10년물-기준금리 차,확인 부족,-1,이력 부족: 0/22관측,현재 상태를 판단할 자료가 부족합니다.,확인 부족
2026-04-23,VIX,VIX,정상,0,VIX 19.3 · 5일 +7.6% · 20일 -23.8% · 5일 +1.4포인트,지표 고유의 상태와 다른 시장 영역의 동반 신호를 구분해 확인합니다.,낮음
2026-04-23,VIXPOS,VIX 1년 위치,참고,0,과거 252관측 대비 71.2백분위,최근 분포에서의 위치입니다. 별도 위험 신호로 중복 집계하지 않습니다.,낮음
2026-04-23,HY,하이일드 OAS,안정,0,HY 2.86%p · 5일 +0bp · 20일 -35bp,지표 고유의 상태와 다른 시장 영역의 동반 신호를 구분해 확인합니다.,낮음
2026-04-23,BBB,BBB OAS,안정,0,BBB 1.00%p · 5일 -1bp · 20일 -11bp,지표 고유의 상태와 다른 시장 영역의 동반 신호를 구분해 확인합니다.,낮음
2026-04-23,HYPOS,HY 1년 위치,참고,0,과거 252관측 대비 31.9백분위,최근 분포에서의 위치입니다. 별도 위험 신호로 중복 집계하지 않습니다.,낮음
2026-04-23,UNEMP,미국 실업률,확인 부족,-1,월간 관측 누락: 달력 기간 계산 보류,현재 상태를 판단할 자료가 부족합니다.,확인 부족
2026-04-23,SAHM,Sahm Rule,확인 부족,-1,월간 관측 누락: 달력 기간 계산 보류,현재 상태를 판단할 자료가 부족합니다.,확인 부족
2026-04-23,CLAIMS,신규실업수당 4주평균,확인 부족,-1,이력 부족: 0/55관측,현재 상태를 판단할 자료가 부족합니다.,확인 부족
2026-04-23,CPI,CPI,확인 부족,-1,이력 부족: 0/16관측,현재 상태를 판단할 자료가 부족합니다.,확인 부족
2026-04-23,CORECPI,근원 CPI,확인 부족,-1,이력 부족: 0/16관측,현재 상태를 판단할 자료가 부족합니다.,확인 부족
2026-04-23,COREPCE,근원 PCE,확인 부족,-1,이력 부족: 0/16관측,현재 상태를 판단할 자료가 부족합니다.,확인 부족
2026-04-23,DXY,달러지수,확인 부족,-1,이력 부족: 0/147관측,현재 상태를 판단할 자료가 부족합니다.,확인 부족
2026-04-23,USDKRW,달러/원,확인 부족,-1,이력 부족: 0/147관측,현재 상태를 판단할 자료가 부족합니다.,확인 부족
2026-04-23,USDJPY,달러/엔,확인 부족,-1,이력 부족: 0/147관측,현재 상태를 판단할 자료가 부족합니다.,확인 부족
2026-04-23,WTI,WTI,확인 부족,-1,이력 부족: 0/147관측,현재 상태를 판단할 자료가 부족합니다.,확인 부족
2026-04-23,GOLD,금,정상,0,5일 -1.68% · 20일 +3.41% · 변동성 기준 46.4/47.4백분위,가격 움직임은 확인되지만 원인을 구분할 교차 근거가 충분하지 않습니다.,낮음
2026-04-23,SILVER,은,정상,0,5일 -4.00% · 20일 +4.29% · 변동성 기준 60.3/36.9백분위,금과 은이 함께 상승합니다. 귀금속 공통 흐름을 확인합니다.,낮음
2026-04-23,COPPER,구리,정상,0,5일 +0.15% · 20일 +9.88% · 변동성 기준 2.0/79.6백분위,가격 움직임은 확인되지만 원인을 구분할 교차 근거가 충분하지 않습니다.,낮음
2026-04-24,SP500,S&P500,확인 부족,-1,이력 부족: 0/252관측,현재 상태를 판단할 자료가 부족합니다.,확인 부족
2026-04-24,NASDAQ,Nasdaq,확인 부족,-1,이력 부족: 0/252관측,현재 상태를 판단할 자료가 부족합니다.,확인 부족
2026-04-24,RUSSELL,Russell 2000,정상,0,5일 +0.4% · 20일 +11.8% · 고점 대비 -0.2%,지표 고유의 상태와 다른 시장 영역의 동반 신호를 구분해 확인합니다.,낮음
2026-04-24,MA200,200일 이동평균 이격,확인 부족,-1,이력 부족: 0/200관측,현재 상태를 판단할 자료가 부족합니다.,확인 부족
2026-04-24,EW,동일가중 상대성과,주의,2,RSP가 SPY 대비 20일 -4.9%p · 5일 상대성과 -1.09%p,지표 고유의 상태와 다른 시장 영역의 동반 신호를 구분해 확인합니다.,낮음
2026-04-24,CAPE,CAPE,확인 부족,-1,이력 부족: 0/120관측,현재 상태를 판단할 자료가 부족합니다.,확인 부족
2026-04-24,ADV,상승 종목 비율,확인 부족,-1,이력 부족: 0/21관측,현재 상태를 판단할 자료가 부족합니다.,확인 부족
2026-04-24,ABOVE200,200DMA 위 종목 비율,확인 부족,-1,이력 부족: 0/21관측,현재 상태를 판단할 자료가 부족합니다.,확인 부족
2026-04-24,HILO,52주 신고가-신저가 비율,확인 부족,-1,이력 부족: 0/21관측,현재 상태를 판단할 자료가 부족합니다.,확인 부족
2026-04-24,EFFR,미국 기준금리,정상,0,20관측 +0bp · 유지 · EFFR 변화는 목표범위 결정 자체와 구분,금리 하락 또는 상대관계 변화을 관찰합니다. 물가·고용·신용의 동반 움직임으로 의미를 구분합니다.,낮음
2026-04-24,US3M,미국 3개월물 국채수익률,확인 부족,-1,이력 부족: 0/25관측,현재 상태를 판단할 자료가 부족합니다.,확인 부족
2026-04-24,US2Y,미국 2년물 국채수익률,확인 부족,-1,이력 부족: 0/25관측,현재 상태를 판단할 자료가 부족합니다.,확인 부족
2026-04-24,US10Y,미국 10년물 국채수익률,확인 부족,-1,이력 부족: 0/25관측,현재 상태를 판단할 자료가 부족합니다.,확인 부족
2026-04-24,US30Y,미국 30년물 국채수익률,확인 부족,-1,이력 부족: 0/25관측,현재 상태를 판단할 자료가 부족합니다.,확인 부족
2026-04-24,REAL10,미국 10년물 실질금리,확인 부족,-1,이력 부족: 0/25관측,현재 상태를 판단할 자료가 부족합니다.,확인 부족
2026-04-24,TERM,미국 10년물 기간프리미엄,정상,0,과거 504관측 대비 89.9백분위 · 20일 -7bp,금리 하락 또는 상대관계 변화을 관찰합니다. 물가·고용·신용의 동반 움직임으로 의미를 구분합니다.,낮음
2026-04-24,CURVE2,미국 10년물-2년물 금리차,확인 부족,-1,이력 부족: 0/22관측,현재 상태를 판단할 자료가 부족합니다.,확인 부족
2026-04-24,CURVE3,미국 10년물-3개월물 금리차,확인 부족,-1,이력 부족: 0/22관측,현재 상태를 판단할 자료가 부족합니다.,확인 부족
2026-04-24,CURVEFED,미국 10년물-기준금리 차,확인 부족,-1,이력 부족: 0/22관측,현재 상태를 판단할 자료가 부족합니다.,확인 부족
2026-04-24,VIX,VIX,정상,0,VIX 18.7 · 5일 +7.0% · 20일 -31.8% · 5일 +1.2포인트,지표 고유의 상태와 다른 시장 영역의 동반 신호를 구분해 확인합니다.,낮음
2026-04-24,VIXPOS,VIX 1년 위치,참고,0,과거 252관측 대비 66.3백분위,최근 분포에서의 위치입니다. 별도 위험 신호로 중복 집계하지 않습니다.,낮음
2026-04-24,HY,하이일드 OAS,안정,0,HY 2.86%p · 5일 +3bp · 20일 -56bp,지표 고유의 상태와 다른 시장 영역의 동반 신호를 구분해 확인합니다.,낮음
2026-04-24,BBB,BBB OAS,안정,0,BBB 1.00%p · 5일 -1bp · 20일 -14bp,지표 고유의 상태와 다른 시장 영역의 동반 신호를 구분해 확인합니다.,낮음
2026-04-24,HYPOS,HY 1년 위치,참고,0,과거 252관측 대비 32.1백분위,최근 분포에서의 위치입니다. 별도 위험 신호로 중복 집계하지 않습니다.,낮음
2026-04-24,UNEMP,미국 실업률,확인 부족,-1,월간 관측 누락: 달력 기간 계산 보류,현재 상태를 판단할 자료가 부족합니다.,확인 부족
2026-04-24,SAHM,Sahm Rule,확인 부족,-1,월간 관측 누락: 달력 기간 계산 보류,현재 상태를 판단할 자료가 부족합니다.,확인 부족
2026-04-24,CLAIMS,신규실업수당 4주평균,확인 부족,-1,이력 부족: 0/55관측,현재 상태를 판단할 자료가 부족합니다.,확인 부족
2026-04-24,CPI,CPI,확인 부족,-1,이력 부족: 0/16관측,현재 상태를 판단할 자료가 부족합니다.,확인 부족
2026-04-24,CORECPI,근원 CPI,확인 부족,-1,이력 부족: 0/16관측,현재 상태를 판단할 자료가 부족합니다.,확인 부족
2026-04-24,COREPCE,근원 PCE,확인 부족,-1,이력 부족: 0/16관측,현재 상태를 판단할 자료가 부족합니다.,확인 부족
2026-04-24,DXY,달러지수,확인 부족,-1,이력 부족: 0/147관측,현재 상태를 판단할 자료가 부족합니다.,확인 부족
2026-04-24,USDKRW,달러/원,확인 부족,-1,이력 부족: 0/147관측,현재 상태를 판단할 자료가 부족합니다.,확인 부족
2026-04-24,USDJPY,달러/엔,확인 부족,-1,이력 부족: 0/147관측,현재 상태를 판단할 자료가 부족합니다.,확인 부족
2026-04-24,WTI,WTI,확인 부족,-1,이력 부족: 0/147관측,현재 상태를 판단할 자료가 부족합니다.,확인 부족
2026-04-24,GOLD,금,정상,0,5일 -2.79% · 20일 +7.93% · 변동성 기준 69.2/83.7백분위,가격 움직임은 확인되지만 원인을 구분할 교차 근거가 충분하지 않습니다.,낮음
2026-04-24,SILVER,은,정상,0,5일 -6.55% · 20일 +12.87% · 변동성 기준 79.8/81.5백분위,금과 은이 함께 상승합니다. 귀금속 공통 흐름을 확인합니다.,낮음
2026-04-24,COPPER,구리,정상,0,5일 -1.31% · 20일 +10.59% · 변동성 기준 29.4/83.3백분위,가격 움직임은 확인되지만 원인을 구분할 교차 근거가 충분하지 않습니다.,낮음
2026-04-27,SP500,S&P500,확인 부족,-1,이력 부족: 0/252관측,현재 상태를 판단할 자료가 부족합니다.,확인 부족
2026-04-27,NASDAQ,Nasdaq,확인 부족,-1,이력 부족: 0/252관측,현재 상태를 판단할 자료가 부족합니다.,확인 부족
2026-04-27,RUSSELL,Russell 2000,정상,0,5일 -0.2% · 20일 +13.8% · 고점 대비 -0.2%,지표 고유의 상태와 다른 시장 영역의 동반 신호를 구분해 확인합니다.,낮음
2026-04-27,MA200,200일 이동평균 이격,확인 부족,-1,이력 부족: 0/200관측,현재 상태를 판단할 자료가 부족합니다.,확인 부족
2026-04-27,EW,동일가중 상대성과,주의,2,RSP가 SPY 대비 20일 -5.7%p · 5일 상대성과 -1.90%p,지표 고유의 상태와 다른 시장 영역의 동반 신호를 구분해 확인합니다.,낮음
2026-04-27,CAPE,CAPE,확인 부족,-1,이력 부족: 0/120관측,현재 상태를 판단할 자료가 부족합니다.,확인 부족
2026-04-27,ADV,상승 종목 비율,확인 부족,-1,이력 부족: 0/21관측,현재 상태를 판단할 자료가 부족합니다.,확인 부족
2026-04-27,ABOVE200,200DMA 위 종목 비율,확인 부족,-1,이력 부족: 0/21관측,현재 상태를 판단할 자료가 부족합니다.,확인 부족
2026-04-27,HILO,52주 신고가-신저가 비율,확인 부족,-1,이력 부족: 0/21관측,현재 상태를 판단할 자료가 부족합니다.,확인 부족
2026-04-27,EFFR,미국 기준금리,정상,0,20관측 +0bp · 유지 · EFFR 변화는 목표범위 결정 자체와 구분,금리 하락 또는 상대관계 변화을 관찰합니다. 물가·고용·신용의 동반 움직임으로 의미를 구분합니다.,낮음
2026-04-27,US3M,미국 3개월물 국채수익률,확인 부족,-1,이력 부족: 0/25관측,현재 상태를 판단할 자료가 부족합니다.,확인 부족
2026-04-27,US2Y,미국 2년물 국채수익률,확인 부족,-1,이력 부족: 0/25관측,현재 상태를 판단할 자료가 부족합니다.,확인 부족
2026-04-27,US10Y,미국 10년물 국채수익률,확인 부족,-1,이력 부족: 0/25관측,현재 상태를 판단할 자료가 부족합니다.,확인 부족
2026-04-27,US30Y,미국 30년물 국채수익률,확인 부족,-1,이력 부족: 0/25관측,현재 상태를 판단할 자료가 부족합니다.,확인 부족
2026-04-27,REAL10,미국 10년물 실질금리,확인 부족,-1,이력 부족: 0/25관측,현재 상태를 판단할 자료가 부족합니다.,확인 부족
2026-04-27,TERM,미국 10년물 기간프리미엄,관찰,1,과거 504관측 대비 91.3백분위 · 20일 -2bp,금리 하락 또는 상대관계 변화을 관찰합니다. 물가·고용·신용의 동반 움직임으로 의미를 구분합니다.,낮음
2026-04-27,CURVE2,미국 10년물-2년물 금리차,확인 부족,-1,이력 부족: 0/22관측,현재 상태를 판단할 자료가 부족합니다.,확인 부족
2026-04-27,CURVE3,미국 10년물-3개월물 금리차,확인 부족,-1,이력 부족: 0/22관측,현재 상태를 판단할 자료가 부족합니다.,확인 부족
2026-04-27,CURVEFED,미국 10년물-기준금리 차,확인 부족,-1,이력 부족: 0/22관측,현재 상태를 판단할 자료가 부족합니다.,확인 부족
2026-04-27,VIX,VIX,정상,0,VIX 18.0 · 5일 -4.5% · 20일 -42.0% · 5일 -0.9포인트,지표 고유의 상태와 다른 시장 영역의 동반 신호를 구분해 확인합니다.,낮음
2026-04-27,VIXPOS,VIX 1년 위치,참고,0,과거 252관측 대비 60.1백분위,최근 분포에서의 위치입니다. 별도 위험 신호로 중복 집계하지 않습니다.,낮음
2026-04-27,HY,하이일드 OAS,안정,0,HY 2.84%p · 5일 -3bp · 20일 -62bp,지표 고유의 상태와 다른 시장 영역의 동반 신호를 구분해 확인합니다.,낮음
2026-04-27,BBB,BBB OAS,안정,0,BBB 1.01%p · 5일 +0bp · 20일 -15bp,지표 고유의 상태와 다른 시장 영역의 동반 신호를 구분해 확인합니다.,낮음
2026-04-27,HYPOS,HY 1년 위치,참고,0,과거 252관측 대비 25.6백분위,최근 분포에서의 위치입니다. 별도 위험 신호로 중복 집계하지 않습니다.,낮음
2026-04-27,UNEMP,미국 실업률,확인 부족,-1,월간 관측 누락: 달력 기간 계산 보류,현재 상태를 판단할 자료가 부족합니다.,확인 부족
2026-04-27,SAHM,Sahm Rule,확인 부족,-1,월간 관측 누락: 달력 기간 계산 보류,현재 상태를 판단할 자료가 부족합니다.,확인 부족
2026-04-27,CLAIMS,신규실업수당 4주평균,확인 부족,-1,이력 부족: 0/55관측,현재 상태를 판단할 자료가 부족합니다.,확인 부족
2026-04-27,CPI,CPI,확인 부족,-1,이력 부족: 0/16관측,현재 상태를 판단할 자료가 부족합니다.,확인 부족
2026-04-27,CORECPI,근원 CPI,확인 부족,-1,이력 부족: 0/16관측,현재 상태를 판단할 자료가 부족합니다.,확인 부족
2026-04-27,COREPCE,근원 PCE,확인 부족,-1,이력 부족: 0/16관측,현재 상태를 판단할 자료가 부족합니다.,확인 부족
2026-04-27,DXY,달러지수,확인 부족,-1,이력 부족: 0/147관측,현재 상태를 판단할 자료가 부족합니다.,확인 부족
2026-04-27,USDKRW,달러/원,확인 부족,-1,이력 부족: 0/147관측,현재 상태를 판단할 자료가 부족합니다.,확인 부족
2026-04-27,USDJPY,달러/엔,확인 부족,-1,이력 부족: 0/147관측,현재 상태를 판단할 자료가 부족합니다.,확인 부족
2026-04-27,WTI,WTI,확인 부족,-1,이력 부족: 0/147관측,현재 상태를 판단할 자료가 부족합니다.,확인 부족
2026-04-27,GOLD,금,정상,0,5일 -2.73% · 20일 +4.08% · 변동성 기준 67.1/54.8백분위,가격 움직임은 확인되지만 원인을 구분할 교차 근거가 충분하지 않습니다.,낮음
2026-04-27,SILVER,은,정상,0,5일 -6.19% · 20일 +7.85% · 변동성 기준 77.8/58.9백분위,금과 은이 함께 상승합니다. 귀금속 공통 흐름을 확인합니다.,낮음
2026-04-27,COPPER,구리,정상,0,5일 -0.30% · 20일 +10.08% · 변동성 기준 6.3/80.4백분위,가격 움직임은 확인되지만 원인을 구분할 교차 근거가 충분하지 않습니다.,낮음
2026-04-28,SP500,S&P500,확인 부족,-1,이력 부족: 0/252관측,현재 상태를 판단할 자료가 부족합니다.,확인 부족
2026-04-28,NASDAQ,Nasdaq,확인 부족,-1,이력 부족: 0/252관측,현재 상태를 판단할 자료가 부족합니다.,확인 부족
2026-04-28,RUSSELL,Russell 2000,정상,0,5일 -0.3% · 20일 +14.2% · 고점 대비 -1.3%,지표 고유의 상태와 다른 시장 영역의 동반 신호를 구분해 확인합니다.,낮음
2026-04-28,MA200,200일 이동평균 이격,확인 부족,-1,이력 부족: 0/200관측,현재 상태를 판단할 자료가 부족합니다.,확인 부족
2026-04-28,EW,동일가중 상대성과,주의,2,RSP가 SPY 대비 20일 -5.9%p · 5일 상대성과 -1.96%p,지표 고유의 상태와 다른 시장 영역의 동반 신호를 구분해 확인합니다.,낮음
2026-04-28,CAPE,CAPE,확인 부족,-1,이력 부족: 0/120관측,현재 상태를 판단할 자료가 부족합니다.,확인 부족
2026-04-28,ADV,상승 종목 비율,확인 부족,-1,이력 부족: 0/21관측,현재 상태를 판단할 자료가 부족합니다.,확인 부족
2026-04-28,ABOVE200,200DMA 위 종목 비율,확인 부족,-1,이력 부족: 0/21관측,현재 상태를 판단할 자료가 부족합니다.,확인 부족
2026-04-28,HILO,52주 신고가-신저가 비율,확인 부족,-1,이력 부족: 0/21관측,현재 상태를 판단할 자료가 부족합니다.,확인 부족
2026-04-28,EFFR,미국 기준금리,정상,0,20관측 +0bp · 유지 · EFFR 변화는 목표범위 결정 자체와 구분,금리 하락 또는 상대관계 변화을 관찰합니다. 물가·고용·신용의 동반 움직임으로 의미를 구분합니다.,낮음
2026-04-28,US3M,미국 3개월물 국채수익률,확인 부족,-1,이력 부족: 0/25관측,현재 상태를 판단할 자료가 부족합니다.,확인 부족
2026-04-28,US2Y,미국 2년물 국채수익률,확인 부족,-1,이력 부족: 0/25관측,현재 상태를 판단할 자료가 부족합니다.,확인 부족
2026-04-28,US10Y,미국 10년물 국채수익률,확인 부족,-1,이력 부족: 0/25관측,현재 상태를 판단할 자료가 부족합니다.,확인 부족
2026-04-28,US30Y,미국 30년물 국채수익률,확인 부족,-1,이력 부족: 0/25관측,현재 상태를 판단할 자료가 부족합니다.,확인 부족
2026-04-28,REAL10,미국 10년물 실질금리,확인 부족,-1,이력 부족: 0/25관측,현재 상태를 판단할 자료가 부족합니다.,확인 부족
2026-04-28,TERM,미국 10년물 기간프리미엄,관찰,1,과거 504관측 대비 93.5백분위 · 20일 +2bp,금리 상승에 따른 부담을 관찰합니다. 물가·고용·신용의 동반 움직임으로 의미를 구분합니다.,낮음
2026-04-28,CURVE2,미국 10년물-2년물 금리차,확인 부족,-1,이력 부족: 0/22관측,현재 상태를 판단할 자료가 부족합니다.,확인 부족
2026-04-28,CURVE3,미국 10년물-3개월물 금리차,확인 부족,-1,이력 부족: 0/22관측,현재 상태를 판단할 자료가 부족합니다.,확인 부족
2026-04-28,CURVEFED,미국 10년물-기준금리 차,확인 부족,-1,이력 부족: 0/22관측,현재 상태를 판단할 자료가 부족합니다.,확인 부족
2026-04-28,VIX,VIX,정상,0,VIX 17.8 · 5일 -8.6% · 20일 -41.8% · 5일 -1.7포인트,지표 고유의 상태와 다른 시장 영역의 동반 신호를 구분해 확인합니다.,낮음
2026-04-28,VIXPOS,VIX 1년 위치,참고,0,과거 252관측 대비 57.3백분위,최근 분포에서의 위치입니다. 별도 위험 신호로 중복 집계하지 않습니다.,낮음
2026-04-28,HY,하이일드 OAS,안정,0,HY 2.85%p · 5일 +0bp · 20일 -43bp,지표 고유의 상태와 다른 시장 영역의 동반 신호를 구분해 확인합니다.,낮음
2026-04-28,BBB,BBB OAS,안정,0,BBB 1.02%p · 5일 +2bp · 20일 -11bp,지표 고유의 상태와 다른 시장 영역의 동반 신호를 구분해 확인합니다.,낮음
2026-04-28,HYPOS,HY 1년 위치,참고,0,과거 252관측 대비 29.6백분위,최근 분포에서의 위치입니다. 별도 위험 신호로 중복 집계하지 않습니다.,낮음
2026-04-28,UNEMP,미국 실업률,확인 부족,-1,월간 관측 누락: 달력 기간 계산 보류,현재 상태를 판단할 자료가 부족합니다.,확인 부족
2026-04-28,SAHM,Sahm Rule,확인 부족,-1,월간 관측 누락: 달력 기간 계산 보류,현재 상태를 판단할 자료가 부족합니다.,확인 부족
2026-04-28,CLAIMS,신규실업수당 4주평균,확인 부족,-1,이력 부족: 0/55관측,현재 상태를 판단할 자료가 부족합니다.,확인 부족
2026-04-28,CPI,CPI,확인 부족,-1,이력 부족: 0/16관측,현재 상태를 판단할 자료가 부족합니다.,확인 부족
2026-04-28,CORECPI,근원 CPI,확인 부족,-1,이력 부족: 0/16관측,현재 상태를 판단할 자료가 부족합니다.,확인 부족
2026-04-28,COREPCE,근원 PCE,확인 부족,-1,이력 부족: 0/16관측,현재 상태를 판단할 자료가 부족합니다.,확인 부족
2026-04-28,DXY,달러지수,확인 부족,-1,이력 부족: 0/147관측,현재 상태를 판단할 자료가 부족합니다.,확인 부족
2026-04-28,USDKRW,달러/원,확인 부족,-1,이력 부족: 0/147관측,현재 상태를 판단할 자료가 부족합니다.,확인 부족
2026-04-28,USDJPY,달러/엔,확인 부족,-1,이력 부족: 0/147관측,현재 상태를 판단할 자료가 부족합니다.,확인 부족
2026-04-28,WTI,WTI,확인 부족,-1,이력 부족: 0/147관측,현재 상태를 판단할 자료가 부족합니다.,확인 부족
2026-04-28,GOLD,금,정상,0,5일 -2.28% · 20일 +1.45% · 변동성 기준 59.5/22.4백분위,가격 움직임은 확인되지만 원인을 구분할 교차 근거가 충분하지 않습니다.,낮음
2026-04-28,SILVER,은,정상,0,5일 -4.20% · 20일 +4.10% · 변동성 기준 61.7/35.3백분위,가격 움직임은 확인되지만 원인을 구분할 교차 근거가 충분하지 않습니다.,낮음
2026-04-28,COPPER,구리,정상,0,5일 -1.45% · 20일 +8.01% · 변동성 기준 31.9/69.4백분위,가격 움직임은 확인되지만 원인을 구분할 교차 근거가 충분하지 않습니다.,낮음
2026-04-29,SP500,S&P500,확인 부족,-1,이력 부족: 0/252관측,현재 상태를 판단할 자료가 부족합니다.,확인 부족
2026-04-29,NASDAQ,Nasdaq,확인 부족,-1,이력 부족: 0/252관측,현재 상태를 판단할 자료가 부족합니다.,확인 부족
2026-04-29,RUSSELL,Russell 2000,정상,0,5일 -1.6% · 20일 +9.7% · 고점 대비 -1.9%,지표 고유의 상태와 다른 시장 영역의 동반 신호를 구분해 확인합니다.,낮음
2026-04-29,MA200,200일 이동평균 이격,확인 부족,-1,이력 부족: 0/200관측,현재 상태를 판단할 자료가 부족합니다.,확인 부족
2026-04-29,EW,동일가중 상대성과,주의,2,RSP가 SPY 대비 20일 -5.0%p · 5일 상대성과 -1.06%p,지표 고유의 상태와 다른 시장 영역의 동반 신호를 구분해 확인합니다.,낮음
2026-04-29,CAPE,CAPE,확인 부족,-1,이력 부족: 0/120관측,현재 상태를 판단할 자료가 부족합니다.,확인 부족
2026-04-29,ADV,상승 종목 비율,확인 부족,-1,이력 부족: 0/21관측,현재 상태를 판단할 자료가 부족합니다.,확인 부족
2026-04-29,ABOVE200,200DMA 위 종목 비율,확인 부족,-1,이력 부족: 0/21관측,현재 상태를 판단할 자료가 부족합니다.,확인 부족
2026-04-29,HILO,52주 신고가-신저가 비율,확인 부족,-1,이력 부족: 0/21관측,현재 상태를 판단할 자료가 부족합니다.,확인 부족
2026-04-29,EFFR,미국 기준금리,정상,0,20관측 +0bp · 유지 · EFFR 변화는 목표범위 결정 자체와 구분,금리 하락 또는 상대관계 변화을 관찰합니다. 물가·고용·신용의 동반 움직임으로 의미를 구분합니다.,낮음
2026-04-29,US3M,미국 3개월물 국채수익률,확인 부족,-1,이력 부족: 0/25관측,현재 상태를 판단할 자료가 부족합니다.,확인 부족
2026-04-29,US2Y,미국 2년물 국채수익률,확인 부족,-1,이력 부족: 0/25관측,현재 상태를 판단할 자료가 부족합니다.,확인 부족
2026-04-29,US10Y,미국 10년물 국채수익률,확인 부족,-1,이력 부족: 0/25관측,현재 상태를 판단할 자료가 부족합니다.,확인 부족
2026-04-29,US30Y,미국 30년물 국채수익률,확인 부족,-1,이력 부족: 0/25관측,현재 상태를 판단할 자료가 부족합니다.,확인 부족
2026-04-29,REAL10,미국 10년물 실질금리,확인 부족,-1,이력 부족: 0/25관측,현재 상태를 판단할 자료가 부족합니다.,확인 부족
2026-04-29,TERM,미국 10년물 기간프리미엄,관찰,1,과거 504관측 대비 97.0백분위 · 20일 +4bp,금리 상승에 따른 부담을 관찰합니다. 물가·고용·신용의 동반 움직임으로 의미를 구분합니다.,낮음
2026-04-29,CURVE2,미국 10년물-2년물 금리차,확인 부족,-1,이력 부족: 0/22관측,현재 상태를 판단할 자료가 부족합니다.,확인 부족
2026-04-29,CURVE3,미국 10년물-3개월물 금리차,확인 부족,-1,이력 부족: 0/22관측,현재 상태를 판단할 자료가 부족합니다.,확인 부족
2026-04-29,CURVEFED,미국 10년물-기준금리 차,확인 부족,-1,이력 부족: 0/22관측,현재 상태를 판단할 자료가 부족합니다.,확인 부족
2026-04-29,VIX,VIX,정상,0,VIX 18.8 · 5일 -0.6% · 20일 -25.5% · 5일 -0.1포인트,지표 고유의 상태와 다른 시장 영역의 동반 신호를 구분해 확인합니다.,낮음
2026-04-29,VIXPOS,VIX 1년 위치,참고,0,과거 252관측 대비 67.5백분위,최근 분포에서의 위치입니다. 별도 위험 신호로 중복 집계하지 않습니다.,낮음
2026-04-29,HY,하이일드 OAS,안정,0,HY 2.82%p · 5일 -2bp · 20일 -34bp,지표 고유의 상태와 다른 시장 영역의 동반 신호를 구분해 확인합니다.,낮음
2026-04-29,BBB,BBB OAS,안정,0,BBB 1.01%p · 5일 +2bp · 20일 -9bp,지표 고유의 상태와 다른 시장 영역의 동반 신호를 구분해 확인합니다.,낮음
2026-04-29,HYPOS,HY 1년 위치,참고,0,과거 252관측 대비 20.0백분위,최근 분포에서의 위치입니다. 별도 위험 신호로 중복 집계하지 않습니다.,낮음
2026-04-29,UNEMP,미국 실업률,확인 부족,-1,월간 관측 누락: 달력 기간 계산 보류,현재 상태를 판단할 자료가 부족합니다.,확인 부족
2026-04-29,SAHM,Sahm Rule,확인 부족,-1,월간 관측 누락: 달력 기간 계산 보류,현재 상태를 판단할 자료가 부족합니다.,확인 부족
2026-04-29,CLAIMS,신규실업수당 4주평균,확인 부족,-1,이력 부족: 0/55관측,현재 상태를 판단할 자료가 부족합니다.,확인 부족
2026-04-29,CPI,CPI,확인 부족,-1,이력 부족: 0/16관측,현재 상태를 판단할 자료가 부족합니다.,확인 부족
2026-04-29,CORECPI,근원 CPI,확인 부족,-1,이력 부족: 0/16관측,현재 상태를 판단할 자료가 부족합니다.,확인 부족
2026-04-29,COREPCE,근원 PCE,확인 부족,-1,이력 부족: 0/16관측,현재 상태를 판단할 자료가 부족합니다.,확인 부족
2026-04-29,DXY,달러지수,확인 부족,-1,이력 부족: 0/147관측,현재 상태를 판단할 자료가 부족합니다.,확인 부족
2026-04-29,USDKRW,달러/원,확인 부족,-1,이력 부족: 0/147관측,현재 상태를 판단할 자료가 부족합니다.,확인 부족
2026-04-29,USDJPY,달러/엔,확인 부족,-1,이력 부족: 0/147관측,현재 상태를 판단할 자료가 부족합니다.,확인 부족
2026-04-29,WTI,WTI,확인 부족,-1,이력 부족: 0/147관측,현재 상태를 판단할 자료가 부족합니다.,확인 부족
2026-04-29,GOLD,금,정상,0,5일 -3.96% · 20일 -2.20% · 변동성 기준 85.5/31.5백분위,가격 움직임은 확인되지만 원인을 구분할 교차 근거가 충분하지 않습니다.,낮음
2026-04-29,SILVER,은,정상,0,5일 -8.12% · 20일 -4.18% · 변동성 기준 86.1/35.9백분위,가격 움직임은 확인되지만 원인을 구분할 교차 근거가 충분하지 않습니다.,낮음
2026-04-29,COPPER,구리,정상,0,5일 -3.95% · 20일 +5.21% · 변동성 기준 74.0/46.8백분위,가격 움직임은 확인되지만 원인을 구분할 교차 근거가 충분하지 않습니다.,낮음
2026-04-30,SP500,S&P500,확인 부족,-1,이력 부족: 0/252관측,현재 상태를 판단할 자료가 부족합니다.,확인 부족
2026-04-30,NASDAQ,Nasdaq,확인 부족,-1,이력 부족: 0/252관측,현재 상태를 판단할 자료가 부족합니다.,확인 부족
2026-04-30,RUSSELL,Russell 2000,정상,0,5일 +0.9% · 20일 +11.4% · 고점 대비 0.0%,지표 고유의 상태와 다른 시장 영역의 동반 신호를 구분해 확인합니다.,낮음
2026-04-30,MA200,200일 이동평균 이격,확인 부족,-1,이력 부족: 0/200관측,현재 상태를 판단할 자료가 부족합니다.,확인 부족
2026-04-30,EW,동일가중 상대성과,주의,2,RSP가 SPY 대비 20일 -4.0%p · 5일 상대성과 -0.95%p,지표 고유의 상태와 다른 시장 영역의 동반 신호를 구분해 확인합니다.,낮음
2026-04-30,CAPE,CAPE,확인 부족,-1,이력 부족: 0/120관측,현재 상태를 판단할 자료가 부족합니다.,확인 부족
2026-04-30,ADV,상승 종목 비율,확인 부족,-1,이력 부족: 0/21관측,현재 상태를 판단할 자료가 부족합니다.,확인 부족
2026-04-30,ABOVE200,200DMA 위 종목 비율,확인 부족,-1,이력 부족: 0/21관측,현재 상태를 판단할 자료가 부족합니다.,확인 부족
2026-04-30,HILO,52주 신고가-신저가 비율,확인 부족,-1,이력 부족: 0/21관측,현재 상태를 판단할 자료가 부족합니다.,확인 부족
2026-04-30,EFFR,미국 기준금리,정상,0,20관측 +0bp · 유지 · EFFR 변화는 목표범위 결정 자체와 구분,금리 하락 또는 상대관계 변화을 관찰합니다. 물가·고용·신용의 동반 움직임으로 의미를 구분합니다.,낮음
2026-04-30,US3M,미국 3개월물 국채수익률,확인 부족,-1,이력 부족: 0/25관측,현재 상태를 판단할 자료가 부족합니다.,확인 부족
2026-04-30,US2Y,미국 2년물 국채수익률,확인 부족,-1,이력 부족: 0/25관측,현재 상태를 판단할 자료가 부족합니다.,확인 부족
2026-04-30,US10Y,미국 10년물 국채수익률,확인 부족,-1,이력 부족: 0/25관측,현재 상태를 판단할 자료가 부족합니다.,확인 부족
2026-04-30,US30Y,미국 30년물 국채수익률,확인 부족,-1,이력 부족: 0/25관측,현재 상태를 판단할 자료가 부족합니다.,확인 부족
2026-04-30,REAL10,미국 10년물 실질금리,확인 부족,-1,이력 부족: 0/25관측,현재 상태를 판단할 자료가 부족합니다.,확인 부족
2026-04-30,TERM,미국 10년물 기간프리미엄,관찰,1,과거 504관측 대비 96.6백분위 · 20일 +5bp,금리 상승에 따른 부담을 관찰합니다. 물가·고용·신용의 동반 움직임으로 의미를 구분합니다.,낮음
2026-04-30,CURVE2,미국 10년물-2년물 금리차,확인 부족,-1,이력 부족: 0/22관측,현재 상태를 판단할 자료가 부족합니다.,확인 부족
2026-04-30,CURVE3,미국 10년물-3개월물 금리차,확인 부족,-1,이력 부족: 0/22관측,현재 상태를 판단할 자료가 부족합니다.,확인 부족
2026-04-30,CURVEFED,미국 10년물-기준금리 차,확인 부족,-1,이력 부족: 0/22관측,현재 상태를 판단할 자료가 부족합니다.,확인 부족
2026-04-30,VIX,VIX,정상,0,VIX 16.9 · 5일 -12.5% · 20일 -31.2% · 5일 -2.4포인트,지표 고유의 상태와 다른 시장 영역의 동반 신호를 구분해 확인합니다.,낮음
2026-04-30,VIXPOS,VIX 1년 위치,참고,0,과거 252관측 대비 43.3백분위,최근 분포에서의 위치입니다. 별도 위험 신호로 중복 집계하지 않습니다.,낮음
2026-04-30,HY,하이일드 OAS,안정,0,HY 2.83%p · 5일 -3bp · 20일 -34bp,지표 고유의 상태와 다른 시장 영역의 동반 신호를 구분해 확인합니다.,낮음
2026-04-30,BBB,BBB OAS,안정,0,BBB 1.02%p · 5일 +2bp · 20일 -7bp,지표 고유의 상태와 다른 시장 영역의 동반 신호를 구분해 확인합니다.,낮음
2026-04-30,HYPOS,HY 1년 위치,참고,0,과거 252관측 대비 22.4백분위,최근 분포에서의 위치입니다. 별도 위험 신호로 중복 집계하지 않습니다.,낮음
2026-04-30,UNEMP,미국 실업률,확인 부족,-1,월간 관측 누락: 달력 기간 계산 보류,현재 상태를 판단할 자료가 부족합니다.,확인 부족
2026-04-30,SAHM,Sahm Rule,확인 부족,-1,월간 관측 누락: 달력 기간 계산 보류,현재 상태를 판단할 자료가 부족합니다.,확인 부족
2026-04-30,CLAIMS,신규실업수당 4주평균,확인 부족,-1,이력 부족: 0/55관측,현재 상태를 판단할 자료가 부족합니다.,확인 부족
2026-04-30,CPI,CPI,확인 부족,-1,이력 부족: 0/16관측,현재 상태를 판단할 자료가 부족합니다.,확인 부족
2026-04-30,CORECPI,근원 CPI,확인 부족,-1,이력 부족: 0/16관측,현재 상태를 판단할 자료가 부족합니다.,확인 부족
2026-04-30,COREPCE,근원 PCE,확인 부족,-1,이력 부족: 0/16관측,현재 상태를 판단할 자료가 부족합니다.,확인 부족
2026-04-30,DXY,달러지수,확인 부족,-1,이력 부족: 0/147관측,현재 상태를 판단할 자료가 부족합니다.,확인 부족
2026-04-30,USDKRW,달러/원,확인 부족,-1,이력 부족: 0/147관측,현재 상태를 판단할 자료가 부족합니다.,확인 부족
2026-04-30,USDJPY,달러/엔,확인 부족,-1,이력 부족: 0/147관측,현재 상태를 판단할 자료가 부족합니다.,확인 부족
2026-04-30,WTI,WTI,확인 부족,-1,이력 부족: 0/147관측,현재 상태를 판단할 자료가 부족합니다.,확인 부족
2026-04-30,GOLD,금,정상,0,5일 -1.92% · 20일 -3.52% · 변동성 기준 52.2/49.0백분위,가격 움직임은 확인되지만 원인을 구분할 교차 근거가 충분하지 않습니다.,낮음
2026-04-30,SILVER,은,정상,0,5일 -2.56% · 20일 -3.08% · 변동성 기준 40.9/27.4백분위,가격 움직임은 확인되지만 원인을 구분할 교차 근거가 충분하지 않습니다.,낮음
2026-04-30,COPPER,구리,정상,0,5일 -2.46% · 20일 +5.37% · 변동성 기준 52.0/49.0백분위,가격 움직임은 확인되지만 원인을 구분할 교차 근거가 충분하지 않습니다.,낮음
2026-05-01,SP500,S&P500,확인 부족,-1,이력 부족: 0/252관측,현재 상태를 판단할 자료가 부족합니다.,확인 부족
2026-05-01,NASDAQ,Nasdaq,확인 부족,-1,이력 부족: 0/252관측,현재 상태를 판단할 자료가 부족합니다.,확인 부족
2026-05-01,RUSSELL,Russell 2000,정상,0,5일 +0.9% · 20일 +11.2% · 고점 대비 0.0%,지표 고유의 상태와 다른 시장 영역의 동반 신호를 구분해 확인합니다.,낮음
2026-05-01,MA200,200일 이동평균 이격,확인 부족,-1,이력 부족: 0/200관측,현재 상태를 판단할 자료가 부족합니다.,확인 부족
2026-05-01,EW,동일가중 상대성과,주의,2,RSP가 SPY 대비 20일 -4.8%p · 5일 상대성과 -0.55%p,지표 고유의 상태와 다른 시장 영역의 동반 신호를 구분해 확인합니다.,낮음
2026-05-01,CAPE,CAPE,확인 부족,-1,이력 부족: 0/120관측,현재 상태를 판단할 자료가 부족합니다.,확인 부족
2026-05-01,ADV,상승 종목 비율,확인 부족,-1,이력 부족: 0/21관측,현재 상태를 판단할 자료가 부족합니다.,확인 부족
2026-05-01,ABOVE200,200DMA 위 종목 비율,확인 부족,-1,이력 부족: 0/21관측,현재 상태를 판단할 자료가 부족합니다.,확인 부족
2026-05-01,HILO,52주 신고가-신저가 비율,확인 부족,-1,이력 부족: 0/21관측,현재 상태를 판단할 자료가 부족합니다.,확인 부족
2026-05-01,EFFR,미국 기준금리,정상,0,20관측 +0bp · 유지 · EFFR 변화는 목표범위 결정 자체와 구분,금리 하락 또는 상대관계 변화을 관찰합니다. 물가·고용·신용의 동반 움직임으로 의미를 구분합니다.,낮음
2026-05-01,US3M,미국 3개월물 국채수익률,확인 부족,-1,이력 부족: 0/25관측,현재 상태를 판단할 자료가 부족합니다.,확인 부족
2026-05-01,US2Y,미국 2년물 국채수익률,확인 부족,-1,이력 부족: 0/25관측,현재 상태를 판단할 자료가 부족합니다.,확인 부족
2026-05-01,US10Y,미국 10년물 국채수익률,확인 부족,-1,이력 부족: 0/25관측,현재 상태를 판단할 자료가 부족합니다.,확인 부족
2026-05-01,US30Y,미국 30년물 국채수익률,확인 부족,-1,이력 부족: 0/25관측,현재 상태를 판단할 자료가 부족합니다.,확인 부족
2026-05-01,REAL10,미국 10년물 실질금리,확인 부족,-1,이력 부족: 0/25관측,현재 상태를 판단할 자료가 부족합니다.,확인 부족
2026-05-01,TERM,미국 10년물 기간프리미엄,관찰,1,과거 504관측 대비 96.4백분위 · 20일 +3bp,금리 상승에 따른 부담을 관찰합니다. 물가·고용·신용의 동반 움직임으로 의미를 구분합니다.,낮음
2026-05-01,CURVE2,미국 10년물-2년물 금리차,확인 부족,-1,이력 부족: 0/22관측,현재 상태를 판단할 자료가 부족합니다.,확인 부족
2026-05-01,CURVE3,미국 10년물-3개월물 금리차,확인 부족,-1,이력 부족: 0/22관측,현재 상태를 판단할 자료가 부족합니다.,확인 부족
2026-05-01,CURVEFED,미국 10년물-기준금리 차,확인 부족,-1,이력 부족: 0/22관측,현재 상태를 판단할 자료가 부족합니다.,확인 부족
2026-05-01,VIX,VIX,정상,0,VIX 17.0 · 5일 -9.2% · 20일 -28.8% · 5일 -1.7포인트,지표 고유의 상태와 다른 시장 영역의 동반 신호를 구분해 확인합니다.,낮음
2026-05-01,VIXPOS,VIX 1년 위치,참고,0,과거 252관측 대비 45.6백분위,최근 분포에서의 위치입니다. 별도 위험 신호로 중복 집계하지 않습니다.,낮음
2026-05-01,HY,하이일드 OAS,안정,0,HY 2.77%p · 5일 -9bp · 20일 -36bp,지표 고유의 상태와 다른 시장 영역의 동반 신호를 구분해 확인합니다.,낮음
2026-05-01,BBB,BBB OAS,안정,0,BBB 1.01%p · 5일 +1bp · 20일 -8bp,지표 고유의 상태와 다른 시장 영역의 동반 신호를 구분해 확인합니다.,낮음
2026-05-01,HYPOS,HY 1년 위치,참고,0,과거 252관측 대비 10.9백분위,최근 분포에서의 위치입니다. 별도 위험 신호로 중복 집계하지 않습니다.,낮음
2026-05-01,UNEMP,미국 실업률,확인 부족,-1,월간 관측 누락: 달력 기간 계산 보류,현재 상태를 판단할 자료가 부족합니다.,확인 부족
2026-05-01,SAHM,Sahm Rule,확인 부족,-1,월간 관측 누락: 달력 기간 계산 보류,현재 상태를 판단할 자료가 부족합니다.,확인 부족
2026-05-01,CLAIMS,신규실업수당 4주평균,확인 부족,-1,이력 부족: 0/55관측,현재 상태를 판단할 자료가 부족합니다.,확인 부족
2026-05-01,CPI,CPI,확인 부족,-1,이력 부족: 0/16관측,현재 상태를 판단할 자료가 부족합니다.,확인 부족
2026-05-01,CORECPI,근원 CPI,확인 부족,-1,이력 부족: 0/16관측,현재 상태를 판단할 자료가 부족합니다.,확인 부족
2026-05-01,COREPCE,근원 PCE,확인 부족,-1,이력 부족: 0/16관측,현재 상태를 판단할 자료가 부족합니다.,확인 부족
2026-05-01,DXY,달러지수,확인 부족,-1,이력 부족: 0/147관측,현재 상태를 판단할 자료가 부족합니다.,확인 부족
2026-05-01,USDKRW,달러/원,확인 부족,-1,이력 부족: 0/147관측,현재 상태를 판단할 자료가 부족합니다.,확인 부족
2026-05-01,USDJPY,달러/엔,확인 부족,-1,이력 부족: 0/147관측,현재 상태를 판단할 자료가 부족합니다.,확인 부족
2026-05-01,WTI,WTI,확인 부족,-1,이력 부족: 0/147관측,현재 상태를 판단할 자료가 부족합니다.,확인 부족
2026-05-01,GOLD,금,정상,0,5일 -1.96% · 20일 -0.46% · 변동성 기준 53.2/7.1백분위,가격 움직임은 확인되지만 원인을 구분할 교차 근거가 충분하지 않습니다.,낮음
2026-05-01,SILVER,은,정상,0,5일 -0.57% · 20일 +4.42% · 변동성 기준 10.3/38.5백분위,가격 움직임은 확인되지만 원인을 구분할 교차 근거가 충분하지 않습니다.,낮음
2026-05-01,COPPER,구리,정상,0,5일 -1.52% · 20일 +6.63% · 변동성 기준 33.5/60.1백분위,가격 움직임은 확인되지만 원인을 구분할 교차 근거가 충분하지 않습니다.,낮음
2026-05-04,SP500,S&P500,확인 부족,-1,이력 부족: 0/252관측,현재 상태를 판단할 자료가 부족합니다.,확인 부족
2026-05-04,NASDAQ,Nasdaq,확인 부족,-1,이력 부족: 0/252관측,현재 상태를 판단할 자료가 부족합니다.,확인 부족
2026-05-04,RUSSELL,Russell 2000,정상,0,5일 +0.3% · 20일 +10.1% · 고점 대비 -0.6%,지표 고유의 상태와 다른 시장 영역의 동반 신호를 구분해 확인합니다.,낮음
2026-05-04,MA200,200일 이동평균 이격,확인 부족,-1,이력 부족: 0/200관측,현재 상태를 판단할 자료가 부족합니다.,확인 부족
2026-05-04,EW,동일가중 상대성과,주의,2,RSP가 SPY 대비 20일 -5.0%p · 5일 상대성과 -0.47%p,지표 고유의 상태와 다른 시장 영역의 동반 신호를 구분해 확인합니다.,낮음
2026-05-04,CAPE,CAPE,확인 부족,-1,이력 부족: 0/120관측,현재 상태를 판단할 자료가 부족합니다.,확인 부족
2026-05-04,ADV,상승 종목 비율,확인 부족,-1,이력 부족: 0/21관측,현재 상태를 판단할 자료가 부족합니다.,확인 부족
2026-05-04,ABOVE200,200DMA 위 종목 비율,확인 부족,-1,이력 부족: 0/21관측,현재 상태를 판단할 자료가 부족합니다.,확인 부족
2026-05-04,HILO,52주 신고가-신저가 비율,확인 부족,-1,이력 부족: 0/21관측,현재 상태를 판단할 자료가 부족합니다.,확인 부족
2026-05-04,EFFR,미국 기준금리,정상,0,20관측 +0bp · 유지 · EFFR 변화는 목표범위 결정 자체와 구분,금리 하락 또는 상대관계 변화을 관찰합니다. 물가·고용·신용의 동반 움직임으로 의미를 구분합니다.,낮음
2026-05-04,US3M,미국 3개월물 국채수익률,확인 부족,-1,이력 부족: 0/25관측,현재 상태를 판단할 자료가 부족합니다.,확인 부족
2026-05-04,US2Y,미국 2년물 국채수익률,확인 부족,-1,이력 부족: 0/25관측,현재 상태를 판단할 자료가 부족합니다.,확인 부족
2026-05-04,US10Y,미국 10년물 국채수익률,확인 부족,-1,이력 부족: 0/25관측,현재 상태를 판단할 자료가 부족합니다.,확인 부족
2026-05-04,US30Y,미국 30년물 국채수익률,확인 부족,-1,이력 부족: 0/25관측,현재 상태를 판단할 자료가 부족합니다.,확인 부족
2026-05-04,REAL10,미국 10년물 실질금리,확인 부족,-1,이력 부족: 0/25관측,현재 상태를 판단할 자료가 부족합니다.,확인 부족
2026-05-04,TERM,미국 10년물 기간프리미엄,주의,2,과거 504관측 대비 98.6백분위 · 20일 +6bp,금리 상승에 따른 부담을 관찰합니다. 물가·고용·신용의 동반 움직임으로 의미를 구분합니다.,낮음
2026-05-04,CURVE2,미국 10년물-2년물 금리차,확인 부족,-1,이력 부족: 0/22관측,현재 상태를 판단할 자료가 부족합니다.,확인 부족
2026-05-04,CURVE3,미국 10년물-3개월물 금리차,확인 부족,-1,이력 부족: 0/22관측,현재 상태를 판단할 자료가 부족합니다.,확인 부족
2026-05-04,CURVEFED,미국 10년물-기준금리 차,확인 부족,-1,이력 부족: 0/22관측,현재 상태를 판단할 자료가 부족합니다.,확인 부족
2026-05-04,VIX,VIX,정상,0,VIX 18.3 · 5일 +1.5% · 20일 -24.3% · 5일 +0.3포인트,지표 고유의 상태와 다른 시장 영역의 동반 신호를 구분해 확인합니다.,낮음
2026-05-04,VIXPOS,VIX 1년 위치,참고,0,과거 252관측 대비 63.9백분위,최근 분포에서의 위치입니다. 별도 위험 신호로 중복 집계하지 않습니다.,낮음
2026-05-04,HY,하이일드 OAS,안정,0,HY 2.78%p · 5일 -6bp · 20일 -27bp,지표 고유의 상태와 다른 시장 영역의 동반 신호를 구분해 확인합니다.,낮음
2026-05-04,BBB,BBB OAS,안정,0,BBB 1.01%p · 5일 +0bp · 20일 -6bp,지표 고유의 상태와 다른 시장 영역의 동반 신호를 구분해 확인합니다.,낮음
2026-05-04,HYPOS,HY 1년 위치,참고,0,과거 252관측 대비 12.1백분위,최근 분포에서의 위치입니다. 별도 위험 신호로 중복 집계하지 않습니다.,낮음
2026-05-04,UNEMP,미국 실업률,확인 부족,-1,월간 관측 누락: 달력 기간 계산 보류,현재 상태를 판단할 자료가 부족합니다.,확인 부족
2026-05-04,SAHM,Sahm Rule,확인 부족,-1,월간 관측 누락: 달력 기간 계산 보류,현재 상태를 판단할 자료가 부족합니다.,확인 부족
2026-05-04,CLAIMS,신규실업수당 4주평균,확인 부족,-1,이력 부족: 0/55관측,현재 상태를 판단할 자료가 부족합니다.,확인 부족
2026-05-04,CPI,CPI,확인 부족,-1,이력 부족: 0/16관측,현재 상태를 판단할 자료가 부족합니다.,확인 부족
2026-05-04,CORECPI,근원 CPI,확인 부족,-1,이력 부족: 0/16관측,현재 상태를 판단할 자료가 부족합니다.,확인 부족
2026-05-04,COREPCE,근원 PCE,확인 부족,-1,이력 부족: 0/16관측,현재 상태를 판단할 자료가 부족합니다.,확인 부족
2026-05-04,DXY,달러지수,확인 부족,-1,이력 부족: 0/147관측,현재 상태를 판단할 자료가 부족합니다.,확인 부족
2026-05-04,USDKRW,달러/원,확인 부족,-1,이력 부족: 0/147관측,현재 상태를 판단할 자료가 부족합니다.,확인 부족
2026-05-04,USDJPY,달러/엔,확인 부족,-1,이력 부족: 0/147관측,현재 상태를 판단할 자료가 부족합니다.,확인 부족
2026-05-04,WTI,WTI,확인 부족,-1,이력 부족: 0/147관측,현재 상태를 판단할 자료가 부족합니다.,확인 부족
2026-05-04,GOLD,금,정상,0,5일 -3.33% · 20일 -2.95% · 변동성 기준 78.6/41.9백분위,가격 움직임은 확인되지만 원인을 구분할 교차 근거가 충분하지 않습니다.,낮음
2026-05-04,SILVER,은,정상,0,5일 -2.57% · 20일 +0.57% · 변동성 기준 41.1/5.6백분위,가격 움직임은 확인되지만 원인을 구분할 교차 근거가 충분하지 않습니다.,낮음
2026-05-04,COPPER,구리,정상,0,5일 -3.71% · 20일 +3.79% · 변동성 기준 69.8/36.5백분위,가격 움직임은 확인되지만 원인을 구분할 교차 근거가 충분하지 않습니다.,낮음
2026-05-05,SP500,S&P500,확인 부족,-1,이력 부족: 0/252관측,현재 상태를 판단할 자료가 부족합니다.,확인 부족
2026-05-05,NASDAQ,Nasdaq,확인 부족,-1,이력 부족: 0/252관측,현재 상태를 판단할 자료가 부족합니다.,확인 부족
2026-05-05,RUSSELL,Russell 2000,정상,0,5일 +3.2% · 20일 +11.8% · 고점 대비 0.0%,지표 고유의 상태와 다른 시장 영역의 동반 신호를 구분해 확인합니다.,낮음
2026-05-05,MA200,200일 이동평균 이격,확인 부족,-1,이력 부족: 0/200관측,현재 상태를 판단할 자료가 부족합니다.,확인 부족
2026-05-05,EW,동일가중 상대성과,주의,2,RSP가 SPY 대비 20일 -4.8%p · 5일 상대성과 -0.46%p,지표 고유의 상태와 다른 시장 영역의 동반 신호를 구분해 확인합니다.,낮음
2026-05-05,CAPE,CAPE,확인 부족,-1,이력 부족: 0/120관측,현재 상태를 판단할 자료가 부족합니다.,확인 부족
2026-05-05,ADV,상승 종목 비율,확인 부족,-1,이력 부족: 0/21관측,현재 상태를 판단할 자료가 부족합니다.,확인 부족
2026-05-05,ABOVE200,200DMA 위 종목 비율,확인 부족,-1,이력 부족: 0/21관측,현재 상태를 판단할 자료가 부족합니다.,확인 부족
2026-05-05,HILO,52주 신고가-신저가 비율,확인 부족,-1,이력 부족: 0/21관측,현재 상태를 판단할 자료가 부족합니다.,확인 부족
2026-05-05,EFFR,미국 기준금리,정상,0,20관측 +0bp · 유지 · EFFR 변화는 목표범위 결정 자체와 구분,금리 하락 또는 상대관계 변화을 관찰합니다. 물가·고용·신용의 동반 움직임으로 의미를 구분합니다.,낮음
2026-05-05,US3M,미국 3개월물 국채수익률,확인 부족,-1,이력 부족: 0/25관측,현재 상태를 판단할 자료가 부족합니다.,확인 부족
2026-05-05,US2Y,미국 2년물 국채수익률,확인 부족,-1,이력 부족: 0/25관측,현재 상태를 판단할 자료가 부족합니다.,확인 부족
2026-05-05,US10Y,미국 10년물 국채수익률,확인 부족,-1,이력 부족: 0/25관측,현재 상태를 판단할 자료가 부족합니다.,확인 부족
2026-05-05,US30Y,미국 30년물 국채수익률,확인 부족,-1,이력 부족: 0/25관측,현재 상태를 판단할 자료가 부족합니다.,확인 부족
2026-05-05,REAL10,미국 10년물 실질금리,확인 부족,-1,이력 부족: 0/25관측,현재 상태를 판단할 자료가 부족합니다.,확인 부족
2026-05-05,TERM,미국 10년물 기간프리미엄,주의,2,과거 504관측 대비 98.4백분위 · 20일 +7bp,금리 상승에 따른 부담을 관찰합니다. 물가·고용·신용의 동반 움직임으로 의미를 구분합니다.,낮음
2026-05-05,CURVE2,미국 10년물-2년물 금리차,확인 부족,-1,이력 부족: 0/22관측,현재 상태를 판단할 자료가 부족합니다.,확인 부족
2026-05-05,CURVE3,미국 10년물-3개월물 금리차,확인 부족,-1,이력 부족: 0/22관측,현재 상태를 판단할 자료가 부족합니다.,확인 부족
2026-05-05,CURVEFED,미국 10년물-기준금리 차,확인 부족,-1,이력 부족: 0/22관측,현재 상태를 판단할 자료가 부족합니다.,확인 부족
2026-05-05,VIX,VIX,정상,0,VIX 17.4 · 5일 -2.5% · 20일 -32.6% · 5일 -0.4포인트,지표 고유의 상태와 다른 시장 영역의 동반 신호를 구분해 확인합니다.,낮음
2026-05-05,VIXPOS,VIX 1년 위치,참고,0,과거 252관측 대비 51.8백분위,최근 분포에서의 위치입니다. 별도 위험 신호로 중복 집계하지 않습니다.,낮음
2026-05-05,HY,하이일드 OAS,안정,0,HY 2.77%p · 5일 -8bp · 20일 -35bp,지표 고유의 상태와 다른 시장 영역의 동반 신호를 구분해 확인합니다.,낮음
2026-05-05,BBB,BBB OAS,안정,0,BBB 0.99%p · 5일 -3bp · 20일 -9bp,지표 고유의 상태와 다른 시장 영역의 동반 신호를 구분해 확인합니다.,낮음
2026-05-05,HYPOS,HY 1년 위치,참고,0,과거 252관측 대비 11.1백분위,최근 분포에서의 위치입니다. 별도 위험 신호로 중복 집계하지 않습니다.,낮음
2026-05-05,UNEMP,미국 실업률,확인 부족,-1,월간 관측 누락: 달력 기간 계산 보류,현재 상태를 판단할 자료가 부족합니다.,확인 부족
2026-05-05,SAHM,Sahm Rule,확인 부족,-1,월간 관측 누락: 달력 기간 계산 보류,현재 상태를 판단할 자료가 부족합니다.,확인 부족
2026-05-05,CLAIMS,신규실업수당 4주평균,확인 부족,-1,이력 부족: 0/55관측,현재 상태를 판단할 자료가 부족합니다.,확인 부족
2026-05-05,CPI,CPI,확인 부족,-1,이력 부족: 0/16관측,현재 상태를 판단할 자료가 부족합니다.,확인 부족
2026-05-05,CORECPI,근원 CPI,확인 부족,-1,이력 부족: 0/16관측,현재 상태를 판단할 자료가 부족합니다.,확인 부족
2026-05-05,COREPCE,근원 PCE,확인 부족,-1,이력 부족: 0/16관측,현재 상태를 판단할 자료가 부족합니다.,확인 부족
2026-05-05,DXY,달러지수,확인 부족,-1,이력 부족: 0/147관측,현재 상태를 판단할 자료가 부족합니다.,확인 부족
2026-05-05,USDKRW,달러/원,확인 부족,-1,이력 부족: 0/147관측,현재 상태를 판단할 자료가 부족합니다.,확인 부족
2026-05-05,USDJPY,달러/엔,확인 부족,-1,이력 부족: 0/147관측,현재 상태를 판단할 자료가 부족합니다.,확인 부족
2026-05-05,WTI,WTI,확인 부족,-1,이력 부족: 0/147관측,현재 상태를 판단할 자료가 부족합니다.,확인 부족
2026-05-05,GOLD,금,정상,0,5일 -0.78% · 20일 -2.18% · 변동성 기준 22.2/31.0백분위,가격 움직임은 확인되지만 원인을 구분할 교차 근거가 충분하지 않습니다.,낮음
2026-05-05,SILVER,은,정상,0,5일 -0.13% · 20일 +1.78% · 변동성 기준 2.6/17.9백분위,가격 움직임은 확인되지만 원인을 구분할 교차 근거가 충분하지 않습니다.,낮음
2026-05-05,COPPER,구리,정상,0,5일 +0.48% · 20일 +7.19% · 변동성 기준 9.7/64.9백분위,가격 움직임은 확인되지만 원인을 구분할 교차 근거가 충분하지 않습니다.,낮음
2026-05-06,SP500,S&P500,확인 부족,-1,이력 부족: 0/252관측,현재 상태를 판단할 자료가 부족합니다.,확인 부족
2026-05-06,NASDAQ,Nasdaq,확인 부족,-1,이력 부족: 0/252관측,현재 상태를 판단할 자료가 부족합니다.,확인 부족
2026-05-06,RUSSELL,Russell 2000,정상,0,5일 +5.4% · 20일 +10.2% · 고점 대비 0.0%,지표 고유의 상태와 다른 시장 영역의 동반 신호를 구분해 확인합니다.,낮음
2026-05-06,MA200,200일 이동평균 이격,확인 부족,-1,이력 부족: 0/200관측,현재 상태를 판단할 자료가 부족합니다.,확인 부족
2026-05-06,EW,동일가중 상대성과,주의,2,RSP가 SPY 대비 20일 -5.1%p · 5일 상대성과 -0.91%p,지표 고유의 상태와 다른 시장 영역의 동반 신호를 구분해 확인합니다.,낮음
2026-05-06,CAPE,CAPE,확인 부족,-1,이력 부족: 0/120관측,현재 상태를 판단할 자료가 부족합니다.,확인 부족
2026-05-06,ADV,상승 종목 비율,확인 부족,-1,이력 부족: 0/21관측,현재 상태를 판단할 자료가 부족합니다.,확인 부족
2026-05-06,ABOVE200,200DMA 위 종목 비율,확인 부족,-1,이력 부족: 0/21관측,현재 상태를 판단할 자료가 부족합니다.,확인 부족
2026-05-06,HILO,52주 신고가-신저가 비율,확인 부족,-1,이력 부족: 0/21관측,현재 상태를 판단할 자료가 부족합니다.,확인 부족
2026-05-06,EFFR,미국 기준금리,정상,0,20관측 +0bp · 유지 · EFFR 변화는 목표범위 결정 자체와 구분,금리 하락 또는 상대관계 변화을 관찰합니다. 물가·고용·신용의 동반 움직임으로 의미를 구분합니다.,낮음
2026-05-06,US3M,미국 3개월물 국채수익률,확인 부족,-1,이력 부족: 0/25관측,현재 상태를 판단할 자료가 부족합니다.,확인 부족
2026-05-06,US2Y,미국 2년물 국채수익률,확인 부족,-1,이력 부족: 0/25관측,현재 상태를 판단할 자료가 부족합니다.,확인 부족
2026-05-06,US10Y,미국 10년물 국채수익률,확인 부족,-1,이력 부족: 0/25관측,현재 상태를 판단할 자료가 부족합니다.,확인 부족
2026-05-06,US30Y,미국 30년물 국채수익률,확인 부족,-1,이력 부족: 0/25관측,현재 상태를 판단할 자료가 부족합니다.,확인 부족
2026-05-06,REAL10,미국 10년물 실질금리,확인 부족,-1,이력 부족: 0/25관측,현재 상태를 판단할 자료가 부족합니다.,확인 부족
2026-05-06,TERM,미국 10년물 기간프리미엄,관찰,1,과거 504관측 대비 94.8백분위 · 20일 +5bp,금리 상승에 따른 부담을 관찰합니다. 물가·고용·신용의 동반 움직임으로 의미를 구분합니다.,낮음
2026-05-06,CURVE2,미국 10년물-2년물 금리차,확인 부족,-1,이력 부족: 0/22관측,현재 상태를 판단할 자료가 부족합니다.,확인 부족
2026-05-06,CURVE3,미국 10년물-3개월물 금리차,확인 부족,-1,이력 부족: 0/22관측,현재 상태를 판단할 자료가 부족합니다.,확인 부족
2026-05-06,CURVEFED,미국 10년물-기준금리 차,확인 부족,-1,이력 부족: 0/22관측,현재 상태를 판단할 자료가 부족합니다.,확인 부족
2026-05-06,VIX,VIX,정상,0,VIX 17.4 · 5일 -7.5% · 20일 -17.3% · 5일 -1.4포인트,지표 고유의 상태와 다른 시장 영역의 동반 신호를 구분해 확인합니다.,낮음
2026-05-06,VIXPOS,VIX 1년 위치,참고,0,과거 252관측 대비 52.4백분위,최근 분포에서의 위치입니다. 별도 위험 신호로 중복 집계하지 않습니다.,낮음
2026-05-06,HY,하이일드 OAS,안정,0,HY 2.75%p · 5일 -7bp · 20일 -19bp,지표 고유의 상태와 다른 시장 영역의 동반 신호를 구분해 확인합니다.,낮음
2026-05-06,BBB,BBB OAS,안정,0,BBB 0.99%p · 5일 -2bp · 20일 -6bp,지표 고유의 상태와 다른 시장 영역의 동반 신호를 구분해 확인합니다.,낮음
2026-05-06,HYPOS,HY 1년 위치,참고,0,과거 252관측 대비 7.9백분위,최근 분포에서의 위치입니다. 별도 위험 신호로 중복 집계하지 않습니다.,낮음
2026-05-06,UNEMP,미국 실업률,확인 부족,-1,월간 관측 누락: 달력 기간 계산 보류,현재 상태를 판단할 자료가 부족합니다.,확인 부족
2026-05-06,SAHM,Sahm Rule,확인 부족,-1,월간 관측 누락: 달력 기간 계산 보류,현재 상태를 판단할 자료가 부족합니다.,확인 부족
2026-05-06,CLAIMS,신규실업수당 4주평균,확인 부족,-1,이력 부족: 0/55관측,현재 상태를 판단할 자료가 부족합니다.,확인 부족
2026-05-06,CPI,CPI,확인 부족,-1,이력 부족: 0/16관측,현재 상태를 판단할 자료가 부족합니다.,확인 부족
2026-05-06,CORECPI,근원 CPI,확인 부족,-1,이력 부족: 0/16관측,현재 상태를 판단할 자료가 부족합니다.,확인 부족
2026-05-06,COREPCE,근원 PCE,확인 부족,-1,이력 부족: 0/16관측,현재 상태를 판단할 자료가 부족합니다.,확인 부족
2026-05-06,DXY,달러지수,확인 부족,-1,이력 부족: 0/147관측,현재 상태를 판단할 자료가 부족합니다.,확인 부족
2026-05-06,USDKRW,달러/원,확인 부족,-1,이력 부족: 0/147관측,현재 상태를 판단할 자료가 부족합니다.,확인 부족
2026-05-06,USDJPY,달러/엔,확인 부족,-1,이력 부족: 0/147관측,현재 상태를 판단할 자료가 부족합니다.,확인 부족
2026-05-06,WTI,WTI,확인 부족,-1,이력 부족: 0/147관측,현재 상태를 판단할 자료가 부족합니다.,확인 부족
2026-05-06,GOLD,금,정상,0,5일 +3.01% · 20일 -1.42% · 변동성 기준 72.8/22.0백분위,가격 움직임은 확인되지만 원인을 구분할 교차 근거가 충분하지 않습니다.,낮음
2026-05-06,SILVER,은,정상,0,5일 +7.32% · 20일 +2.11% · 변동성 기준 83.3/20.4백분위,가격 움직임은 확인되지만 원인을 구분할 교차 근거가 충분하지 않습니다.,낮음
2026-05-06,COPPER,구리,정상,0,5일 +4.39% · 20일 +6.55% · 변동성 기준 79.4/59.1백분위,가격 움직임은 확인되지만 원인을 구분할 교차 근거가 충분하지 않습니다.,낮음
2026-05-07,SP500,S&P500,확인 부족,-1,이력 부족: 0/252관측,현재 상태를 판단할 자료가 부족합니다.,확인 부족
2026-05-07,NASDAQ,Nasdaq,확인 부족,-1,이력 부족: 0/252관측,현재 상태를 판단할 자료가 부족합니다.,확인 부족
2026-05-07,RUSSELL,Russell 2000,정상,0,5일 +1.4% · 20일 +7.7% · 고점 대비 -1.6%,지표 고유의 상태와 다른 시장 영역의 동반 신호를 구분해 확인합니다.,낮음
2026-05-07,MA200,200일 이동평균 이격,확인 부족,-1,이력 부족: 0/200관측,현재 상태를 판단할 자료가 부족합니다.,확인 부족
2026-05-07,EW,동일가중 상대성과,주의,2,RSP가 SPY 대비 20일 -4.8%p · 5일 상대성과 -1.75%p,지표 고유의 상태와 다른 시장 영역의 동반 신호를 구분해 확인합니다.,낮음
2026-05-07,CAPE,CAPE,확인 부족,-1,이력 부족: 0/120관측,현재 상태를 판단할 자료가 부족합니다.,확인 부족
2026-05-07,ADV,상승 종목 비율,확인 부족,-1,이력 부족: 0/21관측,현재 상태를 판단할 자료가 부족합니다.,확인 부족
2026-05-07,ABOVE200,200DMA 위 종목 비율,확인 부족,-1,이력 부족: 0/21관측,현재 상태를 판단할 자료가 부족합니다.,확인 부족
2026-05-07,HILO,52주 신고가-신저가 비율,확인 부족,-1,이력 부족: 0/21관측,현재 상태를 판단할 자료가 부족합니다.,확인 부족
2026-05-07,EFFR,미국 기준금리,정상,0,20관측 -1bp · 인하 · EFFR 변화는 목표범위 결정 자체와 구분,금리 하락 또는 상대관계 변화을 관찰합니다. 물가·고용·신용의 동반 움직임으로 의미를 구분합니다.,낮음
2026-05-07,US3M,미국 3개월물 국채수익률,확인 부족,-1,이력 부족: 0/25관측,현재 상태를 판단할 자료가 부족합니다.,확인 부족
2026-05-07,US2Y,미국 2년물 국채수익률,확인 부족,-1,이력 부족: 0/25관측,현재 상태를 판단할 자료가 부족합니다.,확인 부족
2026-05-07,US10Y,미국 10년물 국채수익률,확인 부족,-1,이력 부족: 0/25관측,현재 상태를 판단할 자료가 부족합니다.,확인 부족
2026-05-07,US30Y,미국 30년물 국채수익률,확인 부족,-1,이력 부족: 0/25관측,현재 상태를 판단할 자료가 부족합니다.,확인 부족
2026-05-07,REAL10,미국 10년물 실질금리,확인 부족,-1,이력 부족: 0/25관측,현재 상태를 판단할 자료가 부족합니다.,확인 부족
2026-05-07,TERM,미국 10년물 기간프리미엄,관찰,1,과거 504관측 대비 96.6백분위 · 20일 +7bp,금리 상승에 따른 부담을 관찰합니다. 물가·고용·신용의 동반 움직임으로 의미를 구분합니다.,낮음
2026-05-07,CURVE2,미국 10년물-2년물 금리차,확인 부족,-1,이력 부족: 0/22관측,현재 상태를 판단할 자료가 부족합니다.,확인 부족
2026-05-07,CURVE3,미국 10년물-3개월물 금리차,확인 부족,-1,이력 부족: 0/22관측,현재 상태를 판단할 자료가 부족합니다.,확인 부족
2026-05-07,CURVEFED,미국 10년물-기준금리 차,확인 부족,-1,이력 부족: 0/22관측,현재 상태를 판단할 자료가 부족합니다.,확인 부족
2026-05-07,VIX,VIX,정상,0,VIX 17.1 · 5일 +1.1% · 20일 -12.4% · 5일 +0.2포인트,지표 고유의 상태와 다른 시장 영역의 동반 신호를 구분해 확인합니다.,낮음
2026-05-07,VIXPOS,VIX 1년 위치,참고,0,과거 252관측 대비 46.0백분위,최근 분포에서의 위치입니다. 별도 위험 신호로 중복 집계하지 않습니다.,낮음
2026-05-07,HY,하이일드 OAS,안정,0,HY 2.79%p · 5일 -4bp · 20일 -11bp,지표 고유의 상태와 다른 시장 영역의 동반 신호를 구분해 확인합니다.,낮음
2026-05-07,BBB,BBB OAS,안정,0,BBB 0.99%p · 5일 -3bp · 20일 -6bp,지표 고유의 상태와 다른 시장 영역의 동반 신호를 구분해 확인합니다.,낮음
2026-05-07,HYPOS,HY 1년 위치,참고,0,과거 252관측 대비 14.9백분위,최근 분포에서의 위치입니다. 별도 위험 신호로 중복 집계하지 않습니다.,낮음
2026-05-07,UNEMP,미국 실업률,확인 부족,-1,월간 관측 누락: 달력 기간 계산 보류,현재 상태를 판단할 자료가 부족합니다.,확인 부족
2026-05-07,SAHM,Sahm Rule,확인 부족,-1,월간 관측 누락: 달력 기간 계산 보류,현재 상태를 판단할 자료가 부족합니다.,확인 부족
2026-05-07,CLAIMS,신규실업수당 4주평균,확인 부족,-1,이력 부족: 0/55관측,현재 상태를 판단할 자료가 부족합니다.,확인 부족
2026-05-07,CPI,CPI,확인 부족,-1,이력 부족: 0/16관측,현재 상태를 판단할 자료가 부족합니다.,확인 부족
2026-05-07,CORECPI,근원 CPI,확인 부족,-1,이력 부족: 0/16관측,현재 상태를 판단할 자료가 부족합니다.,확인 부족
2026-05-07,COREPCE,근원 PCE,확인 부족,-1,이력 부족: 0/16관측,현재 상태를 판단할 자료가 부족합니다.,확인 부족
2026-05-07,DXY,달러지수,확인 부족,-1,이력 부족: 0/147관측,현재 상태를 판단할 자료가 부족합니다.,확인 부족
2026-05-07,USDKRW,달러/원,확인 부족,-1,이력 부족: 0/147관측,현재 상태를 판단할 자료가 부족합니다.,확인 부족
2026-05-07,USDJPY,달러/엔,확인 부족,-1,이력 부족: 0/147관측,현재 상태를 판단할 자료가 부족합니다.,확인 부족
2026-05-07,WTI,WTI,확인 부족,-1,이력 부족: 0/147관측,현재 상태를 판단할 자료가 부족합니다.,확인 부족
2026-05-07,GOLD,금,정상,0,5일 +1.84% · 20일 -1.93% · 변동성 기준 49.0/27.0백분위,가격 움직임은 확인되지만 원인을 구분할 교차 근거가 충분하지 않습니다.,낮음
2026-05-07,SILVER,은,정상,0,5일 +8.39% · 20일 +4.49% · 변동성 기준 86.5/38.7백분위,가격 움직임은 확인되지만 원인을 구분할 교차 근거가 충분하지 않습니다.,낮음
2026-05-07,COPPER,구리,정상,0,5일 +3.40% · 20일 +6.60% · 변동성 기준 66.1/59.7백분위,가격 움직임은 확인되지만 원인을 구분할 교차 근거가 충분하지 않습니다.,낮음
2026-05-08,SP500,S&P500,확인 부족,-1,이력 부족: 0/252관측,현재 상태를 판단할 자료가 부족합니다.,확인 부족
2026-05-08,NASDAQ,Nasdaq,확인 부족,-1,이력 부족: 0/252관측,현재 상태를 판단할 자료가 부족합니다.,확인 부족
2026-05-08,RUSSELL,Russell 2000,정상,0,5일 +1.7% · 20일 +8.8% · 고점 대비 -0.9%,지표 고유의 상태와 다른 시장 영역의 동반 신호를 구분해 확인합니다.,낮음
2026-05-08,MA200,200일 이동평균 이격,확인 부족,-1,이력 부족: 0/200관측,현재 상태를 판단할 자료가 부족합니다.,확인 부족
2026-05-08,EW,동일가중 상대성과,주의,2,RSP가 SPY 대비 20일 -4.8%p · 5일 상대성과 -1.72%p,지표 고유의 상태와 다른 시장 영역의 동반 신호를 구분해 확인합니다.,낮음
2026-05-08,CAPE,CAPE,확인 부족,-1,이력 부족: 0/120관측,현재 상태를 판단할 자료가 부족합니다.,확인 부족
2026-05-08,ADV,상승 종목 비율,확인 부족,-1,이력 부족: 0/21관측,현재 상태를 판단할 자료가 부족합니다.,확인 부족
2026-05-08,ABOVE200,200DMA 위 종목 비율,확인 부족,-1,이력 부족: 0/21관측,현재 상태를 판단할 자료가 부족합니다.,확인 부족
2026-05-08,HILO,52주 신고가-신저가 비율,확인 부족,-1,이력 부족: 0/21관측,현재 상태를 판단할 자료가 부족합니다.,확인 부족
2026-05-08,EFFR,미국 기준금리,정상,0,20관측 -1bp · 인하 · EFFR 변화는 목표범위 결정 자체와 구분,금리 하락 또는 상대관계 변화을 관찰합니다. 물가·고용·신용의 동반 움직임으로 의미를 구분합니다.,낮음
2026-05-08,US3M,미국 3개월물 국채수익률,확인 부족,-1,이력 부족: 0/25관측,현재 상태를 판단할 자료가 부족합니다.,확인 부족
2026-05-08,US2Y,미국 2년물 국채수익률,확인 부족,-1,이력 부족: 0/25관측,현재 상태를 판단할 자료가 부족합니다.,확인 부족
2026-05-08,US10Y,미국 10년물 국채수익률,확인 부족,-1,이력 부족: 0/25관측,현재 상태를 판단할 자료가 부족합니다.,확인 부족
2026-05-08,US30Y,미국 30년물 국채수익률,확인 부족,-1,이력 부족: 0/25관측,현재 상태를 판단할 자료가 부족합니다.,확인 부족
2026-05-08,REAL10,미국 10년물 실질금리,확인 부족,-1,이력 부족: 0/25관측,현재 상태를 판단할 자료가 부족합니다.,확인 부족
2026-05-08,TERM,미국 10년물 기간프리미엄,관찰,1,과거 504관측 대비 95.0백분위 · 20일 +5bp,금리 상승에 따른 부담을 관찰합니다. 물가·고용·신용의 동반 움직임으로 의미를 구분합니다.,낮음
2026-05-08,CURVE2,미국 10년물-2년물 금리차,확인 부족,-1,이력 부족: 0/22관측,현재 상태를 판단할 자료가 부족합니다.,확인 부족
2026-05-08,CURVE3,미국 10년물-3개월물 금리차,확인 부족,-1,이력 부족: 0/22관측,현재 상태를 판단할 자료가 부족합니다.,확인 부족
2026-05-08,CURVEFED,미국 10년물-기준금리 차,확인 부족,-1,이력 부족: 0/22관측,현재 상태를 판단할 자료가 부족합니다.,확인 부족
2026-05-08,VIX,VIX,정상,0,VIX 17.2 · 5일 +1.2% · 20일 -10.6% · 5일 +0.2포인트,지표 고유의 상태와 다른 시장 영역의 동반 신호를 구분해 확인합니다.,낮음
2026-05-08,VIXPOS,VIX 1년 위치,참고,0,과거 252관측 대비 48.2백분위,최근 분포에서의 위치입니다. 별도 위험 신호로 중복 집계하지 않습니다.,낮음
2026-05-08,HY,하이일드 OAS,안정,0,HY 2.81%p · 5일 +4bp · 20일 -13bp,지표 고유의 상태와 다른 시장 영역의 동반 신호를 구분해 확인합니다.,낮음
2026-05-08,BBB,BBB OAS,안정,0,BBB 0.99%p · 5일 -2bp · 20일 -5bp,지표 고유의 상태와 다른 시장 영역의 동반 신호를 구분해 확인합니다.,낮음
2026-05-08,HYPOS,HY 1년 위치,참고,0,과거 252관측 대비 20.0백분위,최근 분포에서의 위치입니다. 별도 위험 신호로 중복 집계하지 않습니다.,낮음
2026-05-08,UNEMP,미국 실업률,확인 부족,-1,월간 관측 누락: 달력 기간 계산 보류,현재 상태를 판단할 자료가 부족합니다.,확인 부족
2026-05-08,SAHM,Sahm Rule,확인 부족,-1,월간 관측 누락: 달력 기간 계산 보류,현재 상태를 판단할 자료가 부족합니다.,확인 부족
2026-05-08,CLAIMS,신규실업수당 4주평균,확인 부족,-1,이력 부족: 0/55관측,현재 상태를 판단할 자료가 부족합니다.,확인 부족
2026-05-08,CPI,CPI,확인 부족,-1,이력 부족: 0/16관측,현재 상태를 판단할 자료가 부족합니다.,확인 부족
2026-05-08,CORECPI,근원 CPI,확인 부족,-1,이력 부족: 0/16관측,현재 상태를 판단할 자료가 부족합니다.,확인 부족
2026-05-08,COREPCE,근원 PCE,확인 부족,-1,이력 부족: 0/16관측,현재 상태를 판단할 자료가 부족합니다.,확인 부족
2026-05-08,DXY,달러지수,확인 부족,-1,이력 부족: 0/147관측,현재 상태를 판단할 자료가 부족합니다.,확인 부족
2026-05-08,USDKRW,달러/원,확인 부족,-1,이력 부족: 0/147관측,현재 상태를 판단할 자료가 부족합니다.,확인 부족
2026-05-08,USDJPY,달러/엔,확인 부족,-1,이력 부족: 0/147관측,현재 상태를 판단할 자료가 부족합니다.,확인 부족
2026-05-08,WTI,WTI,확인 부족,-1,이력 부족: 0/147관측,현재 상태를 판단할 자료가 부족합니다.,확인 부족
2026-05-08,GOLD,금,정상,0,5일 +1.95% · 20일 -0.87% · 변동성 기준 52.6/14.5백분위,가격 움직임은 확인되지만 원인을 구분할 교차 근거가 충분하지 않습니다.,낮음
2026-05-08,SILVER,은,정상,0,5일 +5.85% · 20일 +5.33% · 변동성 기준 74.8/44.4백분위,가격 움직임은 확인되지만 원인을 구분할 교차 근거가 충분하지 않습니다.,낮음
2026-05-08,COPPER,구리,정상,0,5일 +5.34% · 20일 +6.45% · 변동성 기준 85.7/58.3백분위,가격 움직임은 확인되지만 원인을 구분할 교차 근거가 충분하지 않습니다.,낮음
2026-05-11,SP500,S&P500,확인 부족,-1,이력 부족: 0/252관측,현재 상태를 판단할 자료가 부족합니다.,확인 부족
2026-05-11,NASDAQ,Nasdaq,확인 부족,-1,이력 부족: 0/252관측,현재 상태를 판단할 자료가 부족합니다.,확인 부족
2026-05-11,RUSSELL,Russell 2000,정상,0,5일 +2.7% · 20일 +7.5% · 고점 대비 -0.6%,지표 고유의 상태와 다른 시장 영역의 동반 신호를 구분해 확인합니다.,낮음
2026-05-11,MA200,200일 이동평균 이격,확인 부족,-1,이력 부족: 0/200관측,현재 상태를 판단할 자료가 부족합니다.,확인 부족
2026-05-11,EW,동일가중 상대성과,주의,2,RSP가 SPY 대비 20일 -5.2%p · 5일 상대성과 -1.80%p,지표 고유의 상태와 다른 시장 영역의 동반 신호를 구분해 확인합니다.,낮음
2026-05-11,CAPE,CAPE,확인 부족,-1,이력 부족: 0/120관측,현재 상태를 판단할 자료가 부족합니다.,확인 부족
2026-05-11,ADV,상승 종목 비율,확인 부족,-1,이력 부족: 0/21관측,현재 상태를 판단할 자료가 부족합니다.,확인 부족
2026-05-11,ABOVE200,200DMA 위 종목 비율,확인 부족,-1,이력 부족: 0/21관측,현재 상태를 판단할 자료가 부족합니다.,확인 부족
2026-05-11,HILO,52주 신고가-신저가 비율,확인 부족,-1,이력 부족: 0/21관측,현재 상태를 판단할 자료가 부족합니다.,확인 부족
2026-05-11,EFFR,미국 기준금리,정상,0,20관측 -1bp · 인하 · EFFR 변화는 목표범위 결정 자체와 구분,금리 하락 또는 상대관계 변화을 관찰합니다. 물가·고용·신용의 동반 움직임으로 의미를 구분합니다.,낮음
2026-05-11,US3M,미국 3개월물 국채수익률,확인 부족,-1,이력 부족: 0/25관측,현재 상태를 판단할 자료가 부족합니다.,확인 부족
2026-05-11,US2Y,미국 2년물 국채수익률,확인 부족,-1,이력 부족: 0/25관측,현재 상태를 판단할 자료가 부족합니다.,확인 부족
2026-05-11,US10Y,미국 10년물 국채수익률,확인 부족,-1,이력 부족: 0/25관측,현재 상태를 판단할 자료가 부족합니다.,확인 부족
2026-05-11,US30Y,미국 30년물 국채수익률,확인 부족,-1,이력 부족: 0/25관측,현재 상태를 판단할 자료가 부족합니다.,확인 부족
2026-05-11,REAL10,미국 10년물 실질금리,확인 부족,-1,이력 부족: 0/25관측,현재 상태를 판단할 자료가 부족합니다.,확인 부족
2026-05-11,TERM,미국 10년물 기간프리미엄,관찰,1,과거 504관측 대비 97.2백분위 · 20일 +7bp,금리 상승에 따른 부담을 관찰합니다. 물가·고용·신용의 동반 움직임으로 의미를 구분합니다.,낮음
2026-05-11,CURVE2,미국 10년물-2년물 금리차,확인 부족,-1,이력 부족: 0/22관측,현재 상태를 판단할 자료가 부족합니다.,확인 부족
2026-05-11,CURVE3,미국 10년물-3개월물 금리차,확인 부족,-1,이력 부족: 0/22관측,현재 상태를 판단할 자료가 부족합니다.,확인 부족
2026-05-11,CURVEFED,미국 10년물-기준금리 차,확인 부족,-1,이력 부족: 0/22관측,현재 상태를 판단할 자료가 부족합니다.,확인 부족
2026-05-11,VIX,VIX,정상,0,VIX 18.4 · 5일 +0.5% · 20일 -3.9% · 5일 +0.1포인트,지표 고유의 상태와 다른 시장 영역의 동반 신호를 구분해 확인합니다.,낮음
2026-05-11,VIXPOS,VIX 1년 위치,참고,0,과거 252관측 대비 65.5백분위,최근 분포에서의 위치입니다. 별도 위험 신호로 중복 집계하지 않습니다.,낮음
2026-05-11,HY,하이일드 OAS,안정,0,HY 2.79%p · 5일 +1bp · 20일 -16bp,지표 고유의 상태와 다른 시장 영역의 동반 신호를 구분해 확인합니다.,낮음
2026-05-11,BBB,BBB OAS,안정,0,BBB 0.98%p · 5일 -3bp · 20일 -6bp,지표 고유의 상태와 다른 시장 영역의 동반 신호를 구분해 확인합니다.,낮음
2026-05-11,HYPOS,HY 1년 위치,참고,0,과거 252관측 대비 15.1백분위,최근 분포에서의 위치입니다. 별도 위험 신호로 중복 집계하지 않습니다.,낮음
2026-05-11,UNEMP,미국 실업률,확인 부족,-1,월간 관측 누락: 달력 기간 계산 보류,현재 상태를 판단할 자료가 부족합니다.,확인 부족
2026-05-11,SAHM,Sahm Rule,확인 부족,-1,월간 관측 누락: 달력 기간 계산 보류,현재 상태를 판단할 자료가 부족합니다.,확인 부족
2026-05-11,CLAIMS,신규실업수당 4주평균,확인 부족,-1,이력 부족: 0/55관측,현재 상태를 판단할 자료가 부족합니다.,확인 부족
2026-05-11,CPI,CPI,확인 부족,-1,이력 부족: 0/16관측,현재 상태를 판단할 자료가 부족합니다.,확인 부족
2026-05-11,CORECPI,근원 CPI,확인 부족,-1,이력 부족: 0/16관측,현재 상태를 판단할 자료가 부족합니다.,확인 부족
2026-05-11,COREPCE,근원 PCE,확인 부족,-1,이력 부족: 0/16관측,현재 상태를 판단할 자료가 부족합니다.,확인 부족
2026-05-11,DXY,달러지수,확인 부족,-1,이력 부족: 0/147관측,현재 상태를 판단할 자료가 부족합니다.,확인 부족
2026-05-11,USDKRW,달러/원,확인 부족,-1,이력 부족: 0/147관측,현재 상태를 판단할 자료가 부족합니다.,확인 부족
2026-05-11,USDJPY,달러/엔,확인 부족,-1,이력 부족: 0/147관측,현재 상태를 판단할 자료가 부족합니다.,확인 부족
2026-05-11,WTI,WTI,확인 부족,-1,이력 부족: 0/147관측,현재 상태를 판단할 자료가 부족합니다.,확인 부족
2026-05-11,GOLD,금,정상,0,5일 +4.41% · 20일 -0.50% · 변동성 기준 89.1/7.1백분위,가격 움직임은 확인되지만 원인을 구분할 교차 근거가 충분하지 않습니다.,낮음
2026-05-11,SILVER,은,관찰,1,5일 +16.99% · 20일 +13.19% · 변동성 기준 97.2/81.7백분위,가격 움직임은 확인되지만 원인을 구분할 교차 근거가 충분하지 않습니다.,낮음
2026-05-11,COPPER,구리,관찰,1,5일 +10.67% · 20일 +7.32% · 변동성 기준 97.4/65.9백분위,가격 움직임은 확인되지만 원인을 구분할 교차 근거가 충분하지 않습니다.,낮음
2026-05-12,SP500,S&P500,확인 부족,-1,이력 부족: 0/252관측,현재 상태를 판단할 자료가 부족합니다.,확인 부족
2026-05-12,NASDAQ,Nasdaq,확인 부족,-1,이력 부족: 0/252관측,현재 상태를 판단할 자료가 부족합니다.,확인 부족
2026-05-12,RUSSELL,Russell 2000,정상,0,5일 -0.1% · 20일 +5.1% · 고점 대비 -1.5%,지표 고유의 상태와 다른 시장 영역의 동반 신호를 구분해 확인합니다.,낮음
2026-05-12,MA200,200일 이동평균 이격,확인 부족,-1,이력 부족: 0/200관측,현재 상태를 판단할 자료가 부족합니다.,확인 부족
2026-05-12,EW,동일가중 상대성과,주의,2,RSP가 SPY 대비 20일 -4.2%p · 5일 상대성과 -1.71%p,지표 고유의 상태와 다른 시장 영역의 동반 신호를 구분해 확인합니다.,낮음
2026-05-12,CAPE,CAPE,확인 부족,-1,이력 부족: 0/120관측,현재 상태를 판단할 자료가 부족합니다.,확인 부족
2026-05-12,ADV,상승 종목 비율,확인 부족,-1,이력 부족: 0/21관측,현재 상태를 판단할 자료가 부족합니다.,확인 부족
2026-05-12,ABOVE200,200DMA 위 종목 비율,확인 부족,-1,이력 부족: 0/21관측,현재 상태를 판단할 자료가 부족합니다.,확인 부족
2026-05-12,HILO,52주 신고가-신저가 비율,확인 부족,-1,이력 부족: 0/21관측,현재 상태를 판단할 자료가 부족합니다.,확인 부족
2026-05-12,EFFR,미국 기준금리,정상,0,20관측 -1bp · 인하 · EFFR 변화는 목표범위 결정 자체와 구분,금리 하락 또는 상대관계 변화을 관찰합니다. 물가·고용·신용의 동반 움직임으로 의미를 구분합니다.,낮음
2026-05-12,US3M,미국 3개월물 국채수익률,확인 부족,-1,이력 부족: 0/25관측,현재 상태를 판단할 자료가 부족합니다.,확인 부족
2026-05-12,US2Y,미국 2년물 국채수익률,확인 부족,-1,이력 부족: 0/25관측,현재 상태를 판단할 자료가 부족합니다.,확인 부족
2026-05-12,US10Y,미국 10년물 국채수익률,확인 부족,-1,이력 부족: 0/25관측,현재 상태를 판단할 자료가 부족합니다.,확인 부족
2026-05-12,US30Y,미국 30년물 국채수익률,확인 부족,-1,이력 부족: 0/25관측,현재 상태를 판단할 자료가 부족합니다.,확인 부족
2026-05-12,REAL10,미국 10년물 실질금리,확인 부족,-1,이력 부족: 0/25관측,현재 상태를 판단할 자료가 부족합니다.,확인 부족
2026-05-12,TERM,미국 10년물 기간프리미엄,주의,2,과거 504관측 대비 99.0백분위 · 20일 +12bp,금리 상승에 따른 부담을 관찰합니다. 물가·고용·신용의 동반 움직임으로 의미를 구분합니다.,낮음
2026-05-12,CURVE2,미국 10년물-2년물 금리차,확인 부족,-1,이력 부족: 0/22관측,현재 상태를 판단할 자료가 부족합니다.,확인 부족
2026-05-12,CURVE3,미국 10년물-3개월물 금리차,확인 부족,-1,이력 부족: 0/22관측,현재 상태를 판단할 자료가 부족합니다.,확인 부족
2026-05-12,CURVEFED,미국 10년물-기준금리 차,확인 부족,-1,이력 부족: 0/22관측,현재 상태를 판단할 자료가 부족합니다.,확인 부족
2026-05-12,VIX,VIX,정상,0,VIX 18.0 · 5일 +3.5% · 20일 -2.0% · 5일 +0.6포인트,지표 고유의 상태와 다른 시장 영역의 동반 신호를 구분해 확인합니다.,낮음
2026-05-12,VIXPOS,VIX 1년 위치,참고,0,과거 252관측 대비 61.1백분위,최근 분포에서의 위치입니다. 별도 위험 신호로 중복 집계하지 않습니다.,낮음
2026-05-12,HY,하이일드 OAS,안정,0,HY 2.82%p · 5일 +5bp · 20일 -2bp,지표 고유의 상태와 다른 시장 영역의 동반 신호를 구분해 확인합니다.,낮음
2026-05-12,BBB,BBB OAS,안정,0,BBB 0.97%p · 5일 -2bp · 20일 -5bp,지표 고유의 상태와 다른 시장 영역의 동반 신호를 구분해 확인합니다.,낮음
2026-05-12,HYPOS,HY 1년 위치,참고,0,과거 252관측 대비 23.0백분위,최근 분포에서의 위치입니다. 별도 위험 신호로 중복 집계하지 않습니다.,낮음
2026-05-12,UNEMP,미국 실업률,확인 부족,-1,월간 관측 누락: 달력 기간 계산 보류,현재 상태를 판단할 자료가 부족합니다.,확인 부족
2026-05-12,SAHM,Sahm Rule,확인 부족,-1,월간 관측 누락: 달력 기간 계산 보류,현재 상태를 판단할 자료가 부족합니다.,확인 부족
2026-05-12,CLAIMS,신규실업수당 4주평균,확인 부족,-1,이력 부족: 0/55관측,현재 상태를 판단할 자료가 부족합니다.,확인 부족
2026-05-12,CPI,CPI,확인 부족,-1,이력 부족: 0/16관측,현재 상태를 판단할 자료가 부족합니다.,확인 부족
2026-05-12,CORECPI,근원 CPI,확인 부족,-1,이력 부족: 0/16관측,현재 상태를 판단할 자료가 부족합니다.,확인 부족
2026-05-12,COREPCE,근원 PCE,확인 부족,-1,이력 부족: 0/16관측,현재 상태를 판단할 자료가 부족합니다.,확인 부족
2026-05-12,DXY,달러지수,확인 부족,-1,이력 부족: 0/147관측,현재 상태를 판단할 자료가 부족합니다.,확인 부족
2026-05-12,USDKRW,달러/원,확인 부족,-1,이력 부족: 0/147관측,현재 상태를 판단할 자료가 부족합니다.,확인 부족
2026-05-12,USDJPY,달러/엔,확인 부족,-1,이력 부족: 0/147관측,현재 상태를 판단할 자료가 부족합니다.,확인 부족
2026-05-12,WTI,WTI,확인 부족,-1,이력 부족: 0/147관측,현재 상태를 판단할 자료가 부족합니다.,확인 부족
2026-05-12,GOLD,금,정상,0,5일 +2.67% · 20일 -3.05% · 변동성 기준 65.5/43.1백분위,가격 움직임은 확인되지만 원인을 구분할 교차 근거가 충분하지 않습니다.,낮음
2026-05-12,SILVER,은,관찰,1,5일 +16.44% · 20일 +7.23% · 변동성 기준 97.0/56.2백분위,가격 움직임은 확인되지만 원인을 구분할 교차 근거가 충분하지 않습니다.,낮음
2026-05-12,COPPER,구리,관찰,1,5일 +9.12% · 20일 +6.83% · 변동성 기준 95.8/62.3백분위,가격 움직임은 확인되지만 원인을 구분할 교차 근거가 충분하지 않습니다.,낮음
2026-05-13,SP500,S&P500,확인 부족,-1,이력 부족: 0/252관측,현재 상태를 판단할 자료가 부족합니다.,확인 부족
2026-05-13,NASDAQ,Nasdaq,확인 부족,-1,이력 부족: 0/252관측,현재 상태를 판단할 자료가 부족합니다.,확인 부족
2026-05-13,RUSSELL,Russell 2000,정상,0,5일 -1.5% · 20일 +4.8% · 고점 대비 -1.5%,지표 고유의 상태와 다른 시장 영역의 동반 신호를 구분해 확인합니다.,낮음
2026-05-13,MA200,200일 이동평균 이격,확인 부족,-1,이력 부족: 0/200관측,현재 상태를 판단할 자료가 부족합니다.,확인 부족
2026-05-13,EW,동일가중 상대성과,주의,2,RSP가 SPY 대비 20일 -4.5%p · 5일 상대성과 -2.10%p,지표 고유의 상태와 다른 시장 영역의 동반 신호를 구분해 확인합니다.,낮음
2026-05-13,CAPE,CAPE,확인 부족,-1,이력 부족: 0/120관측,현재 상태를 판단할 자료가 부족합니다.,확인 부족
2026-05-13,ADV,상승 종목 비율,확인 부족,-1,이력 부족: 0/21관측,현재 상태를 판단할 자료가 부족합니다.,확인 부족
2026-05-13,ABOVE200,200DMA 위 종목 비율,확인 부족,-1,이력 부족: 0/21관측,현재 상태를 판단할 자료가 부족합니다.,확인 부족
2026-05-13,HILO,52주 신고가-신저가 비율,확인 부족,-1,이력 부족: 0/21관측,현재 상태를 판단할 자료가 부족합니다.,확인 부족
2026-05-13,EFFR,미국 기준금리,정상,0,20관측 -1bp · 인하 · EFFR 변화는 목표범위 결정 자체와 구분,금리 하락 또는 상대관계 변화을 관찰합니다. 물가·고용·신용의 동반 움직임으로 의미를 구분합니다.,낮음
2026-05-13,US3M,미국 3개월물 국채수익률,확인 부족,-1,이력 부족: 0/25관측,현재 상태를 판단할 자료가 부족합니다.,확인 부족
2026-05-13,US2Y,미국 2년물 국채수익률,확인 부족,-1,이력 부족: 0/25관측,현재 상태를 판단할 자료가 부족합니다.,확인 부족
2026-05-13,US10Y,미국 10년물 국채수익률,확인 부족,-1,이력 부족: 0/25관측,현재 상태를 판단할 자료가 부족합니다.,확인 부족
2026-05-13,US30Y,미국 30년물 국채수익률,확인 부족,-1,이력 부족: 0/25관측,현재 상태를 판단할 자료가 부족합니다.,확인 부족
2026-05-13,REAL10,미국 10년물 실질금리,확인 부족,-1,이력 부족: 0/25관측,현재 상태를 판단할 자료가 부족합니다.,확인 부족
2026-05-13,TERM,미국 10년물 기간프리미엄,주의,2,과거 504관측 대비 99.2백분위 · 20일 +12bp,금리 상승에 따른 부담을 관찰합니다. 물가·고용·신용의 동반 움직임으로 의미를 구분합니다.,낮음
2026-05-13,CURVE2,미국 10년물-2년물 금리차,확인 부족,-1,이력 부족: 0/22관측,현재 상태를 판단할 자료가 부족합니다.,확인 부족
2026-05-13,CURVE3,미국 10년물-3개월물 금리차,확인 부족,-1,이력 부족: 0/22관측,현재 상태를 판단할 자료가 부족합니다.,확인 부족
2026-05-13,CURVEFED,미국 10년물-기준금리 차,확인 부족,-1,이력 부족: 0/22관측,현재 상태를 판단할 자료가 부족합니다.,확인 부족
2026-05-13,VIX,VIX,정상,0,VIX 17.9 · 5일 +2.8% · 20일 -1.7% · 5일 +0.5포인트,지표 고유의 상태와 다른 시장 영역의 동반 신호를 구분해 확인합니다.,낮음
2026-05-13,VIXPOS,VIX 1년 위치,참고,0,과거 252관측 대비 60.1백분위,최근 분포에서의 위치입니다. 별도 위험 신호로 중복 집계하지 않습니다.,낮음
2026-05-13,HY,하이일드 OAS,안정,0,HY 2.82%p · 5일 +7bp · 20일 -3bp,지표 고유의 상태와 다른 시장 영역의 동반 신호를 구분해 확인합니다.,낮음
2026-05-13,BBB,BBB OAS,안정,0,BBB 0.96%p · 5일 -3bp · 20일 -5bp,지표 고유의 상태와 다른 시장 영역의 동반 신호를 구분해 확인합니다.,낮음
2026-05-13,HYPOS,HY 1년 위치,참고,0,과거 252관측 대비 23.2백분위,최근 분포에서의 위치입니다. 별도 위험 신호로 중복 집계하지 않습니다.,낮음
2026-05-13,UNEMP,미국 실업률,확인 부족,-1,월간 관측 누락: 달력 기간 계산 보류,현재 상태를 판단할 자료가 부족합니다.,확인 부족
2026-05-13,SAHM,Sahm Rule,확인 부족,-1,월간 관측 누락: 달력 기간 계산 보류,현재 상태를 판단할 자료가 부족합니다.,확인 부족
2026-05-13,CLAIMS,신규실업수당 4주평균,확인 부족,-1,이력 부족: 0/55관측,현재 상태를 판단할 자료가 부족합니다.,확인 부족
2026-05-13,CPI,CPI,확인 부족,-1,이력 부족: 0/16관측,현재 상태를 판단할 자료가 부족합니다.,확인 부족
2026-05-13,CORECPI,근원 CPI,확인 부족,-1,이력 부족: 0/16관측,현재 상태를 판단할 자료가 부족합니다.,확인 부족
2026-05-13,COREPCE,근원 PCE,확인 부족,-1,이력 부족: 0/16관측,현재 상태를 판단할 자료가 부족합니다.,확인 부족
2026-05-13,DXY,달러지수,확인 부족,-1,이력 부족: 0/147관측,현재 상태를 판단할 자료가 부족합니다.,확인 부족
2026-05-13,USDKRW,달러/원,확인 부족,-1,이력 부족: 0/147관측,현재 상태를 판단할 자료가 부족합니다.,확인 부족
2026-05-13,USDJPY,달러/엔,확인 부족,-1,이력 부족: 0/147관측,현재 상태를 판단할 자료가 부족합니다.,확인 부족
2026-05-13,WTI,WTI,확인 부족,-1,이력 부족: 0/147관측,현재 상태를 판단할 자료가 부족합니다.,확인 부족
2026-05-13,GOLD,금,정상,0,5일 +0.34% · 20일 -2.13% · 변동성 기준 9.3/30.0백분위,가격 움직임은 확인되지만 원인을 구분할 교차 근거가 충분하지 않습니다.,낮음
2026-05-13,SILVER,은,관찰,1,5일 +15.72% · 20일 +11.82% · 변동성 기준 96.4/76.8백분위,가격 움직임은 확인되지만 원인을 구분할 교차 근거가 충분하지 않습니다.,낮음
2026-05-13,COPPER,구리,관찰,1,5일 +8.13% · 20일 +9.28% · 변동성 기준 95.0/78.0백분위,가격 움직임은 확인되지만 원인을 구분할 교차 근거가 충분하지 않습니다.,낮음
2026-05-14,SP500,S&P500,확인 부족,-1,이력 부족: 0/252관측,현재 상태를 판단할 자료가 부족합니다.,확인 부족
2026-05-14,NASDAQ,Nasdaq,확인 부족,-1,이력 부족: 0/252관측,현재 상태를 판단할 자료가 부족합니다.,확인 부족
2026-05-14,RUSSELL,Russell 2000,정상,0,5일 +0.8% · 20일 +5.3% · 고점 대비 -0.8%,지표 고유의 상태와 다른 시장 영역의 동반 신호를 구분해 확인합니다.,낮음
2026-05-14,MA200,200일 이동평균 이격,확인 부족,-1,이력 부족: 0/200관측,현재 상태를 판단할 자료가 부족합니다.,확인 부족
2026-05-14,EW,동일가중 상대성과,주의,2,RSP가 SPY 대비 20일 -5.1%p · 5일 상대성과 -2.21%p,지표 고유의 상태와 다른 시장 영역의 동반 신호를 구분해 확인합니다.,낮음
2026-05-14,CAPE,CAPE,확인 부족,-1,이력 부족: 0/120관측,현재 상태를 판단할 자료가 부족합니다.,확인 부족
2026-05-14,ADV,상승 종목 비율,확인 부족,-1,이력 부족: 0/21관측,현재 상태를 판단할 자료가 부족합니다.,확인 부족
2026-05-14,ABOVE200,200DMA 위 종목 비율,확인 부족,-1,이력 부족: 0/21관측,현재 상태를 판단할 자료가 부족합니다.,확인 부족
2026-05-14,HILO,52주 신고가-신저가 비율,확인 부족,-1,이력 부족: 0/21관측,현재 상태를 판단할 자료가 부족합니다.,확인 부족
2026-05-14,EFFR,미국 기준금리,정상,0,20관측 -1bp · 인하 · EFFR 변화는 목표범위 결정 자체와 구분,금리 하락 또는 상대관계 변화을 관찰합니다. 물가·고용·신용의 동반 움직임으로 의미를 구분합니다.,낮음
2026-05-14,US3M,미국 3개월물 국채수익률,확인 부족,-1,이력 부족: 0/25관측,현재 상태를 판단할 자료가 부족합니다.,확인 부족
2026-05-14,US2Y,미국 2년물 국채수익률,확인 부족,-1,이력 부족: 0/25관측,현재 상태를 판단할 자료가 부족합니다.,확인 부족
2026-05-14,US10Y,미국 10년물 국채수익률,확인 부족,-1,이력 부족: 0/25관측,현재 상태를 판단할 자료가 부족합니다.,확인 부족
2026-05-14,US30Y,미국 30년물 국채수익률,확인 부족,-1,이력 부족: 0/25관측,현재 상태를 판단할 자료가 부족합니다.,확인 부족
2026-05-14,REAL10,미국 10년물 실질금리,확인 부족,-1,이력 부족: 0/25관측,현재 상태를 판단할 자료가 부족합니다.,확인 부족
2026-05-14,TERM,미국 10년물 기간프리미엄,주의,2,과거 504관측 대비 99.2백분위 · 20일 +12bp,금리 상승에 따른 부담을 관찰합니다. 물가·고용·신용의 동반 움직임으로 의미를 구분합니다.,낮음
2026-05-14,CURVE2,미국 10년물-2년물 금리차,확인 부족,-1,이력 부족: 0/22관측,현재 상태를 판단할 자료가 부족합니다.,확인 부족
2026-05-14,CURVE3,미국 10년물-3개월물 금리차,확인 부족,-1,이력 부족: 0/22관측,현재 상태를 판단할 자료가 부족합니다.,확인 부족
2026-05-14,CURVEFED,미국 10년물-기준금리 차,확인 부족,-1,이력 부족: 0/22관측,현재 상태를 판단할 자료가 부족합니다.,확인 부족
2026-05-14,VIX,VIX,정상,0,VIX 17.3 · 5일 +1.1% · 20일 -3.8% · 5일 +0.2포인트,지표 고유의 상태와 다른 시장 영역의 동반 신호를 구분해 확인합니다.,낮음
2026-05-14,VIXPOS,VIX 1년 위치,참고,0,과거 252관측 대비 50.6백분위,최근 분포에서의 위치입니다. 별도 위험 신호로 중복 집계하지 않습니다.,낮음
2026-05-14,HY,하이일드 OAS,안정,0,HY 2.76%p · 5일 -3bp · 20일 -10bp,지표 고유의 상태와 다른 시장 영역의 동반 신호를 구분해 확인합니다.,낮음
2026-05-14,BBB,BBB OAS,안정,0,BBB 0.95%p · 5일 -4bp · 20일 -6bp,지표 고유의 상태와 다른 시장 영역의 동반 신호를 구분해 확인합니다.,낮음
2026-05-14,HYPOS,HY 1년 위치,참고,0,과거 252관측 대비 10.1백분위,최근 분포에서의 위치입니다. 별도 위험 신호로 중복 집계하지 않습니다.,낮음
2026-05-14,UNEMP,미국 실업률,확인 부족,-1,월간 관측 누락: 달력 기간 계산 보류,현재 상태를 판단할 자료가 부족합니다.,확인 부족
2026-05-14,SAHM,Sahm Rule,확인 부족,-1,월간 관측 누락: 달력 기간 계산 보류,현재 상태를 판단할 자료가 부족합니다.,확인 부족
2026-05-14,CLAIMS,신규실업수당 4주평균,확인 부족,-1,이력 부족: 0/55관측,현재 상태를 판단할 자료가 부족합니다.,확인 부족
2026-05-14,CPI,CPI,확인 부족,-1,이력 부족: 0/16관측,현재 상태를 판단할 자료가 부족합니다.,확인 부족
2026-05-14,CORECPI,근원 CPI,확인 부족,-1,이력 부족: 0/16관측,현재 상태를 판단할 자료가 부족합니다.,확인 부족
2026-05-14,COREPCE,근원 PCE,확인 부족,-1,이력 부족: 0/16관측,현재 상태를 판단할 자료가 부족합니다.,확인 부족
2026-05-14,DXY,달러지수,확인 부족,-1,이력 부족: 0/147관측,현재 상태를 판단할 자료가 부족합니다.,확인 부족
2026-05-14,USDKRW,달러/원,확인 부족,-1,이력 부족: 0/147관측,현재 상태를 판단할 자료가 부족합니다.,확인 부족
2026-05-14,USDJPY,달러/엔,확인 부족,-1,이력 부족: 0/147관측,현재 상태를 판단할 자료가 부족합니다.,확인 부족
2026-05-14,WTI,WTI,확인 부족,-1,이력 부족: 0/147관측,현재 상태를 판단할 자료가 부족합니다.,확인 부족
2026-05-14,GOLD,금,정상,0,5일 -0.46% · 20일 -2.24% · 변동성 기준 12.7/31.9백분위,가격 움직임은 확인되지만 원인을 구분할 교차 근거가 충분하지 않습니다.,낮음
2026-05-14,SILVER,은,정상,0,5일 +6.54% · 20일 +8.02% · 변동성 기준 78.6/60.3백분위,가격 움직임은 확인되지만 원인을 구분할 교차 근거가 충분하지 않습니다.,낮음
2026-05-14,COPPER,구리,관찰,1,5일 +7.18% · 20일 +8.26% · 변동성 기준 92.9/72.0백분위,가격 움직임은 확인되지만 원인을 구분할 교차 근거가 충분하지 않습니다.,낮음
2026-05-15,SP500,S&P500,확인 부족,-1,이력 부족: 0/252관측,현재 상태를 판단할 자료가 부족합니다.,확인 부족
2026-05-15,NASDAQ,Nasdaq,확인 부족,-1,이력 부족: 0/252관측,현재 상태를 판단할 자료가 부족합니다.,확인 부족
2026-05-15,RUSSELL,Russell 2000,정상,0,5일 -2.4% · 20일 +0.6% · 고점 대비 -3.2%,지표 고유의 상태와 다른 시장 영역의 동반 신호를 구분해 확인합니다.,낮음
2026-05-15,MA200,200일 이동평균 이격,확인 부족,-1,이력 부족: 0/200관측,현재 상태를 판단할 자료가 부족합니다.,확인 부족
2026-05-15,EW,동일가중 상대성과,주의,2,RSP가 SPY 대비 20일 -4.9%p · 5일 상대성과 -1.45%p,지표 고유의 상태와 다른 시장 영역의 동반 신호를 구분해 확인합니다.,낮음
2026-05-15,CAPE,CAPE,확인 부족,-1,이력 부족: 0/120관측,현재 상태를 판단할 자료가 부족합니다.,확인 부족
2026-05-15,ADV,상승 종목 비율,확인 부족,-1,이력 부족: 0/21관측,현재 상태를 판단할 자료가 부족합니다.,확인 부족
2026-05-15,ABOVE200,200DMA 위 종목 비율,확인 부족,-1,이력 부족: 0/21관측,현재 상태를 판단할 자료가 부족합니다.,확인 부족
2026-05-15,HILO,52주 신고가-신저가 비율,확인 부족,-1,이력 부족: 0/21관측,현재 상태를 판단할 자료가 부족합니다.,확인 부족
2026-05-15,EFFR,미국 기준금리,정상,0,20관측 -1bp · 인하 · EFFR 변화는 목표범위 결정 자체와 구분,금리 하락 또는 상대관계 변화을 관찰합니다. 물가·고용·신용의 동반 움직임으로 의미를 구분합니다.,낮음
2026-05-15,US3M,미국 3개월물 국채수익률,확인 부족,-1,이력 부족: 0/25관측,현재 상태를 판단할 자료가 부족합니다.,확인 부족
2026-05-15,US2Y,미국 2년물 국채수익률,확인 부족,-1,이력 부족: 0/25관측,현재 상태를 판단할 자료가 부족합니다.,확인 부족
2026-05-15,US10Y,미국 10년물 국채수익률,확인 부족,-1,이력 부족: 0/25관측,현재 상태를 판단할 자료가 부족합니다.,확인 부족
2026-05-15,US30Y,미국 30년물 국채수익률,확인 부족,-1,이력 부족: 0/25관측,현재 상태를 판단할 자료가 부족합니다.,확인 부족
2026-05-15,REAL10,미국 10년물 실질금리,확인 부족,-1,이력 부족: 0/25관측,현재 상태를 판단할 자료가 부족합니다.,확인 부족
2026-05-15,TERM,미국 10년물 기간프리미엄,주의,2,과거 504관측 대비 99.6백분위 · 20일 +20bp,금리 상승에 따른 부담을 관찰합니다. 물가·고용·신용의 동반 움직임으로 의미를 구분합니다.,낮음
2026-05-15,CURVE2,미국 10년물-2년물 금리차,확인 부족,-1,이력 부족: 0/22관측,현재 상태를 판단할 자료가 부족합니다.,확인 부족
2026-05-15,CURVE3,미국 10년물-3개월물 금리차,확인 부족,-1,이력 부족: 0/22관측,현재 상태를 판단할 자료가 부족합니다.,확인 부족
2026-05-15,CURVEFED,미국 10년물-기준금리 차,확인 부족,-1,이력 부족: 0/22관측,현재 상태를 판단할 자료가 부족합니다.,확인 부족
2026-05-15,VIX,VIX,정상,0,VIX 18.4 · 5일 +7.2% · 20일 +5.4% · 5일 +1.2포인트,지표 고유의 상태와 다른 시장 영역의 동반 신호를 구분해 확인합니다.,낮음
2026-05-15,VIXPOS,VIX 1년 위치,참고,0,과거 252관측 대비 66.3백분위,최근 분포에서의 위치입니다. 별도 위험 신호로 중복 집계하지 않습니다.,낮음
2026-05-15,HY,하이일드 OAS,안정,0,HY 2.80%p · 5일 -1bp · 20일 -3bp,지표 고유의 상태와 다른 시장 영역의 동반 신호를 구분해 확인합니다.,낮음
2026-05-15,BBB,BBB OAS,안정,0,BBB 0.94%p · 5일 -5bp · 20일 -7bp,지표 고유의 상태와 다른 시장 영역의 동반 신호를 구분해 확인합니다.,낮음
2026-05-15,HYPOS,HY 1년 위치,참고,0,과거 252관측 대비 18.5백분위,최근 분포에서의 위치입니다. 별도 위험 신호로 중복 집계하지 않습니다.,낮음
2026-05-15,UNEMP,미국 실업률,확인 부족,-1,월간 관측 누락: 달력 기간 계산 보류,현재 상태를 판단할 자료가 부족합니다.,확인 부족
2026-05-15,SAHM,Sahm Rule,확인 부족,-1,월간 관측 누락: 달력 기간 계산 보류,현재 상태를 판단할 자료가 부족합니다.,확인 부족
2026-05-15,CLAIMS,신규실업수당 4주평균,확인 부족,-1,이력 부족: 0/55관측,현재 상태를 판단할 자료가 부족합니다.,확인 부족
2026-05-15,CPI,CPI,확인 부족,-1,이력 부족: 0/16관측,현재 상태를 판단할 자료가 부족합니다.,확인 부족
2026-05-15,CORECPI,근원 CPI,확인 부족,-1,이력 부족: 0/16관측,현재 상태를 판단할 자료가 부족합니다.,확인 부족
2026-05-15,COREPCE,근원 PCE,확인 부족,-1,이력 부족: 0/16관측,현재 상태를 판단할 자료가 부족합니다.,확인 부족
2026-05-15,DXY,달러지수,확인 부족,-1,이력 부족: 0/147관측,현재 상태를 판단할 자료가 부족합니다.,확인 부족
2026-05-15,USDKRW,달러/원,확인 부족,-1,이력 부족: 0/147관측,현재 상태를 판단할 자료가 부족합니다.,확인 부족
2026-05-15,USDJPY,달러/엔,확인 부족,-1,이력 부족: 0/147관측,현재 상태를 판단할 자료가 부족합니다.,확인 부족
2026-05-15,WTI,WTI,확인 부족,-1,이력 부족: 0/147관측,현재 상태를 판단할 자료가 부족합니다.,확인 부족
2026-05-15,GOLD,금,정상,0,5일 -3.49% · 20일 -6.21% · 변동성 기준 80.6/73.8백분위,가격 움직임은 확인되지만 원인을 구분할 교차 근거가 충분하지 않습니다.,낮음
2026-05-15,SILVER,은,정상,0,5일 -4.02% · 20일 -5.60% · 변동성 기준 59.1/46.2백분위,가격 움직임은 확인되지만 원인을 구분할 교차 근거가 충분하지 않습니다.,낮음
2026-05-15,COPPER,구리,정상,0,5일 +0.04% · 20일 +2.42% · 변동성 기준 0.2/24.4백분위,가격 움직임은 확인되지만 원인을 구분할 교차 근거가 충분하지 않습니다.,낮음
2026-05-18,SP500,S&P500,확인 부족,-1,이력 부족: 0/252관측,현재 상태를 판단할 자료가 부족합니다.,확인 부족
2026-05-18,NASDAQ,Nasdaq,확인 부족,-1,이력 부족: 0/252관측,현재 상태를 판단할 자료가 부족합니다.,확인 부족
2026-05-18,RUSSELL,Russell 2000,관찰,1,5일 -3.3% · 20일 -0.6% · 고점 대비 -3.9%,지표 고유의 상태와 다른 시장 영역의 동반 신호를 구분해 확인합니다.,낮음
2026-05-18,MA200,200일 이동평균 이격,확인 부족,-1,이력 부족: 0/200관측,현재 상태를 판단할 자료가 부족합니다.,확인 부족
2026-05-18,EW,동일가중 상대성과,주의,2,RSP가 SPY 대비 20일 -4.7%p · 5일 상대성과 -0.50%p,지표 고유의 상태와 다른 시장 영역의 동반 신호를 구분해 확인합니다.,낮음
2026-05-18,CAPE,CAPE,확인 부족,-1,이력 부족: 0/120관측,현재 상태를 판단할 자료가 부족합니다.,확인 부족
2026-05-18,ADV,상승 종목 비율,확인 부족,-1,이력 부족: 0/21관측,현재 상태를 판단할 자료가 부족합니다.,확인 부족
2026-05-18,ABOVE200,200DMA 위 종목 비율,확인 부족,-1,이력 부족: 0/21관측,현재 상태를 판단할 자료가 부족합니다.,확인 부족
2026-05-18,HILO,52주 신고가-신저가 비율,확인 부족,-1,이력 부족: 0/21관측,현재 상태를 판단할 자료가 부족합니다.,확인 부족
2026-05-18,EFFR,미국 기준금리,정상,0,20관측 -1bp · 인하 · EFFR 변화는 목표범위 결정 자체와 구분,금리 하락 또는 상대관계 변화을 관찰합니다. 물가·고용·신용의 동반 움직임으로 의미를 구분합니다.,낮음
2026-05-18,US3M,미국 3개월물 국채수익률,확인 부족,-1,이력 부족: 0/25관측,현재 상태를 판단할 자료가 부족합니다.,확인 부족
2026-05-18,US2Y,미국 2년물 국채수익률,확인 부족,-1,이력 부족: 0/25관측,현재 상태를 판단할 자료가 부족합니다.,확인 부족
2026-05-18,US10Y,미국 10년물 국채수익률,확인 부족,-1,이력 부족: 0/25관측,현재 상태를 판단할 자료가 부족합니다.,확인 부족
2026-05-18,US30Y,미국 30년물 국채수익률,확인 부족,-1,이력 부족: 0/25관측,현재 상태를 판단할 자료가 부족합니다.,확인 부족
2026-05-18,REAL10,미국 10년물 실질금리,확인 부족,-1,이력 부족: 0/25관측,현재 상태를 판단할 자료가 부족합니다.,확인 부족
2026-05-18,TERM,미국 10년물 기간프리미엄,주의,2,과거 504관측 대비 100.0백분위 · 20일 +22bp,금리 상승에 따른 부담을 관찰합니다. 물가·고용·신용의 동반 움직임으로 의미를 구분합니다.,낮음
2026-05-18,CURVE2,미국 10년물-2년물 금리차,확인 부족,-1,이력 부족: 0/22관측,현재 상태를 판단할 자료가 부족합니다.,확인 부족
2026-05-18,CURVE3,미국 10년물-3개월물 금리차,확인 부족,-1,이력 부족: 0/22관측,현재 상태를 판단할 자료가 부족합니다.,확인 부족
2026-05-18,CURVEFED,미국 10년물-기준금리 차,확인 부족,-1,이력 부족: 0/22관측,현재 상태를 판단할 자료가 부족합니다.,확인 부족
2026-05-18,VIX,VIX,정상,0,VIX 17.8 · 5일 -3.0% · 20일 -5.6% · 5일 -0.6포인트,지표 고유의 상태와 다른 시장 영역의 동반 신호를 구분해 확인합니다.,낮음
2026-05-18,VIXPOS,VIX 1년 위치,참고,0,과거 252관측 대비 59.5백분위,최근 분포에서의 위치입니다. 별도 위험 신호로 중복 집계하지 않습니다.,낮음
2026-05-18,HY,하이일드 OAS,안정,0,HY 2.83%p · 5일 +4bp · 20일 -4bp,지표 고유의 상태와 다른 시장 영역의 동반 신호를 구분해 확인합니다.,낮음
2026-05-18,BBB,BBB OAS,안정,0,BBB 0.94%p · 5일 -4bp · 20일 -7bp,지표 고유의 상태와 다른 시장 영역의 동반 신호를 구분해 확인합니다.,낮음
2026-05-18,HYPOS,HY 1년 위치,참고,0,과거 252관측 대비 27.0백분위,최근 분포에서의 위치입니다. 별도 위험 신호로 중복 집계하지 않습니다.,낮음
2026-05-18,UNEMP,미국 실업률,확인 부족,-1,월간 관측 누락: 달력 기간 계산 보류,현재 상태를 판단할 자료가 부족합니다.,확인 부족
2026-05-18,SAHM,Sahm Rule,확인 부족,-1,월간 관측 누락: 달력 기간 계산 보류,현재 상태를 판단할 자료가 부족합니다.,확인 부족
2026-05-18,CLAIMS,신규실업수당 4주평균,확인 부족,-1,이력 부족: 0/55관측,현재 상태를 판단할 자료가 부족합니다.,확인 부족
2026-05-18,CPI,CPI,확인 부족,-1,이력 부족: 0/16관측,현재 상태를 판단할 자료가 부족합니다.,확인 부족
2026-05-18,CORECPI,근원 CPI,확인 부족,-1,이력 부족: 0/16관측,현재 상태를 판단할 자료가 부족합니다.,확인 부족
2026-05-18,COREPCE,근원 PCE,확인 부족,-1,이력 부족: 0/16관측,현재 상태를 판단할 자료가 부족합니다.,확인 부족
2026-05-18,DXY,달러지수,확인 부족,-1,이력 부족: 0/147관측,현재 상태를 판단할 자료가 부족합니다.,확인 부족
2026-05-18,USDKRW,달러/원,확인 부족,-1,이력 부족: 0/147관측,현재 상태를 판단할 자료가 부족합니다.,확인 부족
2026-05-18,USDJPY,달러/엔,확인 부족,-1,이력 부족: 0/147관측,현재 상태를 판단할 자료가 부족합니다.,확인 부족
2026-05-18,WTI,WTI,확인 부족,-1,이력 부족: 0/147관측,현재 상태를 판단할 자료가 부족합니다.,확인 부족
2026-05-18,GOLD,금,정상,0,5일 -3.52% · 20일 -5.29% · 변동성 기준 81.2/64.5백분위,가격 움직임은 확인되지만 원인을 구분할 교차 근거가 충분하지 않습니다.,낮음
2026-05-18,SILVER,은,정상,0,5일 -9.84% · 20일 -3.60% · 변동성 기준 89.9/30.4백분위,가격 움직임은 확인되지만 원인을 구분할 교차 근거가 충분하지 않습니다.,낮음
2026-05-18,COPPER,구리,정상,0,5일 -2.21% · 20일 +3.91% · 변동성 기준 47.0/38.3백분위,가격 움직임은 확인되지만 원인을 구분할 교차 근거가 충분하지 않습니다.,낮음
2026-05-19,SP500,S&P500,확인 부족,-1,이력 부족: 0/252관측,현재 상태를 판단할 자료가 부족합니다.,확인 부족
2026-05-19,NASDAQ,Nasdaq,확인 부족,-1,이력 부족: 0/252관측,현재 상태를 판단할 자료가 부족합니다.,확인 부족
2026-05-19,RUSSELL,Russell 2000,관찰,1,5일 -3.4% · 20일 -0.6% · 고점 대비 -4.8%,지표 고유의 상태와 다른 시장 영역의 동반 신호를 구분해 확인합니다.,낮음
2026-05-19,MA200,200일 이동평균 이격,확인 부족,-1,이력 부족: 0/200관측,현재 상태를 판단할 자료가 부족합니다.,확인 부족
2026-05-19,EW,동일가중 상대성과,주의,2,RSP가 SPY 대비 20일 -4.7%p · 5일 상대성과 -0.47%p,지표 고유의 상태와 다른 시장 영역의 동반 신호를 구분해 확인합니다.,낮음
2026-05-19,CAPE,CAPE,확인 부족,-1,이력 부족: 0/120관측,현재 상태를 판단할 자료가 부족합니다.,확인 부족
2026-05-19,ADV,상승 종목 비율,확인 부족,-1,이력 부족: 0/21관측,현재 상태를 판단할 자료가 부족합니다.,확인 부족
2026-05-19,ABOVE200,200DMA 위 종목 비율,확인 부족,-1,이력 부족: 0/21관측,현재 상태를 판단할 자료가 부족합니다.,확인 부족
2026-05-19,HILO,52주 신고가-신저가 비율,확인 부족,-1,이력 부족: 0/21관측,현재 상태를 판단할 자료가 부족합니다.,확인 부족
2026-05-19,EFFR,미국 기준금리,정상,0,20관측 -2bp · 인하 · EFFR 변화는 목표범위 결정 자체와 구분,금리 하락 또는 상대관계 변화을 관찰합니다. 물가·고용·신용의 동반 움직임으로 의미를 구분합니다.,낮음
2026-05-19,US3M,미국 3개월물 국채수익률,확인 부족,-1,이력 부족: 0/25관측,현재 상태를 판단할 자료가 부족합니다.,확인 부족
2026-05-19,US2Y,미국 2년물 국채수익률,확인 부족,-1,이력 부족: 0/25관측,현재 상태를 판단할 자료가 부족합니다.,확인 부족
2026-05-19,US10Y,미국 10년물 국채수익률,확인 부족,-1,이력 부족: 0/25관측,현재 상태를 판단할 자료가 부족합니다.,확인 부족
2026-05-19,US30Y,미국 30년물 국채수익률,확인 부족,-1,이력 부족: 0/25관측,현재 상태를 판단할 자료가 부족합니다.,확인 부족
2026-05-19,REAL10,미국 10년물 실질금리,확인 부족,-1,이력 부족: 0/25관측,현재 상태를 판단할 자료가 부족합니다.,확인 부족
2026-05-19,TERM,미국 10년물 기간프리미엄,주의,2,과거 504관측 대비 100.0백분위 · 20일 +23bp,금리 상승에 따른 부담을 관찰합니다. 물가·고용·신용의 동반 움직임으로 의미를 구분합니다.,낮음
2026-05-19,CURVE2,미국 10년물-2년물 금리차,확인 부족,-1,이력 부족: 0/22관측,현재 상태를 판단할 자료가 부족합니다.,확인 부족
2026-05-19,CURVE3,미국 10년물-3개월물 금리차,확인 부족,-1,이력 부족: 0/22관측,현재 상태를 판단할 자료가 부족합니다.,확인 부족
2026-05-19,CURVEFED,미국 10년물-기준금리 차,확인 부족,-1,이력 부족: 0/22관측,현재 상태를 판단할 자료가 부족합니다.,확인 부족
2026-05-19,VIX,VIX,정상,0,VIX 18.1 · 5일 +0.4% · 20일 -7.4% · 5일 +0.1포인트,지표 고유의 상태와 다른 시장 영역의 동반 신호를 구분해 확인합니다.,낮음
2026-05-19,VIXPOS,VIX 1년 위치,참고,0,과거 252관측 대비 64.3백분위,최근 분포에서의 위치입니다. 별도 위험 신호로 중복 집계하지 않습니다.,낮음
2026-05-19,HY,하이일드 OAS,안정,0,HY 2.86%p · 5일 +4bp · 20일 +1bp,지표 고유의 상태와 다른 시장 영역의 동반 신호를 구분해 확인합니다.,낮음
2026-05-19,BBB,BBB OAS,안정,0,BBB 0.95%p · 5일 -2bp · 20일 -5bp,지표 고유의 상태와 다른 시장 영역의 동반 신호를 구분해 확인합니다.,낮음
2026-05-19,HYPOS,HY 1년 위치,참고,0,과거 252관측 대비 38.7백분위,최근 분포에서의 위치입니다. 별도 위험 신호로 중복 집계하지 않습니다.,낮음
2026-05-19,UNEMP,미국 실업률,확인 부족,-1,월간 관측 누락: 달력 기간 계산 보류,현재 상태를 판단할 자료가 부족합니다.,확인 부족
2026-05-19,SAHM,Sahm Rule,확인 부족,-1,월간 관측 누락: 달력 기간 계산 보류,현재 상태를 판단할 자료가 부족합니다.,확인 부족
2026-05-19,CLAIMS,신규실업수당 4주평균,확인 부족,-1,이력 부족: 0/55관측,현재 상태를 판단할 자료가 부족합니다.,확인 부족
2026-05-19,CPI,CPI,확인 부족,-1,이력 부족: 0/16관측,현재 상태를 판단할 자료가 부족합니다.,확인 부족
2026-05-19,CORECPI,근원 CPI,확인 부족,-1,이력 부족: 0/16관측,현재 상태를 판단할 자료가 부족합니다.,확인 부족
2026-05-19,COREPCE,근원 PCE,확인 부족,-1,이력 부족: 0/16관측,현재 상태를 판단할 자료가 부족합니다.,확인 부족
2026-05-19,DXY,달러지수,확인 부족,-1,이력 부족: 0/147관측,현재 상태를 판단할 자료가 부족합니다.,확인 부족
2026-05-19,USDKRW,달러/원,확인 부족,-1,이력 부족: 0/147관측,현재 상태를 판단할 자료가 부족합니다.,확인 부족
2026-05-19,USDJPY,달러/엔,확인 부족,-1,이력 부족: 0/147관측,현재 상태를 판단할 자료가 부족합니다.,확인 부족
2026-05-19,WTI,WTI,확인 부족,-1,이력 부족: 0/147관측,현재 상태를 판단할 자료가 부족합니다.,확인 부족
2026-05-19,GOLD,금,정상,0,5일 -3.66% · 20일 -4.09% · 변동성 기준 83.5/55.4백분위,가격 움직임은 확인되지만 원인을 구분할 교차 근거가 충분하지 않습니다.,낮음
2026-05-19,SILVER,은,관찰,1,5일 -12.10% · 20일 -2.07% · 변동성 기준 92.9/18.8백분위,가격 움직임은 확인되지만 원인을 구분할 교차 근거가 충분하지 않습니다.,낮음
2026-05-19,COPPER,구리,정상,0,5일 -4.93% · 20일 +2.72% · 변동성 기준 81.9/28.6백분위,가격 움직임은 확인되지만 원인을 구분할 교차 근거가 충분하지 않습니다.,낮음
2026-05-20,SP500,S&P500,확인 부족,-1,이력 부족: 0/252관측,현재 상태를 판단할 자료가 부족합니다.,확인 부족
2026-05-20,NASDAQ,Nasdaq,확인 부족,-1,이력 부족: 0/252관측,현재 상태를 판단할 자료가 부족합니다.,확인 부족
2026-05-20,RUSSELL,Russell 2000,정상,0,5일 -0.9% · 20일 +1.1% · 고점 대비 -2.4%,지표 고유의 상태와 다른 시장 영역의 동반 신호를 구분해 확인합니다.,낮음
2026-05-20,MA200,200일 이동평균 이격,확인 부족,-1,이력 부족: 0/200관측,현재 상태를 판단할 자료가 부족합니다.,확인 부족
2026-05-20,EW,동일가중 상대성과,관찰,1,RSP가 SPY 대비 20일 -3.5%p · 5일 상대성과 +0.59%p,지표 고유의 상태와 다른 시장 영역의 동반 신호를 구분해 확인합니다.,낮음
2026-05-20,CAPE,CAPE,확인 부족,-1,이력 부족: 0/120관측,현재 상태를 판단할 자료가 부족합니다.,확인 부족
2026-05-20,ADV,상승 종목 비율,확인 부족,-1,이력 부족: 0/21관측,현재 상태를 판단할 자료가 부족합니다.,확인 부족
2026-05-20,ABOVE200,200DMA 위 종목 비율,확인 부족,-1,이력 부족: 0/21관측,현재 상태를 판단할 자료가 부족합니다.,확인 부족
2026-05-20,HILO,52주 신고가-신저가 비율,확인 부족,-1,이력 부족: 0/21관측,현재 상태를 판단할 자료가 부족합니다.,확인 부족
2026-05-20,EFFR,미국 기준금리,정상,0,20관측 -2bp · 인하 · EFFR 변화는 목표범위 결정 자체와 구분,금리 하락 또는 상대관계 변화을 관찰합니다. 물가·고용·신용의 동반 움직임으로 의미를 구분합니다.,낮음
2026-05-20,US3M,미국 3개월물 국채수익률,확인 부족,-1,이력 부족: 0/25관측,현재 상태를 판단할 자료가 부족합니다.,확인 부족
2026-05-20,US2Y,미국 2년물 국채수익률,확인 부족,-1,이력 부족: 0/25관측,현재 상태를 판단할 자료가 부족합니다.,확인 부족
2026-05-20,US10Y,미국 10년물 국채수익률,확인 부족,-1,이력 부족: 0/25관측,현재 상태를 판단할 자료가 부족합니다.,확인 부족
2026-05-20,US30Y,미국 30년물 국채수익률,확인 부족,-1,이력 부족: 0/25관측,현재 상태를 판단할 자료가 부족합니다.,확인 부족
2026-05-20,REAL10,미국 10년물 실질금리,확인 부족,-1,이력 부족: 0/25관측,현재 상태를 판단할 자료가 부족합니다.,확인 부족
2026-05-20,TERM,미국 10년물 기간프리미엄,주의,2,과거 504관측 대비 99.8백분위 · 20일 +19bp,금리 상승에 따른 부담을 관찰합니다. 물가·고용·신용의 동반 움직임으로 의미를 구분합니다.,낮음
2026-05-20,CURVE2,미국 10년물-2년물 금리차,확인 부족,-1,이력 부족: 0/22관측,현재 상태를 판단할 자료가 부족합니다.,확인 부족
2026-05-20,CURVE3,미국 10년물-3개월물 금리차,확인 부족,-1,이력 부족: 0/22관측,현재 상태를 판단할 자료가 부족합니다.,확인 부족
2026-05-20,CURVEFED,미국 10년물-기준금리 차,확인 부족,-1,이력 부족: 0/22관측,현재 상태를 판단할 자료가 부족합니다.,확인 부족
2026-05-20,VIX,VIX,정상,0,VIX 17.4 · 5일 -2.4% · 20일 -7.8% · 5일 -0.4포인트,지표 고유의 상태와 다른 시장 영역의 동반 신호를 구분해 확인합니다.,낮음
2026-05-20,VIXPOS,VIX 1년 위치,참고,0,과거 252관측 대비 54.0백분위,최근 분포에서의 위치입니다. 별도 위험 신호로 중복 집계하지 않습니다.,낮음
2026-05-20,HY,하이일드 OAS,안정,0,HY 2.80%p · 5일 -2bp · 20일 -4bp,지표 고유의 상태와 다른 시장 영역의 동반 신호를 구분해 확인합니다.,낮음
2026-05-20,BBB,BBB OAS,안정,0,BBB 0.95%p · 5일 -1bp · 20일 -4bp,지표 고유의 상태와 다른 시장 영역의 동반 신호를 구분해 확인합니다.,낮음
2026-05-20,HYPOS,HY 1년 위치,참고,0,과거 252관측 대비 18.7백분위,최근 분포에서의 위치입니다. 별도 위험 신호로 중복 집계하지 않습니다.,낮음
2026-05-20,UNEMP,미국 실업률,확인 부족,-1,월간 관측 누락: 달력 기간 계산 보류,현재 상태를 판단할 자료가 부족합니다.,확인 부족
2026-05-20,SAHM,Sahm Rule,확인 부족,-1,월간 관측 누락: 달력 기간 계산 보류,현재 상태를 판단할 자료가 부족합니다.,확인 부족
2026-05-20,CLAIMS,신규실업수당 4주평균,확인 부족,-1,이력 부족: 0/55관측,현재 상태를 판단할 자료가 부족합니다.,확인 부족
2026-05-20,CPI,CPI,확인 부족,-1,이력 부족: 0/16관측,현재 상태를 판단할 자료가 부족합니다.,확인 부족
2026-05-20,CORECPI,근원 CPI,확인 부족,-1,이력 부족: 0/16관측,현재 상태를 판단할 자료가 부족합니다.,확인 부족
2026-05-20,COREPCE,근원 PCE,확인 부족,-1,이력 부족: 0/16관측,현재 상태를 판단할 자료가 부족합니다.,확인 부족
2026-05-20,DXY,달러지수,확인 부족,-1,이력 부족: 0/147관측,현재 상태를 판단할 자료가 부족합니다.,확인 부족
2026-05-20,USDKRW,달러/원,확인 부족,-1,이력 부족: 0/147관측,현재 상태를 판단할 자료가 부족합니다.,확인 부족
2026-05-20,USDJPY,달러/엔,확인 부족,-1,이력 부족: 0/147관측,현재 상태를 판단할 자료가 부족합니다.,확인 부족
2026-05-20,WTI,WTI,확인 부족,-1,이력 부족: 0/147관측,현재 상태를 판단할 자료가 부족합니다.,확인 부족
2026-05-20,GOLD,금,정상,0,5일 -3.54% · 20일 -4.25% · 변동성 기준 81.3/57.1백분위,가격 움직임은 확인되지만 원인을 구분할 교차 근거가 충분하지 않습니다.,낮음
2026-05-20,SILVER,은,관찰,1,5일 -14.67% · 20일 -2.62% · 변동성 기준 95.8/23.0백분위,가격 움직임은 확인되지만 원인을 구분할 교차 근거가 충분하지 않습니다.,낮음
2026-05-20,COPPER,구리,정상,0,5일 -5.20% · 20일 +2.79% · 변동성 기준 83.7/29.6백분위,가격 움직임은 확인되지만 원인을 구분할 교차 근거가 충분하지 않습니다.,낮음
2026-05-21,SP500,S&P500,확인 부족,-1,이력 부족: 0/252관측,현재 상태를 판단할 자료가 부족합니다.,확인 부족
2026-05-21,NASDAQ,Nasdaq,확인 부족,-1,이력 부족: 0/252관측,현재 상태를 판단할 자료가 부족합니다.,확인 부족
2026-05-21,RUSSELL,Russell 2000,정상,0,5일 -0.7% · 20일 +2.5% · 고점 대비 -1.5%,지표 고유의 상태와 다른 시장 영역의 동반 신호를 구분해 확인합니다.,낮음
2026-05-21,MA200,200일 이동평균 이격,확인 부족,-1,이력 부족: 0/200관측,현재 상태를 판단할 자료가 부족합니다.,확인 부족
2026-05-21,EW,동일가중 상대성과,관찰,1,RSP가 SPY 대비 20일 -3.7%p · 5일 상대성과 +1.24%p,지표 고유의 상태와 다른 시장 영역의 동반 신호를 구분해 확인합니다.,낮음
2026-05-21,CAPE,CAPE,확인 부족,-1,이력 부족: 0/120관측,현재 상태를 판단할 자료가 부족합니다.,확인 부족
2026-05-21,ADV,상승 종목 비율,확인 부족,-1,이력 부족: 0/21관측,현재 상태를 판단할 자료가 부족합니다.,확인 부족
2026-05-21,ABOVE200,200DMA 위 종목 비율,확인 부족,-1,이력 부족: 0/21관측,현재 상태를 판단할 자료가 부족합니다.,확인 부족
2026-05-21,HILO,52주 신고가-신저가 비율,확인 부족,-1,이력 부족: 0/21관측,현재 상태를 판단할 자료가 부족합니다.,확인 부족
2026-05-21,EFFR,미국 기준금리,정상,0,20관측 -2bp · 인하 · EFFR 변화는 목표범위 결정 자체와 구분,금리 하락 또는 상대관계 변화을 관찰합니다. 물가·고용·신용의 동반 움직임으로 의미를 구분합니다.,낮음
2026-05-21,US3M,미국 3개월물 국채수익률,확인 부족,-1,이력 부족: 0/25관측,현재 상태를 판단할 자료가 부족합니다.,확인 부족
2026-05-21,US2Y,미국 2년물 국채수익률,확인 부족,-1,이력 부족: 0/25관측,현재 상태를 판단할 자료가 부족합니다.,확인 부족
2026-05-21,US10Y,미국 10년물 국채수익률,확인 부족,-1,이력 부족: 0/25관측,현재 상태를 판단할 자료가 부족합니다.,확인 부족
2026-05-21,US30Y,미국 30년물 국채수익률,확인 부족,-1,이력 부족: 0/25관측,현재 상태를 판단할 자료가 부족합니다.,확인 부족
2026-05-21,REAL10,미국 10년물 실질금리,확인 부족,-1,이력 부족: 0/25관측,현재 상태를 판단할 자료가 부족합니다.,확인 부족
2026-05-21,TERM,미국 10년물 기간프리미엄,주의,2,과거 504관측 대비 99.4백분위 · 20일 +17bp,금리 상승에 따른 부담을 관찰합니다. 물가·고용·신용의 동반 움직임으로 의미를 구분합니다.,낮음
2026-05-21,CURVE2,미국 10년물-2년물 금리차,확인 부족,-1,이력 부족: 0/22관측,현재 상태를 판단할 자료가 부족합니다.,확인 부족
2026-05-21,CURVE3,미국 10년물-3개월물 금리차,확인 부족,-1,이력 부족: 0/22관측,현재 상태를 판단할 자료가 부족합니다.,확인 부족
2026-05-21,CURVEFED,미국 10년물-기준금리 차,확인 부족,-1,이력 부족: 0/22관측,현재 상태를 판단할 자료가 부족합니다.,확인 부족
2026-05-21,VIX,VIX,정상,0,VIX 16.8 · 5일 -2.9% · 20일 -13.2% · 5일 -0.5포인트,지표 고유의 상태와 다른 시장 영역의 동반 신호를 구분해 확인합니다.,낮음
2026-05-21,VIXPOS,VIX 1년 위치,참고,0,과거 252관측 대비 40.7백분위,최근 분포에서의 위치입니다. 별도 위험 신호로 중복 집계하지 않습니다.,낮음
2026-05-21,HY,하이일드 OAS,안정,0,HY 2.78%p · 5일 +2bp · 20일 -8bp,지표 고유의 상태와 다른 시장 영역의 동반 신호를 구분해 확인합니다.,낮음
2026-05-21,BBB,BBB OAS,안정,0,BBB 0.94%p · 5일 -1bp · 20일 -6bp,지표 고유의 상태와 다른 시장 영역의 동반 신호를 구분해 확인합니다.,낮음
2026-05-21,HYPOS,HY 1년 위치,참고,0,과거 252관측 대비 13.5백분위,최근 분포에서의 위치입니다. 별도 위험 신호로 중복 집계하지 않습니다.,낮음
2026-05-21,UNEMP,미국 실업률,확인 부족,-1,월간 관측 누락: 달력 기간 계산 보류,현재 상태를 판단할 자료가 부족합니다.,확인 부족
2026-05-21,SAHM,Sahm Rule,확인 부족,-1,월간 관측 누락: 달력 기간 계산 보류,현재 상태를 판단할 자료가 부족합니다.,확인 부족
2026-05-21,CLAIMS,신규실업수당 4주평균,확인 부족,-1,이력 부족: 0/55관측,현재 상태를 판단할 자료가 부족합니다.,확인 부족
2026-05-21,CPI,CPI,확인 부족,-1,이력 부족: 0/16관측,현재 상태를 판단할 자료가 부족합니다.,확인 부족
2026-05-21,CORECPI,근원 CPI,확인 부족,-1,이력 부족: 0/16관측,현재 상태를 판단할 자료가 부족합니다.,확인 부족
2026-05-21,COREPCE,근원 PCE,확인 부족,-1,이력 부족: 0/16관측,현재 상태를 판단할 자료가 부족합니다.,확인 부족
2026-05-21,DXY,달러지수,확인 부족,-1,이력 부족: 0/147관측,현재 상태를 판단할 자료가 부족합니다.,확인 부족
2026-05-21,USDKRW,달러/원,확인 부족,-1,이력 부족: 0/147관측,현재 상태를 판단할 자료가 부족합니다.,확인 부족
2026-05-21,USDJPY,달러/엔,확인 부족,-1,이력 부족: 0/147관측,현재 상태를 판단할 자료가 부족합니다.,확인 부족
2026-05-21,WTI,WTI,확인 부족,-1,이력 부족: 0/147관측,현재 상태를 판단할 자료가 부족합니다.,확인 부족
2026-05-21,GOLD,금,정상,0,5일 -2.96% · 20일 -3.51% · 변동성 기준 71.2/48.2백분위,가격 움직임은 확인되지만 원인을 구분할 교차 근거가 충분하지 않습니다.,낮음
2026-05-21,SILVER,은,정상,0,5일 -10.01% · 20일 +1.26% · 변동성 기준 89.7/11.5백분위,가격 움직임은 확인되지만 원인을 구분할 교차 근거가 충분하지 않습니다.,낮음
2026-05-21,COPPER,구리,정상,0,5일 -4.73% · 20일 +2.99% · 변동성 기준 80.6/31.2백분위,가격 움직임은 확인되지만 원인을 구분할 교차 근거가 충분하지 않습니다.,낮음
2026-05-22,SP500,S&P500,확인 부족,-1,이력 부족: 0/252관측,현재 상태를 판단할 자료가 부족합니다.,확인 부족
2026-05-22,NASDAQ,Nasdaq,확인 부족,-1,이력 부족: 0/252관측,현재 상태를 판단할 자료가 부족합니다.,확인 부족
2026-05-22,RUSSELL,Russell 2000,정상,0,5일 +2.7% · 20일 +3.0% · 고점 대비 -0.6%,지표 고유의 상태와 다른 시장 영역의 동반 신호를 구분해 확인합니다.,낮음
2026-05-22,MA200,200일 이동평균 이격,확인 부족,-1,이력 부족: 0/200관측,현재 상태를 판단할 자료가 부족합니다.,확인 부족
2026-05-22,EW,동일가중 상대성과,관찰,1,RSP가 SPY 대비 20일 -2.2%p · 5일 상대성과 +1.62%p,지표 고유의 상태와 다른 시장 영역의 동반 신호를 구분해 확인합니다.,낮음
2026-05-22,CAPE,CAPE,확인 부족,-1,이력 부족: 0/120관측,현재 상태를 판단할 자료가 부족합니다.,확인 부족
2026-05-22,ADV,상승 종목 비율,확인 부족,-1,이력 부족: 0/21관측,현재 상태를 판단할 자료가 부족합니다.,확인 부족
2026-05-22,ABOVE200,200DMA 위 종목 비율,확인 부족,-1,이력 부족: 0/21관측,현재 상태를 판단할 자료가 부족합니다.,확인 부족
2026-05-22,HILO,52주 신고가-신저가 비율,확인 부족,-1,이력 부족: 0/21관측,현재 상태를 판단할 자료가 부족합니다.,확인 부족
2026-05-22,EFFR,미국 기준금리,정상,0,20관측 -2bp · 인하 · EFFR 변화는 목표범위 결정 자체와 구분,금리 하락 또는 상대관계 변화을 관찰합니다. 물가·고용·신용의 동반 움직임으로 의미를 구분합니다.,낮음
2026-05-22,US3M,미국 3개월물 국채수익률,확인 부족,-1,이력 부족: 0/25관측,현재 상태를 판단할 자료가 부족합니다.,확인 부족
2026-05-22,US2Y,미국 2년물 국채수익률,확인 부족,-1,이력 부족: 0/25관측,현재 상태를 판단할 자료가 부족합니다.,확인 부족
2026-05-22,US10Y,미국 10년물 국채수익률,확인 부족,-1,이력 부족: 0/25관측,현재 상태를 판단할 자료가 부족합니다.,확인 부족
2026-05-22,US30Y,미국 30년물 국채수익률,확인 부족,-1,이력 부족: 0/25관측,현재 상태를 판단할 자료가 부족합니다.,확인 부족
2026-05-22,REAL10,미국 10년물 실질금리,확인 부족,-1,이력 부족: 0/25관측,현재 상태를 판단할 자료가 부족합니다.,확인 부족
2026-05-22,TERM,미국 10년물 기간프리미엄,주의,2,과거 504관측 대비 99.4백분위 · 20일 +18bp,금리 상승에 따른 부담을 관찰합니다. 물가·고용·신용의 동반 움직임으로 의미를 구분합니다.,낮음
2026-05-22,CURVE2,미국 10년물-2년물 금리차,확인 부족,-1,이력 부족: 0/22관측,현재 상태를 판단할 자료가 부족합니다.,확인 부족
2026-05-22,CURVE3,미국 10년물-3개월물 금리차,확인 부족,-1,이력 부족: 0/22관측,현재 상태를 판단할 자료가 부족합니다.,확인 부족
2026-05-22,CURVEFED,미국 10년물-기준금리 차,확인 부족,-1,이력 부족: 0/22관측,현재 상태를 판단할 자료가 부족합니다.,확인 부족
2026-05-22,VIX,VIX,정상,0,VIX 16.7 · 5일 -9.4% · 20일 -10.7% · 5일 -1.7포인트,지표 고유의 상태와 다른 시장 영역의 동반 신호를 구분해 확인합니다.,낮음
2026-05-22,VIXPOS,VIX 1년 위치,참고,0,과거 252관측 대비 38.9백분위,최근 분포에서의 위치입니다. 별도 위험 신호로 중복 집계하지 않습니다.,낮음
2026-05-22,HY,하이일드 OAS,안정,0,HY 2.74%p · 5일 -6bp · 20일 -12bp,지표 고유의 상태와 다른 시장 영역의 동반 신호를 구분해 확인합니다.,낮음
2026-05-22,BBB,BBB OAS,안정,0,BBB 0.93%p · 5일 -1bp · 20일 -7bp,지표 고유의 상태와 다른 시장 영역의 동반 신호를 구분해 확인합니다.,낮음
2026-05-22,HYPOS,HY 1년 위치,참고,0,과거 252관측 대비 6.5백분위,최근 분포에서의 위치입니다. 별도 위험 신호로 중복 집계하지 않습니다.,낮음
2026-05-22,UNEMP,미국 실업률,확인 부족,-1,월간 관측 누락: 달력 기간 계산 보류,현재 상태를 판단할 자료가 부족합니다.,확인 부족
2026-05-22,SAHM,Sahm Rule,확인 부족,-1,월간 관측 누락: 달력 기간 계산 보류,현재 상태를 판단할 자료가 부족합니다.,확인 부족
2026-05-22,CLAIMS,신규실업수당 4주평균,확인 부족,-1,이력 부족: 0/55관측,현재 상태를 판단할 자료가 부족합니다.,확인 부족
2026-05-22,CPI,CPI,확인 부족,-1,이력 부족: 0/16관측,현재 상태를 판단할 자료가 부족합니다.,확인 부족
2026-05-22,CORECPI,근원 CPI,확인 부족,-1,이력 부족: 0/16관측,현재 상태를 판단할 자료가 부족합니다.,확인 부족
2026-05-22,COREPCE,근원 PCE,확인 부족,-1,이력 부족: 0/16관측,현재 상태를 판단할 자료가 부족합니다.,확인 부족
2026-05-22,DXY,달러지수,확인 부족,-1,이력 부족: 0/147관측,현재 상태를 판단할 자료가 부족합니다.,확인 부족
2026-05-22,USDKRW,달러/원,확인 부족,-1,이력 부족: 0/147관측,현재 상태를 판단할 자료가 부족합니다.,확인 부족
2026-05-22,USDJPY,달러/엔,확인 부족,-1,이력 부족: 0/147관측,현재 상태를 판단할 자료가 부족합니다.,확인 부족
2026-05-22,WTI,WTI,확인 부족,-1,이력 부족: 0/147관측,현재 상태를 판단할 자료가 부족합니다.,확인 부족
2026-05-22,GOLD,금,정상,0,5일 -0.76% · 20일 -4.26% · 변동성 기준 21.6/57.5백분위,가격 움직임은 확인되지만 원인을 구분할 교차 근거가 충분하지 않습니다.,낮음
2026-05-22,SILVER,은,정상,0,5일 -1.64% · 20일 -0.64% · 변동성 기준 26.8/6.2백분위,가격 움직임은 확인되지만 원인을 구분할 교차 근거가 충분하지 않습니다.,낮음
2026-05-22,COPPER,구리,정상,0,5일 +1.45% · 20일 +5.29% · 변동성 기준 31.5/49.2백분위,가격 움직임은 확인되지만 원인을 구분할 교차 근거가 충분하지 않습니다.,낮음
2026-05-26,SP500,S&P500,확인 부족,-1,이력 부족: 0/252관측,현재 상태를 판단할 자료가 부족합니다.,확인 부족
2026-05-26,NASDAQ,Nasdaq,확인 부족,-1,이력 부족: 0/252관측,현재 상태를 판단할 자료가 부족합니다.,확인 부족
2026-05-26,RUSSELL,Russell 2000,정상,0,5일 +5.2% · 20일 +4.7% · 고점 대비 0.0%,지표 고유의 상태와 다른 시장 영역의 동반 신호를 구분해 확인합니다.,낮음
2026-05-26,MA200,200일 이동평균 이격,확인 부족,-1,이력 부족: 0/200관측,현재 상태를 판단할 자료가 부족합니다.,확인 부족
2026-05-26,EW,동일가중 상대성과,관찰,1,RSP가 SPY 대비 20일 -2.1%p · 5일 상대성과 +0.77%p,지표 고유의 상태와 다른 시장 영역의 동반 신호를 구분해 확인합니다.,낮음
2026-05-26,CAPE,CAPE,확인 부족,-1,이력 부족: 0/120관측,현재 상태를 판단할 자료가 부족합니다.,확인 부족
2026-05-26,ADV,상승 종목 비율,확인 부족,-1,이력 부족: 0/21관측,현재 상태를 판단할 자료가 부족합니다.,확인 부족
2026-05-26,ABOVE200,200DMA 위 종목 비율,확인 부족,-1,이력 부족: 0/21관측,현재 상태를 판단할 자료가 부족합니다.,확인 부족
2026-05-26,HILO,52주 신고가-신저가 비율,확인 부족,-1,이력 부족: 0/21관측,현재 상태를 판단할 자료가 부족합니다.,확인 부족
2026-05-26,EFFR,미국 기준금리,정상,0,20관측 -2bp · 인하 · EFFR 변화는 목표범위 결정 자체와 구분,금리 하락 또는 상대관계 변화을 관찰합니다. 물가·고용·신용의 동반 움직임으로 의미를 구분합니다.,낮음
2026-05-26,US3M,미국 3개월물 국채수익률,확인 부족,-1,이력 부족: 0/25관측,현재 상태를 판단할 자료가 부족합니다.,확인 부족
2026-05-26,US2Y,미국 2년물 국채수익률,확인 부족,-1,이력 부족: 0/25관측,현재 상태를 판단할 자료가 부족합니다.,확인 부족
2026-05-26,US10Y,미국 10년물 국채수익률,확인 부족,-1,이력 부족: 0/25관측,현재 상태를 판단할 자료가 부족합니다.,확인 부족
2026-05-26,US30Y,미국 30년물 국채수익률,확인 부족,-1,이력 부족: 0/25관측,현재 상태를 판단할 자료가 부족합니다.,확인 부족
2026-05-26,REAL10,미국 10년물 실질금리,확인 부족,-1,이력 부족: 0/25관측,현재 상태를 판단할 자료가 부족합니다.,확인 부족
2026-05-26,TERM,미국 10년물 기간프리미엄,주의,2,과거 504관측 대비 98.2백분위 · 20일 +13bp,금리 상승에 따른 부담을 관찰합니다. 물가·고용·신용의 동반 움직임으로 의미를 구분합니다.,낮음
2026-05-26,CURVE2,미국 10년물-2년물 금리차,확인 부족,-1,이력 부족: 0/22관측,현재 상태를 판단할 자료가 부족합니다.,확인 부족
2026-05-26,CURVE3,미국 10년물-3개월물 금리차,확인 부족,-1,이력 부족: 0/22관측,현재 상태를 판단할 자료가 부족합니다.,확인 부족
2026-05-26,CURVEFED,미국 10년물-기준금리 차,확인 부족,-1,이력 부족: 0/22관측,현재 상태를 판단할 자료가 부족합니다.,확인 부족
2026-05-26,VIX,VIX,정상,0,VIX 17.0 · 5일 -5.8% · 20일 -4.6% · 5일 -1.0포인트,지표 고유의 상태와 다른 시장 영역의 동반 신호를 구분해 확인합니다.,낮음
2026-05-26,VIXPOS,VIX 1년 위치,참고,0,과거 252관측 대비 47.2백분위,최근 분포에서의 위치입니다. 별도 위험 신호로 중복 집계하지 않습니다.,낮음
2026-05-26,HY,하이일드 OAS,안정,0,HY 2.72%p · 5일 -14bp · 20일 -13bp,지표 고유의 상태와 다른 시장 영역의 동반 신호를 구분해 확인합니다.,낮음
2026-05-26,BBB,BBB OAS,안정,0,BBB 0.93%p · 5일 -2bp · 20일 -9bp,지표 고유의 상태와 다른 시장 영역의 동반 신호를 구분해 확인합니다.,낮음
2026-05-26,HYPOS,HY 1년 위치,참고,0,과거 252관측 대비 5.2백분위,최근 분포에서의 위치입니다. 별도 위험 신호로 중복 집계하지 않습니다.,낮음
2026-05-26,UNEMP,미국 실업률,확인 부족,-1,월간 관측 누락: 달력 기간 계산 보류,현재 상태를 판단할 자료가 부족합니다.,확인 부족
2026-05-26,SAHM,Sahm Rule,확인 부족,-1,월간 관측 누락: 달력 기간 계산 보류,현재 상태를 판단할 자료가 부족합니다.,확인 부족
2026-05-26,CLAIMS,신규실업수당 4주평균,확인 부족,-1,이력 부족: 0/55관측,현재 상태를 판단할 자료가 부족합니다.,확인 부족
2026-05-26,CPI,CPI,확인 부족,-1,이력 부족: 0/16관측,현재 상태를 판단할 자료가 부족합니다.,확인 부족
2026-05-26,CORECPI,근원 CPI,확인 부족,-1,이력 부족: 0/16관측,현재 상태를 판단할 자료가 부족합니다.,확인 부족
2026-05-26,COREPCE,근원 PCE,확인 부족,-1,이력 부족: 0/16관측,현재 상태를 판단할 자료가 부족합니다.,확인 부족
2026-05-26,DXY,달러지수,확인 부족,-1,이력 부족: 0/147관측,현재 상태를 판단할 자료가 부족합니다.,확인 부족
2026-05-26,USDKRW,달러/원,확인 부족,-1,이력 부족: 0/147관측,현재 상태를 판단할 자료가 부족합니다.,확인 부족
2026-05-26,USDJPY,달러/엔,확인 부족,-1,이력 부족: 0/147관측,현재 상태를 판단할 자료가 부족합니다.,확인 부족
2026-05-26,WTI,WTI,확인 부족,-1,이력 부족: 0/147관측,현재 상태를 판단할 자료가 부족합니다.,확인 부족
2026-05-26,GOLD,금,정상,0,5일 -1.14% · 20일 -3.74% · 변동성 기준 32.3/51.8백분위,가격 움직임은 확인되지만 원인을 구분할 교차 근거가 충분하지 않습니다.,낮음
2026-05-26,SILVER,은,정상,0,5일 -1.00% · 20일 +1.74% · 변동성 기준 16.9/16.3백분위,가격 움직임은 확인되지만 원인을 구분할 교차 근거가 충분하지 않습니다.,낮음
2026-05-26,COPPER,구리,정상,0,5일 +1.42% · 20일 +5.70% · 변동성 기준 31.2/52.4백분위,가격 움직임은 확인되지만 원인을 구분할 교차 근거가 충분하지 않습니다.,낮음
2026-05-27,SP500,S&P500,확인 부족,-1,이력 부족: 0/252관측,현재 상태를 판단할 자료가 부족합니다.,확인 부족
2026-05-27,NASDAQ,Nasdaq,확인 부족,-1,이력 부족: 0/252관측,현재 상태를 판단할 자료가 부족합니다.,확인 부족
2026-05-27,RUSSELL,Russell 2000,정상,0,5일 +6.3% · 20일 +5.9% · 고점 대비 -0.0%,지표 고유의 상태와 다른 시장 영역의 동반 신호를 구분해 확인합니다.,낮음
2026-05-27,MA200,200일 이동평균 이격,확인 부족,-1,이력 부족: 0/200관측,현재 상태를 판단할 자료가 부족합니다.,확인 부족
2026-05-27,EW,동일가중 상대성과,관찰,1,RSP가 SPY 대비 20일 -2.1%p · 5일 상대성과 +0.63%p,지표 고유의 상태와 다른 시장 영역의 동반 신호를 구분해 확인합니다.,낮음
2026-05-27,CAPE,CAPE,확인 부족,-1,이력 부족: 0/120관측,현재 상태를 판단할 자료가 부족합니다.,확인 부족
2026-05-27,ADV,상승 종목 비율,확인 부족,-1,이력 부족: 0/21관측,현재 상태를 판단할 자료가 부족합니다.,확인 부족
2026-05-27,ABOVE200,200DMA 위 종목 비율,확인 부족,-1,이력 부족: 0/21관측,현재 상태를 판단할 자료가 부족합니다.,확인 부족
2026-05-27,HILO,52주 신고가-신저가 비율,확인 부족,-1,이력 부족: 0/21관측,현재 상태를 판단할 자료가 부족합니다.,확인 부족
2026-05-27,EFFR,미국 기준금리,정상,0,20관측 -2bp · 인하 · EFFR 변화는 목표범위 결정 자체와 구분,금리 하락 또는 상대관계 변화을 관찰합니다. 물가·고용·신용의 동반 움직임으로 의미를 구분합니다.,낮음
2026-05-27,US3M,미국 3개월물 국채수익률,확인 부족,-1,이력 부족: 0/25관측,현재 상태를 판단할 자료가 부족합니다.,확인 부족
2026-05-27,US2Y,미국 2년물 국채수익률,확인 부족,-1,이력 부족: 0/25관측,현재 상태를 판단할 자료가 부족합니다.,확인 부족
2026-05-27,US10Y,미국 10년물 국채수익률,확인 부족,-1,이력 부족: 0/25관측,현재 상태를 판단할 자료가 부족합니다.,확인 부족
2026-05-27,US30Y,미국 30년물 국채수익률,확인 부족,-1,이력 부족: 0/25관측,현재 상태를 판단할 자료가 부족합니다.,확인 부족
2026-05-27,REAL10,미국 10년물 실질금리,확인 부족,-1,이력 부족: 0/25관측,현재 상태를 판단할 자료가 부족합니다.,확인 부족
2026-05-27,TERM,미국 10년물 기간프리미엄,주의,2,과거 504관측 대비 98.0백분위 · 20일 +10bp,금리 상승에 따른 부담을 관찰합니다. 물가·고용·신용의 동반 움직임으로 의미를 구분합니다.,낮음
2026-05-27,CURVE2,미국 10년물-2년물 금리차,확인 부족,-1,이력 부족: 0/22관측,현재 상태를 판단할 자료가 부족합니다.,확인 부족
2026-05-27,CURVE3,미국 10년물-3개월물 금리차,확인 부족,-1,이력 부족: 0/22관측,현재 상태를 판단할 자료가 부족합니다.,확인 부족
2026-05-27,CURVEFED,미국 10년물-기준금리 차,확인 부족,-1,이력 부족: 0/22관측,현재 상태를 판단할 자료가 부족합니다.,확인 부족
2026-05-27,VIX,VIX,정상,0,VIX 16.3 · 5일 -6.6% · 20일 -13.4% · 5일 -1.2포인트,지표 고유의 상태와 다른 시장 영역의 동반 신호를 구분해 확인합니다.,낮음
2026-05-27,VIXPOS,VIX 1년 위치,참고,0,과거 252관측 대비 27.2백분위,최근 분포에서의 위치입니다. 별도 위험 신호로 중복 집계하지 않습니다.,낮음
2026-05-27,HY,하이일드 OAS,안정,0,HY 2.71%p · 5일 -9bp · 20일 -11bp,지표 고유의 상태와 다른 시장 영역의 동반 신호를 구분해 확인합니다.,낮음
2026-05-27,BBB,BBB OAS,안정,0,BBB 0.93%p · 5일 -2bp · 20일 -8bp,지표 고유의 상태와 다른 시장 영역의 동반 신호를 구분해 확인합니다.,낮음
2026-05-27,HYPOS,HY 1년 위치,참고,0,과거 252관측 대비 4.0백분위,최근 분포에서의 위치입니다. 별도 위험 신호로 중복 집계하지 않습니다.,낮음
2026-05-27,UNEMP,미국 실업률,확인 부족,-1,월간 관측 누락: 달력 기간 계산 보류,현재 상태를 판단할 자료가 부족합니다.,확인 부족
2026-05-27,SAHM,Sahm Rule,확인 부족,-1,월간 관측 누락: 달력 기간 계산 보류,현재 상태를 판단할 자료가 부족합니다.,확인 부족
2026-05-27,CLAIMS,신규실업수당 4주평균,확인 부족,-1,이력 부족: 0/55관측,현재 상태를 판단할 자료가 부족합니다.,확인 부족
2026-05-27,CPI,CPI,확인 부족,-1,이력 부족: 0/16관측,현재 상태를 판단할 자료가 부족합니다.,확인 부족
2026-05-27,CORECPI,근원 CPI,확인 부족,-1,이력 부족: 0/16관측,현재 상태를 판단할 자료가 부족합니다.,확인 부족
2026-05-27,COREPCE,근원 PCE,확인 부족,-1,이력 부족: 0/16관측,현재 상태를 판단할 자료가 부족합니다.,확인 부족
2026-05-27,DXY,달러지수,확인 부족,-1,이력 부족: 0/147관측,현재 상태를 판단할 자료가 부족합니다.,확인 부족
2026-05-27,USDKRW,달러/원,확인 부족,-1,이력 부족: 0/147관측,현재 상태를 판단할 자료가 부족합니다.,확인 부족
2026-05-27,USDJPY,달러/엔,확인 부족,-1,이력 부족: 0/147관측,현재 상태를 판단할 자료가 부족합니다.,확인 부족
2026-05-27,WTI,WTI,확인 부족,-1,이력 부족: 0/147관측,현재 상태를 판단할 자료가 부족합니다.,확인 부족
2026-05-27,GOLD,금,정상,0,5일 -1.30% · 20일 -3.14% · 변동성 기준 37.3/43.1백분위,가격 움직임은 확인되지만 원인을 구분할 교차 근거가 충분하지 않습니다.,낮음
2026-05-27,SILVER,은,정상,0,5일 -0.31% · 20일 +1.90% · 변동성 기준 5.2/18.5백분위,가격 움직임은 확인되지만 원인을 구분할 교차 근거가 충분하지 않습니다.,낮음
2026-05-27,COPPER,구리,정상,0,5일 +2.27% · 20일 +6.60% · 변동성 기준 48.8/61.3백분위,가격 움직임은 확인되지만 원인을 구분할 교차 근거가 충분하지 않습니다.,낮음
2026-05-28,SP500,S&P500,확인 부족,-1,이력 부족: 0/252관측,현재 상태를 판단할 자료가 부족합니다.,확인 부족
2026-05-28,NASDAQ,Nasdaq,확인 부족,-1,이력 부족: 0/252관측,현재 상태를 판단할 자료가 부족합니다.,확인 부족
2026-05-28,RUSSELL,Russell 2000,정상,0,5일 +4.2% · 20일 +7.2% · 고점 대비 0.0%,지표 고유의 상태와 다른 시장 영역의 동반 신호를 구분해 확인합니다.,낮음
2026-05-28,MA200,200일 이동평균 이격,확인 부족,-1,이력 부족: 0/200관측,현재 상태를 판단할 자료가 부족합니다.,확인 부족
2026-05-28,EW,동일가중 상대성과,관찰,1,RSP가 SPY 대비 20일 -2.1%p · 5일 상대성과 +0.37%p,지표 고유의 상태와 다른 시장 영역의 동반 신호를 구분해 확인합니다.,낮음
2026-05-28,CAPE,CAPE,확인 부족,-1,이력 부족: 0/120관측,현재 상태를 판단할 자료가 부족합니다.,확인 부족
2026-05-28,ADV,상승 종목 비율,확인 부족,-1,이력 부족: 0/21관측,현재 상태를 판단할 자료가 부족합니다.,확인 부족
2026-05-28,ABOVE200,200DMA 위 종목 비율,확인 부족,-1,이력 부족: 0/21관측,현재 상태를 판단할 자료가 부족합니다.,확인 부족
2026-05-28,HILO,52주 신고가-신저가 비율,확인 부족,-1,이력 부족: 0/21관측,현재 상태를 판단할 자료가 부족합니다.,확인 부족
2026-05-28,EFFR,미국 기준금리,정상,0,20관측 -2bp · 인하 · EFFR 변화는 목표범위 결정 자체와 구분,금리 하락 또는 상대관계 변화을 관찰합니다. 물가·고용·신용의 동반 움직임으로 의미를 구분합니다.,낮음
2026-05-28,US3M,미국 3개월물 국채수익률,확인 부족,-1,이력 부족: 0/25관측,현재 상태를 판단할 자료가 부족합니다.,확인 부족
2026-05-28,US2Y,미국 2년물 국채수익률,확인 부족,-1,이력 부족: 0/25관측,현재 상태를 판단할 자료가 부족합니다.,확인 부족
2026-05-28,US10Y,미국 10년물 국채수익률,확인 부족,-1,이력 부족: 0/25관측,현재 상태를 판단할 자료가 부족합니다.,확인 부족
2026-05-28,US30Y,미국 30년물 국채수익률,확인 부족,-1,이력 부족: 0/25관측,현재 상태를 판단할 자료가 부족합니다.,확인 부족
2026-05-28,REAL10,미국 10년물 실질금리,확인 부족,-1,이력 부족: 0/25관측,현재 상태를 판단할 자료가 부족합니다.,확인 부족
2026-05-28,TERM,미국 10년물 기간프리미엄,주의,2,과거 504관측 대비 97.8백분위 · 20일 +6bp,금리 상승에 따른 부담을 관찰합니다. 물가·고용·신용의 동반 움직임으로 의미를 구분합니다.,낮음
2026-05-28,CURVE2,미국 10년물-2년물 금리차,확인 부족,-1,이력 부족: 0/22관측,현재 상태를 판단할 자료가 부족합니다.,확인 부족
2026-05-28,CURVE3,미국 10년물-3개월물 금리차,확인 부족,-1,이력 부족: 0/22관측,현재 상태를 판단할 자료가 부족합니다.,확인 부족
2026-05-28,CURVEFED,미국 10년물-기준금리 차,확인 부족,-1,이력 부족: 0/22관측,현재 상태를 판단할 자료가 부족합니다.,확인 부족
2026-05-28,VIX,VIX,정상,0,VIX 15.7 · 5일 -6.1% · 20일 -6.8% · 5일 -1.0포인트,지표 고유의 상태와 다른 시장 영역의 동반 신호를 구분해 확인합니다.,낮음
2026-05-28,VIXPOS,VIX 1년 위치,참고,0,과거 252관측 대비 19.6백분위,최근 분포에서의 위치입니다. 별도 위험 신호로 중복 집계하지 않습니다.,낮음
2026-05-28,HY,하이일드 OAS,안정,0,HY 2.72%p · 5일 -6bp · 20일 -11bp,지표 고유의 상태와 다른 시장 영역의 동반 신호를 구분해 확인합니다.,낮음
2026-05-28,BBB,BBB OAS,안정,0,BBB 0.93%p · 5일 -1bp · 20일 -9bp,지표 고유의 상태와 다른 시장 영역의 동반 신호를 구분해 확인합니다.,낮음
2026-05-28,HYPOS,HY 1년 위치,참고,0,과거 252관측 대비 5.8백분위,최근 분포에서의 위치입니다. 별도 위험 신호로 중복 집계하지 않습니다.,낮음
2026-05-28,UNEMP,미국 실업률,확인 부족,-1,월간 관측 누락: 달력 기간 계산 보류,현재 상태를 판단할 자료가 부족합니다.,확인 부족
2026-05-28,SAHM,Sahm Rule,확인 부족,-1,월간 관측 누락: 달력 기간 계산 보류,현재 상태를 판단할 자료가 부족합니다.,확인 부족
2026-05-28,CLAIMS,신규실업수당 4주평균,확인 부족,-1,이력 부족: 0/55관측,현재 상태를 판단할 자료가 부족합니다.,확인 부족
2026-05-28,CPI,CPI,확인 부족,-1,이력 부족: 0/16관측,현재 상태를 판단할 자료가 부족합니다.,확인 부족
2026-05-28,CORECPI,근원 CPI,확인 부족,-1,이력 부족: 0/16관측,현재 상태를 판단할 자료가 부족합니다.,확인 부족
2026-05-28,COREPCE,근원 PCE,확인 부족,-1,이력 부족: 0/16관측,현재 상태를 판단할 자료가 부족합니다.,확인 부족
2026-05-28,DXY,달러지수,확인 부족,-1,이력 부족: 0/147관측,현재 상태를 판단할 자료가 부족합니다.,확인 부족
2026-05-28,USDKRW,달러/원,확인 부족,-1,이력 부족: 0/147관측,현재 상태를 판단할 자료가 부족합니다.,확인 부족
2026-05-28,USDJPY,달러/엔,확인 부족,-1,이력 부족: 0/147관측,현재 상태를 판단할 자료가 부족합니다.,확인 부족
2026-05-28,WTI,WTI,확인 부족,-1,이력 부족: 0/147관측,현재 상태를 판단할 자료가 부족합니다.,확인 부족
2026-05-28,GOLD,금,정상,0,5일 -0.71% · 20일 -1.01% · 변동성 기준 20.6/15.5백분위,가격 움직임은 확인되지만 원인을 구분할 교차 근거가 충분하지 않습니다.,낮음
2026-05-28,SILVER,은,정상,0,5일 -0.27% · 20일 +5.70% · 변동성 기준 4.4/47.2백분위,가격 움직임은 확인되지만 원인을 구분할 교차 근거가 충분하지 않습니다.,낮음
2026-05-28,COPPER,구리,정상,0,5일 +1.68% · 20일 +8.80% · 변동성 기준 37.5/76.2백분위,가격 움직임은 확인되지만 원인을 구분할 교차 근거가 충분하지 않습니다.,낮음
2026-05-29,SP500,S&P500,확인 부족,-1,이력 부족: 0/252관측,현재 상태를 판단할 자료가 부족합니다.,확인 부족
2026-05-29,NASDAQ,Nasdaq,확인 부족,-1,이력 부족: 0/252관측,현재 상태를 판단할 자료가 부족합니다.,확인 부족
2026-05-29,RUSSELL,Russell 2000,정상,0,5일 +2.7% · 20일 +4.3% · 고점 대비 -0.6%,지표 고유의 상태와 다른 시장 영역의 동반 신호를 구분해 확인합니다.,낮음
2026-05-29,MA200,200일 이동평균 이격,확인 부족,-1,이력 부족: 0/200관측,현재 상태를 판단할 자료가 부족합니다.,확인 부족
2026-05-29,EW,동일가중 상대성과,관찰,1,RSP가 SPY 대비 20일 -2.6%p · 5일 상대성과 +0.16%p,지표 고유의 상태와 다른 시장 영역의 동반 신호를 구분해 확인합니다.,낮음
2026-05-29,CAPE,CAPE,확인 부족,-1,이력 부족: 0/120관측,현재 상태를 판단할 자료가 부족합니다.,확인 부족
2026-05-29,ADV,상승 종목 비율,확인 부족,-1,이력 부족: 0/21관측,현재 상태를 판단할 자료가 부족합니다.,확인 부족
2026-05-29,ABOVE200,200DMA 위 종목 비율,확인 부족,-1,이력 부족: 0/21관측,현재 상태를 판단할 자료가 부족합니다.,확인 부족
2026-05-29,HILO,52주 신고가-신저가 비율,확인 부족,-1,이력 부족: 0/21관측,현재 상태를 판단할 자료가 부족합니다.,확인 부족
2026-05-29,EFFR,미국 기준금리,정상,0,20관측 -2bp · 인하 · EFFR 변화는 목표범위 결정 자체와 구분,금리 하락 또는 상대관계 변화을 관찰합니다. 물가·고용·신용의 동반 움직임으로 의미를 구분합니다.,낮음
2026-05-29,US3M,미국 3개월물 국채수익률,확인 부족,-1,이력 부족: 0/25관측,현재 상태를 판단할 자료가 부족합니다.,확인 부족
2026-05-29,US2Y,미국 2년물 국채수익률,확인 부족,-1,이력 부족: 0/25관측,현재 상태를 판단할 자료가 부족합니다.,확인 부족
2026-05-29,US10Y,미국 10년물 국채수익률,확인 부족,-1,이력 부족: 0/25관측,현재 상태를 판단할 자료가 부족합니다.,확인 부족
2026-05-29,US30Y,미국 30년물 국채수익률,확인 부족,-1,이력 부족: 0/25관측,현재 상태를 판단할 자료가 부족합니다.,확인 부족
2026-05-29,REAL10,미국 10년물 실질금리,확인 부족,-1,이력 부족: 0/25관측,현재 상태를 판단할 자료가 부족합니다.,확인 부족
2026-05-29,TERM,미국 10년물 기간프리미엄,관찰,1,과거 504관측 대비 97.2백분위 · 20일 +5bp,금리 상승에 따른 부담을 관찰합니다. 물가·고용·신용의 동반 움직임으로 의미를 구분합니다.,낮음
2026-05-29,CURVE2,미국 10년물-2년물 금리차,확인 부족,-1,이력 부족: 0/22관측,현재 상태를 판단할 자료가 부족합니다.,확인 부족
2026-05-29,CURVE3,미국 10년물-3개월물 금리차,확인 부족,-1,이력 부족: 0/22관측,현재 상태를 판단할 자료가 부족합니다.,확인 부족
2026-05-29,CURVEFED,미국 10년물-기준금리 차,확인 부족,-1,이력 부족: 0/22관측,현재 상태를 판단할 자료가 부족합니다.,확인 부족
2026-05-29,VIX,VIX,정상,0,VIX 15.3 · 5일 -8.3% · 20일 -9.8% · 5일 -1.4포인트,지표 고유의 상태와 다른 시장 영역의 동반 신호를 구분해 확인합니다.,낮음
2026-05-29,VIXPOS,VIX 1년 위치,참고,0,과거 252관측 대비 13.5백분위,최근 분포에서의 위치입니다. 별도 위험 신호로 중복 집계하지 않습니다.,낮음
2026-05-29,HY,하이일드 OAS,안정,0,HY 2.72%p · 5일 -2bp · 20일 -5bp,지표 고유의 상태와 다른 시장 영역의 동반 신호를 구분해 확인합니다.,낮음
2026-05-29,BBB,BBB OAS,안정,0,BBB 0.92%p · 5일 -1bp · 20일 -9bp,지표 고유의 상태와 다른 시장 영역의 동반 신호를 구분해 확인합니다.,낮음
2026-05-29,HYPOS,HY 1년 위치,참고,0,과거 252관측 대비 6.0백분위,최근 분포에서의 위치입니다. 별도 위험 신호로 중복 집계하지 않습니다.,낮음
2026-05-29,UNEMP,미국 실업률,확인 부족,-1,월간 관측 누락: 달력 기간 계산 보류,현재 상태를 판단할 자료가 부족합니다.,확인 부족
2026-05-29,SAHM,Sahm Rule,확인 부족,-1,월간 관측 누락: 달력 기간 계산 보류,현재 상태를 판단할 자료가 부족합니다.,확인 부족
2026-05-29,CLAIMS,신규실업수당 4주평균,확인 부족,-1,이력 부족: 0/55관측,현재 상태를 판단할 자료가 부족합니다.,확인 부족
2026-05-29,CPI,CPI,확인 부족,-1,이력 부족: 0/16관측,현재 상태를 판단할 자료가 부족합니다.,확인 부족
2026-05-29,CORECPI,근원 CPI,확인 부족,-1,이력 부족: 0/16관측,현재 상태를 판단할 자료가 부족합니다.,확인 부족
2026-05-29,COREPCE,근원 PCE,확인 부족,-1,이력 부족: 0/16관측,현재 상태를 판단할 자료가 부족합니다.,확인 부족
2026-05-29,DXY,달러지수,확인 부족,-1,이력 부족: 0/147관측,현재 상태를 판단할 자료가 부족합니다.,확인 부족
2026-05-29,USDKRW,달러/원,확인 부족,-1,이력 부족: 0/147관측,현재 상태를 판단할 자료가 부족합니다.,확인 부족
2026-05-29,USDJPY,달러/엔,확인 부족,-1,이력 부족: 0/147관측,현재 상태를 판단할 자료가 부족합니다.,확인 부족
2026-05-29,WTI,WTI,확인 부족,-1,이력 부족: 0/147관측,현재 상태를 판단할 자료가 부족합니다.,확인 부족
2026-05-29,GOLD,금,정상,0,5일 +0.46% · 20일 -1.17% · 변동성 기준 12.5/17.7백분위,가격 움직임은 확인되지만 원인을 구분할 교차 근거가 충분하지 않습니다.,낮음
2026-05-29,SILVER,은,정상,0,5일 -1.04% · 20일 +2.83% · 변동성 기준 18.7/25.4백분위,가격 움직임은 확인되지만 원인을 구분할 교차 근거가 충분하지 않습니다.,낮음
2026-05-29,COPPER,구리,정상,0,5일 +1.64% · 20일 +7.32% · 변동성 기준 36.1/67.1백분위,가격 움직임은 확인되지만 원인을 구분할 교차 근거가 충분하지 않습니다.,낮음
2026-06-01,SP500,S&P500,확인 부족,-1,이력 부족: 0/252관측,현재 상태를 판단할 자료가 부족합니다.,확인 부족
2026-06-01,NASDAQ,Nasdaq,확인 부족,-1,이력 부족: 0/252관측,현재 상태를 판단할 자료가 부족합니다.,확인 부족
2026-06-01,RUSSELL,Russell 2000,정상,0,5일 +1.3% · 20일 +3.3% · 고점 대비 -1.0%,지표 고유의 상태와 다른 시장 영역의 동반 신호를 구분해 확인합니다.,낮음
2026-06-01,MA200,200일 이동평균 이격,확인 부족,-1,이력 부족: 0/200관측,현재 상태를 판단할 자료가 부족합니다.,확인 부족
2026-06-01,EW,동일가중 상대성과,관찰,1,RSP가 SPY 대비 20일 -2.1%p · 5일 상대성과 -0.46%p,지표 고유의 상태와 다른 시장 영역의 동반 신호를 구분해 확인합니다.,낮음
2026-06-01,CAPE,CAPE,확인 부족,-1,이력 부족: 0/120관측,현재 상태를 판단할 자료가 부족합니다.,확인 부족
2026-06-01,ADV,상승 종목 비율,확인 부족,-1,이력 부족: 0/21관측,현재 상태를 판단할 자료가 부족합니다.,확인 부족
2026-06-01,ABOVE200,200DMA 위 종목 비율,확인 부족,-1,이력 부족: 0/21관측,현재 상태를 판단할 자료가 부족합니다.,확인 부족
2026-06-01,HILO,52주 신고가-신저가 비율,확인 부족,-1,이력 부족: 0/21관측,현재 상태를 판단할 자료가 부족합니다.,확인 부족
2026-06-01,EFFR,미국 기준금리,정상,0,20관측 -2bp · 인하 · EFFR 변화는 목표범위 결정 자체와 구분,금리 하락 또는 상대관계 변화을 관찰합니다. 물가·고용·신용의 동반 움직임으로 의미를 구분합니다.,낮음
2026-06-01,US3M,미국 3개월물 국채수익률,확인 부족,-1,이력 부족: 0/25관측,현재 상태를 판단할 자료가 부족합니다.,확인 부족
2026-06-01,US2Y,미국 2년물 국채수익률,확인 부족,-1,이력 부족: 0/25관측,현재 상태를 판단할 자료가 부족합니다.,확인 부족
2026-06-01,US10Y,미국 10년물 국채수익률,확인 부족,-1,이력 부족: 0/25관측,현재 상태를 판단할 자료가 부족합니다.,확인 부족
2026-06-01,US30Y,미국 30년물 국채수익률,확인 부족,-1,이력 부족: 0/25관측,현재 상태를 판단할 자료가 부족합니다.,확인 부족
2026-06-01,REAL10,미국 10년물 실질금리,확인 부족,-1,이력 부족: 0/25관측,현재 상태를 판단할 자료가 부족합니다.,확인 부족
2026-06-01,TERM,미국 10년물 기간프리미엄,주의,2,과거 504관측 대비 97.6백분위 · 20일 +6bp,금리 상승에 따른 부담을 관찰합니다. 물가·고용·신용의 동반 움직임으로 의미를 구분합니다.,낮음
2026-06-01,CURVE2,미국 10년물-2년물 금리차,확인 부족,-1,이력 부족: 0/22관측,현재 상태를 판단할 자료가 부족합니다.,확인 부족
2026-06-01,CURVE3,미국 10년물-3개월물 금리차,확인 부족,-1,이력 부족: 0/22관측,현재 상태를 판단할 자료가 부족합니다.,확인 부족
2026-06-01,CURVEFED,미국 10년물-기준금리 차,확인 부족,-1,이력 부족: 0/22관측,현재 상태를 판단할 자료가 부족합니다.,확인 부족
2026-06-01,VIX,VIX,정상,0,VIX 16.1 · 5일 -3.3% · 20일 -12.2% · 5일 -0.5포인트,지표 고유의 상태와 다른 시장 영역의 동반 신호를 구분해 확인합니다.,낮음
2026-06-01,VIXPOS,VIX 1년 위치,참고,0,과거 252관측 대비 24.2백분위,최근 분포에서의 위치입니다. 별도 위험 신호로 중복 집계하지 않습니다.,낮음
2026-06-01,HY,하이일드 OAS,안정,0,HY 2.72%p · 5일 +0bp · 20일 -5bp,지표 고유의 상태와 다른 시장 영역의 동반 신호를 구분해 확인합니다.,낮음
2026-06-01,BBB,BBB OAS,안정,0,BBB 0.92%p · 5일 -1bp · 20일 -7bp,지표 고유의 상태와 다른 시장 영역의 동반 신호를 구분해 확인합니다.,낮음
2026-06-01,HYPOS,HY 1년 위치,참고,0,과거 252관측 대비 6.2백분위,최근 분포에서의 위치입니다. 별도 위험 신호로 중복 집계하지 않습니다.,낮음
2026-06-01,UNEMP,미국 실업률,확인 부족,-1,월간 관측 누락: 달력 기간 계산 보류,현재 상태를 판단할 자료가 부족합니다.,확인 부족
2026-06-01,SAHM,Sahm Rule,확인 부족,-1,월간 관측 누락: 달력 기간 계산 보류,현재 상태를 판단할 자료가 부족합니다.,확인 부족
2026-06-01,CLAIMS,신규실업수당 4주평균,확인 부족,-1,이력 부족: 0/55관측,현재 상태를 판단할 자료가 부족합니다.,확인 부족
2026-06-01,CPI,CPI,확인 부족,-1,이력 부족: 0/16관측,현재 상태를 판단할 자료가 부족합니다.,확인 부족
2026-06-01,CORECPI,근원 CPI,확인 부족,-1,이력 부족: 0/16관측,현재 상태를 판단할 자료가 부족합니다.,확인 부족
2026-06-01,COREPCE,근원 PCE,확인 부족,-1,이력 부족: 0/16관측,현재 상태를 판단할 자료가 부족합니다.,확인 부족
2026-06-01,DXY,달러지수,확인 부족,-1,이력 부족: 0/147관측,현재 상태를 판단할 자료가 부족합니다.,확인 부족
2026-06-01,USDKRW,달러/원,확인 부족,-1,이력 부족: 0/147관측,현재 상태를 판단할 자료가 부족합니다.,확인 부족
2026-06-01,USDJPY,달러/엔,확인 부족,-1,이력 부족: 0/147관측,현재 상태를 판단할 자료가 부족합니다.,확인 부족
2026-06-01,WTI,WTI,확인 부족,-1,이력 부족: 0/147관측,현재 상태를 판단할 자료가 부족합니다.,확인 부족
2026-06-01,GOLD,금,정상,0,5일 -1.01% · 20일 -3.34% · 변동성 기준 28.4/46.4백분위,가격 움직임은 확인되지만 원인을 구분할 교차 근거가 충분하지 않습니다.,낮음
2026-06-01,SILVER,은,정상,0,5일 -1.17% · 20일 -1.24% · 변동성 기준 20.2/11.7백분위,가격 움직임은 확인되지만 원인을 구분할 교차 근거가 충분하지 않습니다.,낮음
2026-06-01,COPPER,구리,정상,0,5일 +2.87% · 20일 +9.98% · 변동성 기준 60.1/82.3백분위,가격 움직임은 확인되지만 원인을 구분할 교차 근거가 충분하지 않습니다.,낮음
2026-06-02,SP500,S&P500,확인 부족,-1,이력 부족: 0/252관측,현재 상태를 판단할 자료가 부족합니다.,확인 부족
2026-06-02,NASDAQ,Nasdaq,확인 부족,-1,이력 부족: 0/252관측,현재 상태를 판단할 자료가 부족합니다.,확인 부족
2026-06-02,RUSSELL,Russell 2000,정상,0,5일 +0.4% · 20일 +4.9% · 고점 대비 -0.2%,지표 고유의 상태와 다른 시장 영역의 동반 신호를 구분해 확인합니다.,낮음
2026-06-02,MA200,200일 이동평균 이격,확인 부족,-1,이력 부족: 0/200관측,현재 상태를 판단할 자료가 부족합니다.,확인 부족
2026-06-02,EW,동일가중 상대성과,정상,0,RSP가 SPY 대비 20일 -1.6%p · 5일 상대성과 -0.04%p,지표 고유의 상태와 다른 시장 영역의 동반 신호를 구분해 확인합니다.,낮음
2026-06-02,CAPE,CAPE,확인 부족,-1,이력 부족: 0/120관측,현재 상태를 판단할 자료가 부족합니다.,확인 부족
2026-06-02,ADV,상승 종목 비율,확인 부족,-1,이력 부족: 0/21관측,현재 상태를 판단할 자료가 부족합니다.,확인 부족
2026-06-02,ABOVE200,200DMA 위 종목 비율,확인 부족,-1,이력 부족: 0/21관측,현재 상태를 판단할 자료가 부족합니다.,확인 부족
2026-06-02,HILO,52주 신고가-신저가 비율,확인 부족,-1,이력 부족: 0/21관측,현재 상태를 판단할 자료가 부족합니다.,확인 부족
2026-06-02,EFFR,미국 기준금리,정상,0,20관측 -2bp · 인하 · EFFR 변화는 목표범위 결정 자체와 구분,금리 하락 또는 상대관계 변화을 관찰합니다. 물가·고용·신용의 동반 움직임으로 의미를 구분합니다.,낮음
2026-06-02,US3M,미국 3개월물 국채수익률,확인 부족,-1,이력 부족: 0/25관측,현재 상태를 판단할 자료가 부족합니다.,확인 부족
2026-06-02,US2Y,미국 2년물 국채수익률,확인 부족,-1,이력 부족: 0/25관측,현재 상태를 판단할 자료가 부족합니다.,확인 부족
2026-06-02,US10Y,미국 10년물 국채수익률,확인 부족,-1,이력 부족: 0/25관측,현재 상태를 판단할 자료가 부족합니다.,확인 부족
2026-06-02,US30Y,미국 30년물 국채수익률,확인 부족,-1,이력 부족: 0/25관측,현재 상태를 판단할 자료가 부족합니다.,확인 부족
2026-06-02,REAL10,미국 10년물 실질금리,확인 부족,-1,이력 부족: 0/25관측,현재 상태를 판단할 자료가 부족합니다.,확인 부족
2026-06-02,TERM,미국 10년물 기간프리미엄,관찰,1,과거 504관측 대비 97.4백분위 · 20일 +3bp,금리 상승에 따른 부담을 관찰합니다. 물가·고용·신용의 동반 움직임으로 의미를 구분합니다.,낮음
2026-06-02,CURVE2,미국 10년물-2년물 금리차,확인 부족,-1,이력 부족: 0/22관측,현재 상태를 판단할 자료가 부족합니다.,확인 부족
2026-06-02,CURVE3,미국 10년물-3개월물 금리차,확인 부족,-1,이력 부족: 0/22관측,현재 상태를 판단할 자료가 부족합니다.,확인 부족
2026-06-02,CURVEFED,미국 10년물-기준금리 차,확인 부족,-1,이력 부족: 0/22관측,현재 상태를 판단할 자료가 부족합니다.,확인 부족
2026-06-02,VIX,VIX,정상,0,VIX 15.8 · 5일 -7.3% · 20일 -9.3% · 5일 -1.2포인트,지표 고유의 상태와 다른 시장 영역의 동반 신호를 구분해 확인합니다.,낮음
2026-06-02,VIXPOS,VIX 1년 위치,참고,0,과거 252관측 대비 20.8백분위,최근 분포에서의 위치입니다. 별도 위험 신호로 중복 집계하지 않습니다.,낮음
2026-06-02,HY,하이일드 OAS,안정,0,HY 2.71%p · 5일 +0bp · 20일 -4bp,지표 고유의 상태와 다른 시장 영역의 동반 신호를 구분해 확인합니다.,낮음
2026-06-02,BBB,BBB OAS,안정,0,BBB 0.92%p · 5일 -1bp · 20일 -7bp,지표 고유의 상태와 다른 시장 영역의 동반 신호를 구분해 확인합니다.,낮음
2026-06-02,HYPOS,HY 1년 위치,참고,0,과거 252관측 대비 4.2백분위,최근 분포에서의 위치입니다. 별도 위험 신호로 중복 집계하지 않습니다.,낮음
2026-06-02,UNEMP,미국 실업률,확인 부족,-1,월간 관측 누락: 달력 기간 계산 보류,현재 상태를 판단할 자료가 부족합니다.,확인 부족
2026-06-02,SAHM,Sahm Rule,확인 부족,-1,월간 관측 누락: 달력 기간 계산 보류,현재 상태를 판단할 자료가 부족합니다.,확인 부족
2026-06-02,CLAIMS,신규실업수당 4주평균,확인 부족,-1,이력 부족: 0/55관측,현재 상태를 판단할 자료가 부족합니다.,확인 부족
2026-06-02,CPI,CPI,확인 부족,-1,이력 부족: 0/16관측,현재 상태를 판단할 자료가 부족합니다.,확인 부족
2026-06-02,CORECPI,근원 CPI,확인 부족,-1,이력 부족: 0/16관측,현재 상태를 판단할 자료가 부족합니다.,확인 부족
2026-06-02,COREPCE,근원 PCE,확인 부족,-1,이력 부족: 0/16관측,현재 상태를 판단할 자료가 부족합니다.,확인 부족
2026-06-02,DXY,달러지수,확인 부족,-1,이력 부족: 0/147관측,현재 상태를 판단할 자료가 부족합니다.,확인 부족
2026-06-02,USDKRW,달러/원,확인 부족,-1,이력 부족: 0/147관측,현재 상태를 판단할 자료가 부족합니다.,확인 부족
2026-06-02,USDJPY,달러/엔,확인 부족,-1,이력 부족: 0/147관측,현재 상태를 판단할 자료가 부족합니다.,확인 부족
2026-06-02,WTI,WTI,확인 부족,-1,이력 부족: 0/147관측,현재 상태를 판단할 자료가 부족합니다.,확인 부족
2026-06-02,GOLD,금,정상,0,5일 -0.25% · 20일 -0.67% · 변동성 기준 7.3/8.9백분위,가격 움직임은 확인되지만 원인을 구분할 교차 근거가 충분하지 않습니다.,낮음
2026-06-02,SILVER,은,정상,0,5일 -1.30% · 20일 +3.06% · 변동성 기준 22.2/27.6백분위,가격 움직임은 확인되지만 원인을 구분할 교차 근거가 충분하지 않습니다.,낮음
2026-06-02,COPPER,구리,관찰,1,5일 +4.54% · 20일 +14.75% · 변동성 기준 80.4/94.2백분위,가격 움직임은 확인되지만 원인을 구분할 교차 근거가 충분하지 않습니다.,낮음
2026-06-03,SP500,S&P500,확인 부족,-1,이력 부족: 0/252관측,현재 상태를 판단할 자료가 부족합니다.,확인 부족
2026-06-03,NASDAQ,Nasdaq,확인 부족,-1,이력 부족: 0/252관측,현재 상태를 판단할 자료가 부족합니다.,확인 부족
2026-06-03,RUSSELL,Russell 2000,정상,0,5일 -0.9% · 20일 +1.7% · 고점 대비 -1.5%,지표 고유의 상태와 다른 시장 영역의 동반 신호를 구분해 확인합니다.,낮음
2026-06-03,MA200,200일 이동평균 이격,확인 부족,-1,이력 부족: 0/200관측,현재 상태를 판단할 자료가 부족합니다.,확인 부족
2026-06-03,EW,동일가중 상대성과,정상,0,RSP가 SPY 대비 20일 -1.3%p · 5일 상대성과 +0.34%p,지표 고유의 상태와 다른 시장 영역의 동반 신호를 구분해 확인합니다.,낮음
2026-06-03,CAPE,CAPE,확인 부족,-1,이력 부족: 0/120관측,현재 상태를 판단할 자료가 부족합니다.,확인 부족
2026-06-03,ADV,상승 종목 비율,확인 부족,-1,이력 부족: 0/21관측,현재 상태를 판단할 자료가 부족합니다.,확인 부족
2026-06-03,ABOVE200,200DMA 위 종목 비율,확인 부족,-1,이력 부족: 0/21관측,현재 상태를 판단할 자료가 부족합니다.,확인 부족
2026-06-03,HILO,52주 신고가-신저가 비율,확인 부족,-1,이력 부족: 0/21관측,현재 상태를 판단할 자료가 부족합니다.,확인 부족
2026-06-03,EFFR,미국 기준금리,정상,0,20관측 -2bp · 인하 · EFFR 변화는 목표범위 결정 자체와 구분,금리 하락 또는 상대관계 변화을 관찰합니다. 물가·고용·신용의 동반 움직임으로 의미를 구분합니다.,낮음
2026-06-03,US3M,미국 3개월물 국채수익률,확인 부족,-1,이력 부족: 0/25관측,현재 상태를 판단할 자료가 부족합니다.,확인 부족
2026-06-03,US2Y,미국 2년물 국채수익률,확인 부족,-1,이력 부족: 0/25관측,현재 상태를 판단할 자료가 부족합니다.,확인 부족
2026-06-03,US10Y,미국 10년물 국채수익률,확인 부족,-1,이력 부족: 0/25관측,현재 상태를 판단할 자료가 부족합니다.,확인 부족
2026-06-03,US30Y,미국 30년물 국채수익률,확인 부족,-1,이력 부족: 0/25관측,현재 상태를 판단할 자료가 부족합니다.,확인 부족
2026-06-03,REAL10,미국 10년물 실질금리,확인 부족,-1,이력 부족: 0/25관측,현재 상태를 판단할 자료가 부족합니다.,확인 부족
2026-06-03,TERM,미국 10년물 기간프리미엄,주의,2,과거 504관측 대비 97.8백분위 · 20일 +5bp,금리 상승에 따른 부담을 관찰합니다. 물가·고용·신용의 동반 움직임으로 의미를 구분합니다.,낮음
2026-06-03,CURVE2,미국 10년물-2년물 금리차,확인 부족,-1,이력 부족: 0/22관측,현재 상태를 판단할 자료가 부족합니다.,확인 부족
2026-06-03,CURVE3,미국 10년물-3개월물 금리차,확인 부족,-1,이력 부족: 0/22관측,현재 상태를 판단할 자료가 부족합니다.,확인 부족
2026-06-03,CURVEFED,미국 10년물-기준금리 차,확인 부족,-1,이력 부족: 0/22관측,현재 상태를 판단할 자료가 부족합니다.,확인 부족
2026-06-03,VIX,VIX,정상,0,VIX 16.1 · 5일 -1.4% · 20일 -7.6% · 5일 -0.2포인트,지표 고유의 상태와 다른 시장 영역의 동반 신호를 구분해 확인합니다.,낮음
2026-06-03,VIXPOS,VIX 1년 위치,참고,0,과거 252관측 대비 25.0백분위,최근 분포에서의 위치입니다. 별도 위험 신호로 중복 집계하지 않습니다.,낮음
2026-06-03,HY,하이일드 OAS,안정,0,HY 2.75%p · 5일 +3bp · 20일 -4bp,지표 고유의 상태와 다른 시장 영역의 동반 신호를 구분해 확인합니다.,낮음
2026-06-03,BBB,BBB OAS,안정,0,BBB 0.93%p · 5일 +0bp · 20일 -6bp,지표 고유의 상태와 다른 시장 영역의 동반 신호를 구분해 확인합니다.,낮음
2026-06-03,HYPOS,HY 1년 위치,참고,0,과거 252관측 대비 11.7백분위,최근 분포에서의 위치입니다. 별도 위험 신호로 중복 집계하지 않습니다.,낮음
2026-06-03,UNEMP,미국 실업률,확인 부족,-1,월간 관측 누락: 달력 기간 계산 보류,현재 상태를 판단할 자료가 부족합니다.,확인 부족
2026-06-03,SAHM,Sahm Rule,확인 부족,-1,월간 관측 누락: 달력 기간 계산 보류,현재 상태를 판단할 자료가 부족합니다.,확인 부족
2026-06-03,CLAIMS,신규실업수당 4주평균,확인 부족,-1,이력 부족: 0/55관측,현재 상태를 판단할 자료가 부족합니다.,확인 부족
2026-06-03,CPI,CPI,확인 부족,-1,이력 부족: 0/16관측,현재 상태를 판단할 자료가 부족합니다.,확인 부족
2026-06-03,CORECPI,근원 CPI,확인 부족,-1,이력 부족: 0/16관측,현재 상태를 판단할 자료가 부족합니다.,확인 부족
2026-06-03,COREPCE,근원 PCE,확인 부족,-1,이력 부족: 0/16관측,현재 상태를 판단할 자료가 부족합니다.,확인 부족
2026-06-03,DXY,달러지수,확인 부족,-1,이력 부족: 0/147관측,현재 상태를 판단할 자료가 부족합니다.,확인 부족
2026-06-03,USDKRW,달러/원,확인 부족,-1,이력 부족: 0/147관측,현재 상태를 판단할 자료가 부족합니다.,확인 부족
2026-06-03,USDJPY,달러/엔,확인 부족,-1,이력 부족: 0/147관측,현재 상태를 판단할 자료가 부족합니다.,확인 부족
2026-06-03,WTI,WTI,확인 부족,-1,이력 부족: 0/147관측,현재 상태를 판단할 자료가 부족합니다.,확인 부족
2026-06-03,GOLD,금,정상,0,5일 -0.24% · 20일 -2.61% · 변동성 기준 6.9/37.3백분위,가격 움직임은 확인되지만 원인을 구분할 교차 근거가 충분하지 않습니다.,낮음
2026-06-03,SILVER,은,정상,0,5일 -1.51% · 20일 +0.50% · 변동성 기준 25.4/4.6백분위,가격 움직임은 확인되지만 원인을 구분할 교차 근거가 충분하지 않습니다.,낮음
2026-06-03,COPPER,구리,정상,0,5일 +2.79% · 20일 +9.05% · 변동성 기준 58.7/77.2백분위,가격 움직임은 확인되지만 원인을 구분할 교차 근거가 충분하지 않습니다.,낮음
2026-06-04,SP500,S&P500,확인 부족,-1,이력 부족: 0/252관측,현재 상태를 판단할 자료가 부족합니다.,확인 부족
2026-06-04,NASDAQ,Nasdaq,확인 부족,-1,이력 부족: 0/252관측,현재 상태를 판단할 자료가 부족합니다.,확인 부족
2026-06-04,RUSSELL,Russell 2000,정상,0,5일 -0.0% · 20일 +1.7% · 고점 대비 -0.0%,지표 고유의 상태와 다른 시장 영역의 동반 신호를 구분해 확인합니다.,낮음
2026-06-04,MA200,200일 이동평균 이격,확인 부족,-1,이력 부족: 0/200관측,현재 상태를 판단할 자료가 부족합니다.,확인 부족
2026-06-04,EW,동일가중 상대성과,정상,0,RSP가 SPY 대비 20일 -0.3%p · 5일 상대성과 +0.91%p,지표 고유의 상태와 다른 시장 영역의 동반 신호를 구분해 확인합니다.,낮음
2026-06-04,CAPE,CAPE,확인 부족,-1,이력 부족: 0/120관측,현재 상태를 판단할 자료가 부족합니다.,확인 부족
2026-06-04,ADV,상승 종목 비율,확인 부족,-1,이력 부족: 0/21관측,현재 상태를 판단할 자료가 부족합니다.,확인 부족
2026-06-04,ABOVE200,200DMA 위 종목 비율,확인 부족,-1,이력 부족: 0/21관측,현재 상태를 판단할 자료가 부족합니다.,확인 부족
2026-06-04,HILO,52주 신고가-신저가 비율,확인 부족,-1,이력 부족: 0/21관측,현재 상태를 판단할 자료가 부족합니다.,확인 부족
2026-06-04,EFFR,미국 기준금리,정상,0,20관측 -2bp · 인하 · EFFR 변화는 목표범위 결정 자체와 구분,금리 하락 또는 상대관계 변화을 관찰합니다. 물가·고용·신용의 동반 움직임으로 의미를 구분합니다.,낮음
2026-06-04,US3M,미국 3개월물 국채수익률,확인 부족,-1,이력 부족: 0/25관측,현재 상태를 판단할 자료가 부족합니다.,확인 부족
2026-06-04,US2Y,미국 2년물 국채수익률,확인 부족,-1,이력 부족: 0/25관측,현재 상태를 판단할 자료가 부족합니다.,확인 부족
2026-06-04,US10Y,미국 10년물 국채수익률,확인 부족,-1,이력 부족: 0/25관측,현재 상태를 판단할 자료가 부족합니다.,확인 부족
2026-06-04,US30Y,미국 30년물 국채수익률,확인 부족,-1,이력 부족: 0/25관측,현재 상태를 판단할 자료가 부족합니다.,확인 부족
2026-06-04,REAL10,미국 10년물 실질금리,확인 부족,-1,이력 부족: 0/25관측,현재 상태를 판단할 자료가 부족합니다.,확인 부족
2026-06-04,TERM,미국 10년물 기간프리미엄,주의,2,과거 504관측 대비 97.6백분위 · 20일 +7bp,금리 상승에 따른 부담을 관찰합니다. 물가·고용·신용의 동반 움직임으로 의미를 구분합니다.,낮음
2026-06-04,CURVE2,미국 10년물-2년물 금리차,확인 부족,-1,이력 부족: 0/22관측,현재 상태를 판단할 자료가 부족합니다.,확인 부족
2026-06-04,CURVE3,미국 10년물-3개월물 금리차,확인 부족,-1,이력 부족: 0/22관측,현재 상태를 판단할 자료가 부족합니다.,확인 부족
2026-06-04,CURVEFED,미국 10년물-기준금리 차,확인 부족,-1,이력 부족: 0/22관측,현재 상태를 판단할 자료가 부족합니다.,확인 부족
2026-06-04,VIX,VIX,정상,0,VIX 15.4 · 5일 -2.2% · 20일 -9.8% · 5일 -0.3포인트,지표 고유의 상태와 다른 시장 영역의 동반 신호를 구분해 확인합니다.,낮음
2026-06-04,VIXPOS,VIX 1년 위치,참고,0,과거 252관측 대비 15.9백분위,최근 분포에서의 위치입니다. 별도 위험 신호로 중복 집계하지 않습니다.,낮음
2026-06-04,HY,하이일드 OAS,안정,0,HY 2.74%p · 5일 +2bp · 20일 -7bp,지표 고유의 상태와 다른 시장 영역의 동반 신호를 구분해 확인합니다.,낮음
2026-06-04,BBB,BBB OAS,안정,0,BBB 0.93%p · 5일 +1bp · 20일 -6bp,지표 고유의 상태와 다른 시장 영역의 동반 신호를 구분해 확인합니다.,낮음
2026-06-04,HYPOS,HY 1년 위치,참고,0,과거 252관측 대비 9.5백분위,최근 분포에서의 위치입니다. 별도 위험 신호로 중복 집계하지 않습니다.,낮음
2026-06-04,UNEMP,미국 실업률,확인 부족,-1,월간 관측 누락: 달력 기간 계산 보류,현재 상태를 판단할 자료가 부족합니다.,확인 부족
2026-06-04,SAHM,Sahm Rule,확인 부족,-1,월간 관측 누락: 달력 기간 계산 보류,현재 상태를 판단할 자료가 부족합니다.,확인 부족
2026-06-04,CLAIMS,신규실업수당 4주평균,확인 부족,-1,이력 부족: 0/55관측,현재 상태를 판단할 자료가 부족합니다.,확인 부족
2026-06-04,CPI,CPI,확인 부족,-1,이력 부족: 0/16관측,현재 상태를 판단할 자료가 부족합니다.,확인 부족
2026-06-04,CORECPI,근원 CPI,확인 부족,-1,이력 부족: 0/16관측,현재 상태를 판단할 자료가 부족합니다.,확인 부족
2026-06-04,COREPCE,근원 PCE,확인 부족,-1,이력 부족: 0/16관측,현재 상태를 판단할 자료가 부족합니다.,확인 부족
2026-06-04,DXY,달러지수,확인 부족,-1,이력 부족: 0/147관측,현재 상태를 판단할 자료가 부족합니다.,확인 부족
2026-06-04,USDKRW,달러/원,확인 부족,-1,이력 부족: 0/147관측,현재 상태를 판단할 자료가 부족합니다.,확인 부족
2026-06-04,USDJPY,달러/엔,확인 부족,-1,이력 부족: 0/147관측,현재 상태를 판단할 자료가 부족합니다.,확인 부족
2026-06-04,WTI,WTI,확인 부족,-1,이력 부족: 0/147관측,현재 상태를 판단할 자료가 부족합니다.,확인 부족
2026-06-04,GOLD,금,정상,0,5일 -0.52% · 20일 -4.40% · 변동성 기준 14.7/58.7백분위,가격 움직임은 확인되지만 원인을 구분할 교차 근거가 충분하지 않습니다.,낮음
2026-06-04,SILVER,은,정상,0,5일 -2.47% · 20일 -3.95% · 변동성 기준 40.9/34.7백분위,가격 움직임은 확인되지만 원인을 구분할 교차 근거가 충분하지 않습니다.,낮음
2026-06-04,COPPER,구리,정상,0,5일 +1.80% · 20일 +6.10% · 변동성 기준 40.7/56.3백분위,가격 움직임은 확인되지만 원인을 구분할 교차 근거가 충분하지 않습니다.,낮음
2026-06-05,SP500,S&P500,확인 부족,-1,이력 부족: 0/252관측,현재 상태를 판단할 자료가 부족합니다.,확인 부족
2026-06-05,NASDAQ,Nasdaq,확인 부족,-1,이력 부족: 0/252관측,현재 상태를 판단할 자료가 부족합니다.,확인 부족
2026-06-05,RUSSELL,Russell 2000,관찰,1,5일 -2.9% · 20일 -0.2% · 고점 대비 -3.5%,지표 고유의 상태와 다른 시장 영역의 동반 신호를 구분해 확인합니다.,낮음
2026-06-05,MA200,200일 이동평균 이격,확인 부족,-1,이력 부족: 0/200관측,현재 상태를 판단할 자료가 부족합니다.,확인 부족
2026-06-05,EW,동일가중 상대성과,정상,0,RSP가 SPY 대비 20일 +1.3%p · 5일 상대성과 +2.02%p,지표 고유의 상태와 다른 시장 영역의 동반 신호를 구분해 확인합니다.,낮음
2026-06-05,CAPE,CAPE,확인 부족,-1,이력 부족: 0/120관측,현재 상태를 판단할 자료가 부족합니다.,확인 부족
2026-06-05,ADV,상승 종목 비율,확인 부족,-1,이력 부족: 0/21관측,현재 상태를 판단할 자료가 부족합니다.,확인 부족
2026-06-05,ABOVE200,200DMA 위 종목 비율,확인 부족,-1,이력 부족: 0/21관측,현재 상태를 판단할 자료가 부족합니다.,확인 부족
2026-06-05,HILO,52주 신고가-신저가 비율,확인 부족,-1,이력 부족: 0/21관측,현재 상태를 판단할 자료가 부족합니다.,확인 부족
2026-06-05,EFFR,미국 기준금리,정상,0,20관측 -1bp · 인하 · EFFR 변화는 목표범위 결정 자체와 구분,금리 하락 또는 상대관계 변화을 관찰합니다. 물가·고용·신용의 동반 움직임으로 의미를 구분합니다.,낮음
2026-06-05,US3M,미국 3개월물 국채수익률,확인 부족,-1,이력 부족: 0/25관측,현재 상태를 판단할 자료가 부족합니다.,확인 부족
2026-06-05,US2Y,미국 2년물 국채수익률,확인 부족,-1,이력 부족: 0/25관측,현재 상태를 판단할 자료가 부족합니다.,확인 부족
2026-06-05,US10Y,미국 10년물 국채수익률,확인 부족,-1,이력 부족: 0/25관측,현재 상태를 판단할 자료가 부족합니다.,확인 부족
2026-06-05,US30Y,미국 30년물 국채수익률,확인 부족,-1,이력 부족: 0/25관측,현재 상태를 판단할 자료가 부족합니다.,확인 부족
2026-06-05,REAL10,미국 10년물 실질금리,확인 부족,-1,이력 부족: 0/25관측,현재 상태를 판단할 자료가 부족합니다.,확인 부족
2026-06-05,TERM,미국 10년물 기간프리미엄,주의,2,과거 504관측 대비 98.4백분위 · 20일 +9bp,금리 상승에 따른 부담을 관찰합니다. 물가·고용·신용의 동반 움직임으로 의미를 구분합니다.,낮음
2026-06-05,CURVE2,미국 10년물-2년물 금리차,확인 부족,-1,이력 부족: 0/22관측,현재 상태를 판단할 자료가 부족합니다.,확인 부족
2026-06-05,CURVE3,미국 10년물-3개월물 금리차,확인 부족,-1,이력 부족: 0/22관측,현재 상태를 판단할 자료가 부족합니다.,확인 부족
2026-06-05,CURVEFED,미국 10년물-기준금리 차,확인 부족,-1,이력 부족: 0/22관측,현재 상태를 판단할 자료가 부족합니다.,확인 부족
2026-06-05,VIX,VIX,주의,2,VIX 21.5 · 5일 +40.4% · 20일 +25.1% · 5일 +6.2포인트,지표 고유의 상태와 다른 시장 영역의 동반 신호를 구분해 확인합니다.,낮음
2026-06-05,VIXPOS,VIX 1년 위치,참고,0,과거 252관측 대비 86.5백분위,최근 분포에서의 위치입니다. 별도 위험 신호로 중복 집계하지 않습니다.,낮음
2026-06-05,HY,하이일드 OAS,안정,0,HY 2.76%p · 5일 +2bp · 20일 -3bp,지표 고유의 상태와 다른 시장 영역의 동반 신호를 구분해 확인합니다.,보통
2026-06-05,BBB,BBB OAS,안정,0,BBB 0.93%p · 5일 +0bp · 20일 -5bp,지표 고유의 상태와 다른 시장 영역의 동반 신호를 구분해 확인합니다.,보통
2026-06-05,HYPOS,HY 1년 위치,참고,0,과거 252관측 대비 14.7백분위,최근 분포에서의 위치입니다. 별도 위험 신호로 중복 집계하지 않습니다.,보통
2026-06-05,UNEMP,미국 실업률,확인 부족,-1,월간 관측 누락: 달력 기간 계산 보류,현재 상태를 판단할 자료가 부족합니다.,확인 부족
2026-06-05,SAHM,Sahm Rule,확인 부족,-1,월간 관측 누락: 달력 기간 계산 보류,현재 상태를 판단할 자료가 부족합니다.,확인 부족
2026-06-05,CLAIMS,신규실업수당 4주평균,확인 부족,-1,이력 부족: 0/55관측,현재 상태를 판단할 자료가 부족합니다.,확인 부족
2026-06-05,CPI,CPI,확인 부족,-1,이력 부족: 0/16관측,현재 상태를 판단할 자료가 부족합니다.,확인 부족
2026-06-05,CORECPI,근원 CPI,확인 부족,-1,이력 부족: 0/16관측,현재 상태를 판단할 자료가 부족합니다.,확인 부족
2026-06-05,COREPCE,근원 PCE,확인 부족,-1,이력 부족: 0/16관측,현재 상태를 판단할 자료가 부족합니다.,확인 부족
2026-06-05,DXY,달러지수,확인 부족,-1,이력 부족: 0/147관측,현재 상태를 판단할 자료가 부족합니다.,확인 부족
2026-06-05,USDKRW,달러/원,확인 부족,-1,이력 부족: 0/147관측,현재 상태를 판단할 자료가 부족합니다.,확인 부족
2026-06-05,USDJPY,달러/엔,확인 부족,-1,이력 부족: 0/147관측,현재 상태를 판단할 자료가 부족합니다.,확인 부족
2026-06-05,WTI,WTI,확인 부족,-1,이력 부족: 0/147관측,현재 상태를 판단할 자료가 부족합니다.,확인 부족
2026-06-05,GOLD,금,관찰,1,5일 -4.90% · 20일 -7.72% · 변동성 기준 91.3/83.1백분위,가격 움직임은 확인되지만 원인을 구분할 교차 근거가 충분하지 않습니다.,낮음
2026-06-05,SILVER,은,정상,0,5일 -8.82% · 20일 -13.50% · 변동성 기준 87.1/83.7백분위,가격 움직임은 확인되지만 원인을 구분할 교차 근거가 충분하지 않습니다.,낮음
2026-06-05,COPPER,구리,정상,0,5일 -1.51% · 20일 +2.22% · 변동성 기준 33.5/21.2백분위,가격 움직임은 확인되지만 원인을 구분할 교차 근거가 충분하지 않습니다.,낮음
2026-06-08,SP500,S&P500,확인 부족,-1,이력 부족: 0/252관측,현재 상태를 판단할 자료가 부족합니다.,확인 부족
2026-06-08,NASDAQ,Nasdaq,확인 부족,-1,이력 부족: 0/252관측,현재 상태를 판단할 자료가 부족합니다.,확인 부족
2026-06-08,RUSSELL,Russell 2000,정상,0,5일 -1.7% · 20일 -0.2% · 고점 대비 -2.8%,지표 고유의 상태와 다른 시장 영역의 동반 신호를 구분해 확인합니다.,낮음
2026-06-08,MA200,200일 이동평균 이격,확인 부족,-1,이력 부족: 0/200관측,현재 상태를 판단할 자료가 부족합니다.,확인 부족
2026-06-08,EW,동일가중 상대성과,정상,0,RSP가 SPY 대비 20일 +1.5%p · 5일 상대성과 +1.78%p,지표 고유의 상태와 다른 시장 영역의 동반 신호를 구분해 확인합니다.,낮음
2026-06-08,CAPE,CAPE,확인 부족,-1,이력 부족: 0/120관측,현재 상태를 판단할 자료가 부족합니다.,확인 부족
2026-06-08,ADV,상승 종목 비율,확인 부족,-1,이력 부족: 0/21관측,현재 상태를 판단할 자료가 부족합니다.,확인 부족
2026-06-08,ABOVE200,200DMA 위 종목 비율,확인 부족,-1,이력 부족: 0/21관측,현재 상태를 판단할 자료가 부족합니다.,확인 부족
2026-06-08,HILO,52주 신고가-신저가 비율,확인 부족,-1,이력 부족: 0/21관측,현재 상태를 판단할 자료가 부족합니다.,확인 부족
2026-06-08,EFFR,미국 기준금리,정상,0,20관측 -1bp · 인하 · EFFR 변화는 목표범위 결정 자체와 구분,금리 하락 또는 상대관계 변화을 관찰합니다. 물가·고용·신용의 동반 움직임으로 의미를 구분합니다.,낮음
2026-06-08,US3M,미국 3개월물 국채수익률,확인 부족,-1,이력 부족: 0/25관측,현재 상태를 판단할 자료가 부족합니다.,확인 부족
2026-06-08,US2Y,미국 2년물 국채수익률,확인 부족,-1,이력 부족: 0/25관측,현재 상태를 판단할 자료가 부족합니다.,확인 부족
2026-06-08,US10Y,미국 10년물 국채수익률,확인 부족,-1,이력 부족: 0/25관측,현재 상태를 판단할 자료가 부족합니다.,확인 부족
2026-06-08,US30Y,미국 30년물 국채수익률,확인 부족,-1,이력 부족: 0/25관측,현재 상태를 판단할 자료가 부족합니다.,확인 부족
2026-06-08,REAL10,미국 10년물 실질금리,확인 부족,-1,이력 부족: 0/25관측,현재 상태를 판단할 자료가 부족합니다.,확인 부족
2026-06-08,TERM,미국 10년물 기간프리미엄,주의,2,과거 504관측 대비 98.4백분위 · 20일 +11bp,금리 상승에 따른 부담을 관찰합니다. 물가·고용·신용의 동반 움직임으로 의미를 구분합니다.,낮음
2026-06-08,CURVE2,미국 10년물-2년물 금리차,확인 부족,-1,이력 부족: 0/22관측,현재 상태를 판단할 자료가 부족합니다.,확인 부족
2026-06-08,CURVE3,미국 10년물-3개월물 금리차,확인 부족,-1,이력 부족: 0/22관측,현재 상태를 판단할 자료가 부족합니다.,확인 부족
2026-06-08,CURVEFED,미국 10년물-기준금리 차,확인 부족,-1,이력 부족: 0/22관측,현재 상태를 판단할 자료가 부족합니다.,확인 부족
2026-06-08,VIX,VIX,정상,0,VIX 18.9 · 5일 +17.9% · 20일 +2.9% · 5일 +2.9포인트,지표 고유의 상태와 다른 시장 영역의 동반 신호를 구분해 확인합니다.,낮음
2026-06-08,VIXPOS,VIX 1년 위치,참고,0,과거 252관측 대비 72.4백분위,최근 분포에서의 위치입니다. 별도 위험 신호로 중복 집계하지 않습니다.,낮음
2026-06-08,HY,하이일드 OAS,안정,0,HY 2.75%p · 5일 +3bp · 20일 -7bp,지표 고유의 상태와 다른 시장 영역의 동반 신호를 구분해 확인합니다.,낮음
2026-06-08,BBB,BBB OAS,안정,0,BBB 0.93%p · 5일 +1bp · 20일 -4bp,지표 고유의 상태와 다른 시장 영역의 동반 신호를 구분해 확인합니다.,낮음
2026-06-08,HYPOS,HY 1년 위치,참고,0,과거 252관측 대비 12.3백분위,최근 분포에서의 위치입니다. 별도 위험 신호로 중복 집계하지 않습니다.,낮음
2026-06-08,UNEMP,미국 실업률,확인 부족,-1,월간 관측 누락: 달력 기간 계산 보류,현재 상태를 판단할 자료가 부족합니다.,확인 부족
2026-06-08,SAHM,Sahm Rule,확인 부족,-1,월간 관측 누락: 달력 기간 계산 보류,현재 상태를 판단할 자료가 부족합니다.,확인 부족
2026-06-08,CLAIMS,신규실업수당 4주평균,확인 부족,-1,이력 부족: 0/55관측,현재 상태를 판단할 자료가 부족합니다.,확인 부족
2026-06-08,CPI,CPI,확인 부족,-1,이력 부족: 0/16관측,현재 상태를 판단할 자료가 부족합니다.,확인 부족
2026-06-08,CORECPI,근원 CPI,확인 부족,-1,이력 부족: 0/16관측,현재 상태를 판단할 자료가 부족합니다.,확인 부족
2026-06-08,COREPCE,근원 PCE,확인 부족,-1,이력 부족: 0/16관측,현재 상태를 판단할 자료가 부족합니다.,확인 부족
2026-06-08,DXY,달러지수,확인 부족,-1,이력 부족: 0/147관측,현재 상태를 판단할 자료가 부족합니다.,확인 부족
2026-06-08,USDKRW,달러/원,확인 부족,-1,이력 부족: 0/147관측,현재 상태를 판단할 자료가 부족합니다.,확인 부족
2026-06-08,USDJPY,달러/엔,확인 부족,-1,이력 부족: 0/147관측,현재 상태를 판단할 자료가 부족합니다.,확인 부족
2026-06-08,WTI,WTI,확인 부족,-1,이력 부족: 0/147관측,현재 상태를 판단할 자료가 부족합니다.,확인 부족
2026-06-08,GOLD,금,정상,0,5일 -3.11% · 20일 -8.15% · 변동성 기준 74.2/84.7백분위,가격 움직임은 확인되지만 원인을 구분할 교차 근거가 충분하지 않습니다.,낮음
2026-06-08,SILVER,은,정상,0,5일 -8.78% · 20일 -14.89% · 변동성 기준 86.9/85.3백분위,가격 움직임은 확인되지만 원인을 구분할 교차 근거가 충분하지 않습니다.,낮음
2026-06-08,COPPER,구리,정상,0,5일 -2.98% · 20일 +1.29% · 변동성 기준 62.1/12.7백분위,가격 움직임은 확인되지만 원인을 구분할 교차 근거가 충분하지 않습니다.,낮음
2026-06-09,SP500,S&P500,확인 부족,-1,이력 부족: 0/252관측,현재 상태를 판단할 자료가 부족합니다.,확인 부족
2026-06-09,NASDAQ,Nasdaq,확인 부족,-1,이력 부족: 0/252관측,현재 상태를 판단할 자료가 부족합니다.,확인 부족
2026-06-09,RUSSELL,Russell 2000,정상,0,5일 -2.2% · 20일 -0.1% · 고점 대비 -2.4%,지표 고유의 상태와 다른 시장 영역의 동반 신호를 구분해 확인합니다.,낮음
2026-06-09,MA200,200일 이동평균 이격,확인 부족,-1,이력 부족: 0/200관측,현재 상태를 판단할 자료가 부족합니다.,확인 부족
2026-06-09,EW,동일가중 상대성과,정상,0,RSP가 SPY 대비 20일 +2.9%p · 5일 상대성과 +2.56%p,지표 고유의 상태와 다른 시장 영역의 동반 신호를 구분해 확인합니다.,낮음
2026-06-09,CAPE,CAPE,확인 부족,-1,이력 부족: 0/120관측,현재 상태를 판단할 자료가 부족합니다.,확인 부족
2026-06-09,ADV,상승 종목 비율,확인 부족,-1,이력 부족: 0/21관측,현재 상태를 판단할 자료가 부족합니다.,확인 부족
2026-06-09,ABOVE200,200DMA 위 종목 비율,확인 부족,-1,이력 부족: 0/21관측,현재 상태를 판단할 자료가 부족합니다.,확인 부족
2026-06-09,HILO,52주 신고가-신저가 비율,확인 부족,-1,이력 부족: 0/21관측,현재 상태를 판단할 자료가 부족합니다.,확인 부족
2026-06-09,EFFR,미국 기준금리,정상,0,20관측 -1bp · 인하 · EFFR 변화는 목표범위 결정 자체와 구분,금리 하락 또는 상대관계 변화을 관찰합니다. 물가·고용·신용의 동반 움직임으로 의미를 구분합니다.,낮음
2026-06-09,US3M,미국 3개월물 국채수익률,확인 부족,-1,이력 부족: 0/25관측,현재 상태를 판단할 자료가 부족합니다.,확인 부족
2026-06-09,US2Y,미국 2년물 국채수익률,확인 부족,-1,이력 부족: 0/25관측,현재 상태를 판단할 자료가 부족합니다.,확인 부족
2026-06-09,US10Y,미국 10년물 국채수익률,확인 부족,-1,이력 부족: 0/25관측,현재 상태를 판단할 자료가 부족합니다.,확인 부족
2026-06-09,US30Y,미국 30년물 국채수익률,확인 부족,-1,이력 부족: 0/25관측,현재 상태를 판단할 자료가 부족합니다.,확인 부족
2026-06-09,REAL10,미국 10년물 실질금리,확인 부족,-1,이력 부족: 0/25관측,현재 상태를 판단할 자료가 부족합니다.,확인 부족
2026-06-09,TERM,미국 10년물 기간프리미엄,주의,2,과거 504관측 대비 98.0백분위 · 20일 +8bp,금리 상승에 따른 부담을 관찰합니다. 물가·고용·신용의 동반 움직임으로 의미를 구분합니다.,낮음
2026-06-09,CURVE2,미국 10년물-2년물 금리차,확인 부족,-1,이력 부족: 0/22관측,현재 상태를 판단할 자료가 부족합니다.,확인 부족
2026-06-09,CURVE3,미국 10년물-3개월물 금리차,확인 부족,-1,이력 부족: 0/22관측,현재 상태를 판단할 자료가 부족합니다.,확인 부족
2026-06-09,CURVEFED,미국 10년물-기준금리 차,확인 부족,-1,이력 부족: 0/22관측,현재 상태를 판단할 자료가 부족합니다.,확인 부족
2026-06-09,VIX,VIX,관찰,1,VIX 19.9 · 5일 +26.0% · 20일 +10.5% · 5일 +4.1포인트,지표 고유의 상태와 다른 시장 영역의 동반 신호를 구분해 확인합니다.,낮음
2026-06-09,VIXPOS,VIX 1년 위치,참고,0,과거 252관측 대비 79.0백분위,최근 분포에서의 위치입니다. 별도 위험 신호로 중복 집계하지 않습니다.,낮음
2026-06-09,HY,하이일드 OAS,안정,0,HY 2.78%p · 5일 +7bp · 20일 -4bp,지표 고유의 상태와 다른 시장 영역의 동반 신호를 구분해 확인합니다.,낮음
2026-06-09,BBB,BBB OAS,안정,0,BBB 0.93%p · 5일 +1bp · 20일 -3bp,지표 고유의 상태와 다른 시장 영역의 동반 신호를 구분해 확인합니다.,낮음
2026-06-09,HYPOS,HY 1년 위치,참고,0,과거 252관측 대비 18.8백분위,최근 분포에서의 위치입니다. 별도 위험 신호로 중복 집계하지 않습니다.,낮음
2026-06-09,UNEMP,미국 실업률,확인 부족,-1,월간 관측 누락: 달력 기간 계산 보류,현재 상태를 판단할 자료가 부족합니다.,확인 부족
2026-06-09,SAHM,Sahm Rule,확인 부족,-1,월간 관측 누락: 달력 기간 계산 보류,현재 상태를 판단할 자료가 부족합니다.,확인 부족
2026-06-09,CLAIMS,신규실업수당 4주평균,확인 부족,-1,이력 부족: 0/55관측,현재 상태를 판단할 자료가 부족합니다.,확인 부족
2026-06-09,CPI,CPI,확인 부족,-1,이력 부족: 0/16관측,현재 상태를 판단할 자료가 부족합니다.,확인 부족
2026-06-09,CORECPI,근원 CPI,확인 부족,-1,이력 부족: 0/16관측,현재 상태를 판단할 자료가 부족합니다.,확인 부족
2026-06-09,COREPCE,근원 PCE,확인 부족,-1,이력 부족: 0/16관측,현재 상태를 판단할 자료가 부족합니다.,확인 부족
2026-06-09,DXY,달러지수,확인 부족,-1,이력 부족: 0/147관측,현재 상태를 판단할 자료가 부족합니다.,확인 부족
2026-06-09,USDKRW,달러/원,확인 부족,-1,이력 부족: 0/147관측,현재 상태를 판단할 자료가 부족합니다.,확인 부족
2026-06-09,USDJPY,달러/엔,확인 부족,-1,이력 부족: 0/147관측,현재 상태를 판단할 자료가 부족합니다.,확인 부족
2026-06-09,WTI,WTI,확인 부족,-1,이력 부족: 0/147관측,현재 상태를 판단할 자료가 부족합니다.,확인 부족
2026-06-09,GOLD,금,관찰,1,5일 -5.10% · 20일 -9.72% · 변동성 기준 91.7/91.3백분위,가격 움직임은 확인되지만 원인을 구분할 교차 근거가 충분하지 않습니다.,낮음
2026-06-09,SILVER,은,관찰,1,5일 -13.57% · 20일 -23.85% · 변동성 기준 94.6/94.0백분위,가격 움직임은 확인되지만 원인을 구분할 교차 근거가 충분하지 않습니다.,낮음
2026-06-09,COPPER,구리,정상,0,5일 -5.22% · 20일 -1.73% · 변동성 기준 84.7/16.1백분위,가격 움직임은 확인되지만 원인을 구분할 교차 근거가 충분하지 않습니다.,낮음
2026-06-10,SP500,S&P500,확인 부족,-1,이력 부족: 0/252관측,현재 상태를 판단할 자료가 부족합니다.,확인 부족
2026-06-10,NASDAQ,Nasdaq,확인 부족,-1,이력 부족: 0/252관측,현재 상태를 판단할 자료가 부족합니다.,확인 부족
2026-06-10,RUSSELL,Russell 2000,정상,0,5일 -2.0% · 20일 -0.3% · 고점 대비 -3.4%,지표 고유의 상태와 다른 시장 영역의 동반 신호를 구분해 확인합니다.,낮음
2026-06-10,MA200,200일 이동평균 이격,확인 부족,-1,이력 부족: 0/200관측,현재 상태를 판단할 자료가 부족합니다.,확인 부족
2026-06-10,EW,동일가중 상대성과,정상,0,RSP가 SPY 대비 20일 +3.1%p · 5일 상대성과 +2.52%p,지표 고유의 상태와 다른 시장 영역의 동반 신호를 구분해 확인합니다.,낮음
2026-06-10,CAPE,CAPE,확인 부족,-1,이력 부족: 0/120관측,현재 상태를 판단할 자료가 부족합니다.,확인 부족
2026-06-10,ADV,상승 종목 비율,확인 부족,-1,이력 부족: 0/21관측,현재 상태를 판단할 자료가 부족합니다.,확인 부족
2026-06-10,ABOVE200,200DMA 위 종목 비율,확인 부족,-1,이력 부족: 0/21관측,현재 상태를 판단할 자료가 부족합니다.,확인 부족
2026-06-10,HILO,52주 신고가-신저가 비율,확인 부족,-1,이력 부족: 0/21관측,현재 상태를 판단할 자료가 부족합니다.,확인 부족
2026-06-10,EFFR,미국 기준금리,정상,0,20관측 -1bp · 인하 · EFFR 변화는 목표범위 결정 자체와 구분,금리 하락 또는 상대관계 변화을 관찰합니다. 물가·고용·신용의 동반 움직임으로 의미를 구분합니다.,낮음
2026-06-10,US3M,미국 3개월물 국채수익률,확인 부족,-1,이력 부족: 0/25관측,현재 상태를 판단할 자료가 부족합니다.,확인 부족
2026-06-10,US2Y,미국 2년물 국채수익률,확인 부족,-1,이력 부족: 0/25관측,현재 상태를 판단할 자료가 부족합니다.,확인 부족
2026-06-10,US10Y,미국 10년물 국채수익률,확인 부족,-1,이력 부족: 0/25관측,현재 상태를 판단할 자료가 부족합니다.,확인 부족
2026-06-10,US30Y,미국 30년물 국채수익률,확인 부족,-1,이력 부족: 0/25관측,현재 상태를 판단할 자료가 부족합니다.,확인 부족
2026-06-10,REAL10,미국 10년물 실질금리,확인 부족,-1,이력 부족: 0/25관측,현재 상태를 판단할 자료가 부족합니다.,확인 부족
2026-06-10,TERM,미국 10년물 기간프리미엄,주의,2,과거 504관측 대비 98.0백분위 · 20일 +6bp,금리 상승에 따른 부담을 관찰합니다. 물가·고용·신용의 동반 움직임으로 의미를 구분합니다.,낮음
2026-06-10,CURVE2,미국 10년물-2년물 금리차,확인 부족,-1,이력 부족: 0/22관측,현재 상태를 판단할 자료가 부족합니다.,확인 부족
2026-06-10,CURVE3,미국 10년물-3개월물 금리차,확인 부족,-1,이력 부족: 0/22관측,현재 상태를 판단할 자료가 부족합니다.,확인 부족
2026-06-10,CURVEFED,미국 10년물-기준금리 차,확인 부족,-1,이력 부족: 0/22관측,현재 상태를 판단할 자료가 부족합니다.,확인 부족
2026-06-10,VIX,VIX,주의,2,VIX 22.2 · 5일 +38.4% · 20일 +24.3% · 5일 +6.2포인트,지표 고유의 상태와 다른 시장 영역의 동반 신호를 구분해 확인합니다.,낮음
2026-06-10,VIXPOS,VIX 1년 위치,참고,0,과거 252관측 대비 88.1백분위,최근 분포에서의 위치입니다. 별도 위험 신호로 중복 집계하지 않습니다.,낮음
2026-06-10,HY,하이일드 OAS,안정,0,HY 2.80%p · 5일 +5bp · 20일 +4bp,지표 고유의 상태와 다른 시장 영역의 동반 신호를 구분해 확인합니다.,낮음
2026-06-10,BBB,BBB OAS,안정,0,BBB 0.94%p · 5일 +1bp · 20일 -1bp,지표 고유의 상태와 다른 시장 영역의 동반 신호를 구분해 확인합니다.,낮음
2026-06-10,HYPOS,HY 1년 위치,참고,0,과거 252관측 대비 24.8백분위,최근 분포에서의 위치입니다. 별도 위험 신호로 중복 집계하지 않습니다.,낮음
2026-06-10,UNEMP,미국 실업률,확인 부족,-1,월간 관측 누락: 달력 기간 계산 보류,현재 상태를 판단할 자료가 부족합니다.,확인 부족
2026-06-10,SAHM,Sahm Rule,확인 부족,-1,월간 관측 누락: 달력 기간 계산 보류,현재 상태를 판단할 자료가 부족합니다.,확인 부족
2026-06-10,CLAIMS,신규실업수당 4주평균,확인 부족,-1,이력 부족: 0/55관측,현재 상태를 판단할 자료가 부족합니다.,확인 부족
2026-06-10,CPI,CPI,확인 부족,-1,이력 부족: 0/16관측,현재 상태를 판단할 자료가 부족합니다.,확인 부족
2026-06-10,CORECPI,근원 CPI,확인 부족,-1,이력 부족: 0/16관측,현재 상태를 판단할 자료가 부족합니다.,확인 부족
2026-06-10,COREPCE,근원 PCE,확인 부족,-1,이력 부족: 0/16관측,현재 상태를 판단할 자료가 부족합니다.,확인 부족
2026-06-10,DXY,달러지수,확인 부족,-1,이력 부족: 0/147관측,현재 상태를 판단할 자료가 부족합니다.,확인 부족
2026-06-10,USDKRW,달러/원,확인 부족,-1,이력 부족: 0/147관측,현재 상태를 판단할 자료가 부족합니다.,확인 부족
2026-06-10,USDJPY,달러/엔,확인 부족,-1,이력 부족: 0/147관측,현재 상태를 판단할 자료가 부족합니다.,확인 부족
2026-06-10,WTI,WTI,확인 부족,-1,이력 부족: 0/147관측,현재 상태를 판단할 자료가 부족합니다.,확인 부족
2026-06-10,GOLD,금,관찰,1,5일 -7.40% · 20일 -12.17% · 변동성 기준 96.8/96.0백분위,가격 움직임은 확인되지만 원인을 구분할 교차 근거가 충분하지 않습니다.,낮음
2026-06-10,SILVER,은,관찰,1,5일 -12.08% · 20일 -24.12% · 변동성 기준 92.5/94.2백분위,가격 움직임은 확인되지만 원인을 구분할 교차 근거가 충분하지 않습니다.,낮음
2026-06-10,COPPER,구리,정상,0,5일 -3.58% · 20일 -3.64% · 변동성 기준 68.1/35.1백분위,가격 움직임은 확인되지만 원인을 구분할 교차 근거가 충분하지 않습니다.,낮음
2026-06-11,SP500,S&P500,확인 부족,-1,이력 부족: 0/252관측,현재 상태를 판단할 자료가 부족합니다.,확인 부족
2026-06-11,NASDAQ,Nasdaq,확인 부족,-1,이력 부족: 0/252관측,현재 상태를 판단할 자료가 부족합니다.,확인 부족
2026-06-11,RUSSELL,Russell 2000,정상,0,5일 -0.5% · 20일 +2.7% · 고점 대비 -0.5%,지표 고유의 상태와 다른 시장 영역의 동반 신호를 구분해 확인합니다.,낮음
2026-06-11,MA200,200일 이동평균 이격,확인 부족,-1,이력 부족: 0/200관측,현재 상태를 판단할 자료가 부족합니다.,확인 부족
2026-06-11,EW,동일가중 상대성과,정상,0,RSP가 SPY 대비 20일 +4.0%p · 5일 상대성과 +2.04%p,지표 고유의 상태와 다른 시장 영역의 동반 신호를 구분해 확인합니다.,낮음
2026-06-11,CAPE,CAPE,확인 부족,-1,이력 부족: 0/120관측,현재 상태를 판단할 자료가 부족합니다.,확인 부족
2026-06-11,ADV,상승 종목 비율,확인 부족,-1,이력 부족: 0/21관측,현재 상태를 판단할 자료가 부족합니다.,확인 부족
2026-06-11,ABOVE200,200DMA 위 종목 비율,확인 부족,-1,이력 부족: 0/21관측,현재 상태를 판단할 자료가 부족합니다.,확인 부족
2026-06-11,HILO,52주 신고가-신저가 비율,확인 부족,-1,이력 부족: 0/21관측,현재 상태를 판단할 자료가 부족합니다.,확인 부족
2026-06-11,EFFR,미국 기준금리,정상,0,20관측 -1bp · 인하 · EFFR 변화는 목표범위 결정 자체와 구분,금리 하락 또는 상대관계 변화을 관찰합니다. 물가·고용·신용의 동반 움직임으로 의미를 구분합니다.,낮음
2026-06-11,US3M,미국 3개월물 국채수익률,확인 부족,-1,이력 부족: 0/25관측,현재 상태를 판단할 자료가 부족합니다.,확인 부족
2026-06-11,US2Y,미국 2년물 국채수익률,확인 부족,-1,이력 부족: 0/25관측,현재 상태를 판단할 자료가 부족합니다.,확인 부족
2026-06-11,US10Y,미국 10년물 국채수익률,확인 부족,-1,이력 부족: 0/25관측,현재 상태를 판단할 자료가 부족합니다.,확인 부족
2026-06-11,US30Y,미국 30년물 국채수익률,확인 부족,-1,이력 부족: 0/25관측,현재 상태를 판단할 자료가 부족합니다.,확인 부족
2026-06-11,REAL10,미국 10년물 실질금리,확인 부족,-1,이력 부족: 0/25관측,현재 상태를 판단할 자료가 부족합니다.,확인 부족
2026-06-11,TERM,미국 10년물 기간프리미엄,관찰,1,과거 504관측 대비 96.4백분위 · 20일 +1bp,금리 상승에 따른 부담을 관찰합니다. 물가·고용·신용의 동반 움직임으로 의미를 구분합니다.,낮음
2026-06-11,CURVE2,미국 10년물-2년물 금리차,확인 부족,-1,이력 부족: 0/22관측,현재 상태를 판단할 자료가 부족합니다.,확인 부족
2026-06-11,CURVE3,미국 10년물-3개월물 금리차,확인 부족,-1,이력 부족: 0/22관측,현재 상태를 판단할 자료가 부족합니다.,확인 부족
2026-06-11,CURVEFED,미국 10년물-기준금리 차,확인 부족,-1,이력 부족: 0/22관측,현재 상태를 판단할 자료가 부족합니다.,확인 부족
2026-06-11,VIX,VIX,관찰,1,VIX 19.4 · 5일 +26.2% · 20일 +12.6% · 5일 +4.0포인트,지표 고유의 상태와 다른 시장 영역의 동반 신호를 구분해 확인합니다.,낮음
2026-06-11,VIXPOS,VIX 1년 위치,참고,0,과거 252관측 대비 75.8백분위,최근 분포에서의 위치입니다. 별도 위험 신호로 중복 집계하지 않습니다.,낮음
2026-06-11,HY,하이일드 OAS,안정,0,HY 2.78%p · 5일 +4bp · 20일 -2bp,지표 고유의 상태와 다른 시장 영역의 동반 신호를 구분해 확인합니다.,낮음
2026-06-11,BBB,BBB OAS,안정,0,BBB 0.94%p · 5일 +1bp · 20일 +0bp,지표 고유의 상태와 다른 시장 영역의 동반 신호를 구분해 확인합니다.,낮음
2026-06-11,HYPOS,HY 1년 위치,참고,0,과거 252관측 대비 19.0백분위,최근 분포에서의 위치입니다. 별도 위험 신호로 중복 집계하지 않습니다.,낮음
2026-06-11,UNEMP,미국 실업률,확인 부족,-1,월간 관측 누락: 달력 기간 계산 보류,현재 상태를 판단할 자료가 부족합니다.,확인 부족
2026-06-11,SAHM,Sahm Rule,확인 부족,-1,월간 관측 누락: 달력 기간 계산 보류,현재 상태를 판단할 자료가 부족합니다.,확인 부족
2026-06-11,CLAIMS,신규실업수당 4주평균,확인 부족,-1,이력 부족: 0/55관측,현재 상태를 판단할 자료가 부족합니다.,확인 부족
2026-06-11,CPI,CPI,확인 부족,-1,이력 부족: 0/16관측,현재 상태를 판단할 자료가 부족합니다.,확인 부족
2026-06-11,CORECPI,근원 CPI,확인 부족,-1,이력 부족: 0/16관측,현재 상태를 판단할 자료가 부족합니다.,확인 부족
2026-06-11,COREPCE,근원 PCE,확인 부족,-1,이력 부족: 0/16관측,현재 상태를 판단할 자료가 부족합니다.,확인 부족
2026-06-11,DXY,달러지수,확인 부족,-1,이력 부족: 0/147관측,현재 상태를 판단할 자료가 부족합니다.,확인 부족
2026-06-11,USDKRW,달러/원,확인 부족,-1,이력 부족: 0/147관측,현재 상태를 판단할 자료가 부족합니다.,확인 부족
2026-06-11,USDJPY,달러/엔,확인 부족,-1,이력 부족: 0/147관측,현재 상태를 판단할 자료가 부족합니다.,확인 부족
2026-06-11,WTI,WTI,확인 부족,-1,이력 부족: 0/147관측,현재 상태를 판단할 자료가 부족합니다.,확인 부족
2026-06-11,GOLD,금,주의,2,5일 -8.61% · 20일 -12.93% · 변동성 기준 98.2/97.2백분위,가격 움직임은 확인되지만 원인을 구분할 교차 근거가 충분하지 않습니다.,낮음
2026-06-11,SILVER,은,관찰,1,5일 -13.41% · 20일 -28.13% · 변동성 기준 94.4/95.2백분위,가격 움직임은 확인되지만 원인을 구분할 교차 근거가 충분하지 않습니다.,낮음
2026-06-11,COPPER,구리,정상,0,5일 -3.87% · 20일 -5.67% · 변동성 기준 73.2/51.0백분위,가격 움직임은 확인되지만 원인을 구분할 교차 근거가 충분하지 않습니다.,낮음
2026-06-12,SP500,S&P500,확인 부족,-1,이력 부족: 0/252관측,현재 상태를 판단할 자료가 부족합니다.,확인 부족
2026-06-12,NASDAQ,Nasdaq,확인 부족,-1,이력 부족: 0/252관측,현재 상태를 판단할 자료가 부족합니다.,확인 부족
2026-06-12,RUSSELL,Russell 2000,정상,0,5일 +3.9% · 20일 +2.8% · 고점 대비 0.0%,지표 고유의 상태와 다른 시장 영역의 동반 신호를 구분해 확인합니다.,낮음
2026-06-12,MA200,200일 이동평균 이격,확인 부족,-1,이력 부족: 0/200관측,현재 상태를 판단할 자료가 부족합니다.,확인 부족
2026-06-12,EW,동일가중 상대성과,정상,0,RSP가 SPY 대비 20일 +4.8%p · 5일 상대성과 +1.27%p,지표 고유의 상태와 다른 시장 영역의 동반 신호를 구분해 확인합니다.,낮음
2026-06-12,CAPE,CAPE,확인 부족,-1,이력 부족: 0/120관측,현재 상태를 판단할 자료가 부족합니다.,확인 부족
2026-06-12,ADV,상승 종목 비율,확인 부족,-1,이력 부족: 0/21관측,현재 상태를 판단할 자료가 부족합니다.,확인 부족
2026-06-12,ABOVE200,200DMA 위 종목 비율,확인 부족,-1,이력 부족: 0/21관측,현재 상태를 판단할 자료가 부족합니다.,확인 부족
2026-06-12,HILO,52주 신고가-신저가 비율,확인 부족,-1,이력 부족: 0/21관측,현재 상태를 판단할 자료가 부족합니다.,확인 부족
2026-06-12,EFFR,미국 기준금리,정상,0,20관측 -1bp · 인하 · EFFR 변화는 목표범위 결정 자체와 구분,금리 하락 또는 상대관계 변화을 관찰합니다. 물가·고용·신용의 동반 움직임으로 의미를 구분합니다.,낮음
2026-06-12,US3M,미국 3개월물 국채수익률,확인 부족,-1,이력 부족: 0/25관측,현재 상태를 판단할 자료가 부족합니다.,확인 부족
2026-06-12,US2Y,미국 2년물 국채수익률,확인 부족,-1,이력 부족: 0/25관측,현재 상태를 판단할 자료가 부족합니다.,확인 부족
2026-06-12,US10Y,미국 10년물 국채수익률,확인 부족,-1,이력 부족: 0/25관측,현재 상태를 판단할 자료가 부족합니다.,확인 부족
2026-06-12,US30Y,미국 30년물 국채수익률,확인 부족,-1,이력 부족: 0/25관측,현재 상태를 판단할 자료가 부족합니다.,확인 부족
2026-06-12,REAL10,미국 10년물 실질금리,확인 부족,-1,이력 부족: 0/25관측,현재 상태를 판단할 자료가 부족합니다.,확인 부족
2026-06-12,TERM,미국 10년물 기간프리미엄,관찰,1,과거 504관측 대비 96.8백분위 · 20일 +1bp,금리 상승에 따른 부담을 관찰합니다. 물가·고용·신용의 동반 움직임으로 의미를 구분합니다.,낮음
2026-06-12,CURVE2,미국 10년물-2년물 금리차,확인 부족,-1,이력 부족: 0/22관측,현재 상태를 판단할 자료가 부족합니다.,확인 부족
2026-06-12,CURVE3,미국 10년물-3개월물 금리차,확인 부족,-1,이력 부족: 0/22관측,현재 상태를 판단할 자료가 부족합니다.,확인 부족
2026-06-12,CURVEFED,미국 10년물-기준금리 차,확인 부족,-1,이력 부족: 0/22관측,현재 상태를 판단할 자료가 부족합니다.,확인 부족
2026-06-12,VIX,VIX,정상,0,VIX 17.7 · 5일 -17.8% · 20일 -4.1% · 5일 -3.8포인트,지표 고유의 상태와 다른 시장 영역의 동반 신호를 구분해 확인합니다.,낮음
2026-06-12,VIXPOS,VIX 1년 위치,참고,0,과거 252관측 대비 60.7백분위,최근 분포에서의 위치입니다. 별도 위험 신호로 중복 집계하지 않습니다.,낮음
2026-06-12,HY,하이일드 OAS,안정,0,HY 2.71%p · 5일 -5bp · 20일 -12bp,지표 고유의 상태와 다른 시장 영역의 동반 신호를 구분해 확인합니다.,낮음
2026-06-12,BBB,BBB OAS,안정,0,BBB 0.93%p · 5일 +0bp · 20일 -1bp,지표 고유의 상태와 다른 시장 영역의 동반 신호를 구분해 확인합니다.,낮음
2026-06-12,HYPOS,HY 1년 위치,참고,0,과거 252관측 대비 4.4백분위,최근 분포에서의 위치입니다. 별도 위험 신호로 중복 집계하지 않습니다.,낮음
2026-06-12,UNEMP,미국 실업률,확인 부족,-1,월간 관측 누락: 달력 기간 계산 보류,현재 상태를 판단할 자료가 부족합니다.,확인 부족
2026-06-12,SAHM,Sahm Rule,확인 부족,-1,월간 관측 누락: 달력 기간 계산 보류,현재 상태를 판단할 자료가 부족합니다.,확인 부족
2026-06-12,CLAIMS,신규실업수당 4주평균,확인 부족,-1,이력 부족: 0/55관측,현재 상태를 판단할 자료가 부족합니다.,확인 부족
2026-06-12,CPI,CPI,확인 부족,-1,이력 부족: 0/16관측,현재 상태를 판단할 자료가 부족합니다.,확인 부족
2026-06-12,CORECPI,근원 CPI,확인 부족,-1,이력 부족: 0/16관측,현재 상태를 판단할 자료가 부족합니다.,확인 부족
2026-06-12,COREPCE,근원 PCE,확인 부족,-1,이력 부족: 0/16관측,현재 상태를 판단할 자료가 부족합니다.,확인 부족
2026-06-12,DXY,달러지수,확인 부족,-1,이력 부족: 0/147관측,현재 상태를 판단할 자료가 부족합니다.,확인 부족
2026-06-12,USDKRW,달러/원,확인 부족,-1,이력 부족: 0/147관측,현재 상태를 판단할 자료가 부족합니다.,확인 부족
2026-06-12,USDJPY,달러/엔,확인 부족,-1,이력 부족: 0/147관측,현재 상태를 판단할 자료가 부족합니다.,확인 부족
2026-06-12,WTI,WTI,확인 부족,-1,이력 부족: 0/147관측,현재 상태를 판단할 자료가 부족합니다.,확인 부족
2026-06-12,GOLD,금,관찰,1,5일 -2.82% · 20일 -9.90% · 변동성 기준 68.7/91.3백분위,가격 움직임은 확인되지만 원인을 구분할 교차 근거가 충분하지 않습니다.,낮음
2026-06-12,SILVER,은,관찰,1,5일 -1.57% · 20일 -20.08% · 변동성 기준 25.8/90.3백분위,가격 움직임은 확인되지만 원인을 구분할 교차 근거가 충분하지 않습니다.,낮음
2026-06-12,COPPER,구리,정상,0,5일 +2.67% · 20일 -2.09% · 변동성 기준 56.2/19.2백분위,가격 움직임은 확인되지만 원인을 구분할 교차 근거가 충분하지 않습니다.,낮음
2026-06-15,SP500,S&P500,확인 부족,-1,이력 부족: 0/252관측,현재 상태를 판단할 자료가 부족합니다.,확인 부족
2026-06-15,NASDAQ,Nasdaq,확인 부족,-1,이력 부족: 0/252관측,현재 상태를 판단할 자료가 부족합니다.,확인 부족
2026-06-15,RUSSELL,Russell 2000,정상,0,5일 +3.8% · 20일 +6.2% · 고점 대비 0.0%,지표 고유의 상태와 다른 시장 영역의 동반 신호를 구분해 확인합니다.,낮음
2026-06-15,MA200,200일 이동평균 이격,확인 부족,-1,이력 부족: 0/200관측,현재 상태를 판단할 자료가 부족합니다.,확인 부족
2026-06-15,EW,동일가중 상대성과,정상,0,RSP가 SPY 대비 20일 +3.5%p · 5일 상대성과 +0.43%p,지표 고유의 상태와 다른 시장 영역의 동반 신호를 구분해 확인합니다.,낮음
2026-06-15,CAPE,CAPE,확인 부족,-1,이력 부족: 0/120관측,현재 상태를 판단할 자료가 부족합니다.,확인 부족
2026-06-15,ADV,상승 종목 비율,확인 부족,-1,이력 부족: 0/21관측,현재 상태를 판단할 자료가 부족합니다.,확인 부족
2026-06-15,ABOVE200,200DMA 위 종목 비율,확인 부족,-1,이력 부족: 0/21관측,현재 상태를 판단할 자료가 부족합니다.,확인 부족
2026-06-15,HILO,52주 신고가-신저가 비율,확인 부족,-1,이력 부족: 0/21관측,현재 상태를 판단할 자료가 부족합니다.,확인 부족
2026-06-15,EFFR,미국 기준금리,정상,0,20관측 +0bp · 유지 · EFFR 변화는 목표범위 결정 자체와 구분,금리 하락 또는 상대관계 변화을 관찰합니다. 물가·고용·신용의 동반 움직임으로 의미를 구분합니다.,낮음
2026-06-15,US3M,미국 3개월물 국채수익률,확인 부족,-1,이력 부족: 0/25관측,현재 상태를 판단할 자료가 부족합니다.,확인 부족
2026-06-15,US2Y,미국 2년물 국채수익률,확인 부족,-1,이력 부족: 0/25관측,현재 상태를 판단할 자료가 부족합니다.,확인 부족
2026-06-15,US10Y,미국 10년물 국채수익률,확인 부족,-1,이력 부족: 0/25관측,현재 상태를 판단할 자료가 부족합니다.,확인 부족
2026-06-15,US30Y,미국 30년물 국채수익률,확인 부족,-1,이력 부족: 0/25관측,현재 상태를 판단할 자료가 부족합니다.,확인 부족
2026-06-15,REAL10,미국 10년물 실질금리,확인 부족,-1,이력 부족: 0/25관측,현재 상태를 판단할 자료가 부족합니다.,확인 부족
2026-06-15,TERM,미국 10년물 기간프리미엄,관찰,1,과거 504관측 대비 95.5백분위 · 20일 -5bp,금리 하락 또는 상대관계 변화을 관찰합니다. 물가·고용·신용의 동반 움직임으로 의미를 구분합니다.,낮음
2026-06-15,CURVE2,미국 10년물-2년물 금리차,확인 부족,-1,이력 부족: 0/22관측,현재 상태를 판단할 자료가 부족합니다.,확인 부족
2026-06-15,CURVE3,미국 10년물-3개월물 금리차,확인 부족,-1,이력 부족: 0/22관측,현재 상태를 판단할 자료가 부족합니다.,확인 부족
2026-06-15,CURVEFED,미국 10년물-기준금리 차,확인 부족,-1,이력 부족: 0/22관측,현재 상태를 판단할 자료가 부족합니다.,확인 부족
2026-06-15,VIX,VIX,정상,0,VIX 16.2 · 5일 -14.4% · 20일 -9.1% · 5일 -2.7포인트,지표 고유의 상태와 다른 시장 영역의 동반 신호를 구분해 확인합니다.,낮음
2026-06-15,VIXPOS,VIX 1년 위치,참고,0,과거 252관측 대비 28.6백분위,최근 분포에서의 위치입니다. 별도 위험 신호로 중복 집계하지 않습니다.,낮음
2026-06-15,HY,하이일드 OAS,안정,0,HY 2.66%p · 5일 -9bp · 20일 -20bp,지표 고유의 상태와 다른 시장 영역의 동반 신호를 구분해 확인합니다.,낮음
2026-06-15,BBB,BBB OAS,안정,0,BBB 0.92%p · 5일 -1bp · 20일 -3bp,지표 고유의 상태와 다른 시장 영역의 동반 신호를 구분해 확인합니다.,낮음
2026-06-15,HYPOS,HY 1년 위치,참고,0,과거 252관측 대비 1.2백분위,최근 분포에서의 위치입니다. 별도 위험 신호로 중복 집계하지 않습니다.,낮음
2026-06-15,UNEMP,미국 실업률,확인 부족,-1,월간 관측 누락: 달력 기간 계산 보류,현재 상태를 판단할 자료가 부족합니다.,확인 부족
2026-06-15,SAHM,Sahm Rule,확인 부족,-1,월간 관측 누락: 달력 기간 계산 보류,현재 상태를 판단할 자료가 부족합니다.,확인 부족
2026-06-15,CLAIMS,신규실업수당 4주평균,확인 부족,-1,이력 부족: 0/55관측,현재 상태를 판단할 자료가 부족합니다.,확인 부족
2026-06-15,CPI,CPI,확인 부족,-1,이력 부족: 0/16관측,현재 상태를 판단할 자료가 부족합니다.,확인 부족
2026-06-15,CORECPI,근원 CPI,확인 부족,-1,이력 부족: 0/16관측,현재 상태를 판단할 자료가 부족합니다.,확인 부족
2026-06-15,COREPCE,근원 PCE,확인 부족,-1,이력 부족: 0/16관측,현재 상태를 판단할 자료가 부족합니다.,확인 부족
2026-06-15,DXY,달러지수,확인 부족,-1,이력 부족: 0/147관측,현재 상태를 판단할 자료가 부족합니다.,확인 부족
2026-06-15,USDKRW,달러/원,확인 부족,-1,이력 부족: 0/147관측,현재 상태를 판단할 자료가 부족합니다.,확인 부족
2026-06-15,USDJPY,달러/엔,확인 부족,-1,이력 부족: 0/147관측,현재 상태를 판단할 자료가 부족합니다.,확인 부족
2026-06-15,WTI,WTI,확인 부족,-1,이력 부족: 0/147관측,현재 상태를 판단할 자료가 부족합니다.,확인 부족
2026-06-15,GOLD,금,정상,0,5일 -0.18% · 20일 -5.00% · 변동성 기준 5.2/61.5백분위,가격 움직임은 확인되지만 원인을 구분할 교차 근거가 충분하지 않습니다.,낮음
2026-06-15,SILVER,은,정상,0,5일 +2.40% · 20일 -9.20% · 변동성 기준 40.1/68.5백분위,가격 움직임은 확인되지만 원인을 구분할 교차 근거가 충분하지 않습니다.,낮음
2026-06-15,COPPER,구리,정상,0,5일 +2.42% · 20일 +3.70% · 변동성 기준 51.0/35.9백분위,가격 움직임은 확인되지만 원인을 구분할 교차 근거가 충분하지 않습니다.,낮음
2026-06-16,SP500,S&P500,확인 부족,-1,이력 부족: 0/252관측,현재 상태를 판단할 자료가 부족합니다.,확인 부족
2026-06-16,NASDAQ,Nasdaq,확인 부족,-1,이력 부족: 0/252관측,현재 상태를 판단할 자료가 부족합니다.,확인 부족
2026-06-16,RUSSELL,Russell 2000,정상,0,5일 +2.5% · 20일 +5.9% · 고점 대비 -0.9%,지표 고유의 상태와 다른 시장 영역의 동반 신호를 구분해 확인합니다.,낮음
2026-06-16,MA200,200일 이동평균 이격,확인 부족,-1,이력 부족: 0/200관측,현재 상태를 판단할 자료가 부족합니다.,확인 부족
2026-06-16,EW,동일가중 상대성과,정상,0,RSP가 SPY 대비 20일 +3.0%p · 5일 상대성과 -0.38%p,지표 고유의 상태와 다른 시장 영역의 동반 신호를 구분해 확인합니다.,낮음
2026-06-16,CAPE,CAPE,확인 부족,-1,이력 부족: 0/120관측,현재 상태를 판단할 자료가 부족합니다.,확인 부족
2026-06-16,ADV,상승 종목 비율,확인 부족,-1,이력 부족: 0/21관측,현재 상태를 판단할 자료가 부족합니다.,확인 부족
2026-06-16,ABOVE200,200DMA 위 종목 비율,확인 부족,-1,이력 부족: 0/21관측,현재 상태를 판단할 자료가 부족합니다.,확인 부족
2026-06-16,HILO,52주 신고가-신저가 비율,확인 부족,-1,이력 부족: 0/21관측,현재 상태를 판단할 자료가 부족합니다.,확인 부족
2026-06-16,EFFR,미국 기준금리,정상,0,20관측 +0bp · 유지 · EFFR 변화는 목표범위 결정 자체와 구분,금리 하락 또는 상대관계 변화을 관찰합니다. 물가·고용·신용의 동반 움직임으로 의미를 구분합니다.,낮음
2026-06-16,US3M,미국 3개월물 국채수익률,확인 부족,-1,이력 부족: 0/25관측,현재 상태를 판단할 자료가 부족합니다.,확인 부족
2026-06-16,US2Y,미국 2년물 국채수익률,확인 부족,-1,이력 부족: 0/25관측,현재 상태를 판단할 자료가 부족합니다.,확인 부족
2026-06-16,US10Y,미국 10년물 국채수익률,확인 부족,-1,이력 부족: 0/25관측,현재 상태를 판단할 자료가 부족합니다.,확인 부족
2026-06-16,US30Y,미국 30년물 국채수익률,확인 부족,-1,이력 부족: 0/25관측,현재 상태를 판단할 자료가 부족합니다.,확인 부족
2026-06-16,REAL10,미국 10년물 실질금리,확인 부족,-1,이력 부족: 0/25관측,현재 상태를 판단할 자료가 부족합니다.,확인 부족
2026-06-16,TERM,미국 10년물 기간프리미엄,관찰,1,과거 504관측 대비 94.1백분위 · 20일 -9bp,금리 하락 또는 상대관계 변화을 관찰합니다. 물가·고용·신용의 동반 움직임으로 의미를 구분합니다.,낮음
2026-06-16,CURVE2,미국 10년물-2년물 금리차,확인 부족,-1,이력 부족: 0/22관측,현재 상태를 판단할 자료가 부족합니다.,확인 부족
2026-06-16,CURVE3,미국 10년물-3개월물 금리차,확인 부족,-1,이력 부족: 0/22관측,현재 상태를 판단할 자료가 부족합니다.,확인 부족
2026-06-16,CURVEFED,미국 10년물-기준금리 차,확인 부족,-1,이력 부족: 0/22관측,현재 상태를 판단할 자료가 부족합니다.,확인 부족
2026-06-16,VIX,VIX,정상,0,VIX 16.4 · 5일 -17.4% · 20일 -9.1% · 5일 -3.5포인트,지표 고유의 상태와 다른 시장 영역의 동반 신호를 구분해 확인합니다.,낮음
2026-06-16,VIXPOS,VIX 1년 위치,참고,0,과거 252관측 대비 35.5백분위,최근 분포에서의 위치입니다. 별도 위험 신호로 중복 집계하지 않습니다.,낮음
2026-06-16,HY,하이일드 OAS,안정,0,HY 2.71%p · 5일 -7bp · 20일 -9bp,지표 고유의 상태와 다른 시장 영역의 동반 신호를 구분해 확인합니다.,낮음
2026-06-16,BBB,BBB OAS,안정,0,BBB 0.93%p · 5일 +0bp · 20일 -2bp,지표 고유의 상태와 다른 시장 영역의 동반 신호를 구분해 확인합니다.,낮음
2026-06-16,HYPOS,HY 1년 위치,참고,0,과거 252관측 대비 5.0백분위,최근 분포에서의 위치입니다. 별도 위험 신호로 중복 집계하지 않습니다.,낮음
2026-06-16,UNEMP,미국 실업률,확인 부족,-1,월간 관측 누락: 달력 기간 계산 보류,현재 상태를 판단할 자료가 부족합니다.,확인 부족
2026-06-16,SAHM,Sahm Rule,확인 부족,-1,월간 관측 누락: 달력 기간 계산 보류,현재 상태를 판단할 자료가 부족합니다.,확인 부족
2026-06-16,CLAIMS,신규실업수당 4주평균,확인 부족,-1,이력 부족: 0/55관측,현재 상태를 판단할 자료가 부족합니다.,확인 부족
2026-06-16,CPI,CPI,확인 부족,-1,이력 부족: 0/16관측,현재 상태를 판단할 자료가 부족합니다.,확인 부족
2026-06-16,CORECPI,근원 CPI,확인 부족,-1,이력 부족: 0/16관측,현재 상태를 판단할 자료가 부족합니다.,확인 부족
2026-06-16,COREPCE,근원 PCE,확인 부족,-1,이력 부족: 0/16관측,현재 상태를 판단할 자료가 부족합니다.,확인 부족
2026-06-16,DXY,달러지수,확인 부족,-1,이력 부족: 0/147관측,현재 상태를 판단할 자료가 부족합니다.,확인 부족
2026-06-16,USDKRW,달러/원,확인 부족,-1,이력 부족: 0/147관측,현재 상태를 판단할 자료가 부족합니다.,확인 부족
2026-06-16,USDJPY,달러/엔,확인 부족,-1,이력 부족: 0/147관측,현재 상태를 판단할 자료가 부족합니다.,확인 부족
2026-06-16,WTI,WTI,확인 부족,-1,이력 부족: 0/147관측,현재 상태를 판단할 자료가 부족합니다.,확인 부족
2026-06-16,GOLD,금,정상,0,5일 +1.66% · 20일 -4.87% · 변동성 기준 44.4/60.9백분위,가격 움직임은 확인되지만 원인을 구분할 교차 근거가 충분하지 않습니다.,낮음
2026-06-16,SILVER,은,정상,0,5일 +7.38% · 20일 -9.31% · 변동성 기준 81.9/68.7백분위,가격 움직임은 확인되지만 원인을 구분할 교차 근거가 충분하지 않습니다.,낮음
2026-06-16,COPPER,구리,정상,0,5일 +2.96% · 20일 +3.46% · 변동성 기준 61.3/33.7백분위,가격 움직임은 확인되지만 원인을 구분할 교차 근거가 충분하지 않습니다.,낮음
2026-06-17,SP500,S&P500,확인 부족,-1,이력 부족: 0/252관측,현재 상태를 판단할 자료가 부족합니다.,확인 부족
2026-06-17,NASDAQ,Nasdaq,확인 부족,-1,이력 부족: 0/252관측,현재 상태를 판단할 자료가 부족합니다.,확인 부족
2026-06-17,RUSSELL,Russell 2000,정상,0,5일 +2.9% · 20일 +6.2% · 고점 대비 -1.6%,지표 고유의 상태와 다른 시장 영역의 동반 신호를 구분해 확인합니다.,낮음
2026-06-17,MA200,200일 이동평균 이격,확인 부족,-1,이력 부족: 0/200관측,현재 상태를 판단할 자료가 부족합니다.,확인 부족
2026-06-17,EW,동일가중 상대성과,정상,0,RSP가 SPY 대비 20일 +2.7%p · 5일 상대성과 -0.95%p,지표 고유의 상태와 다른 시장 영역의 동반 신호를 구분해 확인합니다.,낮음
2026-06-17,CAPE,CAPE,확인 부족,-1,이력 부족: 0/120관측,현재 상태를 판단할 자료가 부족합니다.,확인 부족
2026-06-17,ADV,상승 종목 비율,확인 부족,-1,이력 부족: 0/21관측,현재 상태를 판단할 자료가 부족합니다.,확인 부족
2026-06-17,ABOVE200,200DMA 위 종목 비율,확인 부족,-1,이력 부족: 0/21관측,현재 상태를 판단할 자료가 부족합니다.,확인 부족
2026-06-17,HILO,52주 신고가-신저가 비율,확인 부족,-1,이력 부족: 0/21관측,현재 상태를 판단할 자료가 부족합니다.,확인 부족
2026-06-17,EFFR,미국 기준금리,정상,0,20관측 +1bp · 인상 · EFFR 변화는 목표범위 결정 자체와 구분,금리 상승에 따른 부담을 관찰합니다. 물가·고용·신용의 동반 움직임으로 의미를 구분합니다.,낮음
2026-06-17,US3M,미국 3개월물 국채수익률,확인 부족,-1,이력 부족: 0/25관측,현재 상태를 판단할 자료가 부족합니다.,확인 부족
2026-06-17,US2Y,미국 2년물 국채수익률,확인 부족,-1,이력 부족: 0/25관측,현재 상태를 판단할 자료가 부족합니다.,확인 부족
2026-06-17,US10Y,미국 10년물 국채수익률,확인 부족,-1,이력 부족: 0/25관측,현재 상태를 판단할 자료가 부족합니다.,확인 부족
2026-06-17,US30Y,미국 30년물 국채수익률,확인 부족,-1,이력 부족: 0/25관측,현재 상태를 판단할 자료가 부족합니다.,확인 부족
2026-06-17,REAL10,미국 10년물 실질금리,확인 부족,-1,이력 부족: 0/25관측,현재 상태를 판단할 자료가 부족합니다.,확인 부족
2026-06-17,TERM,미국 10년물 기간프리미엄,관찰,1,과거 504관측 대비 96.6백분위 · 20일 -10bp,금리 하락 또는 상대관계 변화을 관찰합니다. 물가·고용·신용의 동반 움직임으로 의미를 구분합니다.,낮음
2026-06-17,CURVE2,미국 10년물-2년물 금리차,확인 부족,-1,이력 부족: 0/22관측,현재 상태를 판단할 자료가 부족합니다.,확인 부족
2026-06-17,CURVE3,미국 10년물-3개월물 금리차,확인 부족,-1,이력 부족: 0/22관측,현재 상태를 판단할 자료가 부족합니다.,확인 부족
2026-06-17,CURVEFED,미국 10년물-기준금리 차,확인 부족,-1,이력 부족: 0/22관측,현재 상태를 판단할 자료가 부족합니다.,확인 부족
2026-06-17,VIX,VIX,정상,0,VIX 18.4 · 5일 -17.0% · 20일 +5.7% · 5일 -3.8포인트,지표 고유의 상태와 다른 시장 영역의 동반 신호를 구분해 확인합니다.,낮음
2026-06-17,VIXPOS,VIX 1년 위치,참고,0,과거 252관측 대비 69.8백분위,최근 분포에서의 위치입니다. 별도 위험 신호로 중복 집계하지 않습니다.,낮음
2026-06-17,HY,하이일드 OAS,안정,0,HY 2.63%p · 5일 -17bp · 20일 -15bp,지표 고유의 상태와 다른 시장 영역의 동반 신호를 구분해 확인합니다.,낮음
2026-06-17,BBB,BBB OAS,안정,0,BBB 0.92%p · 5일 -2bp · 20일 -2bp,지표 고유의 상태와 다른 시장 영역의 동반 신호를 구분해 확인합니다.,낮음
2026-06-17,HYPOS,HY 1년 위치,참고,0,과거 252관측 대비 0.0백분위,최근 분포에서의 위치입니다. 별도 위험 신호로 중복 집계하지 않습니다.,낮음
2026-06-17,UNEMP,미국 실업률,확인 부족,-1,월간 관측 누락: 달력 기간 계산 보류,현재 상태를 판단할 자료가 부족합니다.,확인 부족
2026-06-17,SAHM,Sahm Rule,확인 부족,-1,월간 관측 누락: 달력 기간 계산 보류,현재 상태를 판단할 자료가 부족합니다.,확인 부족
2026-06-17,CLAIMS,신규실업수당 4주평균,확인 부족,-1,이력 부족: 0/55관측,현재 상태를 판단할 자료가 부족합니다.,확인 부족
2026-06-17,CPI,CPI,확인 부족,-1,이력 부족: 0/16관측,현재 상태를 판단할 자료가 부족합니다.,확인 부족
2026-06-17,CORECPI,근원 CPI,확인 부족,-1,이력 부족: 0/16관측,현재 상태를 판단할 자료가 부족합니다.,확인 부족
2026-06-17,COREPCE,근원 PCE,확인 부족,-1,이력 부족: 0/16관측,현재 상태를 판단할 자료가 부족합니다.,확인 부족
2026-06-17,DXY,달러지수,확인 부족,-1,이력 부족: 0/147관측,현재 상태를 판단할 자료가 부족합니다.,확인 부족
2026-06-17,USDKRW,달러/원,확인 부족,-1,이력 부족: 0/147관측,현재 상태를 판단할 자료가 부족합니다.,확인 부족
2026-06-17,USDJPY,달러/엔,확인 부족,-1,이력 부족: 0/147관측,현재 상태를 판단할 자료가 부족합니다.,확인 부족
2026-06-17,WTI,WTI,확인 부족,-1,이력 부족: 0/147관측,현재 상태를 판단할 자료가 부족합니다.,확인 부족
2026-06-17,GOLD,금,관찰,1,5일 +6.10% · 20일 -3.27% · 변동성 기준 95.0/42.9백분위,가격 움직임은 확인되지만 원인을 구분할 교차 근거가 충분하지 않습니다.,낮음
2026-06-17,SILVER,은,정상,0,5일 +9.44% · 20일 -5.52% · 변동성 기준 88.3/46.4백분위,가격 움직임은 확인되지만 원인을 구분할 교차 근거가 충분하지 않습니다.,낮음
2026-06-17,COPPER,구리,정상,0,5일 +3.72% · 20일 +5.13% · 변동성 기준 70.6/46.0백분위,가격 움직임은 확인되지만 원인을 구분할 교차 근거가 충분하지 않습니다.,낮음
2026-06-18,SP500,S&P500,확인 부족,-1,이력 부족: 0/252관측,현재 상태를 판단할 자료가 부족합니다.,확인 부족
2026-06-18,NASDAQ,Nasdaq,확인 부족,-1,이력 부족: 0/252관측,현재 상태를 판단할 자료가 부족합니다.,확인 부족
2026-06-18,RUSSELL,Russell 2000,정상,0,5일 +2.0% · 20일 +5.8% · 고점 대비 0.0%,지표 고유의 상태와 다른 시장 영역의 동반 신호를 구분해 확인합니다.,낮음
2026-06-18,MA200,200일 이동평균 이격,확인 부족,-1,이력 부족: 0/200관측,현재 상태를 판단할 자료가 부족합니다.,확인 부족
2026-06-18,EW,동일가중 상대성과,정상,0,RSP가 SPY 대비 20일 +2.3%p · 5일 상대성과 -1.12%p,지표 고유의 상태와 다른 시장 영역의 동반 신호를 구분해 확인합니다.,낮음
2026-06-18,CAPE,CAPE,확인 부족,-1,이력 부족: 0/120관측,현재 상태를 판단할 자료가 부족합니다.,확인 부족
2026-06-18,ADV,상승 종목 비율,확인 부족,-1,이력 부족: 0/21관측,현재 상태를 판단할 자료가 부족합니다.,확인 부족
2026-06-18,ABOVE200,200DMA 위 종목 비율,확인 부족,-1,이력 부족: 0/21관측,현재 상태를 판단할 자료가 부족합니다.,확인 부족
2026-06-18,HILO,52주 신고가-신저가 비율,확인 부족,-1,이력 부족: 0/21관측,현재 상태를 판단할 자료가 부족합니다.,확인 부족
2026-06-18,EFFR,미국 기준금리,정상,0,20관측 +1bp · 인상 · EFFR 변화는 목표범위 결정 자체와 구분,금리 상승에 따른 부담을 관찰합니다. 물가·고용·신용의 동반 움직임으로 의미를 구분합니다.,낮음
2026-06-18,US3M,미국 3개월물 국채수익률,확인 부족,-1,이력 부족: 0/25관측,현재 상태를 판단할 자료가 부족합니다.,확인 부족
2026-06-18,US2Y,미국 2년물 국채수익률,확인 부족,-1,이력 부족: 0/25관측,현재 상태를 판단할 자료가 부족합니다.,확인 부족
2026-06-18,US10Y,미국 10년물 국채수익률,확인 부족,-1,이력 부족: 0/25관측,현재 상태를 판단할 자료가 부족합니다.,확인 부족
2026-06-18,US30Y,미국 30년물 국채수익률,확인 부족,-1,이력 부족: 0/25관측,현재 상태를 판단할 자료가 부족합니다.,확인 부족
2026-06-18,REAL10,미국 10년물 실질금리,확인 부족,-1,이력 부족: 0/25관측,현재 상태를 판단할 자료가 부족합니다.,확인 부족
2026-06-18,TERM,미국 10년물 기간프리미엄,관찰,1,과거 504관측 대비 94.6백분위 · 20일 -8bp,금리 하락 또는 상대관계 변화을 관찰합니다. 물가·고용·신용의 동반 움직임으로 의미를 구분합니다.,낮음
2026-06-18,CURVE2,미국 10년물-2년물 금리차,확인 부족,-1,이력 부족: 0/22관측,현재 상태를 판단할 자료가 부족합니다.,확인 부족
2026-06-18,CURVE3,미국 10년물-3개월물 금리차,확인 부족,-1,이력 부족: 0/22관측,현재 상태를 판단할 자료가 부족합니다.,확인 부족
2026-06-18,CURVEFED,미국 10년물-기준금리 차,확인 부족,-1,이력 부족: 0/22관측,현재 상태를 판단할 자료가 부족합니다.,확인 부족
2026-06-18,VIX,VIX,정상,0,VIX 16.4 · 5일 -15.6% · 20일 -2.1% · 5일 -3.0포인트,지표 고유의 상태와 다른 시장 영역의 동반 신호를 구분해 확인합니다.,낮음
2026-06-18,VIXPOS,VIX 1년 위치,참고,0,과거 252관측 대비 35.1백분위,최근 분포에서의 위치입니다. 별도 위험 신호로 중복 집계하지 않습니다.,낮음
2026-06-18,HY,하이일드 OAS,안정,0,HY 2.66%p · 5일 -12bp · 20일 -8bp,지표 고유의 상태와 다른 시장 영역의 동반 신호를 구분해 확인합니다.,낮음
2026-06-18,BBB,BBB OAS,안정,0,BBB 0.93%p · 5일 -1bp · 20일 +0bp,지표 고유의 상태와 다른 시장 영역의 동반 신호를 구분해 확인합니다.,낮음
2026-06-18,HYPOS,HY 1년 위치,참고,0,과거 252관측 대비 1.8백분위,최근 분포에서의 위치입니다. 별도 위험 신호로 중복 집계하지 않습니다.,낮음
2026-06-18,UNEMP,미국 실업률,확인 부족,-1,월간 관측 누락: 달력 기간 계산 보류,현재 상태를 판단할 자료가 부족합니다.,확인 부족
2026-06-18,SAHM,Sahm Rule,확인 부족,-1,월간 관측 누락: 달력 기간 계산 보류,현재 상태를 판단할 자료가 부족합니다.,확인 부족
2026-06-18,CLAIMS,신규실업수당 4주평균,확인 부족,-1,이력 부족: 0/55관측,현재 상태를 판단할 자료가 부족합니다.,확인 부족
2026-06-18,CPI,CPI,확인 부족,-1,이력 부족: 0/16관측,현재 상태를 판단할 자료가 부족합니다.,확인 부족
2026-06-18,CORECPI,근원 CPI,확인 부족,-1,이력 부족: 0/16관측,현재 상태를 판단할 자료가 부족합니다.,확인 부족
2026-06-18,COREPCE,근원 PCE,확인 부족,-1,이력 부족: 0/16관측,현재 상태를 판단할 자료가 부족합니다.,확인 부족
2026-06-18,DXY,달러지수,확인 부족,-1,이력 부족: 0/147관측,현재 상태를 판단할 자료가 부족합니다.,확인 부족
2026-06-18,USDKRW,달러/원,확인 부족,-1,이력 부족: 0/147관측,현재 상태를 판단할 자료가 부족합니다.,확인 부족
2026-06-18,USDJPY,달러/엔,확인 부족,-1,이력 부족: 0/147관측,현재 상태를 판단할 자료가 부족합니다.,확인 부족
2026-06-18,WTI,WTI,확인 부족,-1,이력 부족: 0/147관측,현재 상태를 판단할 자료가 부족합니다.,확인 부족
2026-06-18,GOLD,금,정상,0,5일 +3.27% · 20일 -6.78% · 변동성 기준 75.8/76.8백분위,가격 움직임은 확인되지만 원인을 구분할 교차 근거가 충분하지 않습니다.,낮음
2026-06-18,SILVER,은,정상,0,5일 +3.71% · 20일 -12.65% · 변동성 기준 55.2/81.2백분위,가격 움직임은 확인되지만 원인을 구분할 교차 근거가 충분하지 않습니다.,낮음
2026-06-18,COPPER,구리,정상,0,5일 +1.85% · 20일 +1.34% · 변동성 기준 41.3/12.9백분위,가격 움직임은 확인되지만 원인을 구분할 교차 근거가 충분하지 않습니다.,낮음
2026-06-22,SP500,S&P500,확인 부족,-1,이력 부족: 0/252관측,현재 상태를 판단할 자료가 부족합니다.,확인 부족
2026-06-22,NASDAQ,Nasdaq,확인 부족,-1,이력 부족: 0/252관측,현재 상태를 판단할 자료가 부족합니다.,확인 부족
2026-06-22,RUSSELL,Russell 2000,정상,0,5일 +2.1% · 20일 +5.7% · 고점 대비 0.0%,지표 고유의 상태와 다른 시장 영역의 동반 신호를 구분해 확인합니다.,낮음
2026-06-22,MA200,200일 이동평균 이격,확인 부족,-1,이력 부족: 0/200관측,현재 상태를 판단할 자료가 부족합니다.,확인 부족
2026-06-22,EW,동일가중 상대성과,정상,0,RSP가 SPY 대비 20일 +2.2%p · 5일 상대성과 -1.32%p,지표 고유의 상태와 다른 시장 영역의 동반 신호를 구분해 확인합니다.,낮음
2026-06-22,CAPE,CAPE,확인 부족,-1,이력 부족: 0/120관측,현재 상태를 판단할 자료가 부족합니다.,확인 부족
2026-06-22,ADV,상승 종목 비율,확인 부족,-1,이력 부족: 0/21관측,현재 상태를 판단할 자료가 부족합니다.,확인 부족
2026-06-22,ABOVE200,200DMA 위 종목 비율,확인 부족,-1,이력 부족: 0/21관측,현재 상태를 판단할 자료가 부족합니다.,확인 부족
2026-06-22,HILO,52주 신고가-신저가 비율,확인 부족,-1,이력 부족: 0/21관측,현재 상태를 판단할 자료가 부족합니다.,확인 부족
2026-06-22,EFFR,미국 기준금리,정상,0,20관측 +1bp · 인상 · EFFR 변화는 목표범위 결정 자체와 구분,금리 상승에 따른 부담을 관찰합니다. 물가·고용·신용의 동반 움직임으로 의미를 구분합니다.,낮음
2026-06-22,US3M,미국 3개월물 국채수익률,확인 부족,-1,이력 부족: 0/25관측,현재 상태를 판단할 자료가 부족합니다.,확인 부족
2026-06-22,US2Y,미국 2년물 국채수익률,확인 부족,-1,이력 부족: 0/25관측,현재 상태를 판단할 자료가 부족합니다.,확인 부족
2026-06-22,US10Y,미국 10년물 국채수익률,확인 부족,-1,이력 부족: 0/25관측,현재 상태를 판단할 자료가 부족합니다.,확인 부족
2026-06-22,US30Y,미국 30년물 국채수익률,확인 부족,-1,이력 부족: 0/25관측,현재 상태를 판단할 자료가 부족합니다.,확인 부족
2026-06-22,REAL10,미국 10년물 실질금리,확인 부족,-1,이력 부족: 0/25관측,현재 상태를 판단할 자료가 부족합니다.,확인 부족
2026-06-22,TERM,미국 10년물 기간프리미엄,관찰,1,과거 504관측 대비 96.2백분위 · 20일 -6bp,금리 하락 또는 상대관계 변화을 관찰합니다. 물가·고용·신용의 동반 움직임으로 의미를 구분합니다.,낮음
2026-06-22,CURVE2,미국 10년물-2년물 금리차,확인 부족,-1,이력 부족: 0/22관측,현재 상태를 판단할 자료가 부족합니다.,확인 부족
2026-06-22,CURVE3,미국 10년물-3개월물 금리차,확인 부족,-1,이력 부족: 0/22관측,현재 상태를 판단할 자료가 부족합니다.,확인 부족
2026-06-22,CURVEFED,미국 10년물-기준금리 차,확인 부족,-1,이력 부족: 0/22관측,현재 상태를 판단할 자료가 부족합니다.,확인 부족
2026-06-22,VIX,VIX,정상,0,VIX 17.3 · 5일 +6.7% · 20일 +4.2% · 5일 +1.1포인트,지표 고유의 상태와 다른 시장 영역의 동반 신호를 구분해 확인합니다.,낮음
2026-06-22,VIXPOS,VIX 1년 위치,참고,0,과거 252관측 대비 54.6백분위,최근 분포에서의 위치입니다. 별도 위험 신호로 중복 집계하지 않습니다.,낮음
2026-06-22,HY,하이일드 OAS,안정,0,HY 2.65%p · 5일 -1bp · 20일 -7bp,지표 고유의 상태와 다른 시장 영역의 동반 신호를 구분해 확인합니다.,낮음
2026-06-22,BBB,BBB OAS,안정,0,BBB 0.93%p · 5일 +1bp · 20일 +0bp,지표 고유의 상태와 다른 시장 영역의 동반 신호를 구분해 확인합니다.,낮음
2026-06-22,HYPOS,HY 1년 위치,참고,0,과거 252관측 대비 1.2백분위,최근 분포에서의 위치입니다. 별도 위험 신호로 중복 집계하지 않습니다.,낮음
2026-06-22,UNEMP,미국 실업률,확인 부족,-1,월간 관측 누락: 달력 기간 계산 보류,현재 상태를 판단할 자료가 부족합니다.,확인 부족
2026-06-22,SAHM,Sahm Rule,확인 부족,-1,월간 관측 누락: 달력 기간 계산 보류,현재 상태를 판단할 자료가 부족합니다.,확인 부족
2026-06-22,CLAIMS,신규실업수당 4주평균,확인 부족,-1,이력 부족: 0/55관측,현재 상태를 판단할 자료가 부족합니다.,확인 부족
2026-06-22,CPI,CPI,확인 부족,-1,이력 부족: 0/16관측,현재 상태를 판단할 자료가 부족합니다.,확인 부족
2026-06-22,CORECPI,근원 CPI,확인 부족,-1,이력 부족: 0/16관측,현재 상태를 판단할 자료가 부족합니다.,확인 부족
2026-06-22,COREPCE,근원 PCE,확인 부족,-1,이력 부족: 0/16관측,현재 상태를 판단할 자료가 부족합니다.,확인 부족
2026-06-22,DXY,달러지수,확인 부족,-1,이력 부족: 0/147관측,현재 상태를 판단할 자료가 부족합니다.,확인 부족
2026-06-22,USDKRW,달러/원,확인 부족,-1,이력 부족: 0/147관측,현재 상태를 판단할 자료가 부족합니다.,확인 부족
2026-06-22,USDJPY,달러/엔,확인 부족,-1,이력 부족: 0/147관측,현재 상태를 판단할 자료가 부족합니다.,확인 부족
2026-06-22,WTI,WTI,확인 부족,-1,이력 부족: 0/147관측,현재 상태를 판단할 자료가 부족합니다.,확인 부족
2026-06-22,GOLD,금,정상,0,5일 -0.79% · 20일 -7.88% · 변동성 기준 22.4/82.5백분위,가격 움직임은 확인되지만 원인을 구분할 교차 근거가 충분하지 않습니다.,낮음
2026-06-22,SILVER,은,정상,0,5일 -3.44% · 20일 -14.25% · 변동성 기준 51.8/83.3백분위,가격 움직임은 확인되지만 원인을 구분할 교차 근거가 충분하지 않습니다.,낮음
2026-06-22,COPPER,구리,정상,0,5일 -1.15% · 20일 +1.59% · 변동성 기준 26.2/15.5백분위,가격 움직임은 확인되지만 원인을 구분할 교차 근거가 충분하지 않습니다.,낮음
2026-06-23,SP500,S&P500,확인 부족,-1,이력 부족: 0/252관측,현재 상태를 판단할 자료가 부족합니다.,확인 부족
2026-06-23,NASDAQ,Nasdaq,확인 부족,-1,이력 부족: 0/252관측,현재 상태를 판단할 자료가 부족합니다.,확인 부족
2026-06-23,RUSSELL,Russell 2000,정상,0,5일 +0.4% · 20일 +3.7% · 고점 대비 -1.0%,지표 고유의 상태와 다른 시장 영역의 동반 신호를 구분해 확인합니다.,낮음
2026-06-23,MA200,200일 이동평균 이격,확인 부족,-1,이력 부족: 0/200관측,현재 상태를 판단할 자료가 부족합니다.,확인 부족
2026-06-23,EW,동일가중 상대성과,정상,0,RSP가 SPY 대비 20일 +2.7%p · 5일 상대성과 +0.94%p,지표 고유의 상태와 다른 시장 영역의 동반 신호를 구분해 확인합니다.,낮음
2026-06-23,CAPE,CAPE,확인 부족,-1,이력 부족: 0/120관측,현재 상태를 판단할 자료가 부족합니다.,확인 부족
2026-06-23,ADV,상승 종목 비율,확인 부족,-1,이력 부족: 0/21관측,현재 상태를 판단할 자료가 부족합니다.,확인 부족
2026-06-23,ABOVE200,200DMA 위 종목 비율,확인 부족,-1,이력 부족: 0/21관측,현재 상태를 판단할 자료가 부족합니다.,확인 부족
2026-06-23,HILO,52주 신고가-신저가 비율,확인 부족,-1,이력 부족: 0/21관측,현재 상태를 판단할 자료가 부족합니다.,확인 부족
2026-06-23,EFFR,미국 기준금리,정상,0,20관측 +1bp · 인상 · EFFR 변화는 목표범위 결정 자체와 구분,금리 상승에 따른 부담을 관찰합니다. 물가·고용·신용의 동반 움직임으로 의미를 구분합니다.,낮음
2026-06-23,US3M,미국 3개월물 국채수익률,확인 부족,-1,이력 부족: 0/25관측,현재 상태를 판단할 자료가 부족합니다.,확인 부족
2026-06-23,US2Y,미국 2년물 국채수익률,확인 부족,-1,이력 부족: 0/25관측,현재 상태를 판단할 자료가 부족합니다.,확인 부족
2026-06-23,US10Y,미국 10년물 국채수익률,확인 부족,-1,이력 부족: 0/25관측,현재 상태를 판단할 자료가 부족합니다.,확인 부족
2026-06-23,US30Y,미국 30년물 국채수익률,확인 부족,-1,이력 부족: 0/25관측,현재 상태를 판단할 자료가 부족합니다.,확인 부족
2026-06-23,REAL10,미국 10년물 실질금리,확인 부족,-1,이력 부족: 0/25관측,현재 상태를 판단할 자료가 부족합니다.,확인 부족
2026-06-23,TERM,미국 10년물 기간프리미엄,관찰,1,과거 504관측 대비 94.8백분위 · 20일 -7bp,금리 하락 또는 상대관계 변화을 관찰합니다. 물가·고용·신용의 동반 움직임으로 의미를 구분합니다.,낮음
2026-06-23,CURVE2,미국 10년물-2년물 금리차,확인 부족,-1,이력 부족: 0/22관측,현재 상태를 판단할 자료가 부족합니다.,확인 부족
2026-06-23,CURVE3,미국 10년물-3개월물 금리차,확인 부족,-1,이력 부족: 0/22관측,현재 상태를 판단할 자료가 부족합니다.,확인 부족
2026-06-23,CURVEFED,미국 10년물-기준금리 차,확인 부족,-1,이력 부족: 0/22관측,현재 상태를 판단할 자료가 부족합니다.,확인 부족
2026-06-23,VIX,VIX,정상,0,VIX 19.5 · 5일 +18.8% · 20일 +14.6% · 5일 +3.1포인트,지표 고유의 상태와 다른 시장 영역의 동반 신호를 구분해 확인합니다.,낮음
2026-06-23,VIXPOS,VIX 1년 위치,참고,0,과거 252관측 대비 77.2백분위,최근 분포에서의 위치입니다. 별도 위험 신호로 중복 집계하지 않습니다.,낮음
2026-06-23,HY,하이일드 OAS,안정,0,HY 2.71%p · 5일 +0bp · 20일 +0bp,지표 고유의 상태와 다른 시장 영역의 동반 신호를 구분해 확인합니다.,낮음
2026-06-23,BBB,BBB OAS,안정,0,BBB 0.93%p · 5일 +0bp · 20일 +0bp,지표 고유의 상태와 다른 시장 영역의 동반 신호를 구분해 확인합니다.,낮음
2026-06-23,HYPOS,HY 1년 위치,참고,0,과거 252관측 대비 6.7백분위,최근 분포에서의 위치입니다. 별도 위험 신호로 중복 집계하지 않습니다.,낮음
2026-06-23,UNEMP,미국 실업률,확인 부족,-1,월간 관측 누락: 달력 기간 계산 보류,현재 상태를 판단할 자료가 부족합니다.,확인 부족
2026-06-23,SAHM,Sahm Rule,확인 부족,-1,월간 관측 누락: 달력 기간 계산 보류,현재 상태를 판단할 자료가 부족합니다.,확인 부족
2026-06-23,CLAIMS,신규실업수당 4주평균,확인 부족,-1,이력 부족: 0/55관측,현재 상태를 판단할 자료가 부족합니다.,확인 부족
2026-06-23,CPI,CPI,확인 부족,-1,이력 부족: 0/16관측,현재 상태를 판단할 자료가 부족합니다.,확인 부족
2026-06-23,CORECPI,근원 CPI,확인 부족,-1,이력 부족: 0/16관측,현재 상태를 판단할 자료가 부족합니다.,확인 부족
2026-06-23,COREPCE,근원 PCE,확인 부족,-1,이력 부족: 0/16관측,현재 상태를 판단할 자료가 부족합니다.,확인 부족
2026-06-23,DXY,달러지수,확인 부족,-1,이력 부족: 0/147관측,현재 상태를 판단할 자료가 부족합니다.,확인 부족
2026-06-23,USDKRW,달러/원,확인 부족,-1,이력 부족: 0/147관측,현재 상태를 판단할 자료가 부족합니다.,확인 부족
2026-06-23,USDJPY,달러/엔,확인 부족,-1,이력 부족: 0/147관측,현재 상태를 판단할 자료가 부족합니다.,확인 부족
2026-06-23,WTI,WTI,확인 부족,-1,이력 부족: 0/147관측,현재 상태를 판단할 자료가 부족합니다.,확인 부족
2026-06-23,GOLD,금,정상,0,5일 -4.58% · 20일 -8.65% · 변동성 기준 88.9/85.9백분위,가격 움직임은 확인되지만 원인을 구분할 교차 근거가 충분하지 않습니다.,낮음
2026-06-23,SILVER,은,관찰,1,5일 -11.48% · 20일 -18.28% · 변동성 기준 91.5/88.7백분위,가격 움직임은 확인되지만 원인을 구분할 교차 근거가 충분하지 않습니다.,낮음
2026-06-23,COPPER,구리,정상,0,5일 -5.27% · 20일 -3.17% · 변동성 기준 85.1/32.3백분위,가격 움직임은 확인되지만 원인을 구분할 교차 근거가 충분하지 않습니다.,낮음
2026-06-24,SP500,S&P500,확인 부족,-1,이력 부족: 0/252관측,현재 상태를 판단할 자료가 부족합니다.,확인 부족
2026-06-24,NASDAQ,Nasdaq,확인 부족,-1,이력 부족: 0/252관측,현재 상태를 판단할 자료가 부족합니다.,확인 부족
2026-06-24,RUSSELL,Russell 2000,정상,0,5일 +1.6% · 20일 +2.3% · 고점 대비 -0.6%,지표 고유의 상태와 다른 시장 영역의 동반 신호를 구분해 확인합니다.,낮음
2026-06-24,MA200,200일 이동평균 이격,확인 부족,-1,이력 부족: 0/200관측,현재 상태를 판단할 자료가 부족합니다.,확인 부족
2026-06-24,EW,동일가중 상대성과,정상,0,RSP가 SPY 대비 20일 +3.6%p · 5일 상대성과 +1.43%p,지표 고유의 상태와 다른 시장 영역의 동반 신호를 구분해 확인합니다.,낮음
2026-06-24,CAPE,CAPE,확인 부족,-1,이력 부족: 0/120관측,현재 상태를 판단할 자료가 부족합니다.,확인 부족
2026-06-24,ADV,상승 종목 비율,확인 부족,-1,이력 부족: 0/21관측,현재 상태를 판단할 자료가 부족합니다.,확인 부족
2026-06-24,ABOVE200,200DMA 위 종목 비율,확인 부족,-1,이력 부족: 0/21관측,현재 상태를 판단할 자료가 부족합니다.,확인 부족
2026-06-24,HILO,52주 신고가-신저가 비율,확인 부족,-1,이력 부족: 0/21관측,현재 상태를 판단할 자료가 부족합니다.,확인 부족
2026-06-24,EFFR,미국 기준금리,정상,0,20관측 +1bp · 인상 · EFFR 변화는 목표범위 결정 자체와 구분,금리 상승에 따른 부담을 관찰합니다. 물가·고용·신용의 동반 움직임으로 의미를 구분합니다.,낮음
2026-06-24,US3M,미국 3개월물 국채수익률,확인 부족,-1,이력 부족: 0/25관측,현재 상태를 판단할 자료가 부족합니다.,확인 부족
2026-06-24,US2Y,미국 2년물 국채수익률,확인 부족,-1,이력 부족: 0/25관측,현재 상태를 판단할 자료가 부족합니다.,확인 부족
2026-06-24,US10Y,미국 10년물 국채수익률,확인 부족,-1,이력 부족: 0/25관측,현재 상태를 판단할 자료가 부족합니다.,확인 부족
2026-06-24,US30Y,미국 30년물 국채수익률,확인 부족,-1,이력 부족: 0/25관측,현재 상태를 판단할 자료가 부족합니다.,확인 부족
2026-06-24,REAL10,미국 10년물 실질금리,확인 부족,-1,이력 부족: 0/25관측,현재 상태를 판단할 자료가 부족합니다.,확인 부족
2026-06-24,TERM,미국 10년물 기간프리미엄,관찰,1,과거 504관측 대비 91.5백분위 · 20일 -8bp,금리 하락 또는 상대관계 변화을 관찰합니다. 물가·고용·신용의 동반 움직임으로 의미를 구분합니다.,낮음
2026-06-24,CURVE2,미국 10년물-2년물 금리차,확인 부족,-1,이력 부족: 0/22관측,현재 상태를 판단할 자료가 부족합니다.,확인 부족
2026-06-24,CURVE3,미국 10년물-3개월물 금리차,확인 부족,-1,이력 부족: 0/22관측,현재 상태를 판단할 자료가 부족합니다.,확인 부족
2026-06-24,CURVEFED,미국 10년물-기준금리 차,확인 부족,-1,이력 부족: 0/22관측,현재 상태를 판단할 자료가 부족합니다.,확인 부족
2026-06-24,VIX,VIX,정상,0,VIX 18.6 · 5일 +1.0% · 20일 +14.4% · 5일 +0.2포인트,지표 고유의 상태와 다른 시장 영역의 동반 신호를 구분해 확인합니다.,낮음
2026-06-24,VIXPOS,VIX 1년 위치,참고,0,과거 252관측 대비 70.4백분위,최근 분포에서의 위치입니다. 별도 위험 신호로 중복 집계하지 않습니다.,낮음
2026-06-24,HY,하이일드 OAS,안정,0,HY 2.76%p · 5일 +13bp · 20일 +4bp,지표 고유의 상태와 다른 시장 영역의 동반 신호를 구분해 확인합니다.,낮음
2026-06-24,BBB,BBB OAS,안정,0,BBB 0.94%p · 5일 +2bp · 20일 +1bp,지표 고유의 상태와 다른 시장 영역의 동반 신호를 구분해 확인합니다.,낮음
2026-06-24,HYPOS,HY 1년 위치,참고,0,과거 252관측 대비 18.5백분위,최근 분포에서의 위치입니다. 별도 위험 신호로 중복 집계하지 않습니다.,낮음
2026-06-24,UNEMP,미국 실업률,확인 부족,-1,월간 관측 누락: 달력 기간 계산 보류,현재 상태를 판단할 자료가 부족합니다.,확인 부족
2026-06-24,SAHM,Sahm Rule,확인 부족,-1,월간 관측 누락: 달력 기간 계산 보류,현재 상태를 판단할 자료가 부족합니다.,확인 부족
2026-06-24,CLAIMS,신규실업수당 4주평균,확인 부족,-1,이력 부족: 0/55관측,현재 상태를 판단할 자료가 부족합니다.,확인 부족
2026-06-24,CPI,CPI,확인 부족,-1,이력 부족: 0/16관측,현재 상태를 판단할 자료가 부족합니다.,확인 부족
2026-06-24,CORECPI,근원 CPI,확인 부족,-1,이력 부족: 0/16관측,현재 상태를 판단할 자료가 부족합니다.,확인 부족
2026-06-24,COREPCE,근원 PCE,확인 부족,-1,이력 부족: 0/16관측,현재 상태를 판단할 자료가 부족합니다.,확인 부족
2026-06-24,DXY,달러지수,확인 부족,-1,이력 부족: 0/147관측,현재 상태를 판단할 자료가 부족합니다.,확인 부족
2026-06-24,USDKRW,달러/원,확인 부족,-1,이력 부족: 0/147관측,현재 상태를 판단할 자료가 부족합니다.,확인 부족
2026-06-24,USDJPY,달러/엔,확인 부족,-1,이력 부족: 0/147관측,현재 상태를 판단할 자료가 부족합니다.,확인 부족
2026-06-24,WTI,WTI,확인 부족,-1,이력 부족: 0/147관측,현재 상태를 판단할 자료가 부족합니다.,확인 부족
2026-06-24,GOLD,금,관찰,1,5일 -7.86% · 20일 -11.33% · 변동성 기준 97.0/95.0백분위,가격 움직임은 확인되지만 원인을 구분할 교차 근거가 충분하지 않습니다.,낮음
2026-06-24,SILVER,은,관찰,1,5일 -16.95% · 20일 -23.92% · 변동성 기준 97.0/93.7백분위,가격 움직임은 확인되지만 원인을 구분할 교차 근거가 충분하지 않습니다.,낮음
2026-06-24,COPPER,구리,관찰,1,5일 -8.41% · 20일 -6.57% · 변동성 기준 95.4/60.9백분위,가격 움직임은 확인되지만 원인을 구분할 교차 근거가 충분하지 않습니다.,낮음
2026-06-25,SP500,S&P500,확인 부족,-1,이력 부족: 0/252관측,현재 상태를 판단할 자료가 부족합니다.,확인 부족
2026-06-25,NASDAQ,Nasdaq,확인 부족,-1,이력 부족: 0/252관측,현재 상태를 판단할 자료가 부족합니다.,확인 부족
2026-06-25,RUSSELL,Russell 2000,정상,0,5일 +3.1% · 20일 +3.0% · 고점 대비 0.0%,지표 고유의 상태와 다른 시장 영역의 동반 신호를 구분해 확인합니다.,낮음
2026-06-25,MA200,200일 이동평균 이격,확인 부족,-1,이력 부족: 0/200관측,현재 상태를 판단할 자료가 부족합니다.,확인 부족
2026-06-25,EW,동일가중 상대성과,정상,0,RSP가 SPY 대비 20일 +4.2%p · 5일 상대성과 +2.22%p,지표 고유의 상태와 다른 시장 영역의 동반 신호를 구분해 확인합니다.,낮음
2026-06-25,CAPE,CAPE,확인 부족,-1,이력 부족: 0/120관측,현재 상태를 판단할 자료가 부족합니다.,확인 부족
2026-06-25,ADV,상승 종목 비율,확인 부족,-1,이력 부족: 0/21관측,현재 상태를 판단할 자료가 부족합니다.,확인 부족
2026-06-25,ABOVE200,200DMA 위 종목 비율,확인 부족,-1,이력 부족: 0/21관측,현재 상태를 판단할 자료가 부족합니다.,확인 부족
2026-06-25,HILO,52주 신고가-신저가 비율,확인 부족,-1,이력 부족: 0/21관측,현재 상태를 판단할 자료가 부족합니다.,확인 부족
2026-06-25,EFFR,미국 기준금리,정상,0,20관측 +1bp · 인상 · EFFR 변화는 목표범위 결정 자체와 구분,금리 상승에 따른 부담을 관찰합니다. 물가·고용·신용의 동반 움직임으로 의미를 구분합니다.,낮음
2026-06-25,US3M,미국 3개월물 국채수익률,확인 부족,-1,이력 부족: 0/25관측,현재 상태를 판단할 자료가 부족합니다.,확인 부족
2026-06-25,US2Y,미국 2년물 국채수익률,확인 부족,-1,이력 부족: 0/25관측,현재 상태를 판단할 자료가 부족합니다.,확인 부족
2026-06-25,US10Y,미국 10년물 국채수익률,확인 부족,-1,이력 부족: 0/25관측,현재 상태를 판단할 자료가 부족합니다.,확인 부족
2026-06-25,US30Y,미국 30년물 국채수익률,확인 부족,-1,이력 부족: 0/25관측,현재 상태를 판단할 자료가 부족합니다.,확인 부족
2026-06-25,REAL10,미국 10년물 실질금리,확인 부족,-1,이력 부족: 0/25관측,현재 상태를 판단할 자료가 부족합니다.,확인 부족
2026-06-25,TERM,미국 10년물 기간프리미엄,정상,0,과거 504관측 대비 88.7백분위 · 20일 -8bp,금리 하락 또는 상대관계 변화을 관찰합니다. 물가·고용·신용의 동반 움직임으로 의미를 구분합니다.,낮음
2026-06-25,CURVE2,미국 10년물-2년물 금리차,확인 부족,-1,이력 부족: 0/22관측,현재 상태를 판단할 자료가 부족합니다.,확인 부족
2026-06-25,CURVE3,미국 10년물-3개월물 금리차,확인 부족,-1,이력 부족: 0/22관측,현재 상태를 판단할 자료가 부족합니다.,확인 부족
2026-06-25,CURVEFED,미국 10년물-기준금리 차,확인 부족,-1,이력 부족: 0/22관측,현재 상태를 판단할 자료가 부족합니다.,확인 부족
2026-06-25,VIX,VIX,정상,0,VIX 18.9 · 5일 +15.2% · 20일 +20.0% · 5일 +2.5포인트,지표 고유의 상태와 다른 시장 영역의 동반 신호를 구분해 확인합니다.,낮음
2026-06-25,VIXPOS,VIX 1년 위치,참고,0,과거 252관측 대비 72.6백분위,최근 분포에서의 위치입니다. 별도 위험 신호로 중복 집계하지 않습니다.,낮음
2026-06-25,HY,하이일드 OAS,안정,0,HY 2.78%p · 5일 +12bp · 20일 +6bp,지표 고유의 상태와 다른 시장 영역의 동반 신호를 구분해 확인합니다.,낮음
2026-06-25,BBB,BBB OAS,안정,0,BBB 0.95%p · 5일 +2bp · 20일 +3bp,지표 고유의 상태와 다른 시장 영역의 동반 신호를 구분해 확인합니다.,낮음
2026-06-25,HYPOS,HY 1년 위치,참고,0,과거 252관측 대비 22.8백분위,최근 분포에서의 위치입니다. 별도 위험 신호로 중복 집계하지 않습니다.,낮음
2026-06-25,UNEMP,미국 실업률,확인 부족,-1,월간 관측 누락: 달력 기간 계산 보류,현재 상태를 판단할 자료가 부족합니다.,확인 부족
2026-06-25,SAHM,Sahm Rule,확인 부족,-1,월간 관측 누락: 달력 기간 계산 보류,현재 상태를 판단할 자료가 부족합니다.,확인 부족
2026-06-25,CLAIMS,신규실업수당 4주평균,확인 부족,-1,이력 부족: 0/55관측,현재 상태를 판단할 자료가 부족합니다.,확인 부족
2026-06-25,CPI,CPI,확인 부족,-1,이력 부족: 0/16관측,현재 상태를 판단할 자료가 부족합니다.,확인 부족
2026-06-25,CORECPI,근원 CPI,확인 부족,-1,이력 부족: 0/16관측,현재 상태를 판단할 자료가 부족합니다.,확인 부족
2026-06-25,COREPCE,근원 PCE,확인 부족,-1,이력 부족: 0/16관측,현재 상태를 판단할 자료가 부족합니다.,확인 부족
2026-06-25,DXY,달러지수,확인 부족,-1,이력 부족: 0/147관측,현재 상태를 판단할 자료가 부족합니다.,확인 부족
2026-06-25,USDKRW,달러/원,확인 부족,-1,이력 부족: 0/147관측,현재 상태를 판단할 자료가 부족합니다.,확인 부족
2026-06-25,USDJPY,달러/엔,확인 부족,-1,이력 부족: 0/147관측,현재 상태를 판단할 자료가 부족합니다.,확인 부족
2026-06-25,WTI,WTI,확인 부족,-1,이력 부족: 0/147관측,현재 상태를 판단할 자료가 부족합니다.,확인 부족
2026-06-25,GOLD,금,관찰,1,5일 -7.53% · 20일 -9.38% · 변동성 기준 96.4/89.1백분위,가격 움직임은 확인되지만 원인을 구분할 교차 근거가 충분하지 않습니다.,낮음
2026-06-25,SILVER,은,주의,2,5일 -17.47% · 20일 -21.78% · 변동성 기준 97.6/91.7백분위,가격 움직임은 확인되지만 원인을 구분할 교차 근거가 충분하지 않습니다.,낮음
2026-06-25,COPPER,구리,관찰,1,5일 -6.34% · 20일 -3.72% · 변동성 기준 91.5/37.3백분위,가격 움직임은 확인되지만 원인을 구분할 교차 근거가 충분하지 않습니다.,낮음
2026-06-26,SP500,S&P500,확인 부족,-1,이력 부족: 0/252관측,현재 상태를 판단할 자료가 부족합니다.,확인 부족
2026-06-26,NASDAQ,Nasdaq,확인 부족,-1,이력 부족: 0/252관측,현재 상태를 판단할 자료가 부족합니다.,확인 부족
2026-06-26,RUSSELL,Russell 2000,정상,0,5일 +1.0% · 20일 +2.5% · 고점 대비 0.0%,지표 고유의 상태와 다른 시장 영역의 동반 신호를 구분해 확인합니다.,낮음
2026-06-26,MA200,200일 이동평균 이격,확인 부족,-1,이력 부족: 0/200관측,현재 상태를 판단할 자료가 부족합니다.,확인 부족
2026-06-26,EW,동일가중 상대성과,정상,0,RSP가 SPY 대비 20일 +4.4%p · 5일 상대성과 +2.54%p,지표 고유의 상태와 다른 시장 영역의 동반 신호를 구분해 확인합니다.,낮음
2026-06-26,CAPE,CAPE,확인 부족,-1,이력 부족: 0/120관측,현재 상태를 판단할 자료가 부족합니다.,확인 부족
2026-06-26,ADV,상승 종목 비율,확인 부족,-1,이력 부족: 0/21관측,현재 상태를 판단할 자료가 부족합니다.,확인 부족
2026-06-26,ABOVE200,200DMA 위 종목 비율,확인 부족,-1,이력 부족: 0/21관측,현재 상태를 판단할 자료가 부족합니다.,확인 부족
2026-06-26,HILO,52주 신고가-신저가 비율,확인 부족,-1,이력 부족: 0/21관측,현재 상태를 판단할 자료가 부족합니다.,확인 부족
2026-06-26,EFFR,미국 기준금리,정상,0,20관측 +1bp · 인상 · EFFR 변화는 목표범위 결정 자체와 구분,금리 상승에 따른 부담을 관찰합니다. 물가·고용·신용의 동반 움직임으로 의미를 구분합니다.,낮음
2026-06-26,US3M,미국 3개월물 국채수익률,확인 부족,-1,이력 부족: 0/25관측,현재 상태를 판단할 자료가 부족합니다.,확인 부족
2026-06-26,US2Y,미국 2년물 국채수익률,확인 부족,-1,이력 부족: 0/25관측,현재 상태를 판단할 자료가 부족합니다.,확인 부족
2026-06-26,US10Y,미국 10년물 국채수익률,확인 부족,-1,이력 부족: 0/25관측,현재 상태를 판단할 자료가 부족합니다.,확인 부족
2026-06-26,US30Y,미국 30년물 국채수익률,확인 부족,-1,이력 부족: 0/25관측,현재 상태를 판단할 자료가 부족합니다.,확인 부족
2026-06-26,REAL10,미국 10년물 실질금리,확인 부족,-1,이력 부족: 0/25관측,현재 상태를 판단할 자료가 부족합니다.,확인 부족
2026-06-26,TERM,미국 10년물 기간프리미엄,정상,0,과거 504관측 대비 86.9백분위 · 20일 -8bp,금리 하락 또는 상대관계 변화을 관찰합니다. 물가·고용·신용의 동반 움직임으로 의미를 구분합니다.,낮음
2026-06-26,CURVE2,미국 10년물-2년물 금리차,확인 부족,-1,이력 부족: 0/22관측,현재 상태를 판단할 자료가 부족합니다.,확인 부족
2026-06-26,CURVE3,미국 10년물-3개월물 금리차,확인 부족,-1,이력 부족: 0/22관측,현재 상태를 판단할 자료가 부족합니다.,확인 부족
2026-06-26,CURVEFED,미국 10년물-기준금리 차,확인 부족,-1,이력 부족: 0/22관측,현재 상태를 판단할 자료가 부족합니다.,확인 부족
2026-06-26,VIX,VIX,정상,0,VIX 18.4 · 5일 +9.7% · 20일 +20.2% · 5일 +1.6포인트,지표 고유의 상태와 다른 시장 영역의 동반 신호를 구분해 확인합니다.,낮음
2026-06-26,VIXPOS,VIX 1년 위치,참고,0,과거 252관측 대비 67.9백분위,최근 분포에서의 위치입니다. 별도 위험 신호로 중복 집계하지 않습니다.,낮음
2026-06-26,HY,하이일드 OAS,관찰,1,HY 2.83%p · 5일 +17bp · 20일 +9bp,지표 고유의 상태와 다른 시장 영역의 동반 신호를 구분해 확인합니다.,낮음
2026-06-26,BBB,BBB OAS,안정,0,BBB 0.96%p · 5일 +3bp · 20일 +3bp,지표 고유의 상태와 다른 시장 영역의 동반 신호를 구분해 확인합니다.,낮음
2026-06-26,HYPOS,HY 1년 위치,참고,0,과거 252관측 대비 37.5백분위,최근 분포에서의 위치입니다. 별도 위험 신호로 중복 집계하지 않습니다.,낮음
2026-06-26,UNEMP,미국 실업률,확인 부족,-1,월간 관측 누락: 달력 기간 계산 보류,현재 상태를 판단할 자료가 부족합니다.,확인 부족
2026-06-26,SAHM,Sahm Rule,확인 부족,-1,월간 관측 누락: 달력 기간 계산 보류,현재 상태를 판단할 자료가 부족합니다.,확인 부족
2026-06-26,CLAIMS,신규실업수당 4주평균,확인 부족,-1,이력 부족: 0/55관측,현재 상태를 판단할 자료가 부족합니다.,확인 부족
2026-06-26,CPI,CPI,확인 부족,-1,이력 부족: 0/16관측,현재 상태를 판단할 자료가 부족합니다.,확인 부족
2026-06-26,CORECPI,근원 CPI,확인 부족,-1,이력 부족: 0/16관측,현재 상태를 판단할 자료가 부족합니다.,확인 부족
2026-06-26,COREPCE,근원 PCE,확인 부족,-1,이력 부족: 0/16관측,현재 상태를 판단할 자료가 부족합니다.,확인 부족
2026-06-26,DXY,달러지수,확인 부족,-1,이력 부족: 0/147관측,현재 상태를 판단할 자료가 부족합니다.,확인 부족
2026-06-26,USDKRW,달러/원,확인 부족,-1,이력 부족: 0/147관측,현재 상태를 판단할 자료가 부족합니다.,확인 부족
2026-06-26,USDJPY,달러/엔,확인 부족,-1,이력 부족: 0/147관측,현재 상태를 판단할 자료가 부족합니다.,확인 부족
2026-06-26,WTI,WTI,확인 부족,-1,이력 부족: 0/147관측,현재 상태를 판단할 자료가 부족합니다.,확인 부족
2026-06-26,GOLD,금,정상,0,5일 -3.44% · 20일 -9.35% · 변동성 기준 77.8/88.9백분위,가격 움직임은 확인되지만 원인을 구분할 교차 근거가 충분하지 않습니다.,낮음
2026-06-26,SILVER,은,관찰,1,5일 -10.62% · 20일 -21.72% · 변동성 기준 89.7/91.3백분위,가격 움직임은 확인되지만 원인을 구분할 교차 근거가 충분하지 않습니다.,낮음
2026-06-26,COPPER,구리,정상,0,5일 -3.66% · 20일 -3.98% · 변동성 기준 68.1/40.7백분위,가격 움직임은 확인되지만 원인을 구분할 교차 근거가 충분하지 않습니다.,낮음
2026-06-29,SP500,S&P500,확인 부족,-1,이력 부족: 0/252관측,현재 상태를 판단할 자료가 부족합니다.,확인 부족
2026-06-29,NASDAQ,Nasdaq,확인 부족,-1,이력 부족: 0/252관측,현재 상태를 판단할 자료가 부족합니다.,확인 부족
2026-06-29,RUSSELL,Russell 2000,정상,0,5일 +0.2% · 20일 +3.1% · 고점 대비 0.0%,지표 고유의 상태와 다른 시장 영역의 동반 신호를 구분해 확인합니다.,낮음
2026-06-29,MA200,200일 이동평균 이격,확인 부족,-1,이력 부족: 0/200관측,현재 상태를 판단할 자료가 부족합니다.,확인 부족
2026-06-29,EW,동일가중 상대성과,정상,0,RSP가 SPY 대비 20일 +4.1%p · 5일 상대성과 +2.10%p,지표 고유의 상태와 다른 시장 영역의 동반 신호를 구분해 확인합니다.,낮음
2026-06-29,CAPE,CAPE,확인 부족,-1,이력 부족: 0/120관측,현재 상태를 판단할 자료가 부족합니다.,확인 부족
2026-06-29,ADV,상승 종목 비율,확인 부족,-1,이력 부족: 0/21관측,현재 상태를 판단할 자료가 부족합니다.,확인 부족
2026-06-29,ABOVE200,200DMA 위 종목 비율,확인 부족,-1,이력 부족: 0/21관측,현재 상태를 판단할 자료가 부족합니다.,확인 부족
2026-06-29,HILO,52주 신고가-신저가 비율,확인 부족,-1,이력 부족: 0/21관측,현재 상태를 판단할 자료가 부족합니다.,확인 부족
2026-06-29,EFFR,미국 기준금리,정상,0,20관측 +1bp · 인상 · EFFR 변화는 목표범위 결정 자체와 구분,금리 상승에 따른 부담을 관찰합니다. 물가·고용·신용의 동반 움직임으로 의미를 구분합니다.,낮음
2026-06-29,US3M,미국 3개월물 국채수익률,확인 부족,-1,이력 부족: 0/25관측,현재 상태를 판단할 자료가 부족합니다.,확인 부족
2026-06-29,US2Y,미국 2년물 국채수익률,확인 부족,-1,이력 부족: 0/25관측,현재 상태를 판단할 자료가 부족합니다.,확인 부족
2026-06-29,US10Y,미국 10년물 국채수익률,확인 부족,-1,이력 부족: 0/25관측,현재 상태를 판단할 자료가 부족합니다.,확인 부족
2026-06-29,US30Y,미국 30년물 국채수익률,확인 부족,-1,이력 부족: 0/25관측,현재 상태를 판단할 자료가 부족합니다.,확인 부족
2026-06-29,REAL10,미국 10년물 실질금리,확인 부족,-1,이력 부족: 0/25관측,현재 상태를 판단할 자료가 부족합니다.,확인 부족
2026-06-29,TERM,미국 10년물 기간프리미엄,정상,0,과거 504관측 대비 85.9백분위 · 20일 -8bp,금리 하락 또는 상대관계 변화을 관찰합니다. 물가·고용·신용의 동반 움직임으로 의미를 구분합니다.,낮음
2026-06-29,CURVE2,미국 10년물-2년물 금리차,확인 부족,-1,이력 부족: 0/22관측,현재 상태를 판단할 자료가 부족합니다.,확인 부족
2026-06-29,CURVE3,미국 10년물-3개월물 금리차,확인 부족,-1,이력 부족: 0/22관측,현재 상태를 판단할 자료가 부족합니다.,확인 부족
2026-06-29,CURVEFED,미국 10년물-기준금리 차,확인 부족,-1,이력 부족: 0/22관측,현재 상태를 판단할 자료가 부족합니다.,확인 부족
2026-06-29,VIX,VIX,정상,0,VIX 17.6 · 5일 +2.1% · 20일 +10.0% · 5일 +0.4포인트,지표 고유의 상태와 다른 시장 영역의 동반 신호를 구분해 확인합니다.,낮음
2026-06-29,VIXPOS,VIX 1년 위치,참고,0,과거 252관측 대비 58.9백분위,최근 분포에서의 위치입니다. 별도 위험 신호로 중복 집계하지 않습니다.,낮음
2026-06-29,HY,하이일드 OAS,안정,0,HY 2.80%p · 5일 +15bp · 20일 +8bp,지표 고유의 상태와 다른 시장 영역의 동반 신호를 구분해 확인합니다.,낮음
2026-06-29,BBB,BBB OAS,안정,0,BBB 0.95%p · 5일 +2bp · 20일 +3bp,지표 고유의 상태와 다른 시장 영역의 동반 신호를 구분해 확인합니다.,낮음
2026-06-29,HYPOS,HY 1년 위치,참고,0,과거 252관측 대비 29.0백분위,최근 분포에서의 위치입니다. 별도 위험 신호로 중복 집계하지 않습니다.,낮음
2026-06-29,UNEMP,미국 실업률,확인 부족,-1,월간 관측 누락: 달력 기간 계산 보류,현재 상태를 판단할 자료가 부족합니다.,확인 부족
2026-06-29,SAHM,Sahm Rule,확인 부족,-1,월간 관측 누락: 달력 기간 계산 보류,현재 상태를 판단할 자료가 부족합니다.,확인 부족
2026-06-29,CLAIMS,신규실업수당 4주평균,확인 부족,-1,이력 부족: 0/55관측,현재 상태를 판단할 자료가 부족합니다.,확인 부족
2026-06-29,CPI,CPI,확인 부족,-1,이력 부족: 0/16관측,현재 상태를 판단할 자료가 부족합니다.,확인 부족
2026-06-29,CORECPI,근원 CPI,확인 부족,-1,이력 부족: 0/16관측,현재 상태를 판단할 자료가 부족합니다.,확인 부족
2026-06-29,COREPCE,근원 PCE,확인 부족,-1,이력 부족: 0/16관측,현재 상태를 판단할 자료가 부족합니다.,확인 부족
2026-06-29,DXY,달러지수,확인 부족,-1,이력 부족: 0/147관측,현재 상태를 판단할 자료가 부족합니다.,확인 부족
2026-06-29,USDKRW,달러/원,확인 부족,-1,이력 부족: 0/147관측,현재 상태를 판단할 자료가 부족합니다.,확인 부족
2026-06-29,USDJPY,달러/엔,확인 부족,-1,이력 부족: 0/147관측,현재 상태를 판단할 자료가 부족합니다.,확인 부족
2026-06-29,WTI,WTI,확인 부족,-1,이력 부족: 0/147관측,현재 상태를 판단할 자료가 부족합니다.,확인 부족
2026-06-29,GOLD,금,관찰,1,5일 -3.82% · 20일 -11.80% · 변동성 기준 83.3/95.2백분위,가격 움직임은 확인되지만 원인을 구분할 교차 근거가 충분하지 않습니다.,낮음
2026-06-29,SILVER,은,관찰,1,5일 -11.22% · 20일 -23.07% · 변동성 기준 90.5/92.7백분위,가격 움직임은 확인되지만 원인을 구분할 교차 근거가 충분하지 않습니다.,낮음
2026-06-29,COPPER,구리,정상,0,5일 -4.07% · 20일 -4.12% · 변동성 기준 75.2/41.5백분위,가격 움직임은 확인되지만 원인을 구분할 교차 근거가 충분하지 않습니다.,낮음
2026-06-30,SP500,S&P500,확인 부족,-1,이력 부족: 0/252관측,현재 상태를 판단할 자료가 부족합니다.,확인 부족
2026-06-30,NASDAQ,Nasdaq,확인 부족,-1,이력 부족: 0/252관측,현재 상태를 판단할 자료가 부족합니다.,확인 부족
2026-06-30,RUSSELL,Russell 2000,정상,0,5일 +1.6% · 20일 +4.1% · 고점 대비 0.0%,지표 고유의 상태와 다른 시장 영역의 동반 신호를 구분해 확인합니다.,낮음
2026-06-30,MA200,200일 이동평균 이격,확인 부족,-1,이력 부족: 0/200관측,현재 상태를 판단할 자료가 부족합니다.,확인 부족
2026-06-30,EW,동일가중 상대성과,정상,0,RSP가 SPY 대비 20일 +3.3%p · 5일 상대성과 +0.06%p,지표 고유의 상태와 다른 시장 영역의 동반 신호를 구분해 확인합니다.,낮음
2026-06-30,CAPE,CAPE,확인 부족,-1,이력 부족: 0/120관측,현재 상태를 판단할 자료가 부족합니다.,확인 부족
2026-06-30,ADV,상승 종목 비율,확인 부족,-1,이력 부족: 0/21관측,현재 상태를 판단할 자료가 부족합니다.,확인 부족
2026-06-30,ABOVE200,200DMA 위 종목 비율,확인 부족,-1,이력 부족: 0/21관측,현재 상태를 판단할 자료가 부족합니다.,확인 부족
2026-06-30,HILO,52주 신고가-신저가 비율,확인 부족,-1,이력 부족: 0/21관측,현재 상태를 판단할 자료가 부족합니다.,확인 부족
2026-06-30,EFFR,미국 기준금리,정상,0,20관측 +1bp · 인상 · EFFR 변화는 목표범위 결정 자체와 구분,금리 상승에 따른 부담을 관찰합니다. 물가·고용·신용의 동반 움직임으로 의미를 구분합니다.,낮음
2026-06-30,US3M,미국 3개월물 국채수익률,확인 부족,-1,이력 부족: 0/25관측,현재 상태를 판단할 자료가 부족합니다.,확인 부족
2026-06-30,US2Y,미국 2년물 국채수익률,확인 부족,-1,이력 부족: 0/25관측,현재 상태를 판단할 자료가 부족합니다.,확인 부족
2026-06-30,US10Y,미국 10년물 국채수익률,확인 부족,-1,이력 부족: 0/25관측,현재 상태를 판단할 자료가 부족합니다.,확인 부족
2026-06-30,US30Y,미국 30년물 국채수익률,확인 부족,-1,이력 부족: 0/25관측,현재 상태를 판단할 자료가 부족합니다.,확인 부족
2026-06-30,REAL10,미국 10년물 실질금리,확인 부족,-1,이력 부족: 0/25관측,현재 상태를 판단할 자료가 부족합니다.,확인 부족
2026-06-30,TERM,미국 10년물 기간프리미엄,정상,0,과거 504관측 대비 88.1백분위 · 20일 -7bp,금리 하락 또는 상대관계 변화을 관찰합니다. 물가·고용·신용의 동반 움직임으로 의미를 구분합니다.,낮음
2026-06-30,CURVE2,미국 10년물-2년물 금리차,확인 부족,-1,이력 부족: 0/22관측,현재 상태를 판단할 자료가 부족합니다.,확인 부족
2026-06-30,CURVE3,미국 10년물-3개월물 금리차,확인 부족,-1,이력 부족: 0/22관측,현재 상태를 판단할 자료가 부족합니다.,확인 부족
2026-06-30,CURVEFED,미국 10년물-기준금리 차,확인 부족,-1,이력 부족: 0/22관측,현재 상태를 판단할 자료가 부족합니다.,확인 부족
2026-06-30,VIX,VIX,정상,0,VIX 16.4 · 5일 -15.6% · 20일 +4.3% · 5일 -3.0포인트,지표 고유의 상태와 다른 시장 영역의 동반 신호를 구분해 확인합니다.,낮음
2026-06-30,VIXPOS,VIX 1년 위치,참고,0,과거 252관측 대비 36.5백분위,최근 분포에서의 위치입니다. 별도 위험 신호로 중복 집계하지 않습니다.,낮음
2026-06-30,HY,하이일드 OAS,안정,0,HY 2.75%p · 5일 +4bp · 20일 +4bp,지표 고유의 상태와 다른 시장 영역의 동반 신호를 구분해 확인합니다.,낮음
2026-06-30,BBB,BBB OAS,안정,0,BBB 0.95%p · 5일 +2bp · 20일 +3bp,지표 고유의 상태와 다른 시장 영역의 동반 신호를 구분해 확인합니다.,낮음
2026-06-30,HYPOS,HY 1년 위치,참고,0,과거 252관측 대비 15.7백분위,최근 분포에서의 위치입니다. 별도 위험 신호로 중복 집계하지 않습니다.,낮음
2026-06-30,UNEMP,미국 실업률,확인 부족,-1,월간 관측 누락: 달력 기간 계산 보류,현재 상태를 판단할 자료가 부족합니다.,확인 부족
2026-06-30,SAHM,Sahm Rule,확인 부족,-1,월간 관측 누락: 달력 기간 계산 보류,현재 상태를 판단할 자료가 부족합니다.,확인 부족
2026-06-30,CLAIMS,신규실업수당 4주평균,확인 부족,-1,이력 부족: 0/55관측,현재 상태를 판단할 자료가 부족합니다.,확인 부족
2026-06-30,CPI,CPI,확인 부족,-1,이력 부족: 0/16관측,현재 상태를 판단할 자료가 부족합니다.,확인 부족
2026-06-30,CORECPI,근원 CPI,확인 부족,-1,이력 부족: 0/16관측,현재 상태를 판단할 자료가 부족합니다.,확인 부족
2026-06-30,COREPCE,근원 PCE,확인 부족,-1,이력 부족: 0/16관측,현재 상태를 판단할 자료가 부족합니다.,확인 부족
2026-06-30,DXY,달러지수,확인 부족,-1,이력 부족: 0/147관측,현재 상태를 판단할 자료가 부족합니다.,확인 부족
2026-06-30,USDKRW,달러/원,확인 부족,-1,이력 부족: 0/147관측,현재 상태를 판단할 자료가 부족합니다.,확인 부족
2026-06-30,USDJPY,달러/엔,확인 부족,-1,이력 부족: 0/147관측,현재 상태를 판단할 자료가 부족합니다.,확인 부족
2026-06-30,WTI,WTI,확인 부족,-1,이력 부족: 0/147관측,현재 상태를 판단할 자료가 부족합니다.,확인 부족
2026-06-30,GOLD,금,관찰,1,5일 -2.59% · 20일 -10.11% · 변동성 기준 62.1/91.7백분위,가격 움직임은 확인되지만 원인을 구분할 교차 근거가 충분하지 않습니다.,낮음
2026-06-30,SILVER,은,관찰,1,5일 -4.10% · 20일 -20.70% · 변동성 기준 58.7/90.3백분위,가격 움직임은 확인되지만 원인을 구분할 교차 근거가 충분하지 않습니다.,낮음
2026-06-30,COPPER,구리,정상,0,5일 +0.84% · 20일 -5.08% · 변동성 기준 17.7/47.2백분위,가격 움직임은 확인되지만 원인을 구분할 교차 근거가 충분하지 않습니다.,낮음
2026-07-01,SP500,S&P500,확인 부족,-1,이력 부족: 0/252관측,현재 상태를 판단할 자료가 부족합니다.,확인 부족
2026-07-01,NASDAQ,Nasdaq,확인 부족,-1,이력 부족: 0/252관측,현재 상태를 판단할 자료가 부족합니다.,확인 부족
2026-07-01,RUSSELL,Russell 2000,정상,0,5일 +0.9% · 20일 +2.8% · 고점 대비 -0.4%,지표 고유의 상태와 다른 시장 영역의 동반 신호를 구분해 확인합니다.,낮음
2026-07-01,MA200,200일 이동평균 이격,확인 부족,-1,이력 부족: 0/200관측,현재 상태를 판단할 자료가 부족합니다.,확인 부족
2026-07-01,EW,동일가중 상대성과,정상,0,RSP가 SPY 대비 20일 +3.4%p · 5일 상대성과 -0.27%p,지표 고유의 상태와 다른 시장 영역의 동반 신호를 구분해 확인합니다.,낮음
2026-07-01,CAPE,CAPE,확인 부족,-1,이력 부족: 0/120관측,현재 상태를 판단할 자료가 부족합니다.,확인 부족
2026-07-01,ADV,상승 종목 비율,확인 부족,-1,이력 부족: 0/21관측,현재 상태를 판단할 자료가 부족합니다.,확인 부족
2026-07-01,ABOVE200,200DMA 위 종목 비율,확인 부족,-1,이력 부족: 0/21관측,현재 상태를 판단할 자료가 부족합니다.,확인 부족
2026-07-01,HILO,52주 신고가-신저가 비율,확인 부족,-1,이력 부족: 0/21관측,현재 상태를 판단할 자료가 부족합니다.,확인 부족
2026-07-01,EFFR,미국 기준금리,정상,0,20관측 +1bp · 인상 · EFFR 변화는 목표범위 결정 자체와 구분,금리 상승에 따른 부담을 관찰합니다. 물가·고용·신용의 동반 움직임으로 의미를 구분합니다.,낮음
2026-07-01,US3M,미국 3개월물 국채수익률,확인 부족,-1,이력 부족: 0/25관측,현재 상태를 판단할 자료가 부족합니다.,확인 부족
2026-07-01,US2Y,미국 2년물 국채수익률,확인 부족,-1,이력 부족: 0/25관측,현재 상태를 판단할 자료가 부족합니다.,확인 부족
2026-07-01,US10Y,미국 10년물 국채수익률,확인 부족,-1,이력 부족: 0/25관측,현재 상태를 판단할 자료가 부족합니다.,확인 부족
2026-07-01,US30Y,미국 30년물 국채수익률,확인 부족,-1,이력 부족: 0/25관측,현재 상태를 판단할 자료가 부족합니다.,확인 부족
2026-07-01,REAL10,미국 10년물 실질금리,확인 부족,-1,이력 부족: 0/25관측,현재 상태를 판단할 자료가 부족합니다.,확인 부족
2026-07-01,TERM,미국 10년물 기간프리미엄,관찰,1,과거 504관측 대비 92.3백분위 · 20일 -4bp,금리 하락 또는 상대관계 변화을 관찰합니다. 물가·고용·신용의 동반 움직임으로 의미를 구분합니다.,낮음
2026-07-01,CURVE2,미국 10년물-2년물 금리차,확인 부족,-1,이력 부족: 0/22관측,현재 상태를 판단할 자료가 부족합니다.,확인 부족
2026-07-01,CURVE3,미국 10년물-3개월물 금리차,확인 부족,-1,이력 부족: 0/22관측,현재 상태를 판단할 자료가 부족합니다.,확인 부족
2026-07-01,CURVEFED,미국 10년물-기준금리 차,확인 부족,-1,이력 부족: 0/22관측,현재 상태를 판단할 자료가 부족합니다.,확인 부족
2026-07-01,VIX,VIX,정상,0,VIX 16.6 · 5일 -11.0% · 20일 +3.3% · 5일 -2.0포인트,지표 고유의 상태와 다른 시장 영역의 동반 신호를 구분해 확인합니다.,낮음
2026-07-01,VIXPOS,VIX 1년 위치,참고,0,과거 252관측 대비 39.3백분위,최근 분포에서의 위치입니다. 별도 위험 신호로 중복 집계하지 않습니다.,낮음
2026-07-01,HY,하이일드 OAS,안정,0,HY 2.74%p · 5일 -2bp · 20일 -1bp,지표 고유의 상태와 다른 시장 영역의 동반 신호를 구분해 확인합니다.,낮음
2026-07-01,BBB,BBB OAS,안정,0,BBB 0.94%p · 5일 +0bp · 20일 +1bp,지표 고유의 상태와 다른 시장 영역의 동반 신호를 구분해 확인합니다.,낮음
2026-07-01,HYPOS,HY 1년 위치,참고,0,과거 252관측 대비 12.9백분위,최근 분포에서의 위치입니다. 별도 위험 신호로 중복 집계하지 않습니다.,낮음
2026-07-01,UNEMP,미국 실업률,확인 부족,-1,월간 관측 누락: 달력 기간 계산 보류,현재 상태를 판단할 자료가 부족합니다.,확인 부족
2026-07-01,SAHM,Sahm Rule,확인 부족,-1,월간 관측 누락: 달력 기간 계산 보류,현재 상태를 판단할 자료가 부족합니다.,확인 부족
2026-07-01,CLAIMS,신규실업수당 4주평균,확인 부족,-1,이력 부족: 0/55관측,현재 상태를 판단할 자료가 부족합니다.,확인 부족
2026-07-01,CPI,CPI,확인 부족,-1,이력 부족: 0/16관측,현재 상태를 판단할 자료가 부족합니다.,확인 부족
2026-07-01,CORECPI,근원 CPI,확인 부족,-1,이력 부족: 0/16관측,현재 상태를 판단할 자료가 부족합니다.,확인 부족
2026-07-01,COREPCE,근원 PCE,확인 부족,-1,이력 부족: 0/16관측,현재 상태를 판단할 자료가 부족합니다.,확인 부족
2026-07-01,DXY,달러지수,확인 부족,-1,이력 부족: 0/147관측,현재 상태를 판단할 자료가 부족합니다.,확인 부족
2026-07-01,USDKRW,달러/원,확인 부족,-1,이력 부족: 0/147관측,현재 상태를 판단할 자료가 부족합니다.,확인 부족
2026-07-01,USDJPY,달러/엔,확인 부족,-1,이력 부족: 0/147관측,현재 상태를 판단할 자료가 부족합니다.,확인 부족
2026-07-01,WTI,WTI,확인 부족,-1,이력 부족: 0/147관측,현재 상태를 판단할 자료가 부족합니다.,확인 부족
2026-07-01,GOLD,금,정상,0,5일 +1.95% · 20일 -9.37% · 변동성 기준 50.2/88.5백분위,가격 움직임은 확인되지만 원인을 구분할 교차 근거가 충분하지 않습니다.,낮음
2026-07-01,SILVER,은,정상,0,5일 +3.50% · 20일 -20.22% · 변동성 기준 51.4/89.5백분위,가격 움직임은 확인되지만 원인을 구분할 교차 근거가 충분하지 않습니다.,낮음
2026-07-01,COPPER,구리,정상,0,5일 +3.04% · 20일 -7.91% · 변동성 기준 62.1/71.8백분위,가격 움직임은 확인되지만 원인을 구분할 교차 근거가 충분하지 않습니다.,낮음
2026-07-02,SP500,S&P500,확인 부족,-1,이력 부족: 0/252관측,현재 상태를 판단할 자료가 부족합니다.,확인 부족
2026-07-02,NASDAQ,Nasdaq,확인 부족,-1,이력 부족: 0/252관측,현재 상태를 판단할 자료가 부족합니다.,확인 부족
2026-07-02,RUSSELL,Russell 2000,정상,0,5일 -0.4% · 20일 +3.5% · 고점 대비 -0.9%,지표 고유의 상태와 다른 시장 영역의 동반 신호를 구분해 확인합니다.,낮음
2026-07-02,MA200,200일 이동평균 이격,확인 부족,-1,이력 부족: 0/200관측,현재 상태를 판단할 자료가 부족합니다.,확인 부족
2026-07-02,EW,동일가중 상대성과,정상,0,RSP가 SPY 대비 20일 +4.0%p · 5일 상대성과 +0.07%p,지표 고유의 상태와 다른 시장 영역의 동반 신호를 구분해 확인합니다.,낮음
2026-07-02,CAPE,CAPE,확인 부족,-1,이력 부족: 0/120관측,현재 상태를 판단할 자료가 부족합니다.,확인 부족
2026-07-02,ADV,상승 종목 비율,확인 부족,-1,이력 부족: 0/21관측,현재 상태를 판단할 자료가 부족합니다.,확인 부족
2026-07-02,ABOVE200,200DMA 위 종목 비율,확인 부족,-1,이력 부족: 0/21관측,현재 상태를 판단할 자료가 부족합니다.,확인 부족
2026-07-02,HILO,52주 신고가-신저가 비율,확인 부족,-1,이력 부족: 0/21관측,현재 상태를 판단할 자료가 부족합니다.,확인 부족
2026-07-02,EFFR,미국 기준금리,정상,0,20관측 +1bp · 인상 · EFFR 변화는 목표범위 결정 자체와 구분,금리 상승에 따른 부담을 관찰합니다. 물가·고용·신용의 동반 움직임으로 의미를 구분합니다.,낮음
2026-07-02,US3M,미국 3개월물 국채수익률,확인 부족,-1,이력 부족: 0/25관측,현재 상태를 판단할 자료가 부족합니다.,확인 부족
2026-07-02,US2Y,미국 2년물 국채수익률,확인 부족,-1,이력 부족: 0/25관측,현재 상태를 판단할 자료가 부족합니다.,확인 부족
2026-07-02,US10Y,미국 10년물 국채수익률,확인 부족,-1,이력 부족: 0/25관측,현재 상태를 판단할 자료가 부족합니다.,확인 부족
2026-07-02,US30Y,미국 30년물 국채수익률,확인 부족,-1,이력 부족: 0/25관측,현재 상태를 판단할 자료가 부족합니다.,확인 부족
2026-07-02,REAL10,미국 10년물 실질금리,확인 부족,-1,이력 부족: 0/25관측,현재 상태를 판단할 자료가 부족합니다.,확인 부족
2026-07-02,TERM,미국 10년물 기간프리미엄,관찰,1,과거 504관측 대비 92.9백분위 · 20일 -4bp,금리 하락 또는 상대관계 변화을 관찰합니다. 물가·고용·신용의 동반 움직임으로 의미를 구분합니다.,낮음
2026-07-02,CURVE2,미국 10년물-2년물 금리차,확인 부족,-1,이력 부족: 0/22관측,현재 상태를 판단할 자료가 부족합니다.,확인 부족
2026-07-02,CURVE3,미국 10년물-3개월물 금리차,확인 부족,-1,이력 부족: 0/22관측,현재 상태를 판단할 자료가 부족합니다.,확인 부족
2026-07-02,CURVEFED,미국 10년물-기준금리 차,확인 부족,-1,이력 부족: 0/22관측,현재 상태를 판단할 자료가 부족합니다.,확인 부족
2026-07-02,VIX,VIX,정상,0,VIX 16.1 · 5일 -14.5% · 20일 +4.9% · 5일 -2.7포인트,지표 고유의 상태와 다른 시장 영역의 동반 신호를 구분해 확인합니다.,낮음
2026-07-02,VIXPOS,VIX 1년 위치,참고,0,과거 252관측 대비 27.6백분위,최근 분포에서의 위치입니다. 별도 위험 신호로 중복 집계하지 않습니다.,낮음
2026-07-02,HY,하이일드 OAS,안정,0,HY 2.75%p · 5일 -3bp · 20일 +1bp,지표 고유의 상태와 다른 시장 영역의 동반 신호를 구분해 확인합니다.,낮음
2026-07-02,BBB,BBB OAS,안정,0,BBB 0.94%p · 5일 -1bp · 20일 +1bp,지표 고유의 상태와 다른 시장 영역의 동반 신호를 구분해 확인합니다.,낮음
2026-07-02,HYPOS,HY 1년 위치,참고,0,과거 252관측 대비 16.3백분위,최근 분포에서의 위치입니다. 별도 위험 신호로 중복 집계하지 않습니다.,낮음
2026-07-02,UNEMP,미국 실업률,확인 부족,-1,월간 관측 누락: 달력 기간 계산 보류,현재 상태를 판단할 자료가 부족합니다.,확인 부족
2026-07-02,SAHM,Sahm Rule,확인 부족,-1,월간 관측 누락: 달력 기간 계산 보류,현재 상태를 판단할 자료가 부족합니다.,확인 부족
2026-07-02,CLAIMS,신규실업수당 4주평균,확인 부족,-1,이력 부족: 0/55관측,현재 상태를 판단할 자료가 부족합니다.,확인 부족
2026-07-02,CPI,CPI,확인 부족,-1,이력 부족: 0/16관측,현재 상태를 판단할 자료가 부족합니다.,확인 부족
2026-07-02,CORECPI,근원 CPI,확인 부족,-1,이력 부족: 0/16관측,현재 상태를 판단할 자료가 부족합니다.,확인 부족
2026-07-02,COREPCE,근원 PCE,확인 부족,-1,이력 부족: 0/16관측,현재 상태를 판단할 자료가 부족합니다.,확인 부족
2026-07-02,DXY,달러지수,확인 부족,-1,이력 부족: 0/147관측,현재 상태를 판단할 자료가 부족합니다.,확인 부족
2026-07-02,USDKRW,달러/원,확인 부족,-1,이력 부족: 0/147관측,현재 상태를 판단할 자료가 부족합니다.,확인 부족
2026-07-02,USDJPY,달러/엔,확인 부족,-1,이력 부족: 0/147관측,현재 상태를 판단할 자료가 부족합니다.,확인 부족
2026-07-02,WTI,WTI,확인 부족,-1,이력 부족: 0/147관측,현재 상태를 판단할 자료가 부족합니다.,확인 부족
2026-07-02,GOLD,금,정상,0,5일 +2.04% · 20일 -7.30% · 변동성 기준 52.2/78.0백분위,가격 움직임은 확인되지만 원인을 구분할 교차 근거가 충분하지 않습니다.,낮음
2026-07-02,SILVER,은,정상,0,5일 +3.93% · 20일 -17.47% · 변동성 기준 56.2/86.7백분위,가격 움직임은 확인되지만 원인을 구분할 교차 근거가 충분하지 않습니다.,낮음
2026-07-02,COPPER,구리,정상,0,5일 +0.72% · 20일 -5.65% · 변동성 기준 15.1/52.8백분위,가격 움직임은 확인되지만 원인을 구분할 교차 근거가 충분하지 않습니다.,낮음
2026-07-06,SP500,S&P500,확인 부족,-1,이력 부족: 0/252관측,현재 상태를 판단할 자료가 부족합니다.,확인 부족
2026-07-06,NASDAQ,Nasdaq,확인 부족,-1,이력 부족: 0/252관측,현재 상태를 판단할 자료가 부족합니다.,확인 부족
2026-07-06,RUSSELL,Russell 2000,정상,0,5일 -0.0% · 20일 +2.5% · 고점 대비 -0.5%,지표 고유의 상태와 다른 시장 영역의 동반 신호를 구분해 확인합니다.,낮음
2026-07-06,MA200,200일 이동평균 이격,확인 부족,-1,이력 부족: 0/200관측,현재 상태를 판단할 자료가 부족합니다.,확인 부족
2026-07-06,EW,동일가중 상대성과,정상,0,RSP가 SPY 대비 20일 +2.7%p · 5일 상대성과 -0.83%p,지표 고유의 상태와 다른 시장 영역의 동반 신호를 구분해 확인합니다.,낮음
2026-07-06,CAPE,CAPE,확인 부족,-1,이력 부족: 0/120관측,현재 상태를 판단할 자료가 부족합니다.,확인 부족
2026-07-06,ADV,상승 종목 비율,확인 부족,-1,이력 부족: 0/21관측,현재 상태를 판단할 자료가 부족합니다.,확인 부족
2026-07-06,ABOVE200,200DMA 위 종목 비율,확인 부족,-1,이력 부족: 0/21관측,현재 상태를 판단할 자료가 부족합니다.,확인 부족
2026-07-06,HILO,52주 신고가-신저가 비율,확인 부족,-1,이력 부족: 0/21관측,현재 상태를 판단할 자료가 부족합니다.,확인 부족
2026-07-06,EFFR,미국 기준금리,정상,0,20관측 +1bp · 인상 · EFFR 변화는 목표범위 결정 자체와 구분,금리 상승에 따른 부담을 관찰합니다. 물가·고용·신용의 동반 움직임으로 의미를 구분합니다.,낮음
2026-07-06,US3M,미국 3개월물 국채수익률,확인 부족,-1,이력 부족: 0/25관측,현재 상태를 판단할 자료가 부족합니다.,확인 부족
2026-07-06,US2Y,미국 2년물 국채수익률,확인 부족,-1,이력 부족: 0/25관측,현재 상태를 판단할 자료가 부족합니다.,확인 부족
2026-07-06,US10Y,미국 10년물 국채수익률,확인 부족,-1,이력 부족: 0/25관측,현재 상태를 판단할 자료가 부족합니다.,확인 부족
2026-07-06,US30Y,미국 30년물 국채수익률,확인 부족,-1,이력 부족: 0/25관측,현재 상태를 판단할 자료가 부족합니다.,확인 부족
2026-07-06,REAL10,미국 10년물 실질금리,확인 부족,-1,이력 부족: 0/25관측,현재 상태를 판단할 자료가 부족합니다.,확인 부족
2026-07-06,TERM,미국 10년물 기간프리미엄,관찰,1,과거 504관측 대비 92.3백분위 · 20일 -4bp,금리 하락 또는 상대관계 변화을 관찰합니다. 물가·고용·신용의 동반 움직임으로 의미를 구분합니다.,낮음
2026-07-06,CURVE2,미국 10년물-2년물 금리차,확인 부족,-1,이력 부족: 0/22관측,현재 상태를 판단할 자료가 부족합니다.,확인 부족
2026-07-06,CURVE3,미국 10년물-3개월물 금리차,확인 부족,-1,이력 부족: 0/22관측,현재 상태를 판단할 자료가 부족합니다.,확인 부족
2026-07-06,CURVEFED,미국 10년물-기준금리 차,확인 부족,-1,이력 부족: 0/22관측,현재 상태를 판단할 자료가 부족합니다.,확인 부족
2026-07-06,VIX,VIX,정상,0,VIX 15.6 · 5일 -11.8% · 20일 -17.7% · 5일 -2.1포인트,지표 고유의 상태와 다른 시장 영역의 동반 신호를 구분해 확인합니다.,낮음
2026-07-06,VIXPOS,VIX 1년 위치,참고,0,과거 252관측 대비 18.1백분위,최근 분포에서의 위치입니다. 별도 위험 신호로 중복 집계하지 않습니다.,낮음
2026-07-06,HY,하이일드 OAS,안정,0,HY 2.72%p · 5일 -8bp · 20일 -3bp,지표 고유의 상태와 다른 시장 영역의 동반 신호를 구분해 확인합니다.,낮음
2026-07-06,BBB,BBB OAS,안정,0,BBB 0.94%p · 5일 -1bp · 20일 +1bp,지표 고유의 상태와 다른 시장 영역의 동반 신호를 구분해 확인합니다.,낮음
2026-07-06,HYPOS,HY 1년 위치,참고,0,과거 252관측 대비 9.9백분위,최근 분포에서의 위치입니다. 별도 위험 신호로 중복 집계하지 않습니다.,낮음
2026-07-06,UNEMP,미국 실업률,확인 부족,-1,월간 관측 누락: 달력 기간 계산 보류,현재 상태를 판단할 자료가 부족합니다.,확인 부족
2026-07-06,SAHM,Sahm Rule,확인 부족,-1,월간 관측 누락: 달력 기간 계산 보류,현재 상태를 판단할 자료가 부족합니다.,확인 부족
2026-07-06,CLAIMS,신규실업수당 4주평균,확인 부족,-1,이력 부족: 0/55관측,현재 상태를 판단할 자료가 부족합니다.,확인 부족
2026-07-06,CPI,CPI,확인 부족,-1,이력 부족: 0/16관측,현재 상태를 판단할 자료가 부족합니다.,확인 부족
2026-07-06,CORECPI,근원 CPI,확인 부족,-1,이력 부족: 0/16관측,현재 상태를 판단할 자료가 부족합니다.,확인 부족
2026-07-06,COREPCE,근원 PCE,확인 부족,-1,이력 부족: 0/16관측,현재 상태를 판단할 자료가 부족합니다.,확인 부족
2026-07-06,DXY,달러지수,확인 부족,-1,이력 부족: 0/147관측,현재 상태를 판단할 자료가 부족합니다.,확인 부족
2026-07-06,USDKRW,달러/원,확인 부족,-1,이력 부족: 0/147관측,현재 상태를 판단할 자료가 부족합니다.,확인 부족
2026-07-06,USDJPY,달러/엔,확인 부족,-1,이력 부족: 0/147관측,현재 상태를 판단할 자료가 부족합니다.,확인 부족
2026-07-06,WTI,WTI,확인 부족,-1,이력 부족: 0/147관측,현재 상태를 판단할 자료가 부족합니다.,확인 부족
2026-07-06,GOLD,금,정상,0,5일 +1.87% · 20일 -7.17% · 변동성 기준 47.2/76.8백분위,가격 움직임은 확인되지만 원인을 구분할 교차 근거가 충분하지 않습니다.,낮음
2026-07-06,SILVER,은,정상,0,5일 +4.56% · 20일 -16.07% · 변동성 기준 63.5/85.5백분위,가격 움직임은 확인되지만 원인을 구분할 교차 근거가 충분하지 않습니다.,낮음
2026-07-06,COPPER,구리,정상,0,5일 +0.59% · 20일 -5.11% · 변동성 기준 12.3/47.2백분위,가격 움직임은 확인되지만 원인을 구분할 교차 근거가 충분하지 않습니다.,낮음
2026-07-07,SP500,S&P500,확인 부족,-1,이력 부족: 0/252관측,현재 상태를 판단할 자료가 부족합니다.,확인 부족
2026-07-07,NASDAQ,Nasdaq,확인 부족,-1,이력 부족: 0/252관측,현재 상태를 판단할 자료가 부족합니다.,확인 부족
2026-07-07,RUSSELL,Russell 2000,정상,0,5일 -0.9% · 20일 +5.3% · 고점 대비 -1.4%,지표 고유의 상태와 다른 시장 영역의 동반 신호를 구분해 확인합니다.,낮음
2026-07-07,MA200,200일 이동평균 이격,확인 부족,-1,이력 부족: 0/200관측,현재 상태를 판단할 자료가 부족합니다.,확인 부족
2026-07-07,EW,동일가중 상대성과,정상,0,RSP가 SPY 대비 20일 +1.9%p · 5일 상대성과 -0.12%p,지표 고유의 상태와 다른 시장 영역의 동반 신호를 구분해 확인합니다.,낮음
2026-07-07,CAPE,CAPE,확인 부족,-1,이력 부족: 0/120관측,현재 상태를 판단할 자료가 부족합니다.,확인 부족
2026-07-07,ADV,상승 종목 비율,확인 부족,-1,이력 부족: 0/21관측,현재 상태를 판단할 자료가 부족합니다.,확인 부족
2026-07-07,ABOVE200,200DMA 위 종목 비율,확인 부족,-1,이력 부족: 0/21관측,현재 상태를 판단할 자료가 부족합니다.,확인 부족
2026-07-07,HILO,52주 신고가-신저가 비율,확인 부족,-1,이력 부족: 0/21관측,현재 상태를 판단할 자료가 부족합니다.,확인 부족
2026-07-07,EFFR,미국 기준금리,정상,0,20관측 +1bp · 인상 · EFFR 변화는 목표범위 결정 자체와 구분,금리 상승에 따른 부담을 관찰합니다. 물가·고용·신용의 동반 움직임으로 의미를 구분합니다.,낮음
2026-07-07,US3M,미국 3개월물 국채수익률,확인 부족,-1,이력 부족: 0/25관측,현재 상태를 판단할 자료가 부족합니다.,확인 부족
2026-07-07,US2Y,미국 2년물 국채수익률,확인 부족,-1,이력 부족: 0/25관측,현재 상태를 판단할 자료가 부족합니다.,확인 부족
2026-07-07,US10Y,미국 10년물 국채수익률,확인 부족,-1,이력 부족: 0/25관측,현재 상태를 판단할 자료가 부족합니다.,확인 부족
2026-07-07,US30Y,미국 30년물 국채수익률,확인 부족,-1,이력 부족: 0/25관측,현재 상태를 판단할 자료가 부족합니다.,확인 부족
2026-07-07,REAL10,미국 10년물 실질금리,확인 부족,-1,이력 부족: 0/25관측,현재 상태를 판단할 자료가 부족합니다.,확인 부족
2026-07-07,TERM,미국 10년물 기간프리미엄,관찰,1,과거 504관측 대비 94.2백분위 · 20일 -5bp,금리 하락 또는 상대관계 변화을 관찰합니다. 물가·고용·신용의 동반 움직임으로 의미를 구분합니다.,낮음
2026-07-07,CURVE2,미국 10년물-2년물 금리차,확인 부족,-1,이력 부족: 0/22관측,현재 상태를 판단할 자료가 부족합니다.,확인 부족
2026-07-07,CURVE3,미국 10년물-3개월물 금리차,확인 부족,-1,이력 부족: 0/22관측,현재 상태를 판단할 자료가 부족합니다.,확인 부족
2026-07-07,CURVEFED,미국 10년물-기준금리 차,확인 부족,-1,이력 부족: 0/22관측,현재 상태를 판단할 자료가 부족합니다.,확인 부족
2026-07-07,VIX,VIX,정상,0,VIX 16.1 · 5일 -1.9% · 20일 -18.8% · 5일 -0.3포인트,지표 고유의 상태와 다른 시장 영역의 동반 신호를 구분해 확인합니다.,낮음
2026-07-07,VIXPOS,VIX 1년 위치,참고,0,과거 252관측 대비 27.8백분위,최근 분포에서의 위치입니다. 별도 위험 신호로 중복 집계하지 않습니다.,낮음
2026-07-07,HY,하이일드 OAS,안정,0,HY 2.67%p · 5일 -8bp · 20일 -11bp,지표 고유의 상태와 다른 시장 영역의 동반 신호를 구분해 확인합니다.,낮음
2026-07-07,BBB,BBB OAS,안정,0,BBB 0.94%p · 5일 -1bp · 20일 +1bp,지표 고유의 상태와 다른 시장 영역의 동반 신호를 구분해 확인합니다.,낮음
2026-07-07,HYPOS,HY 1년 위치,참고,0,과거 252관측 대비 3.2백분위,최근 분포에서의 위치입니다. 별도 위험 신호로 중복 집계하지 않습니다.,낮음
2026-07-07,UNEMP,미국 실업률,확인 부족,-1,월간 관측 누락: 달력 기간 계산 보류,현재 상태를 판단할 자료가 부족합니다.,확인 부족
2026-07-07,SAHM,Sahm Rule,확인 부족,-1,월간 관측 누락: 달력 기간 계산 보류,현재 상태를 판단할 자료가 부족합니다.,확인 부족
2026-07-07,CLAIMS,신규실업수당 4주평균,확인 부족,-1,이력 부족: 0/55관측,현재 상태를 판단할 자료가 부족합니다.,확인 부족
2026-07-07,CPI,CPI,확인 부족,-1,이력 부족: 0/16관측,현재 상태를 판단할 자료가 부족합니다.,확인 부족
2026-07-07,CORECPI,근원 CPI,확인 부족,-1,이력 부족: 0/16관측,현재 상태를 판단할 자료가 부족합니다.,확인 부족
2026-07-07,COREPCE,근원 PCE,확인 부족,-1,이력 부족: 0/16관측,현재 상태를 판단할 자료가 부족합니다.,확인 부족
2026-07-07,DXY,달러지수,확인 부족,-1,이력 부족: 0/147관측,현재 상태를 판단할 자료가 부족합니다.,확인 부족
2026-07-07,USDKRW,달러/원,확인 부족,-1,이력 부족: 0/147관측,현재 상태를 판단할 자료가 부족합니다.,확인 부족
2026-07-07,USDJPY,달러/엔,확인 부족,-1,이력 부족: 0/147관측,현재 상태를 판단할 자료가 부족합니다.,확인 부족
2026-07-07,WTI,WTI,확인 부족,-1,이력 부족: 0/147관측,현재 상태를 판단할 자료가 부족합니다.,확인 부족
2026-07-07,GOLD,금,정상,0,5일 +3.06% · 20일 -4.42% · 변동성 기준 71.2/55.2백분위,가격 움직임은 확인되지만 원인을 구분할 교차 근거가 충분하지 않습니다.,낮음
2026-07-07,SILVER,은,정상,0,5일 +4.74% · 20일 -11.62% · 변동성 기준 65.1/74.4백분위,가격 움직임은 확인되지만 원인을 구분할 교차 근거가 충분하지 않습니다.,낮음
2026-07-07,COPPER,구리,정상,0,5일 +1.21% · 20일 -1.47% · 변동성 기준 26.8/13.5백분위,가격 움직임은 확인되지만 원인을 구분할 교차 근거가 충분하지 않습니다.,낮음
2026-07-08,SP500,S&P500,확인 부족,-1,이력 부족: 0/252관측,현재 상태를 판단할 자료가 부족합니다.,확인 부족
2026-07-08,NASDAQ,Nasdaq,확인 부족,-1,이력 부족: 0/252관측,현재 상태를 판단할 자료가 부족합니다.,확인 부족
2026-07-08,RUSSELL,Russell 2000,정상,0,5일 -2.2% · 20일 +3.5% · 고점 대비 -2.2%,지표 고유의 상태와 다른 시장 영역의 동반 신호를 구분해 확인합니다.,낮음
2026-07-08,MA200,200일 이동평균 이격,확인 부족,-1,이력 부족: 0/200관측,현재 상태를 판단할 자료가 부족합니다.,확인 부족
2026-07-08,EW,동일가중 상대성과,정상,0,RSP가 SPY 대비 20일 +1.4%p · 5일 상대성과 -0.08%p,지표 고유의 상태와 다른 시장 영역의 동반 신호를 구분해 확인합니다.,낮음
2026-07-08,CAPE,CAPE,확인 부족,-1,이력 부족: 0/120관측,현재 상태를 판단할 자료가 부족합니다.,확인 부족
2026-07-08,ADV,상승 종목 비율,확인 부족,-1,이력 부족: 0/21관측,현재 상태를 판단할 자료가 부족합니다.,확인 부족
2026-07-08,ABOVE200,200DMA 위 종목 비율,확인 부족,-1,이력 부족: 0/21관측,현재 상태를 판단할 자료가 부족합니다.,확인 부족
2026-07-08,HILO,52주 신고가-신저가 비율,확인 부족,-1,이력 부족: 0/21관측,현재 상태를 판단할 자료가 부족합니다.,확인 부족
2026-07-08,EFFR,미국 기준금리,정상,0,20관측 +0bp · 유지 · EFFR 변화는 목표범위 결정 자체와 구분,금리 하락 또는 상대관계 변화을 관찰합니다. 물가·고용·신용의 동반 움직임으로 의미를 구분합니다.,낮음
2026-07-08,US3M,미국 3개월물 국채수익률,확인 부족,-1,이력 부족: 0/25관측,현재 상태를 판단할 자료가 부족합니다.,확인 부족
2026-07-08,US2Y,미국 2년물 국채수익률,확인 부족,-1,이력 부족: 0/25관측,현재 상태를 판단할 자료가 부족합니다.,확인 부족
2026-07-08,US10Y,미국 10년물 국채수익률,확인 부족,-1,이력 부족: 0/25관측,현재 상태를 판단할 자료가 부족합니다.,확인 부족
2026-07-08,US30Y,미국 30년물 국채수익률,확인 부족,-1,이력 부족: 0/25관측,현재 상태를 판단할 자료가 부족합니다.,확인 부족
2026-07-08,REAL10,미국 10년물 실질금리,확인 부족,-1,이력 부족: 0/25관측,현재 상태를 판단할 자료가 부족합니다.,확인 부족
2026-07-08,TERM,미국 10년물 기간프리미엄,관찰,1,과거 504관측 대비 96.8백분위 · 20일 -4bp,금리 하락 또는 상대관계 변화을 관찰합니다. 물가·고용·신용의 동반 움직임으로 의미를 구분합니다.,낮음
2026-07-08,CURVE2,미국 10년물-2년물 금리차,확인 부족,-1,이력 부족: 0/22관측,현재 상태를 판단할 자료가 부족합니다.,확인 부족
2026-07-08,CURVE3,미국 10년물-3개월물 금리차,확인 부족,-1,이력 부족: 0/22관측,현재 상태를 판단할 자료가 부족합니다.,확인 부족
2026-07-08,CURVEFED,미국 10년물-기준금리 차,확인 부족,-1,이력 부족: 0/22관측,현재 상태를 판단할 자료가 부족합니다.,확인 부족
2026-07-08,VIX,VIX,정상,0,VIX 16.9 · 5일 +1.9% · 20일 -23.9% · 5일 +0.3포인트,지표 고유의 상태와 다른 시장 영역의 동반 신호를 구분해 확인합니다.,낮음
2026-07-08,VIXPOS,VIX 1년 위치,참고,0,과거 252관측 대비 47.0백분위,최근 분포에서의 위치입니다. 별도 위험 신호로 중복 집계하지 않습니다.,낮음
2026-07-08,HY,하이일드 OAS,안정,0,HY 2.70%p · 5일 -4bp · 20일 -10bp,지표 고유의 상태와 다른 시장 영역의 동반 신호를 구분해 확인합니다.,낮음
2026-07-08,BBB,BBB OAS,안정,0,BBB 0.94%p · 5일 +0bp · 20일 +0bp,지표 고유의 상태와 다른 시장 영역의 동반 신호를 구분해 확인합니다.,낮음
2026-07-08,HYPOS,HY 1년 위치,참고,0,과거 252관측 대비 5.4백분위,최근 분포에서의 위치입니다. 별도 위험 신호로 중복 집계하지 않습니다.,낮음
2026-07-08,UNEMP,미국 실업률,확인 부족,-1,월간 관측 누락: 달력 기간 계산 보류,현재 상태를 판단할 자료가 부족합니다.,확인 부족
2026-07-08,SAHM,Sahm Rule,확인 부족,-1,월간 관측 누락: 달력 기간 계산 보류,현재 상태를 판단할 자료가 부족합니다.,확인 부족
2026-07-08,CLAIMS,신규실업수당 4주평균,확인 부족,-1,이력 부족: 0/55관측,현재 상태를 판단할 자료가 부족합니다.,확인 부족
2026-07-08,CPI,CPI,확인 부족,-1,이력 부족: 0/16관측,현재 상태를 판단할 자료가 부족합니다.,확인 부족
2026-07-08,CORECPI,근원 CPI,확인 부족,-1,이력 부족: 0/16관측,현재 상태를 판단할 자료가 부족합니다.,확인 부족
2026-07-08,COREPCE,근원 PCE,확인 부족,-1,이력 부족: 0/16관측,현재 상태를 판단할 자료가 부족합니다.,확인 부족
2026-07-08,DXY,달러지수,확인 부족,-1,이력 부족: 0/147관측,현재 상태를 판단할 자료가 부족합니다.,확인 부족
2026-07-08,USDKRW,달러/원,확인 부족,-1,이력 부족: 0/147관측,현재 상태를 판단할 자료가 부족합니다.,확인 부족
2026-07-08,USDJPY,달러/엔,확인 부족,-1,이력 부족: 0/147관측,현재 상태를 판단할 자료가 부족합니다.,확인 부족
2026-07-08,WTI,WTI,확인 부족,-1,이력 부족: 0/147관측,현재 상태를 판단할 자료가 부족합니다.,확인 부족
2026-07-08,GOLD,금,정상,0,5일 +1.19% · 20일 -6.11% · 변동성 기준 31.7/68.8백분위,가격 움직임은 확인되지만 원인을 구분할 교차 근거가 충분하지 않습니다.,낮음
2026-07-08,SILVER,은,정상,0,5일 -2.21% · 20일 -15.00% · 변동성 기준 35.5/82.7백분위,가격 움직임은 확인되지만 원인을 구분할 교차 근거가 충분하지 않습니다.,낮음
2026-07-08,COPPER,구리,정상,0,5일 -2.23% · 20일 -4.34% · 변동성 기준 47.4/43.1백분위,가격 움직임은 확인되지만 원인을 구분할 교차 근거가 충분하지 않습니다.,낮음
2026-07-09,SP500,S&P500,확인 부족,-1,이력 부족: 0/252관측,현재 상태를 판단할 자료가 부족합니다.,확인 부족
2026-07-09,NASDAQ,Nasdaq,확인 부족,-1,이력 부족: 0/252관측,현재 상태를 판단할 자료가 부족합니다.,확인 부족
2026-07-09,RUSSELL,Russell 2000,정상,0,5일 -0.7% · 20일 +4.4% · 고점 대비 -1.1%,지표 고유의 상태와 다른 시장 영역의 동반 신호를 구분해 확인합니다.,낮음
2026-07-09,MA200,200일 이동평균 이격,확인 부족,-1,이력 부족: 0/200관측,현재 상태를 판단할 자료가 부족합니다.,확인 부족
2026-07-09,EW,동일가중 상대성과,정상,0,RSP가 SPY 대비 20일 +0.1%p · 5일 상대성과 -0.76%p,지표 고유의 상태와 다른 시장 영역의 동반 신호를 구분해 확인합니다.,낮음
2026-07-09,CAPE,CAPE,확인 부족,-1,이력 부족: 0/120관측,현재 상태를 판단할 자료가 부족합니다.,확인 부족
2026-07-09,ADV,상승 종목 비율,확인 부족,-1,이력 부족: 0/21관측,현재 상태를 판단할 자료가 부족합니다.,확인 부족
2026-07-09,ABOVE200,200DMA 위 종목 비율,확인 부족,-1,이력 부족: 0/21관측,현재 상태를 판단할 자료가 부족합니다.,확인 부족
2026-07-09,HILO,52주 신고가-신저가 비율,확인 부족,-1,이력 부족: 0/21관측,현재 상태를 판단할 자료가 부족합니다.,확인 부족
2026-07-09,EFFR,미국 기준금리,정상,0,20관측 +0bp · 유지 · EFFR 변화는 목표범위 결정 자체와 구분,금리 하락 또는 상대관계 변화을 관찰합니다. 물가·고용·신용의 동반 움직임으로 의미를 구분합니다.,낮음
2026-07-09,US3M,미국 3개월물 국채수익률,확인 부족,-1,이력 부족: 0/25관측,현재 상태를 판단할 자료가 부족합니다.,확인 부족
2026-07-09,US2Y,미국 2년물 국채수익률,확인 부족,-1,이력 부족: 0/25관측,현재 상태를 판단할 자료가 부족합니다.,확인 부족
2026-07-09,US10Y,미국 10년물 국채수익률,확인 부족,-1,이력 부족: 0/25관측,현재 상태를 판단할 자료가 부족합니다.,확인 부족
2026-07-09,US30Y,미국 30년물 국채수익률,확인 부족,-1,이력 부족: 0/25관측,현재 상태를 판단할 자료가 부족합니다.,확인 부족
2026-07-09,REAL10,미국 10년물 실질금리,확인 부족,-1,이력 부족: 0/25관측,현재 상태를 판단할 자료가 부족합니다.,확인 부족
2026-07-09,TERM,미국 10년물 기간프리미엄,관찰,1,과거 504관측 대비 96.5백분위 · 20일 -3bp,금리 하락 또는 상대관계 변화을 관찰합니다. 물가·고용·신용의 동반 움직임으로 의미를 구분합니다.,낮음
2026-07-09,CURVE2,미국 10년물-2년물 금리차,확인 부족,-1,이력 부족: 0/22관측,현재 상태를 판단할 자료가 부족합니다.,확인 부족
2026-07-09,CURVE3,미국 10년물-3개월물 금리차,확인 부족,-1,이력 부족: 0/22관측,현재 상태를 판단할 자료가 부족합니다.,확인 부족
2026-07-09,CURVEFED,미국 10년물-기준금리 차,확인 부족,-1,이력 부족: 0/22관측,현재 상태를 판단할 자료가 부족합니다.,확인 부족
2026-07-09,VIX,VIX,정상,0,VIX 15.8 · 5일 -1.9% · 20일 -18.5% · 5일 -0.3포인트,지표 고유의 상태와 다른 시장 영역의 동반 신호를 구분해 확인합니다.,낮음
2026-07-09,VIXPOS,VIX 1년 위치,참고,0,과거 252관측 대비 23.6백분위,최근 분포에서의 위치입니다. 별도 위험 신호로 중복 집계하지 않습니다.,낮음
2026-07-09,HY,하이일드 OAS,안정,0,HY 2.70%p · 5일 -5bp · 20일 -8bp,지표 고유의 상태와 다른 시장 영역의 동반 신호를 구분해 확인합니다.,낮음
2026-07-09,BBB,BBB OAS,안정,0,BBB 0.94%p · 5일 +0bp · 20일 +0bp,지표 고유의 상태와 다른 시장 영역의 동반 신호를 구분해 확인합니다.,낮음
2026-07-09,HYPOS,HY 1년 위치,참고,0,과거 252관측 대비 5.6백분위,최근 분포에서의 위치입니다. 별도 위험 신호로 중복 집계하지 않습니다.,낮음
2026-07-09,UNEMP,미국 실업률,확인 부족,-1,월간 관측 누락: 달력 기간 계산 보류,현재 상태를 판단할 자료가 부족합니다.,확인 부족
2026-07-09,SAHM,Sahm Rule,확인 부족,-1,월간 관측 누락: 달력 기간 계산 보류,현재 상태를 판단할 자료가 부족합니다.,확인 부족
2026-07-09,CLAIMS,신규실업수당 4주평균,확인 부족,-1,이력 부족: 0/55관측,현재 상태를 판단할 자료가 부족합니다.,확인 부족
2026-07-09,CPI,CPI,확인 부족,-1,이력 부족: 0/16관측,현재 상태를 판단할 자료가 부족합니다.,확인 부족
2026-07-09,CORECPI,근원 CPI,확인 부족,-1,이력 부족: 0/16관측,현재 상태를 판단할 자료가 부족합니다.,확인 부족
2026-07-09,COREPCE,근원 PCE,확인 부족,-1,이력 부족: 0/16관측,현재 상태를 판단할 자료가 부족합니다.,확인 부족
2026-07-09,DXY,달러지수,확인 부족,-1,이력 부족: 0/147관측,현재 상태를 판단할 자료가 부족합니다.,확인 부족
2026-07-09,USDKRW,달러/원,확인 부족,-1,이력 부족: 0/147관측,현재 상태를 판단할 자료가 부족합니다.,확인 부족
2026-07-09,USDJPY,달러/엔,확인 부족,-1,이력 부족: 0/147관측,현재 상태를 판단할 자료가 부족합니다.,확인 부족
2026-07-09,WTI,WTI,확인 부족,-1,이력 부족: 0/147관측,현재 상태를 판단할 자료가 부족합니다.,확인 부족
2026-07-09,GOLD,금,정상,0,5일 +1.53% · 20일 -3.04% · 변동성 기준 39.9/37.5백분위,가격 움직임은 확인되지만 원인을 구분할 교차 근거가 충분하지 않습니다.,낮음
2026-07-09,SILVER,은,정상,0,5일 +0.49% · 20일 -7.24% · 변동성 기준 7.7/55.0백분위,가격 움직임은 확인되지만 원인을 구분할 교차 근거가 충분하지 않습니다.,낮음
2026-07-09,COPPER,구리,정상,0,5일 +1.49% · 20일 -1.39% · 변동성 기준 32.1/12.9백분위,가격 움직임은 확인되지만 원인을 구분할 교차 근거가 충분하지 않습니다.,낮음
2026-07-10,SP500,S&P500,확인 부족,-1,이력 부족: 0/252관측,현재 상태를 판단할 자료가 부족합니다.,확인 부족
2026-07-10,NASDAQ,Nasdaq,확인 부족,-1,이력 부족: 0/252관측,현재 상태를 판단할 자료가 부족합니다.,확인 부족
2026-07-10,RUSSELL,Russell 2000,정상,0,5일 -0.6% · 20일 +5.0% · 고점 대비 -1.5%,지표 고유의 상태와 다른 시장 영역의 동반 신호를 구분해 확인합니다.,낮음
2026-07-10,MA200,200일 이동평균 이격,확인 부족,-1,이력 부족: 0/200관측,현재 상태를 판단할 자료가 부족합니다.,확인 부족
2026-07-10,EW,동일가중 상대성과,정상,0,RSP가 SPY 대비 20일 -0.3%p · 5일 상대성과 -1.65%p,지표 고유의 상태와 다른 시장 영역의 동반 신호를 구분해 확인합니다.,낮음
2026-07-10,CAPE,CAPE,확인 부족,-1,이력 부족: 0/120관측,현재 상태를 판단할 자료가 부족합니다.,확인 부족
2026-07-10,ADV,상승 종목 비율,확인 부족,-1,이력 부족: 0/21관측,현재 상태를 판단할 자료가 부족합니다.,확인 부족
2026-07-10,ABOVE200,200DMA 위 종목 비율,확인 부족,-1,이력 부족: 0/21관측,현재 상태를 판단할 자료가 부족합니다.,확인 부족
2026-07-10,HILO,52주 신고가-신저가 비율,확인 부족,-1,이력 부족: 0/21관측,현재 상태를 판단할 자료가 부족합니다.,확인 부족
2026-07-10,EFFR,미국 기준금리,정상,0,20관측 +0bp · 유지 · EFFR 변화는 목표범위 결정 자체와 구분,금리 하락 또는 상대관계 변화을 관찰합니다. 물가·고용·신용의 동반 움직임으로 의미를 구분합니다.,낮음
2026-07-10,US3M,미국 3개월물 국채수익률,확인 부족,-1,이력 부족: 0/25관측,현재 상태를 판단할 자료가 부족합니다.,확인 부족
2026-07-10,US2Y,미국 2년물 국채수익률,확인 부족,-1,이력 부족: 0/25관측,현재 상태를 판단할 자료가 부족합니다.,확인 부족
2026-07-10,US10Y,미국 10년물 국채수익률,확인 부족,-1,이력 부족: 0/25관측,현재 상태를 판단할 자료가 부족합니다.,확인 부족
2026-07-10,US30Y,미국 30년물 국채수익률,확인 부족,-1,이력 부족: 0/25관측,현재 상태를 판단할 자료가 부족합니다.,확인 부족
2026-07-10,REAL10,미국 10년물 실질금리,확인 부족,-1,이력 부족: 0/25관측,현재 상태를 판단할 자료가 부족합니다.,확인 부족
2026-07-10,TERM,미국 10년물 기간프리미엄,관찰,1,과거 504관측 대비 97.2백분위 · 20일 -2bp,금리 하락 또는 상대관계 변화을 관찰합니다. 물가·고용·신용의 동반 움직임으로 의미를 구분합니다.,낮음
2026-07-10,CURVE2,미국 10년물-2년물 금리차,확인 부족,-1,이력 부족: 0/22관측,현재 상태를 판단할 자료가 부족합니다.,확인 부족
2026-07-10,CURVE3,미국 10년물-3개월물 금리차,확인 부족,-1,이력 부족: 0/22관측,현재 상태를 판단할 자료가 부족합니다.,확인 부족
2026-07-10,CURVEFED,미국 10년물-기준금리 차,확인 부족,-1,이력 부족: 0/22관측,현재 상태를 판단할 자료가 부족합니다.,확인 부족
2026-07-10,VIX,VIX,정상,0,VIX 15.0 · 5일 -4.9% · 20일 -15.0% · 5일 -0.8포인트,지표 고유의 상태와 다른 시장 영역의 동반 신호를 구분해 확인합니다.,낮음
2026-07-10,VIXPOS,VIX 1년 위치,참고,0,과거 252관측 대비 10.1백분위,최근 분포에서의 위치입니다. 별도 위험 신호로 중복 집계하지 않습니다.,낮음
2026-07-10,HY,하이일드 OAS,안정,0,HY 2.69%p · 5일 -5bp · 20일 -2bp,지표 고유의 상태와 다른 시장 영역의 동반 신호를 구분해 확인합니다.,낮음
2026-07-10,BBB,BBB OAS,안정,0,BBB 0.96%p · 5일 +2bp · 20일 +3bp,지표 고유의 상태와 다른 시장 영역의 동반 신호를 구분해 확인합니다.,낮음
2026-07-10,HYPOS,HY 1년 위치,참고,0,과거 252관측 대비 4.6백분위,최근 분포에서의 위치입니다. 별도 위험 신호로 중복 집계하지 않습니다.,낮음
2026-07-10,UNEMP,미국 실업률,확인 부족,-1,월간 관측 누락: 달력 기간 계산 보류,현재 상태를 판단할 자료가 부족합니다.,확인 부족
2026-07-10,SAHM,Sahm Rule,확인 부족,-1,월간 관측 누락: 달력 기간 계산 보류,현재 상태를 판단할 자료가 부족합니다.,확인 부족
2026-07-10,CLAIMS,신규실업수당 4주평균,확인 부족,-1,이력 부족: 0/55관측,현재 상태를 판단할 자료가 부족합니다.,확인 부족
2026-07-10,CPI,CPI,확인 부족,-1,이력 부족: 0/16관측,현재 상태를 판단할 자료가 부족합니다.,확인 부족
2026-07-10,CORECPI,근원 CPI,확인 부족,-1,이력 부족: 0/16관측,현재 상태를 판단할 자료가 부족합니다.,확인 부족
2026-07-10,COREPCE,근원 PCE,확인 부족,-1,이력 부족: 0/16관측,현재 상태를 판단할 자료가 부족합니다.,확인 부족
2026-07-10,DXY,달러지수,확인 부족,-1,이력 부족: 0/147관측,현재 상태를 판단할 자료가 부족합니다.,확인 부족
2026-07-10,USDKRW,달러/원,확인 부족,-1,이력 부족: 0/147관측,현재 상태를 판단할 자료가 부족합니다.,확인 부족
2026-07-10,USDJPY,달러/엔,확인 부족,-1,이력 부족: 0/147관측,현재 상태를 판단할 자료가 부족합니다.,확인 부족
2026-07-10,WTI,WTI,확인 부족,-1,이력 부족: 0/147관측,현재 상태를 판단할 자료가 부족합니다.,확인 부족
2026-07-10,GOLD,금,정상,0,5일 -0.21% · 20일 -0.10% · 변동성 기준 5.6/1.6백분위,가격 움직임은 확인되지만 원인을 구분할 교차 근거가 충분하지 않습니다.,낮음
2026-07-10,SILVER,은,정상,0,5일 -1.38% · 20일 -7.41% · 변동성 기준 21.4/55.6백분위,가격 움직임은 확인되지만 원인을 구분할 교차 근거가 충분하지 않습니다.,낮음
2026-07-10,COPPER,구리,정상,0,5일 +1.95% · 20일 -0.25% · 변동성 기준 43.3/2.6백분위,가격 움직임은 확인되지만 원인을 구분할 교차 근거가 충분하지 않습니다.,낮음
2026-07-13,SP500,S&P500,확인 부족,-1,이력 부족: 0/252관측,현재 상태를 판단할 자료가 부족합니다.,확인 부족
2026-07-13,NASDAQ,Nasdaq,확인 부족,-1,이력 부족: 0/252관측,현재 상태를 판단할 자료가 부족합니다.,확인 부족
2026-07-13,RUSSELL,Russell 2000,정상,0,5일 -1.9% · 20일 +1.1% · 고점 대비 -2.4%,지표 고유의 상태와 다른 시장 영역의 동반 신호를 구분해 확인합니다.,낮음
2026-07-13,MA200,200일 이동평균 이격,확인 부족,-1,이력 부족: 0/200관측,현재 상태를 판단할 자료가 부족합니다.,확인 부족
2026-07-13,EW,동일가중 상대성과,정상,0,RSP가 SPY 대비 20일 +0.6%p · 5일 상대성과 -0.08%p,지표 고유의 상태와 다른 시장 영역의 동반 신호를 구분해 확인합니다.,낮음
2026-07-13,CAPE,CAPE,확인 부족,-1,이력 부족: 0/120관측,현재 상태를 판단할 자료가 부족합니다.,확인 부족
2026-07-13,ADV,상승 종목 비율,확인 부족,-1,이력 부족: 0/21관측,현재 상태를 판단할 자료가 부족합니다.,확인 부족
2026-07-13,ABOVE200,200DMA 위 종목 비율,확인 부족,-1,이력 부족: 0/21관측,현재 상태를 판단할 자료가 부족합니다.,확인 부족
2026-07-13,HILO,52주 신고가-신저가 비율,확인 부족,-1,이력 부족: 0/21관측,현재 상태를 판단할 자료가 부족합니다.,확인 부족
2026-07-13,EFFR,미국 기준금리,정상,0,20관측 +0bp · 유지 · EFFR 변화는 목표범위 결정 자체와 구분,금리 하락 또는 상대관계 변화을 관찰합니다. 물가·고용·신용의 동반 움직임으로 의미를 구분합니다.,낮음
2026-07-13,US3M,미국 3개월물 국채수익률,확인 부족,-1,이력 부족: 0/25관측,현재 상태를 판단할 자료가 부족합니다.,확인 부족
2026-07-13,US2Y,미국 2년물 국채수익률,확인 부족,-1,이력 부족: 0/25관측,현재 상태를 판단할 자료가 부족합니다.,확인 부족
2026-07-13,US10Y,미국 10년물 국채수익률,확인 부족,-1,이력 부족: 0/25관측,현재 상태를 판단할 자료가 부족합니다.,확인 부족
2026-07-13,US30Y,미국 30년물 국채수익률,확인 부족,-1,이력 부족: 0/25관측,현재 상태를 판단할 자료가 부족합니다.,확인 부족
2026-07-13,REAL10,미국 10년물 실질금리,확인 부족,-1,이력 부족: 0/25관측,현재 상태를 판단할 자료가 부족합니다.,확인 부족
2026-07-13,TERM,미국 10년물 기간프리미엄,주의,2,과거 504관측 대비 97.8백분위 · 20일 +4bp,금리 상승에 따른 부담을 관찰합니다. 물가·고용·신용의 동반 움직임으로 의미를 구분합니다.,낮음
2026-07-13,CURVE2,미국 10년물-2년물 금리차,확인 부족,-1,이력 부족: 0/22관측,현재 상태를 판단할 자료가 부족합니다.,확인 부족
2026-07-13,CURVE3,미국 10년물-3개월물 금리차,확인 부족,-1,이력 부족: 0/22관측,현재 상태를 판단할 자료가 부족합니다.,확인 부족
2026-07-13,CURVEFED,미국 10년물-기준금리 차,확인 부족,-1,이력 부족: 0/22관측,현재 상태를 판단할 자료가 부족합니다.,확인 부족
2026-07-13,VIX,VIX,정상,0,VIX 17.2 · 5일 +10.2% · 20일 +5.9% · 5일 +1.6포인트,지표 고유의 상태와 다른 시장 영역의 동반 신호를 구분해 확인합니다.,낮음
2026-07-13,VIXPOS,VIX 1년 위치,참고,0,과거 252관측 대비 50.0백분위,최근 분포에서의 위치입니다. 별도 위험 신호로 중복 집계하지 않습니다.,낮음
2026-07-13,HY,하이일드 OAS,안정,0,HY 2.69%p · 5일 -3bp · 20일 +3bp,지표 고유의 상태와 다른 시장 영역의 동반 신호를 구분해 확인합니다.,낮음
2026-07-13,BBB,BBB OAS,안정,0,BBB 0.96%p · 5일 +2bp · 20일 +4bp,지표 고유의 상태와 다른 시장 영역의 동반 신호를 구분해 확인합니다.,낮음
2026-07-13,HYPOS,HY 1년 위치,참고,0,과거 252관측 대비 4.8백분위,최근 분포에서의 위치입니다. 별도 위험 신호로 중복 집계하지 않습니다.,낮음
2026-07-13,UNEMP,미국 실업률,확인 부족,-1,월간 관측 누락: 달력 기간 계산 보류,현재 상태를 판단할 자료가 부족합니다.,확인 부족
2026-07-13,SAHM,Sahm Rule,확인 부족,-1,월간 관측 누락: 달력 기간 계산 보류,현재 상태를 판단할 자료가 부족합니다.,확인 부족
2026-07-13,CLAIMS,신규실업수당 4주평균,확인 부족,-1,이력 부족: 0/55관측,현재 상태를 판단할 자료가 부족합니다.,확인 부족
2026-07-13,CPI,CPI,확인 부족,-1,이력 부족: 0/16관측,현재 상태를 판단할 자료가 부족합니다.,확인 부족
2026-07-13,CORECPI,근원 CPI,확인 부족,-1,이력 부족: 0/16관측,현재 상태를 판단할 자료가 부족합니다.,확인 부족
2026-07-13,COREPCE,근원 PCE,확인 부족,-1,이력 부족: 0/16관측,현재 상태를 판단할 자료가 부족합니다.,확인 부족
2026-07-13,DXY,달러지수,확인 부족,-1,이력 부족: 0/147관측,현재 상태를 판단할 자료가 부족합니다.,확인 부족
2026-07-13,USDKRW,달러/원,확인 부족,-1,이력 부족: 0/147관측,현재 상태를 판단할 자료가 부족합니다.,확인 부족
2026-07-13,USDJPY,달러/엔,확인 부족,-1,이력 부족: 0/147관측,현재 상태를 판단할 자료가 부족합니다.,확인 부족
2026-07-13,WTI,WTI,확인 부족,-1,이력 부족: 0/147관측,현재 상태를 판단할 자료가 부족합니다.,확인 부족
2026-07-13,GOLD,금,정상,0,5일 -3.80% · 20일 -2.28% · 변동성 기준 83.1/28.0백분위,가격 움직임은 확인되지만 원인을 구분할 교차 근거가 충분하지 않습니다.,낮음
2026-07-13,SILVER,은,정상,0,5일 -6.92% · 20일 -9.78% · 변동성 기준 78.8/68.1백분위,가격 움직임은 확인되지만 원인을 구분할 교차 근거가 충분하지 않습니다.,낮음
2026-07-13,COPPER,구리,정상,0,5일 +0.89% · 20일 -0.42% · 변동성 기준 19.0/4.8백분위,가격 움직임은 확인되지만 원인을 구분할 교차 근거가 충분하지 않습니다.,낮음
2026-07-14,SP500,S&P500,확인 부족,-1,이력 부족: 0/252관측,현재 상태를 판단할 자료가 부족합니다.,확인 부족
2026-07-14,NASDAQ,Nasdaq,확인 부족,-1,이력 부족: 0/252관측,현재 상태를 판단할 자료가 부족합니다.,확인 부족
2026-07-14,RUSSELL,Russell 2000,정상,0,5일 -0.6% · 20일 +0.7% · 고점 대비 -2.0%,지표 고유의 상태와 다른 시장 영역의 동반 신호를 구분해 확인합니다.,낮음
2026-07-14,MA200,200일 이동평균 이격,확인 부족,-1,이력 부족: 0/200관측,현재 상태를 판단할 자료가 부족합니다.,확인 부족
2026-07-14,EW,동일가중 상대성과,정상,0,RSP가 SPY 대비 20일 -0.5%p · 5일 상대성과 -1.15%p,지표 고유의 상태와 다른 시장 영역의 동반 신호를 구분해 확인합니다.,낮음
2026-07-14,CAPE,CAPE,확인 부족,-1,이력 부족: 0/120관측,현재 상태를 판단할 자료가 부족합니다.,확인 부족
2026-07-14,ADV,상승 종목 비율,확인 부족,-1,이력 부족: 0/21관측,현재 상태를 판단할 자료가 부족합니다.,확인 부족
2026-07-14,ABOVE200,200DMA 위 종목 비율,확인 부족,-1,이력 부족: 0/21관측,현재 상태를 판단할 자료가 부족합니다.,확인 부족
2026-07-14,HILO,52주 신고가-신저가 비율,확인 부족,-1,이력 부족: 0/21관측,현재 상태를 판단할 자료가 부족합니다.,확인 부족
2026-07-14,EFFR,미국 기준금리,정상,0,20관측 +0bp · 유지 · EFFR 변화는 목표범위 결정 자체와 구분,금리 하락 또는 상대관계 변화을 관찰합니다. 물가·고용·신용의 동반 움직임으로 의미를 구분합니다.,낮음
2026-07-14,US3M,미국 3개월물 국채수익률,확인 부족,-1,이력 부족: 0/25관측,현재 상태를 판단할 자료가 부족합니다.,확인 부족
2026-07-14,US2Y,미국 2년물 국채수익률,확인 부족,-1,이력 부족: 0/25관측,현재 상태를 판단할 자료가 부족합니다.,확인 부족
2026-07-14,US10Y,미국 10년물 국채수익률,확인 부족,-1,이력 부족: 0/25관측,현재 상태를 판단할 자료가 부족합니다.,확인 부족
2026-07-14,US30Y,미국 30년물 국채수익률,확인 부족,-1,이력 부족: 0/25관측,현재 상태를 판단할 자료가 부족합니다.,확인 부족
2026-07-14,REAL10,미국 10년물 실질금리,확인 부족,-1,이력 부족: 0/25관측,현재 상태를 판단할 자료가 부족합니다.,확인 부족
2026-07-14,TERM,미국 10년물 기간프리미엄,관찰,1,과거 504관측 대비 97.0백분위 · 20일 +2bp,금리 상승에 따른 부담을 관찰합니다. 물가·고용·신용의 동반 움직임으로 의미를 구분합니다.,낮음
2026-07-14,CURVE2,미국 10년물-2년물 금리차,확인 부족,-1,이력 부족: 0/22관측,현재 상태를 판단할 자료가 부족합니다.,확인 부족
2026-07-14,CURVE3,미국 10년물-3개월물 금리차,확인 부족,-1,이력 부족: 0/22관측,현재 상태를 판단할 자료가 부족합니다.,확인 부족
2026-07-14,CURVEFED,미국 10년물-기준금리 차,확인 부족,-1,이력 부족: 0/22관측,현재 상태를 판단할 자료가 부족합니다.,확인 부족
2026-07-14,VIX,VIX,정상,0,VIX 16.5 · 5일 +2.3% · 20일 +0.5% · 5일 +0.4포인트,지표 고유의 상태와 다른 시장 영역의 동반 신호를 구분해 확인합니다.,낮음
2026-07-14,VIXPOS,VIX 1년 위치,참고,0,과거 252관측 대비 38.5백분위,최근 분포에서의 위치입니다. 별도 위험 신호로 중복 집계하지 않습니다.,낮음
2026-07-14,HY,하이일드 OAS,안정,0,HY 2.72%p · 5일 +5bp · 20일 +1bp,지표 고유의 상태와 다른 시장 영역의 동반 신호를 구분해 확인합니다.,낮음
2026-07-14,BBB,BBB OAS,안정,0,BBB 0.97%p · 5일 +3bp · 20일 +4bp,지표 고유의 상태와 다른 시장 영역의 동반 신호를 구분해 확인합니다.,낮음
2026-07-14,HYPOS,HY 1년 위치,참고,0,과거 252관측 대비 12.1백분위,최근 분포에서의 위치입니다. 별도 위험 신호로 중복 집계하지 않습니다.,낮음
2026-07-14,UNEMP,미국 실업률,확인 부족,-1,월간 관측 누락: 달력 기간 계산 보류,현재 상태를 판단할 자료가 부족합니다.,확인 부족
2026-07-14,SAHM,Sahm Rule,확인 부족,-1,월간 관측 누락: 달력 기간 계산 보류,현재 상태를 판단할 자료가 부족합니다.,확인 부족
2026-07-14,CLAIMS,신규실업수당 4주평균,확인 부족,-1,이력 부족: 0/55관측,현재 상태를 판단할 자료가 부족합니다.,확인 부족
2026-07-14,CPI,CPI,확인 부족,-1,이력 부족: 0/16관측,현재 상태를 판단할 자료가 부족합니다.,확인 부족
2026-07-14,CORECPI,근원 CPI,확인 부족,-1,이력 부족: 0/16관측,현재 상태를 판단할 자료가 부족합니다.,확인 부족
2026-07-14,COREPCE,근원 PCE,확인 부족,-1,이력 부족: 0/16관측,현재 상태를 판단할 자료가 부족합니다.,확인 부족
2026-07-14,DXY,달러지수,확인 부족,-1,이력 부족: 0/147관측,현재 상태를 판단할 자료가 부족합니다.,확인 부족
2026-07-14,USDKRW,달러/원,확인 부족,-1,이력 부족: 0/147관측,현재 상태를 판단할 자료가 부족합니다.,확인 부족
2026-07-14,USDJPY,달러/엔,확인 부족,-1,이력 부족: 0/147관측,현재 상태를 판단할 자료가 부족합니다.,확인 부족
2026-07-14,WTI,WTI,확인 부족,-1,이력 부족: 0/147관측,현재 상태를 판단할 자료가 부족합니다.,확인 부족
2026-07-14,GOLD,금,정상,0,5일 -2.03% · 20일 -3.65% · 변동성 기준 52.0/45.8백분위,가격 움직임은 확인되지만 원인을 구분할 교차 근거가 충분하지 않습니다.,낮음
2026-07-14,SILVER,은,정상,0,5일 -3.54% · 20일 -13.39% · 변동성 기준 52.0/80.4백분위,가격 움직임은 확인되지만 원인을 구분할 교차 근거가 충분하지 않습니다.,낮음
2026-07-14,COPPER,구리,정상,0,5일 +2.57% · 20일 -1.56% · 변동성 기준 55.2/15.3백분위,가격 움직임은 확인되지만 원인을 구분할 교차 근거가 충분하지 않습니다.,낮음
2026-07-15,SP500,S&P500,확인 부족,-1,이력 부족: 0/252관측,현재 상태를 판단할 자료가 부족합니다.,확인 부족
2026-07-15,NASDAQ,Nasdaq,확인 부족,-1,이력 부족: 0/252관측,현재 상태를 판단할 자료가 부족합니다.,확인 부족
2026-07-15,RUSSELL,Russell 2000,정상,0,5일 +0.7% · 20일 +0.4% · 고점 대비 -1.6%,지표 고유의 상태와 다른 시장 영역의 동반 신호를 구분해 확인합니다.,낮음
2026-07-15,MA200,200일 이동평균 이격,확인 부족,-1,이력 부족: 0/200관측,현재 상태를 판단할 자료가 부족합니다.,확인 부족
2026-07-15,EW,동일가중 상대성과,정상,0,RSP가 SPY 대비 20일 +0.0%p · 5일 상대성과 -0.90%p,지표 고유의 상태와 다른 시장 영역의 동반 신호를 구분해 확인합니다.,낮음
2026-07-15,CAPE,CAPE,확인 부족,-1,이력 부족: 0/120관측,현재 상태를 판단할 자료가 부족합니다.,확인 부족
2026-07-15,ADV,상승 종목 비율,확인 부족,-1,이력 부족: 0/21관측,현재 상태를 판단할 자료가 부족합니다.,확인 부족
2026-07-15,ABOVE200,200DMA 위 종목 비율,확인 부족,-1,이력 부족: 0/21관측,현재 상태를 판단할 자료가 부족합니다.,확인 부족
2026-07-15,HILO,52주 신고가-신저가 비율,확인 부족,-1,이력 부족: 0/21관측,현재 상태를 판단할 자료가 부족합니다.,확인 부족
2026-07-15,EFFR,미국 기준금리,정상,0,20관측 +0bp · 유지 · EFFR 변화는 목표범위 결정 자체와 구분,금리 하락 또는 상대관계 변화을 관찰합니다. 물가·고용·신용의 동반 움직임으로 의미를 구분합니다.,낮음
2026-07-15,US3M,미국 3개월물 국채수익률,확인 부족,-1,이력 부족: 0/25관측,현재 상태를 판단할 자료가 부족합니다.,확인 부족
2026-07-15,US2Y,미국 2년물 국채수익률,확인 부족,-1,이력 부족: 0/25관측,현재 상태를 판단할 자료가 부족합니다.,확인 부족
2026-07-15,US10Y,미국 10년물 국채수익률,확인 부족,-1,이력 부족: 0/25관측,현재 상태를 판단할 자료가 부족합니다.,확인 부족
2026-07-15,US30Y,미국 30년물 국채수익률,확인 부족,-1,이력 부족: 0/25관측,현재 상태를 판단할 자료가 부족합니다.,확인 부족
2026-07-15,REAL10,미국 10년물 실질금리,확인 부족,-1,이력 부족: 0/25관측,현재 상태를 판단할 자료가 부족합니다.,확인 부족
2026-07-15,TERM,미국 10년물 기간프리미엄,관찰,1,과거 504관측 대비 96.2백분위 · 20일 +2bp,금리 상승에 따른 부담을 관찰합니다. 물가·고용·신용의 동반 움직임으로 의미를 구분합니다.,낮음
2026-07-15,CURVE2,미국 10년물-2년물 금리차,확인 부족,-1,이력 부족: 0/22관측,현재 상태를 판단할 자료가 부족합니다.,확인 부족
2026-07-15,CURVE3,미국 10년물-3개월물 금리차,확인 부족,-1,이력 부족: 0/22관측,현재 상태를 판단할 자료가 부족합니다.,확인 부족
2026-07-15,CURVEFED,미국 10년물-기준금리 차,확인 부족,-1,이력 부족: 0/22관측,현재 상태를 판단할 자료가 부족합니다.,확인 부족
2026-07-15,VIX,VIX,정상,0,VIX 15.7 · 5일 -7.3% · 20일 -15.0% · 5일 -1.2포인트,지표 고유의 상태와 다른 시장 영역의 동반 신호를 구분해 확인합니다.,낮음
2026-07-15,VIXPOS,VIX 1년 위치,참고,0,과거 252관측 대비 19.4백분위,최근 분포에서의 위치입니다. 별도 위험 신호로 중복 집계하지 않습니다.,낮음
2026-07-15,HY,하이일드 OAS,안정,0,HY 2.71%p · 5일 +1bp · 20일 +8bp,지표 고유의 상태와 다른 시장 영역의 동반 신호를 구분해 확인합니다.,낮음
2026-07-15,BBB,BBB OAS,안정,0,BBB 0.97%p · 5일 +3bp · 20일 +5bp,지표 고유의 상태와 다른 시장 영역의 동반 신호를 구분해 확인합니다.,낮음
2026-07-15,HYPOS,HY 1년 위치,참고,0,과거 252관측 대비 8.9백분위,최근 분포에서의 위치입니다. 별도 위험 신호로 중복 집계하지 않습니다.,낮음
2026-07-15,UNEMP,미국 실업률,확인 부족,-1,월간 관측 누락: 달력 기간 계산 보류,현재 상태를 판단할 자료가 부족합니다.,확인 부족
2026-07-15,SAHM,Sahm Rule,확인 부족,-1,월간 관측 누락: 달력 기간 계산 보류,현재 상태를 판단할 자료가 부족합니다.,확인 부족
2026-07-15,CLAIMS,신규실업수당 4주평균,확인 부족,-1,이력 부족: 0/55관측,현재 상태를 판단할 자료가 부족합니다.,확인 부족
2026-07-15,CPI,CPI,확인 부족,-1,이력 부족: 0/16관측,현재 상태를 판단할 자료가 부족합니다.,확인 부족
2026-07-15,CORECPI,근원 CPI,확인 부족,-1,이력 부족: 0/16관측,현재 상태를 판단할 자료가 부족합니다.,확인 부족
2026-07-15,COREPCE,근원 PCE,확인 부족,-1,이력 부족: 0/16관측,현재 상태를 판단할 자료가 부족합니다.,확인 부족
2026-07-15,DXY,달러지수,확인 부족,-1,이력 부족: 0/147관측,현재 상태를 판단할 자료가 부족합니다.,확인 부족
2026-07-15,USDKRW,달러/원,확인 부족,-1,이력 부족: 0/147관측,현재 상태를 판단할 자료가 부족합니다.,확인 부족
2026-07-15,USDJPY,달러/엔,확인 부족,-1,이력 부족: 0/147관측,현재 상태를 판단할 자료가 부족합니다.,확인 부족
2026-07-15,WTI,WTI,확인 부족,-1,이력 부족: 0/147관측,현재 상태를 판단할 자료가 부족합니다.,확인 부족
2026-07-15,GOLD,금,정상,0,5일 -0.66% · 20일 -6.56% · 변동성 기준 18.7/73.6백분위,가격 움직임은 확인되지만 원인을 구분할 교차 근거가 충분하지 않습니다.,낮음
2026-07-15,SILVER,은,정상,0,5일 -1.81% · 20일 -18.49% · 변동성 기준 28.4/87.9백분위,가격 움직임은 확인되지만 원인을 구분할 교차 근거가 충분하지 않습니다.,낮음
2026-07-15,COPPER,구리,정상,0,5일 +3.95% · 20일 -2.92% · 변동성 기준 74.4/30.2백분위,가격 움직임은 확인되지만 원인을 구분할 교차 근거가 충분하지 않습니다.,낮음
2026-07-16,SP500,S&P500,확인 부족,-1,이력 부족: 0/252관측,현재 상태를 판단할 자료가 부족합니다.,확인 부족
2026-07-16,NASDAQ,Nasdaq,확인 부족,-1,이력 부족: 0/252관측,현재 상태를 판단할 자료가 부족합니다.,확인 부족
2026-07-16,RUSSELL,Russell 2000,정상,0,5일 -0.6% · 20일 +1.2% · 고점 대비 -1.6%,지표 고유의 상태와 다른 시장 영역의 동반 신호를 구분해 확인합니다.,낮음
2026-07-16,MA200,200일 이동평균 이격,확인 부족,-1,이력 부족: 0/200관측,현재 상태를 판단할 자료가 부족합니다.,확인 부족
2026-07-16,EW,동일가중 상대성과,정상,0,RSP가 SPY 대비 20일 +1.3%p · 5일 상대성과 +0.86%p,지표 고유의 상태와 다른 시장 영역의 동반 신호를 구분해 확인합니다.,낮음
2026-07-16,CAPE,CAPE,확인 부족,-1,이력 부족: 0/120관측,현재 상태를 판단할 자료가 부족합니다.,확인 부족
2026-07-16,ADV,상승 종목 비율,확인 부족,-1,이력 부족: 0/21관측,현재 상태를 판단할 자료가 부족합니다.,확인 부족
2026-07-16,ABOVE200,200DMA 위 종목 비율,확인 부족,-1,이력 부족: 0/21관측,현재 상태를 판단할 자료가 부족합니다.,확인 부족
2026-07-16,HILO,52주 신고가-신저가 비율,확인 부족,-1,이력 부족: 0/21관측,현재 상태를 판단할 자료가 부족합니다.,확인 부족
2026-07-16,EFFR,미국 기준금리,정상,0,20관측 +0bp · 유지 · EFFR 변화는 목표범위 결정 자체와 구분,금리 하락 또는 상대관계 변화을 관찰합니다. 물가·고용·신용의 동반 움직임으로 의미를 구분합니다.,낮음
2026-07-16,US3M,미국 3개월물 국채수익률,확인 부족,-1,이력 부족: 0/25관측,현재 상태를 판단할 자료가 부족합니다.,확인 부족
2026-07-16,US2Y,미국 2년물 국채수익률,확인 부족,-1,이력 부족: 0/25관측,현재 상태를 판단할 자료가 부족합니다.,확인 부족
2026-07-16,US10Y,미국 10년물 국채수익률,확인 부족,-1,이력 부족: 0/25관측,현재 상태를 판단할 자료가 부족합니다.,확인 부족
2026-07-16,US30Y,미국 30년물 국채수익률,확인 부족,-1,이력 부족: 0/25관측,현재 상태를 판단할 자료가 부족합니다.,확인 부족
2026-07-16,REAL10,미국 10년물 실질금리,확인 부족,-1,이력 부족: 0/25관측,현재 상태를 판단할 자료가 부족합니다.,확인 부족
2026-07-16,TERM,미국 10년물 기간프리미엄,관찰,1,과거 504관측 대비 96.8백분위 · 20일 +4bp,금리 상승에 따른 부담을 관찰합니다. 물가·고용·신용의 동반 움직임으로 의미를 구분합니다.,낮음
2026-07-16,CURVE2,미국 10년물-2년물 금리차,확인 부족,-1,이력 부족: 0/22관측,현재 상태를 판단할 자료가 부족합니다.,확인 부족
2026-07-16,CURVE3,미국 10년물-3개월물 금리차,확인 부족,-1,이력 부족: 0/22관측,현재 상태를 판단할 자료가 부족합니다.,확인 부족
2026-07-16,CURVEFED,미국 10년물-기준금리 차,확인 부족,-1,이력 부족: 0/22관측,현재 상태를 판단할 자료가 부족합니다.,확인 부족
2026-07-16,VIX,VIX,정상,0,VIX 16.7 · 5일 +5.6% · 20일 +2.0% · 5일 +0.9포인트,지표 고유의 상태와 다른 시장 영역의 동반 신호를 구분해 확인합니다.,낮음
2026-07-16,VIXPOS,VIX 1년 위치,참고,0,과거 252관측 대비 43.3백분위,최근 분포에서의 위치입니다. 별도 위험 신호로 중복 집계하지 않습니다.,낮음
2026-07-16,HY,하이일드 OAS,안정,0,HY 2.71%p · 5일 +1bp · 20일 +5bp,지표 고유의 상태와 다른 시장 영역의 동반 신호를 구분해 확인합니다.,낮음
2026-07-16,BBB,BBB OAS,안정,0,BBB 0.96%p · 5일 +2bp · 20일 +3bp,지표 고유의 상태와 다른 시장 영역의 동반 신호를 구분해 확인합니다.,낮음
2026-07-16,HYPOS,HY 1년 위치,참고,0,과거 252관측 대비 9.1백분위,최근 분포에서의 위치입니다. 별도 위험 신호로 중복 집계하지 않습니다.,낮음
2026-07-16,UNEMP,미국 실업률,확인 부족,-1,월간 관측 누락: 달력 기간 계산 보류,현재 상태를 판단할 자료가 부족합니다.,확인 부족
2026-07-16,SAHM,Sahm Rule,확인 부족,-1,월간 관측 누락: 달력 기간 계산 보류,현재 상태를 판단할 자료가 부족합니다.,확인 부족
2026-07-16,CLAIMS,신규실업수당 4주평균,확인 부족,-1,이력 부족: 0/55관측,현재 상태를 판단할 자료가 부족합니다.,확인 부족
2026-07-16,CPI,CPI,확인 부족,-1,이력 부족: 0/16관측,현재 상태를 판단할 자료가 부족합니다.,확인 부족
2026-07-16,CORECPI,근원 CPI,확인 부족,-1,이력 부족: 0/16관측,현재 상태를 판단할 자료가 부족합니다.,확인 부족
2026-07-16,COREPCE,근원 PCE,확인 부족,-1,이력 부족: 0/16관측,현재 상태를 판단할 자료가 부족합니다.,확인 부족
2026-07-16,DXY,달러지수,확인 부족,-1,이력 부족: 0/147관측,현재 상태를 판단할 자료가 부족합니다.,확인 부족
2026-07-16,USDKRW,달러/원,확인 부족,-1,이력 부족: 0/147관측,현재 상태를 판단할 자료가 부족합니다.,확인 부족
2026-07-16,USDJPY,달러/엔,확인 부족,-1,이력 부족: 0/147관측,현재 상태를 판단할 자료가 부족합니다.,확인 부족
2026-07-16,WTI,WTI,확인 부족,-1,이력 부족: 0/147관측,현재 상태를 판단할 자료가 부족합니다.,확인 부족
2026-07-16,GOLD,금,정상,0,5일 -3.51% · 20일 -7.97% · 변동성 기준 78.4/81.5백분위,가격 움직임은 확인되지만 원인을 구분할 교차 근거가 충분하지 않습니다.,낮음
2026-07-16,SILVER,은,정상,0,5일 -7.42% · 20일 -20.03% · 변동성 기준 81.3/88.9백분위,가격 움직임은 확인되지만 원인을 구분할 교차 근거가 충분하지 않습니다.,낮음
2026-07-16,COPPER,구리,정상,0,5일 +1.30% · 20일 -2.97% · 변동성 기준 28.0/30.4백분위,가격 움직임은 확인되지만 원인을 구분할 교차 근거가 충분하지 않습니다.,낮음
2026-07-17,SP500,S&P500,확인 부족,-1,이력 부족: 0/252관측,현재 상태를 판단할 자료가 부족합니다.,확인 부족
2026-07-17,NASDAQ,Nasdaq,확인 부족,-1,이력 부족: 0/252관측,현재 상태를 판단할 자료가 부족합니다.,확인 부족
2026-07-17,RUSSELL,Russell 2000,정상,0,5일 -0.5% · 20일 +1.5% · 고점 대비 -2.1%,지표 고유의 상태와 다른 시장 영역의 동반 신호를 구분해 확인합니다.,낮음
2026-07-17,MA200,200일 이동평균 이격,확인 부족,-1,이력 부족: 0/200관측,현재 상태를 판단할 자료가 부족합니다.,확인 부족
2026-07-17,EW,동일가중 상대성과,정상,0,RSP가 SPY 대비 20일 +1.8%p · 5일 상대성과 +1.11%p,지표 고유의 상태와 다른 시장 영역의 동반 신호를 구분해 확인합니다.,낮음
2026-07-17,CAPE,CAPE,확인 부족,-1,이력 부족: 0/120관측,현재 상태를 판단할 자료가 부족합니다.,확인 부족
2026-07-17,ADV,상승 종목 비율,확인 부족,-1,이력 부족: 0/21관측,현재 상태를 판단할 자료가 부족합니다.,확인 부족
2026-07-17,ABOVE200,200DMA 위 종목 비율,확인 부족,-1,이력 부족: 0/21관측,현재 상태를 판단할 자료가 부족합니다.,확인 부족
2026-07-17,HILO,52주 신고가-신저가 비율,확인 부족,-1,이력 부족: 0/21관측,현재 상태를 판단할 자료가 부족합니다.,확인 부족
2026-07-17,EFFR,미국 기준금리,정상,0,20관측 +0bp · 유지 · EFFR 변화는 목표범위 결정 자체와 구분,금리 하락 또는 상대관계 변화을 관찰합니다. 물가·고용·신용의 동반 움직임으로 의미를 구분합니다.,낮음
2026-07-17,US3M,미국 3개월물 국채수익률,확인 부족,-1,이력 부족: 0/25관측,현재 상태를 판단할 자료가 부족합니다.,확인 부족
2026-07-17,US2Y,미국 2년물 국채수익률,확인 부족,-1,이력 부족: 0/25관측,현재 상태를 판단할 자료가 부족합니다.,확인 부족
2026-07-17,US10Y,미국 10년물 국채수익률,확인 부족,-1,이력 부족: 0/25관측,현재 상태를 판단할 자료가 부족합니다.,확인 부족
2026-07-17,US30Y,미국 30년물 국채수익률,확인 부족,-1,이력 부족: 0/25관측,현재 상태를 판단할 자료가 부족합니다.,확인 부족
2026-07-17,REAL10,미국 10년물 실질금리,확인 부족,-1,이력 부족: 0/25관측,현재 상태를 판단할 자료가 부족합니다.,확인 부족
2026-07-17,TERM,미국 10년물 기간프리미엄,관찰,1,과거 504관측 대비 96.4백분위 · 20일 +1bp,금리 상승에 따른 부담을 관찰합니다. 물가·고용·신용의 동반 움직임으로 의미를 구분합니다.,낮음
2026-07-17,CURVE2,미국 10년물-2년물 금리차,확인 부족,-1,이력 부족: 0/22관측,현재 상태를 판단할 자료가 부족합니다.,확인 부족
2026-07-17,CURVE3,미국 10년물-3개월물 금리차,확인 부족,-1,이력 부족: 0/22관측,현재 상태를 판단할 자료가 부족합니다.,확인 부족
2026-07-17,CURVEFED,미국 10년물-기준금리 차,확인 부족,-1,이력 부족: 0/22관측,현재 상태를 판단할 자료가 부족합니다.,확인 부족
2026-07-17,VIX,VIX,관찰,1,VIX 18.8 · 5일 +24.9% · 20일 +11.9% · 5일 +3.7포인트,지표 고유의 상태와 다른 시장 영역의 동반 신호를 구분해 확인합니다.,낮음
2026-07-17,VIXPOS,VIX 1년 위치,참고,0,과거 252관측 대비 71.0백분위,최근 분포에서의 위치입니다. 별도 위험 신호로 중복 집계하지 않습니다.,낮음
2026-07-17,HY,하이일드 OAS,안정,0,HY 2.73%p · 5일 +4bp · 20일 +7bp,지표 고유의 상태와 다른 시장 영역의 동반 신호를 구분해 확인합니다.,낮음
2026-07-17,BBB,BBB OAS,안정,0,BBB 0.97%p · 5일 +1bp · 20일 +4bp,지표 고유의 상태와 다른 시장 영역의 동반 신호를 구분해 확인합니다.,낮음
2026-07-17,HYPOS,HY 1년 위치,참고,0,과거 252관측 대비 14.9백분위,최근 분포에서의 위치입니다. 별도 위험 신호로 중복 집계하지 않습니다.,낮음
2026-07-17,UNEMP,미국 실업률,확인 부족,-1,월간 관측 누락: 달력 기간 계산 보류,현재 상태를 판단할 자료가 부족합니다.,확인 부족
2026-07-17,SAHM,Sahm Rule,확인 부족,-1,월간 관측 누락: 달력 기간 계산 보류,현재 상태를 판단할 자료가 부족합니다.,확인 부족
2026-07-17,CLAIMS,신규실업수당 4주평균,확인 부족,-1,이력 부족: 0/55관측,현재 상태를 판단할 자료가 부족합니다.,확인 부족
2026-07-17,CPI,CPI,확인 부족,-1,이력 부족: 0/16관측,현재 상태를 판단할 자료가 부족합니다.,확인 부족
2026-07-17,CORECPI,근원 CPI,확인 부족,-1,이력 부족: 0/16관측,현재 상태를 판단할 자료가 부족합니다.,확인 부족
2026-07-17,COREPCE,근원 PCE,확인 부족,-1,이력 부족: 0/16관측,현재 상태를 판단할 자료가 부족합니다.,확인 부족
2026-07-17,DXY,달러지수,확인 부족,-1,이력 부족: 0/147관측,현재 상태를 판단할 자료가 부족합니다.,확인 부족
2026-07-17,USDKRW,달러/원,확인 부족,-1,이력 부족: 0/147관측,현재 상태를 판단할 자료가 부족합니다.,확인 부족
2026-07-17,USDJPY,달러/엔,확인 부족,-1,이력 부족: 0/147관측,현재 상태를 판단할 자료가 부족합니다.,확인 부족
2026-07-17,WTI,WTI,확인 부족,-1,이력 부족: 0/147관측,현재 상태를 판단할 자료가 부족합니다.,확인 부족
2026-07-17,GOLD,금,정상,0,5일 -2.23% · 20일 -7.94% · 변동성 기준 56.0/81.2백분위,가격 움직임은 확인되지만 원인을 구분할 교차 근거가 충분하지 않습니다.,낮음
2026-07-17,SILVER,은,관찰,1,5일 -6.31% · 20일 -20.73% · 변동성 기준 75.2/90.3백분위,가격 움직임은 확인되지만 원인을 구분할 교차 근거가 충분하지 않습니다.,낮음
2026-07-17,COPPER,구리,정상,0,5일 -0.22% · 20일 -4.03% · 변동성 기준 4.2/40.7백분위,가격 움직임은 확인되지만 원인을 구분할 교차 근거가 충분하지 않습니다.,낮음
2026-07-20,SP500,S&P500,확인 부족,-1,이력 부족: 0/252관측,현재 상태를 판단할 자료가 부족합니다.,확인 부족
2026-07-20,NASDAQ,Nasdaq,확인 부족,-1,이력 부족: 0/252관측,현재 상태를 판단할 자료가 부족합니다.,확인 부족
2026-07-20,RUSSELL,Russell 2000,정상,0,5일 -0.4% · 20일 -1.3% · 고점 대비 -2.7%,지표 고유의 상태와 다른 시장 영역의 동반 신호를 구분해 확인합니다.,낮음
2026-07-20,MA200,200일 이동평균 이격,확인 부족,-1,이력 부족: 0/200관측,현재 상태를 판단할 자료가 부족합니다.,확인 부족
2026-07-20,EW,동일가중 상대성과,정상,0,RSP가 SPY 대비 20일 +1.8%p · 5일 상대성과 +0.10%p,지표 고유의 상태와 다른 시장 영역의 동반 신호를 구분해 확인합니다.,낮음
2026-07-20,CAPE,CAPE,확인 부족,-1,이력 부족: 0/120관측,현재 상태를 판단할 자료가 부족합니다.,확인 부족
2026-07-20,ADV,상승 종목 비율,확인 부족,-1,이력 부족: 0/21관측,현재 상태를 판단할 자료가 부족합니다.,확인 부족
2026-07-20,ABOVE200,200DMA 위 종목 비율,확인 부족,-1,이력 부족: 0/21관측,현재 상태를 판단할 자료가 부족합니다.,확인 부족
2026-07-20,HILO,52주 신고가-신저가 비율,확인 부족,-1,이력 부족: 0/21관측,현재 상태를 판단할 자료가 부족합니다.,확인 부족
2026-07-20,EFFR,미국 기준금리,정상,0,20관측 +0bp · 유지 · EFFR 변화는 목표범위 결정 자체와 구분,금리 하락 또는 상대관계 변화을 관찰합니다. 물가·고용·신용의 동반 움직임으로 의미를 구분합니다.,낮음
2026-07-20,US3M,미국 3개월물 국채수익률,확인 부족,-1,이력 부족: 0/25관측,현재 상태를 판단할 자료가 부족합니다.,확인 부족
2026-07-20,US2Y,미국 2년물 국채수익률,확인 부족,-1,이력 부족: 0/25관측,현재 상태를 판단할 자료가 부족합니다.,확인 부족
2026-07-20,US10Y,미국 10년물 국채수익률,확인 부족,-1,이력 부족: 0/25관측,현재 상태를 판단할 자료가 부족합니다.,확인 부족
2026-07-20,US30Y,미국 30년물 국채수익률,확인 부족,-1,이력 부족: 0/25관측,현재 상태를 판단할 자료가 부족합니다.,확인 부족
2026-07-20,REAL10,미국 10년물 실질금리,확인 부족,-1,이력 부족: 0/25관측,현재 상태를 판단할 자료가 부족합니다.,확인 부족
2026-07-20,TERM,미국 10년물 기간프리미엄,관찰,1,과거 504관측 대비 97.0백분위 · 20일 +4bp,금리 상승에 따른 부담을 관찰합니다. 물가·고용·신용의 동반 움직임으로 의미를 구분합니다.,낮음
2026-07-20,CURVE2,미국 10년물-2년물 금리차,확인 부족,-1,이력 부족: 0/22관측,현재 상태를 판단할 자료가 부족합니다.,확인 부족
2026-07-20,CURVE3,미국 10년물-3개월물 금리차,확인 부족,-1,이력 부족: 0/22관측,현재 상태를 판단할 자료가 부족합니다.,확인 부족
2026-07-20,CURVEFED,미국 10년물-기준금리 차,확인 부족,-1,이력 부족: 0/22관측,현재 상태를 판단할 자료가 부족합니다.,확인 부족
2026-07-20,VIX,VIX,정상,0,VIX 18.6 · 5일 +8.7% · 20일 +7.9% · 5일 +1.5포인트,지표 고유의 상태와 다른 시장 영역의 동반 신호를 구분해 확인합니다.,낮음
2026-07-20,VIXPOS,VIX 1년 위치,참고,0,과거 252관측 대비 70.2백분위,최근 분포에서의 위치입니다. 별도 위험 신호로 중복 집계하지 않습니다.,낮음
2026-07-20,HY,하이일드 OAS,안정,0,HY 2.69%p · 5일 +0bp · 20일 +4bp,지표 고유의 상태와 다른 시장 영역의 동반 신호를 구분해 확인합니다.,낮음
2026-07-20,BBB,BBB OAS,안정,0,BBB 0.97%p · 5일 +1bp · 20일 +4bp,지표 고유의 상태와 다른 시장 영역의 동반 신호를 구분해 확인합니다.,낮음
2026-07-20,HYPOS,HY 1년 위치,참고,0,과거 252관측 대비 5.0백분위,최근 분포에서의 위치입니다. 별도 위험 신호로 중복 집계하지 않습니다.,낮음
2026-07-20,UNEMP,미국 실업률,확인 부족,-1,월간 관측 누락: 달력 기간 계산 보류,현재 상태를 판단할 자료가 부족합니다.,확인 부족
2026-07-20,SAHM,Sahm Rule,확인 부족,-1,월간 관측 누락: 달력 기간 계산 보류,현재 상태를 판단할 자료가 부족합니다.,확인 부족
2026-07-20,CLAIMS,신규실업수당 4주평균,확인 부족,-1,이력 부족: 0/55관측,현재 상태를 판단할 자료가 부족합니다.,확인 부족
2026-07-20,CPI,CPI,확인 부족,-1,이력 부족: 0/16관측,현재 상태를 판단할 자료가 부족합니다.,확인 부족
2026-07-20,CORECPI,근원 CPI,확인 부족,-1,이력 부족: 0/16관측,현재 상태를 판단할 자료가 부족합니다.,확인 부족
2026-07-20,COREPCE,근원 PCE,확인 부족,-1,이력 부족: 0/16관측,현재 상태를 판단할 자료가 부족합니다.,확인 부족
2026-07-20,DXY,달러지수,확인 부족,-1,이력 부족: 0/147관측,현재 상태를 판단할 자료가 부족합니다.,확인 부족
2026-07-20,USDKRW,달러/원,확인 부족,-1,이력 부족: 0/147관측,현재 상태를 판단할 자료가 부족합니다.,확인 부족
2026-07-20,USDJPY,달러/엔,확인 부족,-1,이력 부족: 0/147관측,현재 상태를 판단할 자료가 부족합니다.,확인 부족
2026-07-20,WTI,WTI,확인 부족,-1,이력 부족: 0/147관측,현재 상태를 판단할 자료가 부족합니다.,확인 부족
2026-07-20,GOLD,금,정상,0,5일 +0.33% · 20일 -5.06% · 변동성 기준 8.9/59.1백분위,가격 움직임은 확인되지만 원인을 구분할 교차 근거가 충분하지 않습니다.,낮음
2026-07-20,SILVER,은,정상,0,5일 -1.44% · 20일 -14.27% · 변동성 기준 22.4/81.2백분위,가격 움직임은 확인되지만 원인을 구분할 교차 근거가 충분하지 않습니다.,낮음
2026-07-20,COPPER,구리,정상,0,5일 +1.06% · 20일 -1.18% · 변동성 기준 23.6/10.5백분위,가격 움직임은 확인되지만 원인을 구분할 교차 근거가 충분하지 않습니다.,낮음
2026-07-21,SP500,S&P500,확인 부족,-1,이력 부족: 0/252관측,현재 상태를 판단할 자료가 부족합니다.,확인 부족
2026-07-21,NASDAQ,Nasdaq,확인 부족,-1,이력 부족: 0/252관측,현재 상태를 판단할 자료가 부족합니다.,확인 부족
2026-07-21,RUSSELL,Russell 2000,정상,0,5일 +0.8% · 20일 -0.6% · 고점 대비 -1.2%,지표 고유의 상태와 다른 시장 영역의 동반 신호를 구분해 확인합니다.,낮음
2026-07-21,MA200,200일 이동평균 이격,확인 부족,-1,이력 부족: 0/200관측,현재 상태를 판단할 자료가 부족합니다.,확인 부족
2026-07-21,EW,동일가중 상대성과,정상,0,RSP가 SPY 대비 20일 +1.0%p · 5일 상대성과 +0.15%p,지표 고유의 상태와 다른 시장 영역의 동반 신호를 구분해 확인합니다.,낮음
2026-07-21,CAPE,CAPE,확인 부족,-1,이력 부족: 0/120관측,현재 상태를 판단할 자료가 부족합니다.,확인 부족
2026-07-21,ADV,상승 종목 비율,확인 부족,-1,이력 부족: 0/21관측,현재 상태를 판단할 자료가 부족합니다.,확인 부족
2026-07-21,ABOVE200,200DMA 위 종목 비율,확인 부족,-1,이력 부족: 0/21관측,현재 상태를 판단할 자료가 부족합니다.,확인 부족
2026-07-21,HILO,52주 신고가-신저가 비율,확인 부족,-1,이력 부족: 0/21관측,현재 상태를 판단할 자료가 부족합니다.,확인 부족
2026-07-21,EFFR,미국 기준금리,정상,0,20관측 +0bp · 유지 · EFFR 변화는 목표범위 결정 자체와 구분,금리 하락 또는 상대관계 변화을 관찰합니다. 물가·고용·신용의 동반 움직임으로 의미를 구분합니다.,낮음
2026-07-21,US3M,미국 3개월물 국채수익률,확인 부족,-1,이력 부족: 0/25관측,현재 상태를 판단할 자료가 부족합니다.,확인 부족
2026-07-21,US2Y,미국 2년물 국채수익률,확인 부족,-1,이력 부족: 0/25관측,현재 상태를 판단할 자료가 부족합니다.,확인 부족
2026-07-21,US10Y,미국 10년물 국채수익률,확인 부족,-1,이력 부족: 0/25관측,현재 상태를 판단할 자료가 부족합니다.,확인 부족
2026-07-21,US30Y,미국 30년물 국채수익률,확인 부족,-1,이력 부족: 0/25관측,현재 상태를 판단할 자료가 부족합니다.,확인 부족
2026-07-21,REAL10,미국 10년물 실질금리,확인 부족,-1,이력 부족: 0/25관측,현재 상태를 판단할 자료가 부족합니다.,확인 부족
2026-07-21,TERM,미국 10년물 기간프리미엄,주의,2,과거 504관측 대비 98.6백분위 · 20일 +5bp,금리 상승에 따른 부담을 관찰합니다. 물가·고용·신용의 동반 움직임으로 의미를 구분합니다.,낮음
2026-07-21,CURVE2,미국 10년물-2년물 금리차,확인 부족,-1,이력 부족: 0/22관측,현재 상태를 판단할 자료가 부족합니다.,확인 부족
2026-07-21,CURVE3,미국 10년물-3개월물 금리차,확인 부족,-1,이력 부족: 0/22관측,현재 상태를 판단할 자료가 부족합니다.,확인 부족
2026-07-21,CURVEFED,미국 10년물-기준금리 차,확인 부족,-1,이력 부족: 0/22관측,현재 상태를 판단할 자료가 부족합니다.,확인 부족
2026-07-21,VIX,VIX,정상,0,VIX 17.1 · 5일 +3.3% · 20일 -12.5% · 5일 +0.6포인트,지표 고유의 상태와 다른 시장 영역의 동반 신호를 구분해 확인합니다.,낮음
2026-07-21,VIXPOS,VIX 1년 위치,참고,0,과거 252관측 대비 48.4백분위,최근 분포에서의 위치입니다. 별도 위험 신호로 중복 집계하지 않습니다.,낮음
2026-07-21,HY,하이일드 OAS,안정,0,HY 2.69%p · 5일 -3bp · 20일 -2bp,지표 고유의 상태와 다른 시장 영역의 동반 신호를 구분해 확인합니다.,낮음
2026-07-21,BBB,BBB OAS,안정,0,BBB 0.97%p · 5일 +0bp · 20일 +4bp,지표 고유의 상태와 다른 시장 영역의 동반 신호를 구분해 확인합니다.,낮음
2026-07-21,HYPOS,HY 1년 위치,참고,0,과거 252관측 대비 5.2백분위,최근 분포에서의 위치입니다. 별도 위험 신호로 중복 집계하지 않습니다.,낮음
2026-07-21,UNEMP,미국 실업률,확인 부족,-1,월간 관측 누락: 달력 기간 계산 보류,현재 상태를 판단할 자료가 부족합니다.,확인 부족
2026-07-21,SAHM,Sahm Rule,확인 부족,-1,월간 관측 누락: 달력 기간 계산 보류,현재 상태를 판단할 자료가 부족합니다.,확인 부족
2026-07-21,CLAIMS,신규실업수당 4주평균,확인 부족,-1,이력 부족: 0/55관측,현재 상태를 판단할 자료가 부족합니다.,확인 부족
2026-07-21,CPI,CPI,확인 부족,-1,이력 부족: 0/16관측,현재 상태를 판단할 자료가 부족합니다.,확인 부족
2026-07-21,CORECPI,근원 CPI,확인 부족,-1,이력 부족: 0/16관측,현재 상태를 판단할 자료가 부족합니다.,확인 부족
2026-07-21,COREPCE,근원 PCE,확인 부족,-1,이력 부족: 0/16관측,현재 상태를 판단할 자료가 부족합니다.,확인 부족
2026-07-21,DXY,달러지수,확인 부족,-1,이력 부족: 0/147관측,현재 상태를 판단할 자료가 부족합니다.,확인 부족
2026-07-21,USDKRW,달러/원,확인 부족,-1,이력 부족: 0/147관측,현재 상태를 판단할 자료가 부족합니다.,확인 부족
2026-07-21,USDJPY,달러/엔,확인 부족,-1,이력 부족: 0/147관측,현재 상태를 판단할 자료가 부족합니다.,확인 부족
2026-07-21,WTI,WTI,확인 부족,-1,이력 부족: 0/147관측,현재 상태를 판단할 자료가 부족합니다.,확인 부족
2026-07-21,GOLD,금,정상,0,5일 +0.25% · 20일 -2.65% · 변동성 기준 6.7/33.9백분위,가격 움직임은 확인되지만 원인을 구분할 교차 근거가 충분하지 않습니다.,낮음
2026-07-21,SILVER,은,정상,0,5일 +0.11% · 20일 -10.21% · 변동성 기준 1.6/68.8백분위,가격 움직임은 확인되지만 원인을 구분할 교차 근거가 충분하지 않습니다.,낮음
2026-07-21,COPPER,구리,정상,0,5일 +2.86% · 20일 +2.43% · 변동성 기준 60.3/24.6백분위,가격 움직임은 확인되지만 원인을 구분할 교차 근거가 충분하지 않습니다.,낮음
2026-07-22,SP500,S&P500,확인 부족,-1,이력 부족: 0/252관측,현재 상태를 판단할 자료가 부족합니다.,확인 부족
2026-07-22,NASDAQ,Nasdaq,확인 부족,-1,이력 부족: 0/252관측,현재 상태를 판단할 자료가 부족합니다.,확인 부족
2026-07-22,RUSSELL,Russell 2000,정상,0,5일 -0.5% · 20일 -0.5% · 고점 대비 -2.1%,지표 고유의 상태와 다른 시장 영역의 동반 신호를 구분해 확인합니다.,낮음
2026-07-22,MA200,200일 이동평균 이격,확인 부족,-1,이력 부족: 0/200관측,현재 상태를 판단할 자료가 부족합니다.,확인 부족
2026-07-22,EW,동일가중 상대성과,정상,0,RSP가 SPY 대비 20일 -0.1%p · 5일 상대성과 +0.85%p,지표 고유의 상태와 다른 시장 영역의 동반 신호를 구분해 확인합니다.,낮음
2026-07-22,CAPE,CAPE,확인 부족,-1,이력 부족: 0/120관측,현재 상태를 판단할 자료가 부족합니다.,확인 부족
2026-07-22,ADV,상승 종목 비율,확인 부족,-1,이력 부족: 0/21관측,현재 상태를 판단할 자료가 부족합니다.,확인 부족
2026-07-22,ABOVE200,200DMA 위 종목 비율,확인 부족,-1,이력 부족: 0/21관측,현재 상태를 판단할 자료가 부족합니다.,확인 부족
2026-07-22,HILO,52주 신고가-신저가 비율,확인 부족,-1,이력 부족: 0/21관측,현재 상태를 판단할 자료가 부족합니다.,확인 부족
2026-07-22,EFFR,미국 기준금리,정상,0,20관측 +0bp · 유지 · EFFR 변화는 목표범위 결정 자체와 구분,금리 하락 또는 상대관계 변화을 관찰합니다. 물가·고용·신용의 동반 움직임으로 의미를 구분합니다.,낮음
2026-07-22,US3M,미국 3개월물 국채수익률,확인 부족,-1,이력 부족: 0/25관측,현재 상태를 판단할 자료가 부족합니다.,확인 부족
2026-07-22,US2Y,미국 2년물 국채수익률,확인 부족,-1,이력 부족: 0/25관측,현재 상태를 판단할 자료가 부족합니다.,확인 부족
2026-07-22,US10Y,미국 10년물 국채수익률,확인 부족,-1,이력 부족: 0/25관측,현재 상태를 판단할 자료가 부족합니다.,확인 부족
2026-07-22,US30Y,미국 30년물 국채수익률,확인 부족,-1,이력 부족: 0/25관측,현재 상태를 판단할 자료가 부족합니다.,확인 부족
2026-07-22,REAL10,미국 10년물 실질금리,확인 부족,-1,이력 부족: 0/25관측,현재 상태를 판단할 자료가 부족합니다.,확인 부족
2026-07-22,TERM,미국 10년물 기간프리미엄,주의,2,과거 504관측 대비 99.8백분위 · 20일 +7bp,금리 상승에 따른 부담을 관찰합니다. 물가·고용·신용의 동반 움직임으로 의미를 구분합니다.,낮음
2026-07-22,CURVE2,미국 10년물-2년물 금리차,확인 부족,-1,이력 부족: 0/22관측,현재 상태를 판단할 자료가 부족합니다.,확인 부족
2026-07-22,CURVE3,미국 10년물-3개월물 금리차,확인 부족,-1,이력 부족: 0/22관측,현재 상태를 판단할 자료가 부족합니다.,확인 부족
2026-07-22,CURVEFED,미국 10년물-기준금리 차,확인 부족,-1,이력 부족: 0/22관측,현재 상태를 판단할 자료가 부족합니다.,확인 부족
2026-07-22,VIX,VIX,정상,0,VIX 16.6 · 5일 +6.2% · 20일 -10.7% · 5일 +1.0포인트,지표 고유의 상태와 다른 시장 영역의 동반 신호를 구분해 확인합니다.,낮음
2026-07-22,VIXPOS,VIX 1년 위치,참고,0,과거 252관측 대비 39.9백분위,최근 분포에서의 위치입니다. 별도 위험 신호로 중복 집계하지 않습니다.,낮음
2026-07-22,HY,하이일드 OAS,안정,0,HY 2.68%p · 5일 -3bp · 20일 -8bp,지표 고유의 상태와 다른 시장 영역의 동반 신호를 구분해 확인합니다.,낮음
2026-07-22,BBB,BBB OAS,안정,0,BBB 0.96%p · 5일 -1bp · 20일 +2bp,지표 고유의 상태와 다른 시장 영역의 동반 신호를 구분해 확인합니다.,낮음
2026-07-22,HYPOS,HY 1년 위치,참고,0,과거 252관측 대비 3.8백분위,최근 분포에서의 위치입니다. 별도 위험 신호로 중복 집계하지 않습니다.,낮음
2026-07-22,UNEMP,미국 실업률,확인 부족,-1,월간 관측 누락: 달력 기간 계산 보류,현재 상태를 판단할 자료가 부족합니다.,확인 부족
2026-07-22,SAHM,Sahm Rule,확인 부족,-1,월간 관측 누락: 달력 기간 계산 보류,현재 상태를 판단할 자료가 부족합니다.,확인 부족
2026-07-22,CLAIMS,신규실업수당 4주평균,확인 부족,-1,이력 부족: 0/55관측,현재 상태를 판단할 자료가 부족합니다.,확인 부족
2026-07-22,CPI,CPI,확인 부족,-1,이력 부족: 0/16관측,현재 상태를 판단할 자료가 부족합니다.,확인 부족
2026-07-22,CORECPI,근원 CPI,확인 부족,-1,이력 부족: 0/16관측,현재 상태를 판단할 자료가 부족합니다.,확인 부족
2026-07-22,COREPCE,근원 PCE,확인 부족,-1,이력 부족: 0/16관측,현재 상태를 판단할 자료가 부족합니다.,확인 부족
2026-07-22,DXY,달러지수,확인 부족,-1,이력 부족: 0/147관측,현재 상태를 판단할 자료가 부족합니다.,확인 부족
2026-07-22,USDKRW,달러/원,확인 부족,-1,이력 부족: 0/147관측,현재 상태를 판단할 자료가 부족합니다.,확인 부족
2026-07-22,USDJPY,달러/엔,확인 부족,-1,이력 부족: 0/147관측,현재 상태를 판단할 자료가 부족합니다.,확인 부족
2026-07-22,WTI,WTI,확인 부족,-1,이력 부족: 0/147관측,현재 상태를 판단할 자료가 부족합니다.,확인 부족
2026-07-22,GOLD,금,정상,0,5일 +2.54% · 20일 +0.41% · 변동성 기준 61.9/4.6백분위,가격 움직임은 확인되지만 원인을 구분할 교차 근거가 충분하지 않습니다.,낮음
2026-07-22,SILVER,은,정상,0,5일 +5.09% · 20일 -3.23% · 변동성 기준 68.7/28.2백분위,가격 움직임은 확인되지만 원인을 구분할 교차 근거가 충분하지 않습니다.,낮음
2026-07-22,COPPER,구리,정상,0,5일 +2.50% · 20일 +5.05% · 변동성 기준 53.2/47.2백분위,가격 움직임은 확인되지만 원인을 구분할 교차 근거가 충분하지 않습니다.,낮음
2026-07-23,SP500,S&P500,확인 부족,-1,이력 부족: 0/252관측,현재 상태를 판단할 자료가 부족합니다.,확인 부족
2026-07-23,NASDAQ,Nasdaq,확인 부족,-1,이력 부족: 0/252관측,현재 상태를 판단할 자료가 부족합니다.,확인 부족
2026-07-23,RUSSELL,Russell 2000,정상,0,5일 -1.2% · 20일 -1.6% · 고점 대비 -2.8%,지표 고유의 상태와 다른 시장 영역의 동반 신호를 구분해 확인합니다.,낮음
2026-07-23,MA200,200일 이동평균 이격,확인 부족,-1,이력 부족: 0/200관측,현재 상태를 판단할 자료가 부족합니다.,확인 부족
2026-07-23,EW,동일가중 상대성과,정상,0,RSP가 SPY 대비 20일 +0.1%p · 5일 상대성과 +0.21%p,지표 고유의 상태와 다른 시장 영역의 동반 신호를 구분해 확인합니다.,낮음
2026-07-23,CAPE,CAPE,확인 부족,-1,이력 부족: 0/120관측,현재 상태를 판단할 자료가 부족합니다.,확인 부족
2026-07-23,ADV,상승 종목 비율,확인 부족,-1,이력 부족: 0/21관측,현재 상태를 판단할 자료가 부족합니다.,확인 부족
2026-07-23,ABOVE200,200DMA 위 종목 비율,확인 부족,-1,이력 부족: 0/21관측,현재 상태를 판단할 자료가 부족합니다.,확인 부족
2026-07-23,HILO,52주 신고가-신저가 비율,확인 부족,-1,이력 부족: 0/21관측,현재 상태를 판단할 자료가 부족합니다.,확인 부족
2026-07-23,EFFR,미국 기준금리,정상,0,20관측 +0bp · 유지 · EFFR 변화는 목표범위 결정 자체와 구분,금리 하락 또는 상대관계 변화을 관찰합니다. 물가·고용·신용의 동반 움직임으로 의미를 구분합니다.,낮음
2026-07-23,US3M,미국 3개월물 국채수익률,확인 부족,-1,이력 부족: 0/25관측,현재 상태를 판단할 자료가 부족합니다.,확인 부족
2026-07-23,US2Y,미국 2년물 국채수익률,확인 부족,-1,이력 부족: 0/25관측,현재 상태를 판단할 자료가 부족합니다.,확인 부족
2026-07-23,US10Y,미국 10년물 국채수익률,확인 부족,-1,이력 부족: 0/25관측,현재 상태를 판단할 자료가 부족합니다.,확인 부족
2026-07-23,US30Y,미국 30년물 국채수익률,확인 부족,-1,이력 부족: 0/25관측,현재 상태를 판단할 자료가 부족합니다.,확인 부족
2026-07-23,REAL10,미국 10년물 실질금리,확인 부족,-1,이력 부족: 0/25관측,현재 상태를 판단할 자료가 부족합니다.,확인 부족
2026-07-23,TERM,미국 10년물 기간프리미엄,주의,2,과거 504관측 대비 99.8백분위 · 20일 +13bp,금리 상승에 따른 부담을 관찰합니다. 물가·고용·신용의 동반 움직임으로 의미를 구분합니다.,낮음
2026-07-23,CURVE2,미국 10년물-2년물 금리차,확인 부족,-1,이력 부족: 0/22관측,현재 상태를 판단할 자료가 부족합니다.,확인 부족
2026-07-23,CURVE3,미국 10년물-3개월물 금리차,확인 부족,-1,이력 부족: 0/22관측,현재 상태를 판단할 자료가 부족합니다.,확인 부족
2026-07-23,CURVEFED,미국 10년물-기준금리 차,확인 부족,-1,이력 부족: 0/22관측,현재 상태를 판단할 자료가 부족합니다.,확인 부족
2026-07-23,VIX,VIX,정상,0,VIX 18.7 · 5일 +11.8% · 20일 -1.0% · 5일 +2.0포인트,지표 고유의 상태와 다른 시장 영역의 동반 신호를 구분해 확인합니다.,낮음
2026-07-23,VIXPOS,VIX 1년 위치,참고,0,과거 252관측 대비 70.2백분위,최근 분포에서의 위치입니다. 별도 위험 신호로 중복 집계하지 않습니다.,낮음
2026-07-23,HY,하이일드 OAS,안정,0,HY 2.77%p · 5일 +6bp · 20일 -1bp,지표 고유의 상태와 다른 시장 영역의 동반 신호를 구분해 확인합니다.,낮음
2026-07-23,BBB,BBB OAS,안정,0,BBB 0.98%p · 5일 +2bp · 20일 +3bp,지표 고유의 상태와 다른 시장 영역의 동반 신호를 구분해 확인합니다.,낮음
2026-07-23,HYPOS,HY 1년 위치,참고,0,과거 252관측 대비 27.6백분위,최근 분포에서의 위치입니다. 별도 위험 신호로 중복 집계하지 않습니다.,낮음
2026-07-23,UNEMP,미국 실업률,확인 부족,-1,월간 관측 누락: 달력 기간 계산 보류,현재 상태를 판단할 자료가 부족합니다.,확인 부족
2026-07-23,SAHM,Sahm Rule,확인 부족,-1,월간 관측 누락: 달력 기간 계산 보류,현재 상태를 판단할 자료가 부족합니다.,확인 부족
2026-07-23,CLAIMS,신규실업수당 4주평균,확인 부족,-1,이력 부족: 0/55관측,현재 상태를 판단할 자료가 부족합니다.,확인 부족
2026-07-23,CPI,CPI,확인 부족,-1,이력 부족: 0/16관측,현재 상태를 판단할 자료가 부족합니다.,확인 부족
2026-07-23,CORECPI,근원 CPI,확인 부족,-1,이력 부족: 0/16관측,현재 상태를 판단할 자료가 부족합니다.,확인 부족
2026-07-23,COREPCE,근원 PCE,확인 부족,-1,이력 부족: 0/16관측,현재 상태를 판단할 자료가 부족합니다.,확인 부족
2026-07-23,DXY,달러지수,확인 부족,-1,이력 부족: 0/147관측,현재 상태를 판단할 자료가 부족합니다.,확인 부족
2026-07-23,USDKRW,달러/원,확인 부족,-1,이력 부족: 0/147관측,현재 상태를 판단할 자료가 부족합니다.,확인 부족
2026-07-23,USDJPY,달러/엔,확인 부족,-1,이력 부족: 0/147관측,현재 상태를 판단할 자료가 부족합니다.,확인 부족
2026-07-23,WTI,WTI,확인 부족,-1,이력 부족: 0/147관측,현재 상태를 판단할 자료가 부족합니다.,확인 부족
2026-07-23,GOLD,금,정상,0,5일 +1.53% · 20일 +1.41% · 변동성 기준 39.7/18.5백분위,가격 움직임은 확인되지만 원인을 구분할 교차 근거가 충분하지 않습니다.,낮음
2026-07-23,SILVER,은,정상,0,5일 +3.40% · 20일 -0.44% · 변동성 기준 50.0/3.8백분위,가격 움직임은 확인되지만 원인을 구분할 교차 근거가 충분하지 않습니다.,낮음
2026-07-23,COPPER,구리,정상,0,5일 +0.14% · 20일 +6.09% · 변동성 기준 2.0/57.9백분위,가격 움직임은 확인되지만 원인을 구분할 교차 근거가 충분하지 않습니다.,낮음
2026-07-24,SP500,S&P500,확인 부족,-1,이력 부족: 0/252관측,현재 상태를 판단할 자료가 부족합니다.,확인 부족
2026-07-24,NASDAQ,Nasdaq,확인 부족,-1,이력 부족: 0/252관측,현재 상태를 판단할 자료가 부족합니다.,확인 부족
2026-07-24,RUSSELL,Russell 2000,정상,0,5일 -1.1% · 20일 -2.6% · 고점 대비 -3.1%,지표 고유의 상태와 다른 시장 영역의 동반 신호를 구분해 확인합니다.,낮음
2026-07-24,MA200,200일 이동평균 이격,확인 부족,-1,이력 부족: 0/200관측,현재 상태를 판단할 자료가 부족합니다.,확인 부족
2026-07-24,EW,동일가중 상대성과,정상,0,RSP가 SPY 대비 20일 +0.2%p · 5일 상대성과 +0.68%p,지표 고유의 상태와 다른 시장 영역의 동반 신호를 구분해 확인합니다.,낮음
2026-07-24,CAPE,CAPE,확인 부족,-1,이력 부족: 0/120관측,현재 상태를 판단할 자료가 부족합니다.,확인 부족
2026-07-24,ADV,상승 종목 비율,확인 부족,-1,이력 부족: 0/21관측,현재 상태를 판단할 자료가 부족합니다.,확인 부족
2026-07-24,ABOVE200,200DMA 위 종목 비율,확인 부족,-1,이력 부족: 0/21관측,현재 상태를 판단할 자료가 부족합니다.,확인 부족
2026-07-24,HILO,52주 신고가-신저가 비율,확인 부족,-1,이력 부족: 0/21관측,현재 상태를 판단할 자료가 부족합니다.,확인 부족
2026-07-24,EFFR,미국 기준금리,정상,0,20관측 +0bp · 유지 · EFFR 변화는 목표범위 결정 자체와 구분,금리 하락 또는 상대관계 변화을 관찰합니다. 물가·고용·신용의 동반 움직임으로 의미를 구분합니다.,낮음
2026-07-24,US3M,미국 3개월물 국채수익률,확인 부족,-1,이력 부족: 0/25관측,현재 상태를 판단할 자료가 부족합니다.,확인 부족
2026-07-24,US2Y,미국 2년물 국채수익률,확인 부족,-1,이력 부족: 0/25관측,현재 상태를 판단할 자료가 부족합니다.,확인 부족
2026-07-24,US10Y,미국 10년물 국채수익률,확인 부족,-1,이력 부족: 0/25관측,현재 상태를 판단할 자료가 부족합니다.,확인 부족
2026-07-24,US30Y,미국 30년물 국채수익률,확인 부족,-1,이력 부족: 0/25관측,현재 상태를 판단할 자료가 부족합니다.,확인 부족
2026-07-24,REAL10,미국 10년물 실질금리,확인 부족,-1,이력 부족: 0/25관측,현재 상태를 판단할 자료가 부족합니다.,확인 부족
2026-07-24,TERM,미국 10년물 기간프리미엄,주의,2,과거 504관측 대비 99.6백분위 · 20일 +14bp,금리 상승에 따른 부담을 관찰합니다. 물가·고용·신용의 동반 움직임으로 의미를 구분합니다.,낮음
2026-07-24,CURVE2,미국 10년물-2년물 금리차,확인 부족,-1,이력 부족: 0/22관측,현재 상태를 판단할 자료가 부족합니다.,확인 부족
2026-07-24,CURVE3,미국 10년물-3개월물 금리차,확인 부족,-1,이력 부족: 0/22관측,현재 상태를 판단할 자료가 부족합니다.,확인 부족
2026-07-24,CURVEFED,미국 10년물-기준금리 차,확인 부족,-1,이력 부족: 0/22관측,현재 상태를 판단할 자료가 부족합니다.,확인 부족
2026-07-24,VIX,VIX,정상,0,VIX 18.6 · 5일 -1.0% · 20일 +0.9% · 5일 -0.2포인트,지표 고유의 상태와 다른 시장 영역의 동반 신호를 구분해 확인합니다.,낮음
2026-07-24,VIXPOS,VIX 1년 위치,참고,0,과거 252관측 대비 67.9백분위,최근 분포에서의 위치입니다. 별도 위험 신호로 중복 집계하지 않습니다.,낮음
2026-07-24,HY,하이일드 OAS,안정,0,HY 2.79%p · 5일 +6bp · 20일 -4bp,지표 고유의 상태와 다른 시장 영역의 동반 신호를 구분해 확인합니다.,낮음
2026-07-24,BBB,BBB OAS,안정,0,BBB 0.99%p · 5일 +2bp · 20일 +3bp,지표 고유의 상태와 다른 시장 영역의 동반 신호를 구분해 확인합니다.,낮음
2026-07-24,HYPOS,HY 1년 위치,참고,0,과거 252관측 대비 33.1백분위,최근 분포에서의 위치입니다. 별도 위험 신호로 중복 집계하지 않습니다.,낮음
2026-07-24,UNEMP,미국 실업률,확인 부족,-1,월간 관측 누락: 달력 기간 계산 보류,현재 상태를 판단할 자료가 부족합니다.,확인 부족
2026-07-24,SAHM,Sahm Rule,확인 부족,-1,월간 관측 누락: 달력 기간 계산 보류,현재 상태를 판단할 자료가 부족합니다.,확인 부족
2026-07-24,CLAIMS,신규실업수당 4주평균,확인 부족,-1,이력 부족: 0/55관측,현재 상태를 판단할 자료가 부족합니다.,확인 부족
2026-07-24,CPI,CPI,확인 부족,-1,이력 부족: 0/16관측,현재 상태를 판단할 자료가 부족합니다.,확인 부족
2026-07-24,CORECPI,근원 CPI,확인 부족,-1,이력 부족: 0/16관측,현재 상태를 판단할 자료가 부족합니다.,확인 부족
2026-07-24,COREPCE,근원 PCE,확인 부족,-1,이력 부족: 0/16관측,현재 상태를 판단할 자료가 부족합니다.,확인 부족
2026-07-24,DXY,달러지수,확인 부족,-1,이력 부족: 0/147관측,현재 상태를 판단할 자료가 부족합니다.,확인 부족
2026-07-24,USDKRW,달러/원,확인 부족,-1,이력 부족: 0/147관측,현재 상태를 판단할 자료가 부족합니다.,확인 부족
2026-07-24,USDJPY,달러/엔,확인 부족,-1,이력 부족: 0/147관측,현재 상태를 판단할 자료가 부족합니다.,확인 부족
2026-07-24,WTI,WTI,확인 부족,-1,이력 부족: 0/147관측,현재 상태를 판단할 자료가 부족합니다.,확인 부족
2026-07-24,GOLD,금,정상,0,5일 +1.37% · 20일 +0.92% · 변동성 기준 36.5/12.9백분위,가격 움직임은 확인되지만 원인을 구분할 교차 근거가 충분하지 않습니다.,낮음
2026-07-24,SILVER,은,정상,0,5일 +4.67% · 20일 +0.53% · 변동성 기준 64.5/5.4백분위,가격 움직임은 확인되지만 원인을 구분할 교차 근거가 충분하지 않습니다.,낮음
2026-07-24,COPPER,구리,정상,0,5일 +1.61% · 20일 +4.11% · 변동성 기준 35.5/41.3백분위,가격 움직임은 확인되지만 원인을 구분할 교차 근거가 충분하지 않습니다.,낮음
2026-07-27,SP500,S&P500,확인 부족,-1,이력 부족: 0/252관측,현재 상태를 판단할 자료가 부족합니다.,확인 부족
2026-07-27,NASDAQ,Nasdaq,확인 부족,-1,이력 부족: 0/252관측,현재 상태를 판단할 자료가 부족합니다.,확인 부족
2026-07-27,RUSSELL,Russell 2000,정상,0,5일 +0.2% · 20일 -2.1% · 고점 대비 -2.5%,지표 고유의 상태와 다른 시장 영역의 동반 신호를 구분해 확인합니다.,낮음
2026-07-27,MA200,200일 이동평균 이격,확인 부족,-1,이력 부족: 0/200관측,현재 상태를 판단할 자료가 부족합니다.,확인 부족
2026-07-27,EW,동일가중 상대성과,정상,0,RSP가 SPY 대비 20일 +0.9%p · 5일 상대성과 +1.70%p,지표 고유의 상태와 다른 시장 영역의 동반 신호를 구분해 확인합니다.,낮음
2026-07-27,CAPE,CAPE,확인 부족,-1,이력 부족: 0/120관측,현재 상태를 판단할 자료가 부족합니다.,확인 부족
2026-07-27,ADV,상승 종목 비율,확인 부족,-1,이력 부족: 0/21관측,현재 상태를 판단할 자료가 부족합니다.,확인 부족
2026-07-27,ABOVE200,200DMA 위 종목 비율,확인 부족,-1,이력 부족: 0/21관측,현재 상태를 판단할 자료가 부족합니다.,확인 부족
2026-07-27,HILO,52주 신고가-신저가 비율,확인 부족,-1,이력 부족: 0/21관측,현재 상태를 판단할 자료가 부족합니다.,확인 부족
2026-07-27,EFFR,미국 기준금리,정상,0,20관측 +0bp · 유지 · EFFR 변화는 목표범위 결정 자체와 구분,금리 하락 또는 상대관계 변화을 관찰합니다. 물가·고용·신용의 동반 움직임으로 의미를 구분합니다.,낮음
2026-07-27,US3M,미국 3개월물 국채수익률,확인 부족,-1,이력 부족: 0/25관측,현재 상태를 판단할 자료가 부족합니다.,확인 부족
2026-07-27,US2Y,미국 2년물 국채수익률,확인 부족,-1,이력 부족: 0/25관측,현재 상태를 판단할 자료가 부족합니다.,확인 부족
2026-07-27,US10Y,미국 10년물 국채수익률,확인 부족,-1,이력 부족: 0/25관측,현재 상태를 판단할 자료가 부족합니다.,확인 부족
2026-07-27,US30Y,미국 30년물 국채수익률,확인 부족,-1,이력 부족: 0/25관측,현재 상태를 판단할 자료가 부족합니다.,확인 부족
2026-07-27,REAL10,미국 10년물 실질금리,확인 부족,-1,이력 부족: 0/25관측,현재 상태를 판단할 자료가 부족합니다.,확인 부족
2026-07-27,TERM,미국 10년물 기간프리미엄,주의,2,과거 504관측 대비 98.4백분위 · 20일 +14bp,금리 상승에 따른 부담을 관찰합니다. 물가·고용·신용의 동반 움직임으로 의미를 구분합니다.,낮음
2026-07-27,CURVE2,미국 10년물-2년물 금리차,확인 부족,-1,이력 부족: 0/22관측,현재 상태를 판단할 자료가 부족합니다.,확인 부족
2026-07-27,CURVE3,미국 10년물-3개월물 금리차,확인 부족,-1,이력 부족: 0/22관측,현재 상태를 판단할 자료가 부족합니다.,확인 부족
2026-07-27,CURVEFED,미국 10년물-기준금리 차,확인 부족,-1,이력 부족: 0/22관측,현재 상태를 판단할 자료가 부족합니다.,확인 부족
2026-07-27,VIX,VIX,정상,0,VIX 18.7 · 5일 +0.1% · 20일 +5.8% · 5일 +0.0포인트,지표 고유의 상태와 다른 시장 영역의 동반 신호를 구분해 확인합니다.,낮음
2026-07-27,VIXPOS,VIX 1년 위치,참고,0,과거 252관측 대비 70.2백분위,최근 분포에서의 위치입니다. 별도 위험 신호로 중복 집계하지 않습니다.,낮음
2026-07-27,HY,하이일드 OAS,안정,0,HY 2.81%p · 5일 +12bp · 20일 +1bp,지표 고유의 상태와 다른 시장 영역의 동반 신호를 구분해 확인합니다.,낮음
2026-07-27,BBB,BBB OAS,안정,0,BBB 1.00%p · 5일 +3bp · 20일 +5bp,지표 고유의 상태와 다른 시장 영역의 동반 신호를 구분해 확인합니다.,낮음
2026-07-27,HYPOS,HY 1년 위치,참고,0,과거 252관측 대비 39.7백분위,최근 분포에서의 위치입니다. 별도 위험 신호로 중복 집계하지 않습니다.,낮음
2026-07-27,UNEMP,미국 실업률,확인 부족,-1,월간 관측 누락: 달력 기간 계산 보류,현재 상태를 판단할 자료가 부족합니다.,확인 부족
2026-07-27,SAHM,Sahm Rule,확인 부족,-1,월간 관측 누락: 달력 기간 계산 보류,현재 상태를 판단할 자료가 부족합니다.,확인 부족
2026-07-27,CLAIMS,신규실업수당 4주평균,확인 부족,-1,이력 부족: 0/55관측,현재 상태를 판단할 자료가 부족합니다.,확인 부족
2026-07-27,CPI,CPI,확인 부족,-1,이력 부족: 0/16관측,현재 상태를 판단할 자료가 부족합니다.,확인 부족
2026-07-27,CORECPI,근원 CPI,확인 부족,-1,이력 부족: 0/16관측,현재 상태를 판단할 자료가 부족합니다.,확인 부족
2026-07-27,COREPCE,근원 PCE,확인 부족,-1,이력 부족: 0/16관측,현재 상태를 판단할 자료가 부족합니다.,확인 부족
2026-07-27,DXY,달러지수,확인 부족,-1,이력 부족: 0/147관측,현재 상태를 판단할 자료가 부족합니다.,확인 부족
2026-07-27,USDKRW,달러/원,확인 부족,-1,이력 부족: 0/147관측,현재 상태를 판단할 자료가 부족합니다.,확인 부족
2026-07-27,USDJPY,달러/엔,확인 부족,-1,이력 부족: 0/147관측,현재 상태를 판단할 자료가 부족합니다.,확인 부족
2026-07-27,WTI,WTI,확인 부족,-1,이력 부족: 0/147관측,현재 상태를 판단할 자료가 부족합니다.,확인 부족
2026-07-27,GOLD,금,정상,0,5일 +1.60% · 20일 -0.10% · 변동성 기준 41.9/1.8백분위,가격 움직임은 확인되지만 원인을 구분할 교차 근거가 충분하지 않습니다.,낮음
2026-07-27,SILVER,은,정상,0,5일 +2.94% · 20일 -1.26% · 변동성 기준 44.2/12.3백분위,가격 움직임은 확인되지만 원인을 구분할 교차 근거가 충분하지 않습니다.,낮음
2026-07-27,COPPER,구리,정상,0,5일 +0.64% · 20일 +3.22% · 변동성 기준 14.3/32.7백분위,가격 움직임은 확인되지만 원인을 구분할 교차 근거가 충분하지 않습니다.,낮음
2026-07-28,SP500,S&P500,확인 부족,-1,이력 부족: 0/252관측,현재 상태를 판단할 자료가 부족합니다.,확인 부족
2026-07-28,NASDAQ,Nasdaq,확인 부족,-1,이력 부족: 0/252관측,현재 상태를 판단할 자료가 부족합니다.,확인 부족
2026-07-28,RUSSELL,Russell 2000,정상,0,5일 -1.1% · 20일 -1.9% · 고점 대비 -2.3%,지표 고유의 상태와 다른 시장 영역의 동반 신호를 구분해 확인합니다.,낮음
2026-07-28,MA200,200일 이동평균 이격,확인 부족,-1,이력 부족: 0/200관측,현재 상태를 판단할 자료가 부족합니다.,확인 부족
2026-07-28,EW,동일가중 상대성과,정상,0,RSP가 SPY 대비 20일 +2.2%p · 5일 상대성과 +3.31%p,지표 고유의 상태와 다른 시장 영역의 동반 신호를 구분해 확인합니다.,낮음
2026-07-28,CAPE,CAPE,확인 부족,-1,이력 부족: 0/120관측,현재 상태를 판단할 자료가 부족합니다.,확인 부족
2026-07-28,ADV,상승 종목 비율,확인 부족,-1,이력 부족: 0/21관측,현재 상태를 판단할 자료가 부족합니다.,확인 부족
2026-07-28,ABOVE200,200DMA 위 종목 비율,확인 부족,-1,이력 부족: 0/21관측,현재 상태를 판단할 자료가 부족합니다.,확인 부족
2026-07-28,HILO,52주 신고가-신저가 비율,확인 부족,-1,이력 부족: 0/21관측,현재 상태를 판단할 자료가 부족합니다.,확인 부족
2026-07-28,EFFR,미국 기준금리,정상,0,20관측 +0bp · 유지 · EFFR 변화는 목표범위 결정 자체와 구분,금리 하락 또는 상대관계 변화을 관찰합니다. 물가·고용·신용의 동반 움직임으로 의미를 구분합니다.,낮음
2026-07-28,US3M,미국 3개월물 국채수익률,확인 부족,-1,이력 부족: 0/25관측,현재 상태를 판단할 자료가 부족합니다.,확인 부족
2026-07-28,US2Y,미국 2년물 국채수익률,확인 부족,-1,이력 부족: 0/25관측,현재 상태를 판단할 자료가 부족합니다.,확인 부족
2026-07-28,US10Y,미국 10년물 국채수익률,확인 부족,-1,이력 부족: 0/25관측,현재 상태를 판단할 자료가 부족합니다.,확인 부족
2026-07-28,US30Y,미국 30년물 국채수익률,확인 부족,-1,이력 부족: 0/25관측,현재 상태를 판단할 자료가 부족합니다.,확인 부족
2026-07-28,REAL10,미국 10년물 실질금리,확인 부족,-1,이력 부족: 0/25관측,현재 상태를 판단할 자료가 부족합니다.,확인 부족
2026-07-28,TERM,미국 10년물 기간프리미엄,관찰,1,과거 504관측 대비 96.6백분위 · 20일 +12bp,금리 상승에 따른 부담을 관찰합니다. 물가·고용·신용의 동반 움직임으로 의미를 구분합니다.,낮음
2026-07-28,CURVE2,미국 10년물-2년물 금리차,확인 부족,-1,이력 부족: 0/22관측,현재 상태를 판단할 자료가 부족합니다.,확인 부족
2026-07-28,CURVE3,미국 10년물-3개월물 금리차,확인 부족,-1,이력 부족: 0/22관측,현재 상태를 판단할 자료가 부족합니다.,확인 부족
2026-07-28,CURVEFED,미국 10년물-기준금리 차,확인 부족,-1,이력 부족: 0/22관측,현재 상태를 판단할 자료가 부족합니다.,확인 부족
2026-07-28,VIX,VIX,정상,0,VIX 18.2 · 5일 +6.8% · 20일 +10.7% · 5일 +1.2포인트,지표 고유의 상태와 다른 시장 영역의 동반 신호를 구분해 확인합니다.,낮음
2026-07-28,VIXPOS,VIX 1년 위치,참고,0,과거 252관측 대비 64.3백분위,최근 분포에서의 위치입니다. 별도 위험 신호로 중복 집계하지 않습니다.,낮음
2026-07-28,HY,하이일드 OAS,안정,0,HY 2.84%p · 5일 +15bp · 20일 +9bp,지표 고유의 상태와 다른 시장 영역의 동반 신호를 구분해 확인합니다.,낮음
2026-07-28,BBB,BBB OAS,안정,0,BBB 1.00%p · 5일 +3bp · 20일 +5bp,지표 고유의 상태와 다른 시장 영역의 동반 신호를 구분해 확인합니다.,낮음
2026-07-28,HYPOS,HY 1년 위치,참고,0,과거 252관측 대비 49.0백분위,최근 분포에서의 위치입니다. 별도 위험 신호로 중복 집계하지 않습니다.,낮음
2026-07-28,UNEMP,미국 실업률,확인 부족,-1,월간 관측 누락: 달력 기간 계산 보류,현재 상태를 판단할 자료가 부족합니다.,확인 부족
2026-07-28,SAHM,Sahm Rule,확인 부족,-1,월간 관측 누락: 달력 기간 계산 보류,현재 상태를 판단할 자료가 부족합니다.,확인 부족
2026-07-28,CLAIMS,신규실업수당 4주평균,확인 부족,-1,이력 부족: 0/55관측,현재 상태를 판단할 자료가 부족합니다.,확인 부족
2026-07-28,CPI,CPI,확인 부족,-1,이력 부족: 0/16관측,현재 상태를 판단할 자료가 부족합니다.,확인 부족
2026-07-28,CORECPI,근원 CPI,확인 부족,-1,이력 부족: 0/16관측,현재 상태를 판단할 자료가 부족합니다.,확인 부족
2026-07-28,COREPCE,근원 PCE,확인 부족,-1,이력 부족: 0/16관측,현재 상태를 판단할 자료가 부족합니다.,확인 부족
2026-07-28,DXY,달러지수,확인 부족,-1,이력 부족: 0/147관측,현재 상태를 판단할 자료가 부족합니다.,확인 부족
2026-07-28,USDKRW,달러/원,확인 부족,-1,이력 부족: 0/147관측,현재 상태를 판단할 자료가 부족합니다.,확인 부족
2026-07-28,USDJPY,달러/엔,확인 부족,-1,이력 부족: 0/147관측,현재 상태를 판단할 자료가 부족합니다.,확인 부족
2026-07-28,WTI,WTI,확인 부족,-1,이력 부족: 0/147관측,현재 상태를 판단할 자료가 부족합니다.,확인 부족
2026-07-28,GOLD,금,정상,0,5일 -0.85% · 20일 +0.35% · 변동성 기준 22.8/4.2백분위,가격 움직임은 확인되지만 원인을 구분할 교차 근거가 충분하지 않습니다.,낮음
2026-07-28,SILVER,은,정상,0,5일 -2.62% · 20일 -1.51% · 변동성 기준 40.1/14.1백분위,가격 움직임은 확인되지만 원인을 구분할 교차 근거가 충분하지 않습니다.,낮음
2026-07-28,COPPER,구리,정상,0,5일 -2.90% · 20일 +3.68% · 변동성 기준 61.9/36.7백분위,가격 움직임은 확인되지만 원인을 구분할 교차 근거가 충분하지 않습니다.,낮음
2026-07-29,SP500,S&P500,확인 부족,-1,이력 부족: 0/252관측,현재 상태를 판단할 자료가 부족합니다.,확인 부족
2026-07-29,NASDAQ,Nasdaq,확인 부족,-1,이력 부족: 0/252관측,현재 상태를 판단할 자료가 부족합니다.,확인 부족
2026-07-29,RUSSELL,Russell 2000,정상,0,5일 -1.8% · 20일 -3.9% · 고점 대비 -3.9%,지표 고유의 상태와 다른 시장 영역의 동반 신호를 구분해 확인합니다.,보통
2026-07-29,MA200,200일 이동평균 이격,확인 부족,-1,이력 부족: 0/200관측,현재 상태를 판단할 자료가 부족합니다.,확인 부족
2026-07-29,EW,동일가중 상대성과,정상,0,RSP가 SPY 대비 20일 +3.7%p · 5일 상대성과 +3.83%p,지표 고유의 상태와 다른 시장 영역의 동반 신호를 구분해 확인합니다.,보통
2026-07-29,CAPE,CAPE,확인 부족,-1,이력 부족: 0/120관측,현재 상태를 판단할 자료가 부족합니다.,확인 부족
2026-07-29,ADV,상승 종목 비율,확인 부족,-1,이력 부족: 0/21관측,현재 상태를 판단할 자료가 부족합니다.,확인 부족
2026-07-29,ABOVE200,200DMA 위 종목 비율,확인 부족,-1,이력 부족: 0/21관측,현재 상태를 판단할 자료가 부족합니다.,확인 부족
2026-07-29,HILO,52주 신고가-신저가 비율,확인 부족,-1,이력 부족: 0/21관측,현재 상태를 판단할 자료가 부족합니다.,확인 부족
2026-07-29,EFFR,미국 기준금리,정상,0,20관측 +0bp · 유지 · EFFR 변화는 목표범위 결정 자체와 구분,금리 하락 또는 상대관계 변화을 관찰합니다. 물가·고용·신용의 동반 움직임으로 의미를 구분합니다.,낮음
2026-07-29,US3M,미국 3개월물 국채수익률,확인 부족,-1,이력 부족: 0/25관측,현재 상태를 판단할 자료가 부족합니다.,확인 부족
2026-07-29,US2Y,미국 2년물 국채수익률,확인 부족,-1,이력 부족: 0/25관측,현재 상태를 판단할 자료가 부족합니다.,확인 부족
2026-07-29,US10Y,미국 10년물 국채수익률,확인 부족,-1,이력 부족: 0/25관측,현재 상태를 판단할 자료가 부족합니다.,확인 부족
2026-07-29,US30Y,미국 30년물 국채수익률,확인 부족,-1,이력 부족: 0/25관측,현재 상태를 판단할 자료가 부족합니다.,확인 부족
2026-07-29,REAL10,미국 10년물 실질금리,확인 부족,-1,이력 부족: 0/25관측,현재 상태를 판단할 자료가 부족합니다.,확인 부족
2026-07-29,TERM,미국 10년물 기간프리미엄,주의,2,과거 504관측 대비 98.2백분위 · 20일 +12bp,금리 상승에 따른 부담을 관찰합니다. 물가·고용·신용의 동반 움직임으로 의미를 구분합니다.,낮음
2026-07-29,CURVE2,미국 10년물-2년물 금리차,확인 부족,-1,이력 부족: 0/22관측,현재 상태를 판단할 자료가 부족합니다.,확인 부족
2026-07-29,CURVE3,미국 10년물-3개월물 금리차,확인 부족,-1,이력 부족: 0/22관측,현재 상태를 판단할 자료가 부족합니다.,확인 부족
2026-07-29,CURVEFED,미국 10년물-기준금리 차,확인 부족,-1,이력 부족: 0/22관측,현재 상태를 판단할 자료가 부족합니다.,확인 부족
2026-07-29,VIX,VIX,관찰,1,VIX 20.7 · 5일 +24.2% · 20일 +24.5% · 5일 +4.0포인트,지표 고유의 상태와 다른 시장 영역의 동반 신호를 구분해 확인합니다.,낮음
2026-07-29,VIXPOS,VIX 1년 위치,참고,0,과거 252관측 대비 83.3백분위,최근 분포에서의 위치입니다. 별도 위험 신호로 중복 집계하지 않습니다.,낮음
2026-07-29,HY,하이일드 OAS,관찰,1,HY 2.87%p · 5일 +19bp · 20일 +13bp,지표 고유의 상태와 다른 시장 영역의 동반 신호를 구분해 확인합니다.,낮음
2026-07-29,BBB,BBB OAS,안정,0,BBB 1.00%p · 5일 +4bp · 20일 +6bp,지표 고유의 상태와 다른 시장 영역의 동반 신호를 구분해 확인합니다.,낮음
2026-07-29,HYPOS,HY 1년 위치,참고,0,과거 252관측 대비 58.7백분위,최근 분포에서의 위치입니다. 별도 위험 신호로 중복 집계하지 않습니다.,낮음
2026-07-29,UNEMP,미국 실업률,확인 부족,-1,월간 관측 누락: 달력 기간 계산 보류,현재 상태를 판단할 자료가 부족합니다.,확인 부족
2026-07-29,SAHM,Sahm Rule,확인 부족,-1,월간 관측 누락: 달력 기간 계산 보류,현재 상태를 판단할 자료가 부족합니다.,확인 부족
2026-07-29,CLAIMS,신규실업수당 4주평균,확인 부족,-1,이력 부족: 0/55관측,현재 상태를 판단할 자료가 부족합니다.,확인 부족
2026-07-29,CPI,CPI,확인 부족,-1,이력 부족: 0/16관측,현재 상태를 판단할 자료가 부족합니다.,확인 부족
2026-07-29,CORECPI,근원 CPI,확인 부족,-1,이력 부족: 0/16관측,현재 상태를 판단할 자료가 부족합니다.,확인 부족
2026-07-29,COREPCE,근원 PCE,확인 부족,-1,이력 부족: 0/16관측,현재 상태를 판단할 자료가 부족합니다.,확인 부족
2026-07-29,DXY,달러지수,확인 부족,-1,이력 부족: 0/147관측,현재 상태를 판단할 자료가 부족합니다.,확인 부족
2026-07-29,USDKRW,달러/원,확인 부족,-1,이력 부족: 0/147관측,현재 상태를 판단할 자료가 부족합니다.,확인 부족
2026-07-29,USDJPY,달러/엔,확인 부족,-1,이력 부족: 0/147관측,현재 상태를 판단할 자료가 부족합니다.,확인 부족
2026-07-29,WTI,WTI,확인 부족,-1,이력 부족: 0/147관측,현재 상태를 판단할 자료가 부족합니다.,확인 부족
2026-07-29,GOLD,금,정상,0,5일 -2.71% · 20일 +0.29% · 변동성 기준 64.3/3.8백분위,금 상승과 여러 시장의 불안 신호가 겹쳐 안전자산 선호와 부합합니다.,낮음
2026-07-29,SILVER,은,정상,0,5일 -3.59% · 20일 -2.71% · 변동성 기준 53.0/24.4백분위,가격 움직임은 확인되지만 원인을 구분할 교차 근거가 충분하지 않습니다.,낮음
2026-07-29,COPPER,구리,정상,0,5일 -2.75% · 20일 +1.31% · 변동성 기준 59.1/12.1백분위,가격 움직임은 확인되지만 원인을 구분할 교차 근거가 충분하지 않습니다.,낮음
2026-07-30,SP500,S&P500,확인 부족,-1,이력 부족: 0/252관측,현재 상태를 판단할 자료가 부족합니다.,확인 부족
2026-07-30,NASDAQ,Nasdaq,확인 부족,-1,이력 부족: 0/252관측,현재 상태를 판단할 자료가 부족합니다.,확인 부족
2026-07-30,RUSSELL,Russell 2000,정상,0,5일 +0.2% · 20일 -2.2% · 고점 대비 -2.6%,지표 고유의 상태와 다른 시장 영역의 동반 신호를 구분해 확인합니다.,낮음
2026-07-30,MA200,200일 이동평균 이격,확인 부족,-1,이력 부족: 0/200관측,현재 상태를 판단할 자료가 부족합니다.,확인 부족
2026-07-30,EW,동일가중 상대성과,정상,0,RSP가 SPY 대비 20일 +1.5%p · 5일 상대성과 +1.16%p,지표 고유의 상태와 다른 시장 영역의 동반 신호를 구분해 확인합니다.,낮음
2026-07-30,CAPE,CAPE,확인 부족,-1,이력 부족: 0/120관측,현재 상태를 판단할 자료가 부족합니다.,확인 부족
2026-07-30,ADV,상승 종목 비율,확인 부족,-1,이력 부족: 0/21관측,현재 상태를 판단할 자료가 부족합니다.,확인 부족
2026-07-30,ABOVE200,200DMA 위 종목 비율,확인 부족,-1,이력 부족: 0/21관측,현재 상태를 판단할 자료가 부족합니다.,확인 부족
2026-07-30,HILO,52주 신고가-신저가 비율,확인 부족,-1,이력 부족: 0/21관측,현재 상태를 판단할 자료가 부족합니다.,확인 부족
2026-07-30,EFFR,미국 기준금리,정상,0,20관측 +0bp · 유지 · EFFR 변화는 목표범위 결정 자체와 구분,금리 하락 또는 상대관계 변화을 관찰합니다. 물가·고용·신용의 동반 움직임으로 의미를 구분합니다.,낮음
2026-07-30,US3M,미국 3개월물 국채수익률,확인 부족,-1,이력 부족: 0/25관측,현재 상태를 판단할 자료가 부족합니다.,확인 부족
2026-07-30,US2Y,미국 2년물 국채수익률,확인 부족,-1,이력 부족: 0/25관측,현재 상태를 판단할 자료가 부족합니다.,확인 부족
2026-07-30,US10Y,미국 10년물 국채수익률,확인 부족,-1,이력 부족: 0/25관측,현재 상태를 판단할 자료가 부족합니다.,확인 부족
2026-07-30,US30Y,미국 30년물 국채수익률,확인 부족,-1,이력 부족: 0/25관측,현재 상태를 판단할 자료가 부족합니다.,확인 부족
2026-07-30,REAL10,미국 10년물 실질금리,확인 부족,-1,이력 부족: 0/25관측,현재 상태를 판단할 자료가 부족합니다.,확인 부족
2026-07-30,TERM,미국 10년물 기간프리미엄,주의,2,과거 504관측 대비 99.4백분위 · 20일 +11bp,금리 상승에 따른 부담을 관찰합니다. 물가·고용·신용의 동반 움직임으로 의미를 구분합니다.,낮음
2026-07-30,CURVE2,미국 10년물-2년물 금리차,확인 부족,-1,이력 부족: 0/22관측,현재 상태를 판단할 자료가 부족합니다.,확인 부족
2026-07-30,CURVE3,미국 10년물-3개월물 금리차,확인 부족,-1,이력 부족: 0/22관측,현재 상태를 판단할 자료가 부족합니다.,확인 부족
2026-07-30,CURVEFED,미국 10년물-기준금리 차,확인 부족,-1,이력 부족: 0/22관측,현재 상태를 판단할 자료가 부족합니다.,확인 부족
2026-07-30,VIX,VIX,정상,0,VIX 17.1 · 5일 -8.6% · 20일 +5.8% · 5일 -1.6포인트,지표 고유의 상태와 다른 시장 영역의 동반 신호를 구분해 확인합니다.,낮음
2026-07-30,VIXPOS,VIX 1년 위치,참고,0,과거 252관측 대비 48.0백분위,최근 분포에서의 위치입니다. 별도 위험 신호로 중복 집계하지 않습니다.,낮음
2026-07-30,HY,하이일드 OAS,안정,0,HY 2.84%p · 5일 +7bp · 20일 +9bp,지표 고유의 상태와 다른 시장 영역의 동반 신호를 구분해 확인합니다.,낮음
2026-07-30,BBB,BBB OAS,안정,0,BBB 0.99%p · 5일 +1bp · 20일 +5bp,지표 고유의 상태와 다른 시장 영역의 동반 신호를 구분해 확인합니다.,낮음
2026-07-30,HYPOS,HY 1년 위치,참고,0,과거 252관측 대비 49.2백분위,최근 분포에서의 위치입니다. 별도 위험 신호로 중복 집계하지 않습니다.,낮음
2026-07-30,UNEMP,미국 실업률,확인 부족,-1,월간 관측 누락: 달력 기간 계산 보류,현재 상태를 판단할 자료가 부족합니다.,확인 부족
2026-07-30,SAHM,Sahm Rule,확인 부족,-1,월간 관측 누락: 달력 기간 계산 보류,현재 상태를 판단할 자료가 부족합니다.,확인 부족
2026-07-30,CLAIMS,신규실업수당 4주평균,확인 부족,-1,이력 부족: 0/55관측,현재 상태를 판단할 자료가 부족합니다.,확인 부족
2026-07-30,CPI,CPI,확인 부족,-1,이력 부족: 0/16관측,현재 상태를 판단할 자료가 부족합니다.,확인 부족
2026-07-30,CORECPI,근원 CPI,확인 부족,-1,이력 부족: 0/16관측,현재 상태를 판단할 자료가 부족합니다.,확인 부족
2026-07-30,COREPCE,근원 PCE,확인 부족,-1,이력 부족: 0/16관측,현재 상태를 판단할 자료가 부족합니다.,확인 부족
2026-07-30,DXY,달러지수,확인 부족,-1,이력 부족: 0/147관측,현재 상태를 판단할 자료가 부족합니다.,확인 부족
2026-07-30,USDKRW,달러/원,확인 부족,-1,이력 부족: 0/147관측,현재 상태를 판단할 자료가 부족합니다.,확인 부족
2026-07-30,USDJPY,달러/엔,확인 부족,-1,이력 부족: 0/147관측,현재 상태를 판단할 자료가 부족합니다.,확인 부족
2026-07-30,WTI,WTI,확인 부족,-1,이력 부족: 0/147관측,현재 상태를 판단할 자료가 부족합니다.,확인 부족
2026-07-30,GOLD,금,정상,0,5일 +1.32% · 20일 +0.78% · 변동성 기준 35.7/11.1백분위,가격 움직임은 확인되지만 원인을 구분할 교차 근거가 충분하지 않습니다.,낮음
2026-07-30,SILVER,은,정상,0,5일 +1.76% · 20일 -2.11% · 변동성 기준 28.2/20.2백분위,가격 움직임은 확인되지만 원인을 구분할 교차 근거가 충분하지 않습니다.,낮음
2026-07-30,COPPER,구리,정상,0,5일 +2.21% · 20일 +5.24% · 변동성 기준 48.4/50.8백분위,가격 움직임은 확인되지만 원인을 구분할 교차 근거가 충분하지 않습니다.,낮음
2026-07-31,SP500,S&P500,확인 부족,-1,이력 부족: 0/252관측,현재 상태를 판단할 자료가 부족합니다.,확인 부족
2026-07-31,NASDAQ,Nasdaq,확인 부족,-1,이력 부족: 0/252관측,현재 상태를 판단할 자료가 부족합니다.,확인 부족
2026-07-31,RUSSELL,Russell 2000,정상,0,5일 +0.0% · 20일 -2.2% · 고점 대비 -3.1%,지표 고유의 상태와 다른 시장 영역의 동반 신호를 구분해 확인합니다.,낮음
2026-07-31,MA200,200일 이동평균 이격,확인 부족,-1,이력 부족: 0/200관측,현재 상태를 판단할 자료가 부족합니다.,확인 부족
2026-07-31,EW,동일가중 상대성과,정상,0,RSP가 SPY 대비 20일 -0.3%p · 5일 상대성과 -0.42%p,지표 고유의 상태와 다른 시장 영역의 동반 신호를 구분해 확인합니다.,낮음
2026-07-31,CAPE,CAPE,확인 부족,-1,이력 부족: 0/120관측,현재 상태를 판단할 자료가 부족합니다.,확인 부족
2026-07-31,ADV,상승 종목 비율,확인 부족,-1,이력 부족: 0/21관측,현재 상태를 판단할 자료가 부족합니다.,확인 부족
2026-07-31,ABOVE200,200DMA 위 종목 비율,확인 부족,-1,이력 부족: 0/21관측,현재 상태를 판단할 자료가 부족합니다.,확인 부족
2026-07-31,HILO,52주 신고가-신저가 비율,확인 부족,-1,이력 부족: 0/21관측,현재 상태를 판단할 자료가 부족합니다.,확인 부족
2026-07-31,EFFR,미국 기준금리,정상,0,20관측 +0bp · 유지 · EFFR 변화는 목표범위 결정 자체와 구분,금리 하락 또는 상대관계 변화을 관찰합니다. 물가·고용·신용의 동반 움직임으로 의미를 구분합니다.,낮음
2026-07-31,US3M,미국 3개월물 국채수익률,확인 부족,-1,이력 부족: 0/25관측,현재 상태를 판단할 자료가 부족합니다.,확인 부족
2026-07-31,US2Y,미국 2년물 국채수익률,확인 부족,-1,이력 부족: 0/25관측,현재 상태를 판단할 자료가 부족합니다.,확인 부족
2026-07-31,US10Y,미국 10년물 국채수익률,확인 부족,-1,이력 부족: 0/25관측,현재 상태를 판단할 자료가 부족합니다.,확인 부족
2026-07-31,US30Y,미국 30년물 국채수익률,확인 부족,-1,이력 부족: 0/25관측,현재 상태를 판단할 자료가 부족합니다.,확인 부족
2026-07-31,REAL10,미국 10년물 실질금리,확인 부족,-1,이력 부족: 0/25관측,현재 상태를 판단할 자료가 부족합니다.,확인 부족
2026-07-31,TERM,미국 10년물 기간프리미엄,주의,2,과거 504관측 대비 100.0백분위 · 20일 +14bp,금리 상승에 따른 부담을 관찰합니다. 물가·고용·신용의 동반 움직임으로 의미를 구분합니다.,낮음
2026-07-31,CURVE2,미국 10년물-2년물 금리차,확인 부족,-1,이력 부족: 0/22관측,현재 상태를 판단할 자료가 부족합니다.,확인 부족
2026-07-31,CURVE3,미국 10년물-3개월물 금리차,확인 부족,-1,이력 부족: 0/22관측,현재 상태를 판단할 자료가 부족합니다.,확인 부족
2026-07-31,CURVEFED,미국 10년물-기준금리 차,확인 부족,-1,이력 부족: 0/22관측,현재 상태를 판단할 자료가 부족합니다.,확인 부족
2026-07-31,VIX,VIX,정상,0,VIX 16.0 · 5일 -13.9% · 20일 +1.1% · 5일 -2.6포인트,지표 고유의 상태와 다른 시장 영역의 동반 신호를 구분해 확인합니다.,낮음
2026-07-31,VIXPOS,VIX 1년 위치,참고,0,과거 252관측 대비 23.8백분위,최근 분포에서의 위치입니다. 별도 위험 신호로 중복 집계하지 않습니다.,낮음
2026-07-31,HY,하이일드 OAS,안정,0,HY 2.85%p · 5일 +6bp · 20일 +11bp,지표 고유의 상태와 다른 시장 영역의 동반 신호를 구분해 확인합니다.,낮음
2026-07-31,BBB,BBB OAS,안정,0,BBB 0.99%p · 5일 +0bp · 20일 +5bp,지표 고유의 상태와 다른 시장 영역의 동반 신호를 구분해 확인합니다.,낮음
2026-07-31,HYPOS,HY 1년 위치,참고,0,과거 252관측 대비 53.6백분위,최근 분포에서의 위치입니다. 별도 위험 신호로 중복 집계하지 않습니다.,낮음
2026-07-31,UNEMP,미국 실업률,확인 부족,-1,월간 관측 누락: 달력 기간 계산 보류,현재 상태를 판단할 자료가 부족합니다.,확인 부족
2026-07-31,SAHM,Sahm Rule,확인 부족,-1,월간 관측 누락: 달력 기간 계산 보류,현재 상태를 판단할 자료가 부족합니다.,확인 부족
2026-07-31,CLAIMS,신규실업수당 4주평균,확인 부족,-1,이력 부족: 0/55관측,현재 상태를 판단할 자료가 부족합니다.,확인 부족
2026-07-31,CPI,CPI,확인 부족,-1,이력 부족: 0/16관측,현재 상태를 판단할 자료가 부족합니다.,확인 부족
2026-07-31,CORECPI,근원 CPI,확인 부족,-1,이력 부족: 0/16관측,현재 상태를 판단할 자료가 부족합니다.,확인 부족
2026-07-31,COREPCE,근원 PCE,확인 부족,-1,이력 부족: 0/16관측,현재 상태를 판단할 자료가 부족합니다.,확인 부족
2026-07-31,DXY,달러지수,확인 부족,-1,이력 부족: 0/147관측,현재 상태를 판단할 자료가 부족합니다.,확인 부족
2026-07-31,USDKRW,달러/원,확인 부족,-1,이력 부족: 0/147관측,현재 상태를 판단할 자료가 부족합니다.,확인 부족
2026-07-31,USDJPY,달러/엔,확인 부족,-1,이력 부족: 0/147관측,현재 상태를 판단할 자료가 부족합니다.,확인 부족
2026-07-31,WTI,WTI,확인 부족,-1,이력 부족: 0/147관측,현재 상태를 판단할 자료가 부족합니다.,확인 부족
2026-07-31,GOLD,금,정상,0,5일 -0.45% · 20일 -1.55% · 변동성 기준 12.3/20.8백분위,가격 움직임은 확인되지만 원인을 구분할 교차 근거가 충분하지 않습니다.,낮음
2026-07-31,SILVER,은,정상,0,5일 -1.82% · 20일 -5.03% · 변동성 기준 28.6/40.7백분위,가격 움직임은 확인되지만 원인을 구분할 교차 근거가 충분하지 않습니다.,낮음
2026-07-31,COPPER,구리,정상,0,5일 +1.84% · 20일 +5.26% · 변동성 기준 42.3/51.0백분위,가격 움직임은 확인되지만 원인을 구분할 교차 근거가 충분하지 않습니다.,낮음
2026-08-03,SP500,S&P500,확인 부족,-1,이력 부족: 0/252관측,현재 상태를 판단할 자료가 부족합니다.,확인 부족
2026-08-03,NASDAQ,Nasdaq,확인 부족,-1,이력 부족: 0/252관측,현재 상태를 판단할 자료가 부족합니다.,확인 부족
2026-08-03,RUSSELL,Russell 2000,정상,0,5일 +1.1% · 20일 -0.9% · 고점 대비 -1.4%,지표 고유의 상태와 다른 시장 영역의 동반 신호를 구분해 확인합니다.,낮음
2026-08-03,MA200,200일 이동평균 이격,확인 부족,-1,이력 부족: 0/200관측,현재 상태를 판단할 자료가 부족합니다.,확인 부족
2026-08-03,EW,동일가중 상대성과,정상,0,RSP가 SPY 대비 20일 +0.1%p · 5일 상대성과 -1.62%p,지표 고유의 상태와 다른 시장 영역의 동반 신호를 구분해 확인합니다.,낮음
2026-08-03,CAPE,CAPE,확인 부족,-1,이력 부족: 0/120관측,현재 상태를 판단할 자료가 부족합니다.,확인 부족
2026-08-03,ADV,상승 종목 비율,확인 부족,-1,이력 부족: 0/21관측,현재 상태를 판단할 자료가 부족합니다.,확인 부족
2026-08-03,ABOVE200,200DMA 위 종목 비율,확인 부족,-1,이력 부족: 0/21관측,현재 상태를 판단할 자료가 부족합니다.,확인 부족
2026-08-03,HILO,52주 신고가-신저가 비율,확인 부족,-1,이력 부족: 0/21관측,현재 상태를 판단할 자료가 부족합니다.,확인 부족
2026-08-03,EFFR,미국 기준금리,정상,0,20관측 +0bp · 유지 · EFFR 변화는 목표범위 결정 자체와 구분,금리 하락 또는 상대관계 변화을 관찰합니다. 물가·고용·신용의 동반 움직임으로 의미를 구분합니다.,낮음
2026-08-03,US3M,미국 3개월물 국채수익률,확인 부족,-1,이력 부족: 0/25관측,현재 상태를 판단할 자료가 부족합니다.,확인 부족
2026-08-03,US2Y,미국 2년물 국채수익률,확인 부족,-1,이력 부족: 0/25관측,현재 상태를 판단할 자료가 부족합니다.,확인 부족
2026-08-03,US10Y,미국 10년물 국채수익률,확인 부족,-1,이력 부족: 0/25관측,현재 상태를 판단할 자료가 부족합니다.,확인 부족
2026-08-03,US30Y,미국 30년물 국채수익률,확인 부족,-1,이력 부족: 0/25관측,현재 상태를 판단할 자료가 부족합니다.,확인 부족
2026-08-03,REAL10,미국 10년물 실질금리,확인 부족,-1,이력 부족: 0/25관측,현재 상태를 판단할 자료가 부족합니다.,확인 부족
2026-08-03,TERM,미국 10년물 기간프리미엄,주의,2,과거 504관측 대비 99.6백분위 · 20일 +13bp,금리 상승에 따른 부담을 관찰합니다. 물가·고용·신용의 동반 움직임으로 의미를 구분합니다.,낮음
2026-08-03,CURVE2,미국 10년물-2년물 금리차,확인 부족,-1,이력 부족: 0/22관측,현재 상태를 판단할 자료가 부족합니다.,확인 부족
2026-08-03,CURVE3,미국 10년물-3개월물 금리차,확인 부족,-1,이력 부족: 0/22관측,현재 상태를 판단할 자료가 부족합니다.,확인 부족
2026-08-03,CURVEFED,미국 10년물-기준금리 차,확인 부족,-1,이력 부족: 0/22관측,현재 상태를 판단할 자료가 부족합니다.,확인 부족
2026-08-03,VIX,VIX,정상,0,VIX 15.9 · 5일 -15.1% · 20일 +1.9% · 5일 -2.8포인트,지표 고유의 상태와 다른 시장 영역의 동반 신호를 구분해 확인합니다.,낮음
2026-08-03,VIXPOS,VIX 1년 위치,참고,0,과거 252관측 대비 22.8백분위,최근 분포에서의 위치입니다. 별도 위험 신호로 중복 집계하지 않습니다.,낮음
2026-08-03,HY,하이일드 OAS,안정,0,HY 2.78%p · 5일 -3bp · 20일 +6bp,지표 고유의 상태와 다른 시장 영역의 동반 신호를 구분해 확인합니다.,낮음
2026-08-03,BBB,BBB OAS,안정,0,BBB 0.97%p · 5일 -3bp · 20일 +3bp,지표 고유의 상태와 다른 시장 영역의 동반 신호를 구분해 확인합니다.,낮음
2026-08-03,HYPOS,HY 1년 위치,참고,0,과거 252관측 대비 30.2백분위,최근 분포에서의 위치입니다. 별도 위험 신호로 중복 집계하지 않습니다.,낮음
2026-08-03,UNEMP,미국 실업률,확인 부족,-1,월간 관측 누락: 달력 기간 계산 보류,현재 상태를 판단할 자료가 부족합니다.,확인 부족
2026-08-03,SAHM,Sahm Rule,확인 부족,-1,월간 관측 누락: 달력 기간 계산 보류,현재 상태를 판단할 자료가 부족합니다.,확인 부족
2026-08-03,CLAIMS,신규실업수당 4주평균,확인 부족,-1,이력 부족: 0/55관측,현재 상태를 판단할 자료가 부족합니다.,확인 부족
2026-08-03,CPI,CPI,확인 부족,-1,이력 부족: 0/16관측,현재 상태를 판단할 자료가 부족합니다.,확인 부족
2026-08-03,CORECPI,근원 CPI,확인 부족,-1,이력 부족: 0/16관측,현재 상태를 판단할 자료가 부족합니다.,확인 부족
2026-08-03,COREPCE,근원 PCE,확인 부족,-1,이력 부족: 0/16관측,현재 상태를 판단할 자료가 부족합니다.,확인 부족
2026-08-03,DXY,달러지수,확인 부족,-1,이력 부족: 0/147관측,현재 상태를 판단할 자료가 부족합니다.,확인 부족
2026-08-03,USDKRW,달러/원,확인 부족,-1,이력 부족: 0/147관측,현재 상태를 판단할 자료가 부족합니다.,확인 부족
2026-08-03,USDJPY,달러/엔,확인 부족,-1,이력 부족: 0/147관측,현재 상태를 판단할 자료가 부족합니다.,확인 부족
2026-08-03,WTI,WTI,확인 부족,-1,이력 부족: 0/147관측,현재 상태를 판단할 자료가 부족합니다.,확인 부족
2026-08-03,GOLD,금,정상,0,5일 -1.00% · 20일 -2.92% · 변동성 기준 26.2/36.7백분위,가격 움직임은 확인되지만 원인을 구분할 교차 근거가 충분하지 않습니다.,낮음
2026-08-03,SILVER,은,정상,0,5일 -1.38% · 20일 -6.87% · 변동성 기준 21.4/50.6백분위,가격 움직임은 확인되지만 원인을 구분할 교차 근거가 충분하지 않습니다.,낮음
2026-08-03,COPPER,구리,정상,0,5일 +2.76% · 20일 +5.44% · 변동성 기준 59.5/53.2백분위,가격 움직임은 확인되지만 원인을 구분할 교차 근거가 충분하지 않습니다.,낮음
2026-08-04,SP500,S&P500,확인 부족,-1,이력 부족: 0/252관측,현재 상태를 판단할 자료가 부족합니다.,확인 부족
2026-08-04,NASDAQ,Nasdaq,확인 부족,-1,이력 부족: 0/252관측,현재 상태를 판단할 자료가 부족합니다.,확인 부족
2026-08-04,RUSSELL,Russell 2000,정상,0,5일 +2.8% · 20일 +1.8% · 고점 대비 0.0%,지표 고유의 상태와 다른 시장 영역의 동반 신호를 구분해 확인합니다.,낮음
2026-08-04,MA200,200일 이동평균 이격,확인 부족,-1,이력 부족: 0/200관측,현재 상태를 판단할 자료가 부족합니다.,확인 부족
2026-08-04,EW,동일가중 상대성과,정상,0,RSP가 SPY 대비 20일 -0.6%p · 5일 상대성과 -2.95%p,지표 고유의 상태와 다른 시장 영역의 동반 신호를 구분해 확인합니다.,낮음
2026-08-04,CAPE,CAPE,확인 부족,-1,이력 부족: 0/120관측,현재 상태를 판단할 자료가 부족합니다.,확인 부족
2026-08-04,ADV,상승 종목 비율,확인 부족,-1,이력 부족: 0/21관측,현재 상태를 판단할 자료가 부족합니다.,확인 부족
2026-08-04,ABOVE200,200DMA 위 종목 비율,확인 부족,-1,이력 부족: 0/21관측,현재 상태를 판단할 자료가 부족합니다.,확인 부족
2026-08-04,HILO,52주 신고가-신저가 비율,확인 부족,-1,이력 부족: 0/21관측,현재 상태를 판단할 자료가 부족합니다.,확인 부족
2026-08-04,EFFR,미국 기준금리,정상,0,20관측 +0bp · 유지 · EFFR 변화는 목표범위 결정 자체와 구분,금리 하락 또는 상대관계 변화을 관찰합니다. 물가·고용·신용의 동반 움직임으로 의미를 구분합니다.,낮음
2026-08-04,US3M,미국 3개월물 국채수익률,확인 부족,-1,이력 부족: 0/25관측,현재 상태를 판단할 자료가 부족합니다.,확인 부족
2026-08-04,US2Y,미국 2년물 국채수익률,확인 부족,-1,이력 부족: 0/25관측,현재 상태를 판단할 자료가 부족합니다.,확인 부족
2026-08-04,US10Y,미국 10년물 국채수익률,확인 부족,-1,이력 부족: 0/25관측,현재 상태를 판단할 자료가 부족합니다.,확인 부족
2026-08-04,US30Y,미국 30년물 국채수익률,확인 부족,-1,이력 부족: 0/25관측,현재 상태를 판단할 자료가 부족합니다.,확인 부족
2026-08-04,REAL10,미국 10년물 실질금리,확인 부족,-1,이력 부족: 0/25관측,현재 상태를 판단할 자료가 부족합니다.,확인 부족
2026-08-04,TERM,미국 10년물 기간프리미엄,주의,2,과거 504관측 대비 97.8백분위 · 20일 +7bp,금리 상승에 따른 부담을 관찰합니다. 물가·고용·신용의 동반 움직임으로 의미를 구분합니다.,낮음
2026-08-04,CURVE2,미국 10년물-2년물 금리차,확인 부족,-1,이력 부족: 0/22관측,현재 상태를 판단할 자료가 부족합니다.,확인 부족
2026-08-04,CURVE3,미국 10년물-3개월물 금리차,확인 부족,-1,이력 부족: 0/22관측,현재 상태를 판단할 자료가 부족합니다.,확인 부족
2026-08-04,CURVEFED,미국 10년물-기준금리 차,확인 부족,-1,이력 부족: 0/22관측,현재 상태를 판단할 자료가 부족합니다.,확인 부족
2026-08-04,VIX,VIX,정상,0,VIX 16.5 · 5일 -9.4% · 20일 +2.3% · 5일 -1.7포인트,지표 고유의 상태와 다른 시장 영역의 동반 신호를 구분해 확인합니다.,낮음
2026-08-04,VIXPOS,VIX 1년 위치,참고,0,과거 252관측 대비 36.5백분위,최근 분포에서의 위치입니다. 별도 위험 신호로 중복 집계하지 않습니다.,낮음
2026-08-04,HY,하이일드 OAS,안정,0,HY 2.73%p · 5일 -11bp · 20일 +6bp,지표 고유의 상태와 다른 시장 영역의 동반 신호를 구분해 확인합니다.,낮음
2026-08-04,BBB,BBB OAS,안정,0,BBB 0.97%p · 5일 -3bp · 20일 +3bp,지표 고유의 상태와 다른 시장 영역의 동반 신호를 구분해 확인합니다.,낮음
2026-08-04,HYPOS,HY 1년 위치,참고,0,과거 252관측 대비 16.3백분위,최근 분포에서의 위치입니다. 별도 위험 신호로 중복 집계하지 않습니다.,낮음
2026-08-04,UNEMP,미국 실업률,확인 부족,-1,월간 관측 누락: 달력 기간 계산 보류,현재 상태를 판단할 자료가 부족합니다.,확인 부족
2026-08-04,SAHM,Sahm Rule,확인 부족,-1,월간 관측 누락: 달력 기간 계산 보류,현재 상태를 판단할 자료가 부족합니다.,확인 부족
2026-08-04,CLAIMS,신규실업수당 4주평균,확인 부족,-1,이력 부족: 0/55관측,현재 상태를 판단할 자료가 부족합니다.,확인 부족
2026-08-04,CPI,CPI,확인 부족,-1,이력 부족: 0/16관측,현재 상태를 판단할 자료가 부족합니다.,확인 부족
2026-08-04,CORECPI,근원 CPI,확인 부족,-1,이력 부족: 0/16관측,현재 상태를 판단할 자료가 부족합니다.,확인 부족
2026-08-04,COREPCE,근원 PCE,확인 부족,-1,이력 부족: 0/16관측,현재 상태를 판단할 자료가 부족합니다.,확인 부족
2026-08-04,DXY,달러지수,확인 부족,-1,이력 부족: 0/147관측,현재 상태를 판단할 자료가 부족합니다.,확인 부족
2026-08-04,USDKRW,달러/원,확인 부족,-1,이력 부족: 0/147관측,현재 상태를 판단할 자료가 부족합니다.,확인 부족
2026-08-04,USDJPY,달러/엔,확인 부족,-1,이력 부족: 0/147관측,현재 상태를 판단할 자료가 부족합니다.,확인 부족
2026-08-04,WTI,WTI,확인 부족,-1,이력 부족: 0/147관측,현재 상태를 판단할 자료가 부족합니다.,확인 부족
2026-08-04,GOLD,금,정상,0,5일 +1.46% · 20일 -1.20% · 변동성 기준 38.3/17.5백분위,가격 움직임은 확인되지만 원인을 구분할 교차 근거가 충분하지 않습니다.,낮음
2026-08-04,SILVER,은,정상,0,5일 +4.82% · 20일 -1.44% · 변동성 기준 67.3/13.7백분위,가격 움직임은 확인되지만 원인을 구분할 교차 근거가 충분하지 않습니다.,낮음
2026-08-04,COPPER,구리,정상,0,5일 +4.69% · 20일 +7.24% · 변동성 기준 81.7/68.7백분위,가격 움직임은 확인되지만 원인을 구분할 교차 근거가 충분하지 않습니다.,낮음
2026-08-05,SP500,S&P500,확인 부족,-1,이력 부족: 0/252관측,현재 상태를 판단할 자료가 부족합니다.,확인 부족
2026-08-05,NASDAQ,Nasdaq,확인 부족,-1,이력 부족: 0/252관측,현재 상태를 판단할 자료가 부족합니다.,확인 부족
2026-08-05,RUSSELL,Russell 2000,정상,0,5일 +3.9% · 20일 +2.1% · 고점 대비 -0.6%,지표 고유의 상태와 다른 시장 영역의 동반 신호를 구분해 확인합니다.,낮음
2026-08-05,MA200,200일 이동평균 이격,확인 부족,-1,이력 부족: 0/200관측,현재 상태를 판단할 자료가 부족합니다.,확인 부족
2026-08-05,EW,동일가중 상대성과,정상,0,RSP가 SPY 대비 20일 +0.3%p · 5일 상대성과 -3.67%p,지표 고유의 상태와 다른 시장 영역의 동반 신호를 구분해 확인합니다.,낮음
2026-08-05,CAPE,CAPE,확인 부족,-1,이력 부족: 0/120관측,현재 상태를 판단할 자료가 부족합니다.,확인 부족
2026-08-05,ADV,상승 종목 비율,확인 부족,-1,이력 부족: 0/21관측,현재 상태를 판단할 자료가 부족합니다.,확인 부족
2026-08-05,ABOVE200,200DMA 위 종목 비율,확인 부족,-1,이력 부족: 0/21관측,현재 상태를 판단할 자료가 부족합니다.,확인 부족
2026-08-05,HILO,52주 신고가-신저가 비율,확인 부족,-1,이력 부족: 0/21관측,현재 상태를 판단할 자료가 부족합니다.,확인 부족
2026-08-05,EFFR,미국 기준금리,정상,0,20관측 +1bp · 인상 · EFFR 변화는 목표범위 결정 자체와 구분,금리 상승에 따른 부담을 관찰합니다. 물가·고용·신용의 동반 움직임으로 의미를 구분합니다.,낮음
2026-08-05,US3M,미국 3개월물 국채수익률,확인 부족,-1,이력 부족: 0/25관측,현재 상태를 판단할 자료가 부족합니다.,확인 부족
2026-08-05,US2Y,미국 2년물 국채수익률,확인 부족,-1,이력 부족: 0/25관측,현재 상태를 판단할 자료가 부족합니다.,확인 부족
2026-08-05,US10Y,미국 10년물 국채수익률,확인 부족,-1,이력 부족: 0/25관측,현재 상태를 판단할 자료가 부족합니다.,확인 부족
2026-08-05,US30Y,미국 30년물 국채수익률,확인 부족,-1,이력 부족: 0/25관측,현재 상태를 판단할 자료가 부족합니다.,확인 부족
2026-08-05,REAL10,미국 10년물 실질금리,확인 부족,-1,이력 부족: 0/25관측,현재 상태를 판단할 자료가 부족합니다.,확인 부족
2026-08-05,TERM,미국 10년물 기간프리미엄,관찰,1,과거 504관측 대비 97.0백분위 · 20일 +4bp,금리 상승에 따른 부담을 관찰합니다. 물가·고용·신용의 동반 움직임으로 의미를 구분합니다.,낮음
2026-08-05,CURVE2,미국 10년물-2년물 금리차,확인 부족,-1,이력 부족: 0/22관측,현재 상태를 판단할 자료가 부족합니다.,확인 부족
2026-08-05,CURVE3,미국 10년물-3개월물 금리차,확인 부족,-1,이력 부족: 0/22관측,현재 상태를 판단할 자료가 부족합니다.,확인 부족
2026-08-05,CURVEFED,미국 10년물-기준금리 차,확인 부족,-1,이력 부족: 0/22관측,현재 상태를 판단할 자료가 부족합니다.,확인 부족
2026-08-05,VIX,VIX,정상,0,VIX 15.8 · 5일 -23.5% · 20일 -6.4% · 5일 -4.8포인트,지표 고유의 상태와 다른 시장 영역의 동반 신호를 구분해 확인합니다.,낮음
2026-08-05,VIXPOS,VIX 1년 위치,참고,0,과거 252관측 대비 21.2백분위,최근 분포에서의 위치입니다. 별도 위험 신호로 중복 집계하지 않습니다.,낮음
2026-08-05,HY,하이일드 OAS,안정,0,HY 2.75%p · 5일 -12bp · 20일 +5bp,지표 고유의 상태와 다른 시장 영역의 동반 신호를 구분해 확인합니다.,낮음
2026-08-05,BBB,BBB OAS,안정,0,BBB 0.96%p · 5일 -4bp · 20일 +2bp,지표 고유의 상태와 다른 시장 영역의 동반 신호를 구분해 확인합니다.,낮음
2026-08-05,HYPOS,HY 1년 위치,참고,0,과거 252관측 대비 22.4백분위,최근 분포에서의 위치입니다. 별도 위험 신호로 중복 집계하지 않습니다.,낮음
2026-08-05,UNEMP,미국 실업률,확인 부족,-1,월간 관측 누락: 달력 기간 계산 보류,현재 상태를 판단할 자료가 부족합니다.,확인 부족
2026-08-05,SAHM,Sahm Rule,확인 부족,-1,월간 관측 누락: 달력 기간 계산 보류,현재 상태를 판단할 자료가 부족합니다.,확인 부족
2026-08-05,CLAIMS,신규실업수당 4주평균,확인 부족,-1,이력 부족: 0/55관측,현재 상태를 판단할 자료가 부족합니다.,확인 부족
2026-08-05,CPI,CPI,확인 부족,-1,이력 부족: 0/16관측,현재 상태를 판단할 자료가 부족합니다.,확인 부족
2026-08-05,CORECPI,근원 CPI,확인 부족,-1,이력 부족: 0/16관측,현재 상태를 판단할 자료가 부족합니다.,확인 부족
2026-08-05,COREPCE,근원 PCE,확인 부족,-1,이력 부족: 0/16관측,현재 상태를 판단할 자료가 부족합니다.,확인 부족
2026-08-05,DXY,달러지수,확인 부족,-1,이력 부족: 0/147관측,현재 상태를 판단할 자료가 부족합니다.,확인 부족
2026-08-05,USDKRW,달러/원,확인 부족,-1,이력 부족: 0/147관측,현재 상태를 판단할 자료가 부족합니다.,확인 부족
2026-08-05,USDJPY,달러/엔,확인 부족,-1,이력 부족: 0/147관측,현재 상태를 판단할 자료가 부족합니다.,확인 부족
2026-08-05,WTI,WTI,확인 부족,-1,이력 부족: 0/147관측,현재 상태를 판단할 자료가 부족합니다.,확인 부족
2026-08-05,GOLD,금,관찰,1,5일 +5.23% · 20일 +4.30% · 변동성 기준 91.5/54.0백분위,가격 움직임은 확인되지만 원인을 구분할 교차 근거가 충분하지 않습니다.,낮음
2026-08-05,SILVER,은,정상,0,5일 +7.32% · 20일 +6.77% · 변동성 기준 80.2/49.6백분위,금과 은이 함께 상승합니다. 귀금속 공통 흐름을 확인합니다.,낮음
2026-08-05,COPPER,구리,관찰,1,5일 +6.85% · 20일 +10.71% · 변동성 기준 92.9/85.5백분위,가격 움직임은 확인되지만 원인을 구분할 교차 근거가 충분하지 않습니다.,낮음
2026-08-06,SP500,S&P500,확인 부족,-1,이력 부족: 0/252관측,현재 상태를 판단할 자료가 부족합니다.,확인 부족
2026-08-06,NASDAQ,Nasdaq,확인 부족,-1,이력 부족: 0/252관측,현재 상태를 판단할 자료가 부족합니다.,확인 부족
2026-08-06,RUSSELL,Russell 2000,정상,0,5일 +1.9% · 20일 +0.3% · 고점 대비 -1.2%,지표 고유의 상태와 다른 시장 영역의 동반 신호를 구분해 확인합니다.,낮음
2026-08-06,MA200,200일 이동평균 이격,확인 부족,-1,이력 부족: 0/200관측,현재 상태를 판단할 자료가 부족합니다.,확인 부족
2026-08-06,EW,동일가중 상대성과,정상,0,RSP가 SPY 대비 20일 +0.1%p · 5일 상대성과 -2.14%p,지표 고유의 상태와 다른 시장 영역의 동반 신호를 구분해 확인합니다.,낮음
2026-08-06,CAPE,CAPE,확인 부족,-1,이력 부족: 0/120관측,현재 상태를 판단할 자료가 부족합니다.,확인 부족
2026-08-06,ADV,상승 종목 비율,확인 부족,-1,이력 부족: 0/21관측,현재 상태를 판단할 자료가 부족합니다.,확인 부족
2026-08-06,ABOVE200,200DMA 위 종목 비율,확인 부족,-1,이력 부족: 0/21관측,현재 상태를 판단할 자료가 부족합니다.,확인 부족
2026-08-06,HILO,52주 신고가-신저가 비율,확인 부족,-1,이력 부족: 0/21관측,현재 상태를 판단할 자료가 부족합니다.,확인 부족
2026-08-06,EFFR,미국 기준금리,정상,0,20관측 +1bp · 인상 · EFFR 변화는 목표범위 결정 자체와 구분,금리 상승에 따른 부담을 관찰합니다. 물가·고용·신용의 동반 움직임으로 의미를 구분합니다.,낮음
2026-08-06,US3M,미국 3개월물 국채수익률,확인 부족,-1,이력 부족: 0/25관측,현재 상태를 판단할 자료가 부족합니다.,확인 부족
2026-08-06,US2Y,미국 2년물 국채수익률,확인 부족,-1,이력 부족: 0/25관측,현재 상태를 판단할 자료가 부족합니다.,확인 부족
2026-08-06,US10Y,미국 10년물 국채수익률,확인 부족,-1,이력 부족: 0/25관측,현재 상태를 판단할 자료가 부족합니다.,확인 부족
2026-08-06,US30Y,미국 30년물 국채수익률,확인 부족,-1,이력 부족: 0/25관측,현재 상태를 판단할 자료가 부족합니다.,확인 부족
2026-08-06,REAL10,미국 10년물 실질금리,확인 부족,-1,이력 부족: 0/25관측,현재 상태를 판단할 자료가 부족합니다.,확인 부족
2026-08-06,TERM,미국 10년물 기간프리미엄,주의,2,과거 504관측 대비 99.0백분위 · 20일 +7bp,금리 상승에 따른 부담을 관찰합니다. 물가·고용·신용의 동반 움직임으로 의미를 구분합니다.,낮음
2026-08-06,CURVE2,미국 10년물-2년물 금리차,확인 부족,-1,이력 부족: 0/22관측,현재 상태를 판단할 자료가 부족합니다.,확인 부족
2026-08-06,CURVE3,미국 10년물-3개월물 금리차,확인 부족,-1,이력 부족: 0/22관측,현재 상태를 판단할 자료가 부족합니다.,확인 부족
2026-08-06,CURVEFED,미국 10년물-기준금리 차,확인 부족,-1,이력 부족: 0/22관측,현재 상태를 판단할 자료가 부족합니다.,확인 부족
2026-08-06,VIX,VIX,정상,0,VIX 15.2 · 5일 -11.4% · 20일 -4.4% · 5일 -1.9포인트,지표 고유의 상태와 다른 시장 영역의 동반 신호를 구분해 확인합니다.,낮음
2026-08-06,VIXPOS,VIX 1년 위치,참고,0,과거 252관측 대비 10.7백분위,최근 분포에서의 위치입니다. 별도 위험 신호로 중복 집계하지 않습니다.,낮음
2026-08-06,HY,하이일드 OAS,안정,0,HY 2.71%p · 5일 -13bp · 20일 +1bp,지표 고유의 상태와 다른 시장 영역의 동반 신호를 구분해 확인합니다.,낮음
2026-08-06,BBB,BBB OAS,안정,0,BBB 0.97%p · 5일 -2bp · 20일 +3bp,지표 고유의 상태와 다른 시장 영역의 동반 신호를 구분해 확인합니다.,낮음
2026-08-06,HYPOS,HY 1년 위치,참고,0,과거 252관측 대비 10.5백분위,최근 분포에서의 위치입니다. 별도 위험 신호로 중복 집계하지 않습니다.,낮음
2026-08-06,UNEMP,미국 실업률,확인 부족,-1,월간 관측 누락: 달력 기간 계산 보류,현재 상태를 판단할 자료가 부족합니다.,확인 부족
2026-08-06,SAHM,Sahm Rule,확인 부족,-1,월간 관측 누락: 달력 기간 계산 보류,현재 상태를 판단할 자료가 부족합니다.,확인 부족
2026-08-06,CLAIMS,신규실업수당 4주평균,확인 부족,-1,이력 부족: 0/55관측,현재 상태를 판단할 자료가 부족합니다.,확인 부족
2026-08-06,CPI,CPI,확인 부족,-1,이력 부족: 0/16관측,현재 상태를 판단할 자료가 부족합니다.,확인 부족
2026-08-06,CORECPI,근원 CPI,확인 부족,-1,이력 부족: 0/16관측,현재 상태를 판단할 자료가 부족합니다.,확인 부족
2026-08-06,COREPCE,근원 PCE,확인 부족,-1,이력 부족: 0/16관측,현재 상태를 판단할 자료가 부족합니다.,확인 부족
2026-08-06,DXY,달러지수,확인 부족,-1,이력 부족: 0/147관측,현재 상태를 판단할 자료가 부족합니다.,확인 부족
2026-08-06,USDKRW,달러/원,확인 부족,-1,이력 부족: 0/147관측,현재 상태를 판단할 자료가 부족합니다.,확인 부족
2026-08-06,USDJPY,달러/엔,확인 부족,-1,이력 부족: 0/147관측,현재 상태를 판단할 자료가 부족합니다.,확인 부족
2026-08-06,WTI,WTI,확인 부족,-1,이력 부족: 0/147관측,현재 상태를 판단할 자료가 부족합니다.,확인 부족
2026-08-06,GOLD,금,정상,0,5일 +3.46% · 20일 +2.70% · 변동성 기준 78.0/35.1백분위,가격 움직임은 확인되지만 원인을 구분할 교차 근거가 충분하지 않습니다.,낮음
2026-08-06,SILVER,은,정상,0,5일 +4.46% · 20일 +1.76% · 변동성 기준 62.1/17.1백분위,가격 움직임은 확인되지만 원인을 구분할 교차 근거가 충분하지 않습니다.,낮음
2026-08-06,COPPER,구리,정상,0,5일 +3.76% · 20일 +7.59% · 변동성 기준 71.8/71.0백분위,가격 움직임은 확인되지만 원인을 구분할 교차 근거가 충분하지 않습니다.,낮음
2026-08-07,SP500,S&P500,확인 부족,-1,이력 부족: 0/252관측,현재 상태를 판단할 자료가 부족합니다.,확인 부족
2026-08-07,NASDAQ,Nasdaq,확인 부족,-1,이력 부족: 0/252관측,현재 상태를 판단할 자료가 부족합니다.,확인 부족
2026-08-07,RUSSELL,Russell 2000,정상,0,5일 +3.5% · 20일 +1.9% · 고점 대비 -0.1%,지표 고유의 상태와 다른 시장 영역의 동반 신호를 구분해 확인합니다.,낮음
2026-08-07,MA200,200일 이동평균 이격,확인 부족,-1,이력 부족: 0/200관측,현재 상태를 판단할 자료가 부족합니다.,확인 부족
2026-08-07,EW,동일가중 상대성과,정상,0,RSP가 SPY 대비 20일 +0.3%p · 5일 상대성과 -1.15%p,지표 고유의 상태와 다른 시장 영역의 동반 신호를 구분해 확인합니다.,낮음
2026-08-07,CAPE,CAPE,확인 부족,-1,이력 부족: 0/120관측,현재 상태를 판단할 자료가 부족합니다.,확인 부족
2026-08-07,ADV,상승 종목 비율,확인 부족,-1,이력 부족: 0/21관측,현재 상태를 판단할 자료가 부족합니다.,확인 부족
2026-08-07,ABOVE200,200DMA 위 종목 비율,확인 부족,-1,이력 부족: 0/21관측,현재 상태를 판단할 자료가 부족합니다.,확인 부족
2026-08-07,HILO,52주 신고가-신저가 비율,확인 부족,-1,이력 부족: 0/21관측,현재 상태를 판단할 자료가 부족합니다.,확인 부족
2026-08-07,EFFR,미국 기준금리,정상,0,20관측 +1bp · 인상 · EFFR 변화는 목표범위 결정 자체와 구분,금리 상승에 따른 부담을 관찰합니다. 물가·고용·신용의 동반 움직임으로 의미를 구분합니다.,낮음
2026-08-07,US3M,미국 3개월물 국채수익률,확인 부족,-1,이력 부족: 0/25관측,현재 상태를 판단할 자료가 부족합니다.,확인 부족
2026-08-07,US2Y,미국 2년물 국채수익률,확인 부족,-1,이력 부족: 0/25관측,현재 상태를 판단할 자료가 부족합니다.,확인 부족
2026-08-07,US10Y,미국 10년물 국채수익률,확인 부족,-1,이력 부족: 0/25관측,현재 상태를 판단할 자료가 부족합니다.,확인 부족
2026-08-07,US30Y,미국 30년물 국채수익률,확인 부족,-1,이력 부족: 0/25관측,현재 상태를 판단할 자료가 부족합니다.,확인 부족
2026-08-07,REAL10,미국 10년물 실질금리,확인 부족,-1,이력 부족: 0/25관측,현재 상태를 판단할 자료가 부족합니다.,확인 부족
2026-08-07,TERM,미국 10년물 기간프리미엄,주의,2,과거 504관측 대비 97.6백분위 · 20일 +5bp,금리 상승에 따른 부담을 관찰합니다. 물가·고용·신용의 동반 움직임으로 의미를 구분합니다.,낮음
2026-08-07,CURVE2,미국 10년물-2년물 금리차,확인 부족,-1,이력 부족: 0/22관측,현재 상태를 판단할 자료가 부족합니다.,확인 부족
2026-08-07,CURVE3,미국 10년물-3개월물 금리차,확인 부족,-1,이력 부족: 0/22관측,현재 상태를 판단할 자료가 부족합니다.,확인 부족
2026-08-07,CURVEFED,미국 10년물-기준금리 차,확인 부족,-1,이력 부족: 0/22관측,현재 상태를 판단할 자료가 부족합니다.,확인 부족
2026-08-07,VIX,VIX,안정,0,VIX 14.9 · 5일 -6.8% · 20일 -0.9% · 5일 -1.1포인트,지표 고유의 상태와 다른 시장 영역의 동반 신호를 구분해 확인합니다.,낮음
2026-08-07,VIXPOS,VIX 1년 위치,참고,0,과거 252관측 대비 6.9백분위,최근 분포에서의 위치입니다. 별도 위험 신호로 중복 집계하지 않습니다.,낮음
2026-08-07,HY,하이일드 OAS,안정,0,HY 2.70%p · 5일 -15bp · 20일 +1bp,지표 고유의 상태와 다른 시장 영역의 동반 신호를 구분해 확인합니다.,낮음
2026-08-07,BBB,BBB OAS,안정,0,BBB 0.97%p · 5일 -2bp · 20일 +1bp,지표 고유의 상태와 다른 시장 영역의 동반 신호를 구분해 확인합니다.,낮음
2026-08-07,HYPOS,HY 1년 위치,참고,0,과거 252관측 대비 7.7백분위,최근 분포에서의 위치입니다. 별도 위험 신호로 중복 집계하지 않습니다.,낮음
2026-08-07,UNEMP,미국 실업률,확인 부족,-1,월간 관측 누락: 달력 기간 계산 보류,현재 상태를 판단할 자료가 부족합니다.,확인 부족
2026-08-07,SAHM,Sahm Rule,확인 부족,-1,월간 관측 누락: 달력 기간 계산 보류,현재 상태를 판단할 자료가 부족합니다.,확인 부족
2026-08-07,CLAIMS,신규실업수당 4주평균,확인 부족,-1,이력 부족: 0/55관측,현재 상태를 판단할 자료가 부족합니다.,확인 부족
2026-08-07,CPI,CPI,확인 부족,-1,이력 부족: 0/16관측,현재 상태를 판단할 자료가 부족합니다.,확인 부족
2026-08-07,CORECPI,근원 CPI,확인 부족,-1,이력 부족: 0/16관측,현재 상태를 판단할 자료가 부족합니다.,확인 부족
2026-08-07,COREPCE,근원 PCE,확인 부족,-1,이력 부족: 0/16관측,현재 상태를 판단할 자료가 부족합니다.,확인 부족
2026-08-07,DXY,달러지수,확인 부족,-1,이력 부족: 0/147관측,현재 상태를 판단할 자료가 부족합니다.,확인 부족
2026-08-07,USDKRW,달러/원,확인 부족,-1,이력 부족: 0/147관측,현재 상태를 판단할 자료가 부족합니다.,확인 부족
2026-08-07,USDJPY,달러/엔,확인 부족,-1,이력 부족: 0/147관측,현재 상태를 판단할 자료가 부족합니다.,확인 부족
2026-08-07,WTI,WTI,확인 부족,-1,이력 부족: 0/147관측,현재 상태를 판단할 자료가 부족합니다.,확인 부족
2026-08-07,GOLD,금,관찰,1,5일 +7.20% · 20일 +5.76% · 변동성 기준 96.0/65.1백분위,가격 움직임은 확인되지만 원인을 구분할 교차 근거가 충분하지 않습니다.,낮음
2026-08-07,SILVER,은,정상,0,5일 +9.97% · 20일 +5.89% · 변동성 기준 88.3/45.2백분위,금과 은이 함께 상승합니다. 귀금속 공통 흐름을 확인합니다.,낮음
2026-08-07,COPPER,구리,정상,0,5일 +2.09% · 20일 +5.41% · 변동성 기준 45.0/53.0백분위,가격 움직임은 확인되지만 원인을 구분할 교차 근거가 충분하지 않습니다.,낮음
2026-08-10,SP500,S&P500,확인 부족,-1,이력 부족: 0/252관측,현재 상태를 판단할 자료가 부족합니다.,확인 부족
2026-08-10,NASDAQ,Nasdaq,확인 부족,-1,이력 부족: 0/252관측,현재 상태를 판단할 자료가 부족합니다.,확인 부족
2026-08-10,RUSSELL,Russell 2000,정상,0,5일 +1.2% · 20일 +2.2% · 고점 대비 -0.6%,지표 고유의 상태와 다른 시장 영역의 동반 신호를 구분해 확인합니다.,낮음
2026-08-10,MA200,200일 이동평균 이격,확인 부족,-1,이력 부족: 0/200관측,현재 상태를 판단할 자료가 부족합니다.,확인 부족
2026-08-10,EW,동일가중 상대성과,정상,0,RSP가 SPY 대비 20일 -0.4%p · 5일 상대성과 -0.59%p,지표 고유의 상태와 다른 시장 영역의 동반 신호를 구분해 확인합니다.,낮음
2026-08-10,CAPE,CAPE,확인 부족,-1,이력 부족: 0/120관측,현재 상태를 판단할 자료가 부족합니다.,확인 부족
2026-08-10,ADV,상승 종목 비율,확인 부족,-1,이력 부족: 0/21관측,현재 상태를 판단할 자료가 부족합니다.,확인 부족
2026-08-10,ABOVE200,200DMA 위 종목 비율,확인 부족,-1,이력 부족: 0/21관측,현재 상태를 판단할 자료가 부족합니다.,확인 부족
2026-08-10,HILO,52주 신고가-신저가 비율,확인 부족,-1,이력 부족: 0/21관측,현재 상태를 판단할 자료가 부족합니다.,확인 부족
2026-08-10,EFFR,미국 기준금리,정상,0,20관측 +1bp · 인상 · EFFR 변화는 목표범위 결정 자체와 구분,금리 상승에 따른 부담을 관찰합니다. 물가·고용·신용의 동반 움직임으로 의미를 구분합니다.,낮음
2026-08-10,US3M,미국 3개월물 국채수익률,확인 부족,-1,이력 부족: 0/25관측,현재 상태를 판단할 자료가 부족합니다.,확인 부족
2026-08-10,US2Y,미국 2년물 국채수익률,확인 부족,-1,이력 부족: 0/25관측,현재 상태를 판단할 자료가 부족합니다.,확인 부족
2026-08-10,US10Y,미국 10년물 국채수익률,확인 부족,-1,이력 부족: 0/25관측,현재 상태를 판단할 자료가 부족합니다.,확인 부족
2026-08-10,US30Y,미국 30년물 국채수익률,확인 부족,-1,이력 부족: 0/25관측,현재 상태를 판단할 자료가 부족합니다.,확인 부족
2026-08-10,REAL10,미국 10년물 실질금리,확인 부족,-1,이력 부족: 0/25관측,현재 상태를 판단할 자료가 부족합니다.,확인 부족
2026-08-10,TERM,미국 10년물 기간프리미엄,주의,2,과거 504관측 대비 99.3백분위 · 20일 +5bp,금리 상승에 따른 부담을 관찰합니다. 물가·고용·신용의 동반 움직임으로 의미를 구분합니다.,낮음
2026-08-10,CURVE2,미국 10년물-2년물 금리차,확인 부족,-1,이력 부족: 0/22관측,현재 상태를 판단할 자료가 부족합니다.,확인 부족
2026-08-10,CURVE3,미국 10년물-3개월물 금리차,확인 부족,-1,이력 부족: 0/22관측,현재 상태를 판단할 자료가 부족합니다.,확인 부족
2026-08-10,CURVEFED,미국 10년물-기준금리 차,확인 부족,-1,이력 부족: 0/22관측,현재 상태를 판단할 자료가 부족합니다.,확인 부족
2026-08-10,VIX,VIX,정상,0,VIX 15.5 · 5일 -2.5% · 20일 -9.9% · 5일 -0.4포인트,지표 고유의 상태와 다른 시장 영역의 동반 신호를 구분해 확인합니다.,낮음
2026-08-10,VIXPOS,VIX 1년 위치,참고,0,과거 252관측 대비 15.1백분위,최근 분포에서의 위치입니다. 별도 위험 신호로 중복 집계하지 않습니다.,낮음
2026-08-10,HY,하이일드 OAS,안정,0,HY 2.70%p · 5일 -8bp · 20일 +1bp,지표 고유의 상태와 다른 시장 영역의 동반 신호를 구분해 확인합니다.,낮음
2026-08-10,BBB,BBB OAS,안정,0,BBB 0.97%p · 5일 +0bp · 20일 +1bp,지표 고유의 상태와 다른 시장 영역의 동반 신호를 구분해 확인합니다.,낮음
2026-08-10,HYPOS,HY 1년 위치,참고,0,과거 252관측 대비 7.9백분위,최근 분포에서의 위치입니다. 별도 위험 신호로 중복 집계하지 않습니다.,낮음
2026-08-10,UNEMP,미국 실업률,확인 부족,-1,월간 관측 누락: 달력 기간 계산 보류,현재 상태를 판단할 자료가 부족합니다.,확인 부족
2026-08-10,SAHM,Sahm Rule,확인 부족,-1,월간 관측 누락: 달력 기간 계산 보류,현재 상태를 판단할 자료가 부족합니다.,확인 부족
2026-08-10,CLAIMS,신규실업수당 4주평균,확인 부족,-1,이력 부족: 0/55관측,현재 상태를 판단할 자료가 부족합니다.,확인 부족
2026-08-10,CPI,CPI,확인 부족,-1,이력 부족: 0/16관측,현재 상태를 판단할 자료가 부족합니다.,확인 부족
2026-08-10,CORECPI,근원 CPI,확인 부족,-1,이력 부족: 0/16관측,현재 상태를 판단할 자료가 부족합니다.,확인 부족
2026-08-10,COREPCE,근원 PCE,확인 부족,-1,이력 부족: 0/16관측,현재 상태를 판단할 자료가 부족합니다.,확인 부족
2026-08-10,DXY,달러지수,확인 부족,-1,이력 부족: 0/147관측,현재 상태를 판단할 자료가 부족합니다.,확인 부족
2026-08-10,USDKRW,달러/원,확인 부족,-1,이력 부족: 0/147관측,현재 상태를 판단할 자료가 부족합니다.,확인 부족
2026-08-10,USDJPY,달러/엔,확인 부족,-1,이력 부족: 0/147관측,현재 상태를 판단할 자료가 부족합니다.,확인 부족
2026-08-10,WTI,WTI,확인 부족,-1,이력 부족: 0/147관측,현재 상태를 판단할 자료가 부족합니다.,확인 부족
2026-08-10,GOLD,금,관찰,1,5일 +8.13% · 20일 +9.13% · 변동성 기준 97.0/87.5백분위,가격 움직임은 확인되지만 원인을 구분할 교차 근거가 충분하지 않습니다.,낮음
2026-08-10,SILVER,은,관찰,1,5일 +12.90% · 20일 +12.96% · 변동성 기준 93.5/78.8백분위,금과 은이 함께 상승합니다. 귀금속 공통 흐름을 확인합니다.,낮음
2026-08-10,COPPER,구리,정상,0,5일 +1.24% · 20일 +5.80% · 변동성 기준 27.4/56.7백분위,가격 움직임은 확인되지만 원인을 구분할 교차 근거가 충분하지 않습니다.,낮음
2026-08-11,SP500,S&P500,확인 부족,-1,이력 부족: 0/252관측,현재 상태를 판단할 자료가 부족합니다.,확인 부족
2026-08-11,NASDAQ,Nasdaq,확인 부족,-1,이력 부족: 0/252관측,현재 상태를 판단할 자료가 부족합니다.,확인 부족
2026-08-11,RUSSELL,Russell 2000,정상,0,5일 -0.3% · 20일 +2.1% · 고점 대비 -0.3%,지표 고유의 상태와 다른 시장 영역의 동반 신호를 구분해 확인합니다.,낮음
2026-08-11,MA200,200일 이동평균 이격,확인 부족,-1,이력 부족: 0/200관측,현재 상태를 판단할 자료가 부족합니다.,확인 부족
2026-08-11,EW,동일가중 상대성과,정상,0,RSP가 SPY 대비 20일 +0.9%p · 5일 상대성과 +0.31%p,지표 고유의 상태와 다른 시장 영역의 동반 신호를 구분해 확인합니다.,낮음
2026-08-11,CAPE,CAPE,확인 부족,-1,이력 부족: 0/120관측,현재 상태를 판단할 자료가 부족합니다.,확인 부족
2026-08-11,ADV,상승 종목 비율,확인 부족,-1,이력 부족: 0/21관측,현재 상태를 판단할 자료가 부족합니다.,확인 부족
2026-08-11,ABOVE200,200DMA 위 종목 비율,확인 부족,-1,이력 부족: 0/21관측,현재 상태를 판단할 자료가 부족합니다.,확인 부족
2026-08-11,HILO,52주 신고가-신저가 비율,확인 부족,-1,이력 부족: 0/21관측,현재 상태를 판단할 자료가 부족합니다.,확인 부족
2026-08-11,EFFR,미국 기준금리,정상,0,20관측 +0bp · 유지 · EFFR 변화는 목표범위 결정 자체와 구분,금리 하락 또는 상대관계 변화을 관찰합니다. 물가·고용·신용의 동반 움직임으로 의미를 구분합니다.,낮음
2026-08-11,US3M,미국 3개월물 국채수익률,확인 부족,-1,이력 부족: 0/25관측,현재 상태를 판단할 자료가 부족합니다.,확인 부족
2026-08-11,US2Y,미국 2년물 국채수익률,확인 부족,-1,이력 부족: 0/25관측,현재 상태를 판단할 자료가 부족합니다.,확인 부족
2026-08-11,US10Y,미국 10년물 국채수익률,확인 부족,-1,이력 부족: 0/25관측,현재 상태를 판단할 자료가 부족합니다.,확인 부족
2026-08-11,US30Y,미국 30년물 국채수익률,확인 부족,-1,이력 부족: 0/25관측,현재 상태를 판단할 자료가 부족합니다.,확인 부족
2026-08-11,REAL10,미국 10년물 실질금리,확인 부족,-1,이력 부족: 0/25관측,현재 상태를 판단할 자료가 부족합니다.,확인 부족
2026-08-11,TERM,미국 10년물 기간프리미엄,주의,2,과거 504관측 대비 99.0백분위 · 20일 +6bp,금리 상승에 따른 부담을 관찰합니다. 물가·고용·신용의 동반 움직임으로 의미를 구분합니다.,낮음
2026-08-11,CURVE2,미국 10년물-2년물 금리차,확인 부족,-1,이력 부족: 0/22관측,현재 상태를 판단할 자료가 부족합니다.,확인 부족
2026-08-11,CURVE3,미국 10년물-3개월물 금리차,확인 부족,-1,이력 부족: 0/22관측,현재 상태를 판단할 자료가 부족합니다.,확인 부족
2026-08-11,CURVEFED,미국 10년물-기준금리 차,확인 부족,-1,이력 부족: 0/22관측,현재 상태를 판단할 자료가 부족합니다.,확인 부족
2026-08-11,VIX,VIX,정상,0,VIX 15.3 · 5일 -7.4% · 20일 -7.4% · 5일 -1.2포인트,지표 고유의 상태와 다른 시장 영역의 동반 신호를 구분해 확인합니다.,낮음
2026-08-11,VIXPOS,VIX 1년 위치,참고,0,과거 252관측 대비 10.7백분위,최근 분포에서의 위치입니다. 별도 위험 신호로 중복 집계하지 않습니다.,낮음
2026-08-11,HY,하이일드 OAS,안정,0,HY 2.72%p · 5일 -1bp · 20일 +0bp,지표 고유의 상태와 다른 시장 영역의 동반 신호를 구분해 확인합니다.,낮음
2026-08-11,BBB,BBB OAS,안정,0,BBB 0.98%p · 5일 +1bp · 20일 +1bp,지표 고유의 상태와 다른 시장 영역의 동반 신호를 구분해 확인합니다.,낮음
2026-08-11,HYPOS,HY 1년 위치,참고,0,과거 252관측 대비 15.5백분위,최근 분포에서의 위치입니다. 별도 위험 신호로 중복 집계하지 않습니다.,낮음
2026-08-11,UNEMP,미국 실업률,확인 부족,-1,월간 관측 누락: 달력 기간 계산 보류,현재 상태를 판단할 자료가 부족합니다.,확인 부족
2026-08-11,SAHM,Sahm Rule,확인 부족,-1,월간 관측 누락: 달력 기간 계산 보류,현재 상태를 판단할 자료가 부족합니다.,확인 부족
2026-08-11,CLAIMS,신규실업수당 4주평균,확인 부족,-1,이력 부족: 0/55관측,현재 상태를 판단할 자료가 부족합니다.,확인 부족
2026-08-11,CPI,CPI,확인 부족,-1,이력 부족: 0/16관측,현재 상태를 판단할 자료가 부족합니다.,확인 부족
2026-08-11,CORECPI,근원 CPI,확인 부족,-1,이력 부족: 0/16관측,현재 상태를 판단할 자료가 부족합니다.,확인 부족
2026-08-11,COREPCE,근원 PCE,확인 부족,-1,이력 부족: 0/16관측,현재 상태를 판단할 자료가 부족합니다.,확인 부족
2026-08-11,DXY,달러지수,확인 부족,-1,이력 부족: 0/147관측,현재 상태를 판단할 자료가 부족합니다.,확인 부족
2026-08-11,USDKRW,달러/원,확인 부족,-1,이력 부족: 0/147관측,현재 상태를 판단할 자료가 부족합니다.,확인 부족
2026-08-11,USDJPY,달러/엔,확인 부족,-1,이력 부족: 0/147관측,현재 상태를 판단할 자료가 부족합니다.,확인 부족
2026-08-11,WTI,WTI,확인 부족,-1,이력 부족: 0/147관측,현재 상태를 판단할 자료가 부족합니다.,확인 부족
2026-08-11,GOLD,금,관찰,1,5일 +7.02% · 20일 +7.93% · 변동성 기준 95.4/80.8백분위,가격 움직임은 확인되지만 원인을 구분할 교차 근거가 충분하지 않습니다.,낮음
2026-08-11,SILVER,은,정상,0,5일 +7.85% · 20일 +10.20% · 변동성 기준 81.9/69.0백분위,금과 은이 함께 상승합니다. 귀금속 공통 흐름을 확인합니다.,낮음
2026-08-11,COPPER,구리,정상,0,5일 -0.10% · 20일 +4.45% · 변동성 기준 1.4/44.8백분위,가격 움직임은 확인되지만 원인을 구분할 교차 근거가 충분하지 않습니다.,낮음
2026-08-12,SP500,S&P500,확인 부족,-1,이력 부족: 0/252관측,현재 상태를 판단할 자료가 부족합니다.,확인 부족
2026-08-12,NASDAQ,Nasdaq,확인 부족,-1,이력 부족: 0/252관측,현재 상태를 판단할 자료가 부족합니다.,확인 부족
2026-08-12,RUSSELL,Russell 2000,정상,0,5일 +0.9% · 20일 +2.3% · 고점 대비 0.0%,지표 고유의 상태와 다른 시장 영역의 동반 신호를 구분해 확인합니다.,낮음
2026-08-12,MA200,200일 이동평균 이격,확인 부족,-1,이력 부족: 0/200관측,현재 상태를 판단할 자료가 부족합니다.,확인 부족
2026-08-12,EW,동일가중 상대성과,정상,0,RSP가 SPY 대비 20일 +1.5%p · 5일 상대성과 +0.26%p,지표 고유의 상태와 다른 시장 영역의 동반 신호를 구분해 확인합니다.,낮음
2026-08-12,CAPE,CAPE,확인 부족,-1,이력 부족: 0/120관측,현재 상태를 판단할 자료가 부족합니다.,확인 부족
2026-08-12,ADV,상승 종목 비율,확인 부족,-1,이력 부족: 0/21관측,현재 상태를 판단할 자료가 부족합니다.,확인 부족
2026-08-12,ABOVE200,200DMA 위 종목 비율,확인 부족,-1,이력 부족: 0/21관측,현재 상태를 판단할 자료가 부족합니다.,확인 부족
2026-08-12,HILO,52주 신고가-신저가 비율,확인 부족,-1,이력 부족: 0/21관측,현재 상태를 판단할 자료가 부족합니다.,확인 부족
2026-08-12,EFFR,미국 기준금리,정상,0,20관측 +0bp · 유지 · EFFR 변화는 목표범위 결정 자체와 구분,금리 하락 또는 상대관계 변화을 관찰합니다. 물가·고용·신용의 동반 움직임으로 의미를 구분합니다.,낮음
2026-08-12,US3M,미국 3개월물 국채수익률,확인 부족,-1,이력 부족: 0/25관측,현재 상태를 판단할 자료가 부족합니다.,확인 부족
2026-08-12,US2Y,미국 2년물 국채수익률,확인 부족,-1,이력 부족: 0/25관측,현재 상태를 판단할 자료가 부족합니다.,확인 부족
2026-08-12,US10Y,미국 10년물 국채수익률,확인 부족,-1,이력 부족: 0/25관측,현재 상태를 판단할 자료가 부족합니다.,확인 부족
2026-08-12,US30Y,미국 30년물 국채수익률,확인 부족,-1,이력 부족: 0/25관측,현재 상태를 판단할 자료가 부족합니다.,확인 부족
2026-08-12,REAL10,미국 10년물 실질금리,확인 부족,-1,이력 부족: 0/25관측,현재 상태를 판단할 자료가 부족합니다.,확인 부족
2026-08-12,TERM,미국 10년물 기간프리미엄,주의,2,과거 504관측 대비 98.8백분위 · 20일 +7bp,금리 상승에 따른 부담을 관찰합니다. 물가·고용·신용의 동반 움직임으로 의미를 구분합니다.,낮음
2026-08-12,CURVE2,미국 10년물-2년물 금리차,확인 부족,-1,이력 부족: 0/22관측,현재 상태를 판단할 자료가 부족합니다.,확인 부족
2026-08-12,CURVE3,미국 10년물-3개월물 금리차,확인 부족,-1,이력 부족: 0/22관측,현재 상태를 판단할 자료가 부족합니다.,확인 부족
2026-08-12,CURVEFED,미국 10년물-기준금리 차,확인 부족,-1,이력 부족: 0/22관측,현재 상태를 판단할 자료가 부족합니다.,확인 부족
2026-08-12,VIX,VIX,안정,0,VIX 14.6 · 5일 -8.0% · 20일 -7.1% · 5일 -1.3포인트,지표 고유의 상태와 다른 시장 영역의 동반 신호를 구분해 확인합니다.,낮음
2026-08-12,VIXPOS,VIX 1년 위치,참고,0,과거 252관측 대비 4.0백분위,최근 분포에서의 위치입니다. 별도 위험 신호로 중복 집계하지 않습니다.,낮음
2026-08-12,HY,하이일드 OAS,안정,0,HY 2.71%p · 5일 -4bp · 20일 +0bp,지표 고유의 상태와 다른 시장 영역의 동반 신호를 구분해 확인합니다.,낮음
2026-08-12,BBB,BBB OAS,안정,0,BBB 0.98%p · 5일 +2bp · 20일 +1bp,지표 고유의 상태와 다른 시장 영역의 동반 신호를 구분해 확인합니다.,낮음
2026-08-12,HYPOS,HY 1년 위치,참고,0,과거 252관측 대비 11.5백분위,최근 분포에서의 위치입니다. 별도 위험 신호로 중복 집계하지 않습니다.,낮음
2026-08-12,UNEMP,미국 실업률,확인 부족,-1,월간 관측 누락: 달력 기간 계산 보류,현재 상태를 판단할 자료가 부족합니다.,확인 부족
2026-08-12,SAHM,Sahm Rule,확인 부족,-1,월간 관측 누락: 달력 기간 계산 보류,현재 상태를 판단할 자료가 부족합니다.,확인 부족
2026-08-12,CLAIMS,신규실업수당 4주평균,확인 부족,-1,이력 부족: 0/55관측,현재 상태를 판단할 자료가 부족합니다.,확인 부족
2026-08-12,CPI,CPI,확인 부족,-1,이력 부족: 0/16관측,현재 상태를 판단할 자료가 부족합니다.,확인 부족
2026-08-12,CORECPI,근원 CPI,확인 부족,-1,이력 부족: 0/16관측,현재 상태를 판단할 자료가 부족합니다.,확인 부족
2026-08-12,COREPCE,근원 PCE,확인 부족,-1,이력 부족: 0/16관측,현재 상태를 판단할 자료가 부족합니다.,확인 부족
2026-08-12,DXY,달러지수,확인 부족,-1,이력 부족: 0/147관측,현재 상태를 판단할 자료가 부족합니다.,확인 부족
2026-08-12,USDKRW,달러/원,확인 부족,-1,이력 부족: 0/147관측,현재 상태를 판단할 자료가 부족합니다.,확인 부족
2026-08-12,USDJPY,달러/엔,확인 부족,-1,이력 부족: 0/147관측,현재 상태를 판단할 자료가 부족합니다.,확인 부족
2026-08-12,WTI,WTI,확인 부족,-1,이력 부족: 0/147관측,현재 상태를 판단할 자료가 부족합니다.,확인 부족
2026-08-12,GOLD,금,정상,0,5일 +3.84% · 20일 +9.02% · 변동성 기준 83.1/86.9백분위,가격 움직임은 확인되지만 원인을 구분할 교차 근거가 충분하지 않습니다.,낮음
2026-08-12,SILVER,은,정상,0,5일 +5.57% · 20일 +14.79% · 변동성 기준 70.6/81.7백분위,금과 은이 함께 상승합니다. 귀금속 공통 흐름을 확인합니다.,낮음
2026-08-12,COPPER,구리,정상,0,5일 -1.58% · 20일 +4.82% · 변동성 기준 34.5/47.0백분위,가격 움직임은 확인되지만 원인을 구분할 교차 근거가 충분하지 않습니다.,낮음
2026-08-13,SP500,S&P500,확인 부족,-1,이력 부족: 0/252관측,현재 상태를 판단할 자료가 부족합니다.,확인 부족
2026-08-13,NASDAQ,Nasdaq,확인 부족,-1,이력 부족: 0/252관측,현재 상태를 판단할 자료가 부족합니다.,확인 부족
2026-08-13,RUSSELL,Russell 2000,정상,0,5일 +1.7% · 20일 +2.6% · 고점 대비 0.0%,지표 고유의 상태와 다른 시장 영역의 동반 신호를 구분해 확인합니다.,낮음
2026-08-13,MA200,200일 이동평균 이격,확인 부족,-1,이력 부족: 0/200관측,현재 상태를 판단할 자료가 부족합니다.,확인 부족
2026-08-13,EW,동일가중 상대성과,정상,0,RSP가 SPY 대비 20일 -0.1%p · 5일 상대성과 +0.69%p,지표 고유의 상태와 다른 시장 영역의 동반 신호를 구분해 확인합니다.,낮음
2026-08-13,CAPE,CAPE,확인 부족,-1,이력 부족: 0/120관측,현재 상태를 판단할 자료가 부족합니다.,확인 부족
2026-08-13,ADV,상승 종목 비율,확인 부족,-1,이력 부족: 0/21관측,현재 상태를 판단할 자료가 부족합니다.,확인 부족
2026-08-13,ABOVE200,200DMA 위 종목 비율,확인 부족,-1,이력 부족: 0/21관측,현재 상태를 판단할 자료가 부족합니다.,확인 부족
2026-08-13,HILO,52주 신고가-신저가 비율,확인 부족,-1,이력 부족: 0/21관측,현재 상태를 판단할 자료가 부족합니다.,확인 부족
2026-08-13,EFFR,미국 기준금리,정상,0,20관측 +0bp · 유지 · EFFR 변화는 목표범위 결정 자체와 구분,금리 하락 또는 상대관계 변화을 관찰합니다. 물가·고용·신용의 동반 움직임으로 의미를 구분합니다.,낮음
2026-08-13,US3M,미국 3개월물 국채수익률,확인 부족,-1,이력 부족: 0/25관측,현재 상태를 판단할 자료가 부족합니다.,확인 부족
2026-08-13,US2Y,미국 2년물 국채수익률,확인 부족,-1,이력 부족: 0/25관측,현재 상태를 판단할 자료가 부족합니다.,확인 부족
2026-08-13,US10Y,미국 10년물 국채수익률,확인 부족,-1,이력 부족: 0/25관측,현재 상태를 판단할 자료가 부족합니다.,확인 부족
2026-08-13,US30Y,미국 30년물 국채수익률,확인 부족,-1,이력 부족: 0/25관측,현재 상태를 판단할 자료가 부족합니다.,확인 부족
2026-08-13,REAL10,미국 10년물 실질금리,확인 부족,-1,이력 부족: 0/25관측,현재 상태를 판단할 자료가 부족합니다.,확인 부족
2026-08-13,TERM,미국 10년물 기간프리미엄,관찰,1,과거 504관측 대비 96.8백분위 · 20일 +4bp,금리 상승에 따른 부담을 관찰합니다. 물가·고용·신용의 동반 움직임으로 의미를 구분합니다.,낮음
2026-08-13,CURVE2,미국 10년물-2년물 금리차,확인 부족,-1,이력 부족: 0/22관측,현재 상태를 판단할 자료가 부족합니다.,확인 부족
2026-08-13,CURVE3,미국 10년물-3개월물 금리차,확인 부족,-1,이력 부족: 0/22관측,현재 상태를 판단할 자료가 부족합니다.,확인 부족
2026-08-13,CURVEFED,미국 10년물-기준금리 차,확인 부족,-1,이력 부족: 0/22관측,현재 상태를 판단할 자료가 부족합니다.,확인 부족
2026-08-13,VIX,VIX,안정,0,VIX 14.6 · 5일 -3.4% · 20일 -12.6% · 5일 -0.5포인트,지표 고유의 상태와 다른 시장 영역의 동반 신호를 구분해 확인합니다.,낮음
2026-08-13,VIXPOS,VIX 1년 위치,참고,0,과거 252관측 대비 4.8백분위,최근 분포에서의 위치입니다. 별도 위험 신호로 중복 집계하지 않습니다.,낮음
2026-08-13,HY,하이일드 OAS,안정,0,HY 2.71%p · 5일 +0bp · 20일 +0bp,지표 고유의 상태와 다른 시장 영역의 동반 신호를 구분해 확인합니다.,낮음
2026-08-13,BBB,BBB OAS,안정,0,BBB 0.98%p · 5일 +1bp · 20일 +2bp,지표 고유의 상태와 다른 시장 영역의 동반 신호를 구분해 확인합니다.,낮음
2026-08-13,HYPOS,HY 1년 위치,참고,0,과거 252관측 대비 11.7백분위,최근 분포에서의 위치입니다. 별도 위험 신호로 중복 집계하지 않습니다.,낮음
2026-08-13,UNEMP,미국 실업률,확인 부족,-1,월간 관측 누락: 달력 기간 계산 보류,현재 상태를 판단할 자료가 부족합니다.,확인 부족
2026-08-13,SAHM,Sahm Rule,확인 부족,-1,월간 관측 누락: 달력 기간 계산 보류,현재 상태를 판단할 자료가 부족합니다.,확인 부족
2026-08-13,CLAIMS,신규실업수당 4주평균,확인 부족,-1,이력 부족: 0/55관측,현재 상태를 판단할 자료가 부족합니다.,확인 부족
2026-08-13,CPI,CPI,확인 부족,-1,이력 부족: 0/16관측,현재 상태를 판단할 자료가 부족합니다.,확인 부족
2026-08-13,CORECPI,근원 CPI,확인 부족,-1,이력 부족: 0/16관측,현재 상태를 판단할 자료가 부족합니다.,확인 부족
2026-08-13,COREPCE,근원 PCE,확인 부족,-1,이력 부족: 0/16관측,현재 상태를 판단할 자료가 부족합니다.,확인 부족
2026-08-13,DXY,달러지수,확인 부족,-1,이력 부족: 0/147관측,현재 상태를 판단할 자료가 부족합니다.,확인 부족
2026-08-13,USDKRW,달러/원,확인 부족,-1,이력 부족: 0/147관측,현재 상태를 판단할 자료가 부족합니다.,확인 부족
2026-08-13,USDJPY,달러/엔,확인 부족,-1,이력 부족: 0/147관측,현재 상태를 판단할 자료가 부족합니다.,확인 부족
2026-08-13,WTI,WTI,확인 부족,-1,이력 부족: 0/147관측,현재 상태를 판단할 자료가 부족합니다.,확인 부족
2026-08-13,GOLD,금,정상,0,5일 +2.87% · 20일 +9.48% · 변동성 기준 67.9/88.9백분위,가격 움직임은 확인되지만 원인을 구분할 교차 근거가 충분하지 않습니다.,낮음
2026-08-13,SILVER,은,정상,0,5일 +5.59% · 20일 +16.06% · 변동성 기준 70.8/84.5백분위,금과 은이 함께 상승합니다. 귀금속 공통 흐름을 확인합니다.,낮음
2026-08-13,COPPER,구리,정상,0,5일 -1.41% · 20일 +4.71% · 변동성 기준 30.8/46.4백분위,가격 움직임은 확인되지만 원인을 구분할 교차 근거가 충분하지 않습니다.,낮음
2026-08-14,SP500,S&P500,확인 부족,-1,이력 부족: 0/252관측,현재 상태를 판단할 자료가 부족합니다.,확인 부족
2026-08-14,NASDAQ,Nasdaq,확인 부족,-1,이력 부족: 0/252관측,현재 상태를 판단할 자료가 부족합니다.,확인 부족
2026-08-14,RUSSELL,Russell 2000,정상,0,5일 +1.1% · 20일 +3.6% · 고점 대비 0.0%,지표 고유의 상태와 다른 시장 영역의 동반 신호를 구분해 확인합니다.,낮음
2026-08-14,MA200,200일 이동평균 이격,확인 부족,-1,이력 부족: 0/200관측,현재 상태를 판단할 자료가 부족합니다.,확인 부족
2026-08-14,EW,동일가중 상대성과,정상,0,RSP가 SPY 대비 20일 -0.0%p · 5일 상대성과 +0.82%p,지표 고유의 상태와 다른 시장 영역의 동반 신호를 구분해 확인합니다.,낮음
2026-08-14,CAPE,CAPE,확인 부족,-1,이력 부족: 0/120관측,현재 상태를 판단할 자료가 부족합니다.,확인 부족
2026-08-14,ADV,상승 종목 비율,확인 부족,-1,이력 부족: 0/21관측,현재 상태를 판단할 자료가 부족합니다.,확인 부족
2026-08-14,ABOVE200,200DMA 위 종목 비율,확인 부족,-1,이력 부족: 0/21관측,현재 상태를 판단할 자료가 부족합니다.,확인 부족
2026-08-14,HILO,52주 신고가-신저가 비율,확인 부족,-1,이력 부족: 0/21관측,현재 상태를 판단할 자료가 부족합니다.,확인 부족
2026-08-14,EFFR,미국 기준금리,정상,0,20관측 +0bp · 유지 · EFFR 변화는 목표범위 결정 자체와 구분,금리 하락 또는 상대관계 변화을 관찰합니다. 물가·고용·신용의 동반 움직임으로 의미를 구분합니다.,낮음
2026-08-14,US3M,미국 3개월물 국채수익률,확인 부족,-1,이력 부족: 0/25관측,현재 상태를 판단할 자료가 부족합니다.,확인 부족
2026-08-14,US2Y,미국 2년물 국채수익률,확인 부족,-1,이력 부족: 0/25관측,현재 상태를 판단할 자료가 부족합니다.,확인 부족
2026-08-14,US10Y,미국 10년물 국채수익률,확인 부족,-1,이력 부족: 0/25관측,현재 상태를 판단할 자료가 부족합니다.,확인 부족
2026-08-14,US30Y,미국 30년물 국채수익률,확인 부족,-1,이력 부족: 0/25관측,현재 상태를 판단할 자료가 부족합니다.,확인 부족
2026-08-14,REAL10,미국 10년물 실질금리,확인 부족,-1,이력 부족: 0/25관측,현재 상태를 판단할 자료가 부족합니다.,확인 부족
2026-08-14,TERM,미국 10년물 기간프리미엄,주의,2,과거 504관측 대비 98.6백분위 · 20일 +6bp,금리 상승에 따른 부담을 관찰합니다. 물가·고용·신용의 동반 움직임으로 의미를 구분합니다.,낮음
2026-08-14,CURVE2,미국 10년물-2년물 금리차,확인 부족,-1,이력 부족: 0/22관측,현재 상태를 판단할 자료가 부족합니다.,확인 부족
2026-08-14,CURVE3,미국 10년물-3개월물 금리차,확인 부족,-1,이력 부족: 0/22관측,현재 상태를 판단할 자료가 부족합니다.,확인 부족
2026-08-14,CURVEFED,미국 10년물-기준금리 차,확인 부족,-1,이력 부족: 0/22관측,현재 상태를 판단할 자료가 부족합니다.,확인 부족
2026-08-14,VIX,VIX,안정,0,VIX 14.2 · 5일 -4.4% · 20일 -24.1% · 5일 -0.7포인트,지표 고유의 상태와 다른 시장 영역의 동반 신호를 구분해 확인합니다.,낮음
2026-08-14,VIXPOS,VIX 1년 위치,참고,0,과거 252관측 대비 2.4백분위,최근 분포에서의 위치입니다. 별도 위험 신호로 중복 집계하지 않습니다.,낮음
2026-08-14,HY,하이일드 OAS,안정,0,HY 2.67%p · 5일 -3bp · 20일 -6bp,지표 고유의 상태와 다른 시장 영역의 동반 신호를 구분해 확인합니다.,낮음
2026-08-14,BBB,BBB OAS,안정,0,BBB 0.98%p · 5일 +1bp · 20일 +1bp,지표 고유의 상태와 다른 시장 영역의 동반 신호를 구분해 확인합니다.,낮음
2026-08-14,HYPOS,HY 1년 위치,참고,0,과거 252관측 대비 3.4백분위,최근 분포에서의 위치입니다. 별도 위험 신호로 중복 집계하지 않습니다.,낮음
2026-08-14,UNEMP,미국 실업률,확인 부족,-1,월간 관측 누락: 달력 기간 계산 보류,현재 상태를 판단할 자료가 부족합니다.,확인 부족
2026-08-14,SAHM,Sahm Rule,확인 부족,-1,월간 관측 누락: 달력 기간 계산 보류,현재 상태를 판단할 자료가 부족합니다.,확인 부족
2026-08-14,CLAIMS,신규실업수당 4주평균,확인 부족,-1,이력 부족: 0/55관측,현재 상태를 판단할 자료가 부족합니다.,확인 부족
2026-08-14,CPI,CPI,확인 부족,-1,이력 부족: 0/16관측,현재 상태를 판단할 자료가 부족합니다.,확인 부족
2026-08-14,CORECPI,근원 CPI,확인 부족,-1,이력 부족: 0/16관측,현재 상태를 판단할 자료가 부족합니다.,확인 부족
2026-08-14,COREPCE,근원 PCE,확인 부족,-1,이력 부족: 0/16관측,현재 상태를 판단할 자료가 부족합니다.,확인 부족
2026-08-14,DXY,달러지수,확인 부족,-1,이력 부족: 0/147관측,현재 상태를 판단할 자료가 부족합니다.,확인 부족
2026-08-14,USDKRW,달러/원,확인 부족,-1,이력 부족: 0/147관측,현재 상태를 판단할 자료가 부족합니다.,확인 부족
2026-08-14,USDJPY,달러/엔,확인 부족,-1,이력 부족: 0/147관측,현재 상태를 판단할 자료가 부족합니다.,확인 부족
2026-08-14,WTI,WTI,확인 부족,-1,이력 부족: 0/147관측,현재 상태를 판단할 자료가 부족합니다.,확인 부족
2026-08-14,GOLD,금,정상,0,5일 +0.91% · 20일 +9.16% · 변동성 기준 23.4/87.5백분위,가격 움직임은 확인되지만 원인을 구분할 교차 근거가 충분하지 않습니다.,낮음
2026-08-14,SILVER,은,정상,0,5일 +2.61% · 20일 +15.97% · 변동성 기준 39.9/84.3백분위,금과 은이 함께 상승합니다. 귀금속 공통 흐름을 확인합니다.,낮음
2026-08-14,COPPER,구리,정상,0,5일 +0.44% · 20일 +6.10% · 변동성 기준 9.3/60.1백분위,가격 움직임은 확인되지만 원인을 구분할 교차 근거가 충분하지 않습니다.,낮음
2026-08-17,SP500,S&P500,확인 부족,-1,이력 부족: 0/252관측,현재 상태를 판단할 자료가 부족합니다.,확인 부족
2026-08-17,NASDAQ,Nasdaq,확인 부족,-1,이력 부족: 0/252관측,현재 상태를 판단할 자료가 부족합니다.,확인 부족
2026-08-17,RUSSELL,Russell 2000,정상,0,5일 +1.3% · 20일 +3.9% · 고점 대비 -0.4%,지표 고유의 상태와 다른 시장 영역의 동반 신호를 구분해 확인합니다.,낮음
2026-08-17,MA200,200일 이동평균 이격,확인 부족,-1,이력 부족: 0/200관측,현재 상태를 판단할 자료가 부족합니다.,확인 부족
2026-08-17,EW,동일가중 상대성과,정상,0,RSP가 SPY 대비 20일 -0.2%p · 5일 상대성과 +0.31%p,지표 고유의 상태와 다른 시장 영역의 동반 신호를 구분해 확인합니다.,낮음
2026-08-17,CAPE,CAPE,확인 부족,-1,이력 부족: 0/120관측,현재 상태를 판단할 자료가 부족합니다.,확인 부족
2026-08-17,ADV,상승 종목 비율,확인 부족,-1,이력 부족: 0/21관측,현재 상태를 판단할 자료가 부족합니다.,확인 부족
2026-08-17,ABOVE200,200DMA 위 종목 비율,확인 부족,-1,이력 부족: 0/21관측,현재 상태를 판단할 자료가 부족합니다.,확인 부족
2026-08-17,HILO,52주 신고가-신저가 비율,확인 부족,-1,이력 부족: 0/21관측,현재 상태를 판단할 자료가 부족합니다.,확인 부족
2026-08-17,EFFR,미국 기준금리,정상,0,20관측 +0bp · 유지 · EFFR 변화는 목표범위 결정 자체와 구분,금리 하락 또는 상대관계 변화을 관찰합니다. 물가·고용·신용의 동반 움직임으로 의미를 구분합니다.,낮음
2026-08-17,US3M,미국 3개월물 국채수익률,확인 부족,-1,이력 부족: 0/25관측,현재 상태를 판단할 자료가 부족합니다.,확인 부족
2026-08-17,US2Y,미국 2년물 국채수익률,확인 부족,-1,이력 부족: 0/25관측,현재 상태를 판단할 자료가 부족합니다.,확인 부족
2026-08-17,US10Y,미국 10년물 국채수익률,확인 부족,-1,이력 부족: 0/25관측,현재 상태를 판단할 자료가 부족합니다.,확인 부족
2026-08-17,US30Y,미국 30년물 국채수익률,확인 부족,-1,이력 부족: 0/25관측,현재 상태를 판단할 자료가 부족합니다.,확인 부족
2026-08-17,REAL10,미국 10년물 실질금리,확인 부족,-1,이력 부족: 0/25관측,현재 상태를 판단할 자료가 부족합니다.,확인 부족
2026-08-17,TERM,미국 10년물 기간프리미엄,주의,2,과거 504관측 대비 99.6백분위 · 20일 +6bp,금리 상승에 따른 부담을 관찰합니다. 물가·고용·신용의 동반 움직임으로 의미를 구분합니다.,낮음
2026-08-17,CURVE2,미국 10년물-2년물 금리차,확인 부족,-1,이력 부족: 0/22관측,현재 상태를 판단할 자료가 부족합니다.,확인 부족
2026-08-17,CURVE3,미국 10년물-3개월물 금리차,확인 부족,-1,이력 부족: 0/22관측,현재 상태를 판단할 자료가 부족합니다.,확인 부족
2026-08-17,CURVEFED,미국 10년물-기준금리 차,확인 부족,-1,이력 부족: 0/22관측,현재 상태를 판단할 자료가 부족합니다.,확인 부족
2026-08-17,VIX,VIX,정상,0,VIX 15.2 · 5일 -1.7% · 20일 -18.6% · 5일 -0.3포인트,지표 고유의 상태와 다른 시장 영역의 동반 신호를 구분해 확인합니다.,낮음
2026-08-17,VIXPOS,VIX 1년 위치,참고,0,과거 252관측 대비 11.5백분위,최근 분포에서의 위치입니다. 별도 위험 신호로 중복 집계하지 않습니다.,낮음
2026-08-17,HY,하이일드 OAS,안정,0,HY 2.70%p · 5일 +0bp · 20일 +1bp,지표 고유의 상태와 다른 시장 영역의 동반 신호를 구분해 확인합니다.,낮음
2026-08-17,BBB,BBB OAS,안정,0,BBB 0.99%p · 5일 +2bp · 20일 +2bp,지표 고유의 상태와 다른 시장 영역의 동반 신호를 구분해 확인합니다.,낮음
2026-08-17,HYPOS,HY 1년 위치,참고,0,과거 252관측 대비 8.5백분위,최근 분포에서의 위치입니다. 별도 위험 신호로 중복 집계하지 않습니다.,낮음
2026-08-17,UNEMP,미국 실업률,확인 부족,-1,월간 관측 누락: 달력 기간 계산 보류,현재 상태를 판단할 자료가 부족합니다.,확인 부족
2026-08-17,SAHM,Sahm Rule,확인 부족,-1,월간 관측 누락: 달력 기간 계산 보류,현재 상태를 판단할 자료가 부족합니다.,확인 부족
2026-08-17,CLAIMS,신규실업수당 4주평균,확인 부족,-1,이력 부족: 0/55관측,현재 상태를 판단할 자료가 부족합니다.,확인 부족
2026-08-17,CPI,CPI,확인 부족,-1,이력 부족: 0/16관측,현재 상태를 판단할 자료가 부족합니다.,확인 부족
2026-08-17,CORECPI,근원 CPI,확인 부족,-1,이력 부족: 0/16관측,현재 상태를 판단할 자료가 부족합니다.,확인 부족
2026-08-17,COREPCE,근원 PCE,확인 부족,-1,이력 부족: 0/16관측,현재 상태를 판단할 자료가 부족합니다.,확인 부족
2026-08-17,DXY,달러지수,확인 부족,-1,이력 부족: 0/147관측,현재 상태를 판단할 자료가 부족합니다.,확인 부족
2026-08-17,USDKRW,달러/원,확인 부족,-1,이력 부족: 0/147관측,현재 상태를 판단할 자료가 부족합니다.,확인 부족
2026-08-17,USDJPY,달러/엔,확인 부족,-1,이력 부족: 0/147관측,현재 상태를 판단할 자료가 부족합니다.,확인 부족
2026-08-17,WTI,WTI,확인 부족,-1,이력 부족: 0/147관측,현재 상태를 판단할 자료가 부족합니다.,확인 부족
2026-08-17,GOLD,금,관찰,1,5일 +1.28% · 20일 +10.16% · 변동성 기준 34.3/91.9백분위,가격 움직임은 확인되지만 원인을 구분할 교차 근거가 충분하지 않습니다.,낮음
2026-08-17,SILVER,은,정상,0,5일 +1.56% · 20일 +16.41% · 변동성 기준 24.2/84.9백분위,금과 은이 함께 상승합니다. 귀금속 공통 흐름을 확인합니다.,낮음
2026-08-17,COPPER,구리,정상,0,5일 +0.14% · 20일 +4.84% · 변동성 기준 2.4/47.6백분위,가격 움직임은 확인되지만 원인을 구분할 교차 근거가 충분하지 않습니다.,낮음
2026-08-18,SP500,S&P500,확인 부족,-1,이력 부족: 0/252관측,현재 상태를 판단할 자료가 부족합니다.,확인 부족
2026-08-18,NASDAQ,Nasdaq,확인 부족,-1,이력 부족: 0/252관측,현재 상태를 판단할 자료가 부족합니다.,확인 부족
2026-08-18,RUSSELL,Russell 2000,정상,0,5일 -0.3% · 20일 +1.0% · 고점 대비 -1.6%,지표 고유의 상태와 다른 시장 영역의 동반 신호를 구분해 확인합니다.,낮음
2026-08-18,MA200,200일 이동평균 이격,확인 부족,-1,이력 부족: 0/200관측,현재 상태를 판단할 자료가 부족합니다.,확인 부족
2026-08-18,EW,동일가중 상대성과,정상,0,RSP가 SPY 대비 20일 +0.7%p · 5일 상대성과 -0.00%p,지표 고유의 상태와 다른 시장 영역의 동반 신호를 구분해 확인합니다.,낮음
2026-08-18,CAPE,CAPE,확인 부족,-1,이력 부족: 0/120관측,현재 상태를 판단할 자료가 부족합니다.,확인 부족
2026-08-18,ADV,상승 종목 비율,확인 부족,-1,이력 부족: 0/21관측,현재 상태를 판단할 자료가 부족합니다.,확인 부족
2026-08-18,ABOVE200,200DMA 위 종목 비율,확인 부족,-1,이력 부족: 0/21관측,현재 상태를 판단할 자료가 부족합니다.,확인 부족
2026-08-18,HILO,52주 신고가-신저가 비율,확인 부족,-1,이력 부족: 0/21관측,현재 상태를 판단할 자료가 부족합니다.,확인 부족
2026-08-18,EFFR,미국 기준금리,정상,0,20관측 +0bp · 유지 · EFFR 변화는 목표범위 결정 자체와 구분,금리 하락 또는 상대관계 변화을 관찰합니다. 물가·고용·신용의 동반 움직임으로 의미를 구분합니다.,낮음
2026-08-18,US3M,미국 3개월물 국채수익률,확인 부족,-1,이력 부족: 0/25관측,현재 상태를 판단할 자료가 부족합니다.,확인 부족
2026-08-18,US2Y,미국 2년물 국채수익률,확인 부족,-1,이력 부족: 0/25관측,현재 상태를 판단할 자료가 부족합니다.,확인 부족
2026-08-18,US10Y,미국 10년물 국채수익률,확인 부족,-1,이력 부족: 0/25관측,현재 상태를 판단할 자료가 부족합니다.,확인 부족
2026-08-18,US30Y,미국 30년물 국채수익률,확인 부족,-1,이력 부족: 0/25관측,현재 상태를 판단할 자료가 부족합니다.,확인 부족
2026-08-18,REAL10,미국 10년물 실질금리,확인 부족,-1,이력 부족: 0/25관측,현재 상태를 판단할 자료가 부족합니다.,확인 부족
2026-08-18,TERM,미국 10년물 기간프리미엄,주의,2,과거 504관측 대비 99.6백분위 · 20일 +4bp,금리 상승에 따른 부담을 관찰합니다. 물가·고용·신용의 동반 움직임으로 의미를 구분합니다.,낮음
2026-08-18,CURVE2,미국 10년물-2년물 금리차,확인 부족,-1,이력 부족: 0/22관측,현재 상태를 판단할 자료가 부족합니다.,확인 부족
2026-08-18,CURVE3,미국 10년물-3개월물 금리차,확인 부족,-1,이력 부족: 0/22관측,현재 상태를 판단할 자료가 부족합니다.,확인 부족
2026-08-18,CURVEFED,미국 10년물-기준금리 차,확인 부족,-1,이력 부족: 0/22관측,현재 상태를 판단할 자료가 부족합니다.,확인 부족
2026-08-18,VIX,VIX,정상,0,VIX 15.8 · 5일 +3.7% · 20일 -7.1% · 5일 +0.6포인트,지표 고유의 상태와 다른 시장 영역의 동반 신호를 구분해 확인합니다.,낮음
2026-08-18,VIXPOS,VIX 1년 위치,참고,0,과거 252관측 대비 22.2백분위,최근 분포에서의 위치입니다. 별도 위험 신호로 중복 집계하지 않습니다.,낮음
2026-08-18,HY,하이일드 OAS,안정,0,HY 2.75%p · 5일 +3bp · 20일 +6bp,지표 고유의 상태와 다른 시장 영역의 동반 신호를 구분해 확인합니다.,낮음
2026-08-18,BBB,BBB OAS,안정,0,BBB 1.00%p · 5일 +2bp · 20일 +3bp,지표 고유의 상태와 다른 시장 영역의 동반 신호를 구분해 확인합니다.,낮음
2026-08-18,HYPOS,HY 1년 위치,참고,0,과거 252관측 대비 25.6백분위,최근 분포에서의 위치입니다. 별도 위험 신호로 중복 집계하지 않습니다.,낮음
2026-08-18,UNEMP,미국 실업률,확인 부족,-1,월간 관측 누락: 달력 기간 계산 보류,현재 상태를 판단할 자료가 부족합니다.,확인 부족
2026-08-18,SAHM,Sahm Rule,확인 부족,-1,월간 관측 누락: 달력 기간 계산 보류,현재 상태를 판단할 자료가 부족합니다.,확인 부족
2026-08-18,CLAIMS,신규실업수당 4주평균,확인 부족,-1,이력 부족: 0/55관측,현재 상태를 판단할 자료가 부족합니다.,확인 부족
2026-08-18,CPI,CPI,확인 부족,-1,이력 부족: 0/16관측,현재 상태를 판단할 자료가 부족합니다.,확인 부족
2026-08-18,CORECPI,근원 CPI,확인 부족,-1,이력 부족: 0/16관측,현재 상태를 판단할 자료가 부족합니다.,확인 부족
2026-08-18,COREPCE,근원 PCE,확인 부족,-1,이력 부족: 0/16관측,현재 상태를 판단할 자료가 부족합니다.,확인 부족
2026-08-18,DXY,달러지수,확인 부족,-1,이력 부족: 0/147관측,현재 상태를 판단할 자료가 부족합니다.,확인 부족
2026-08-18,USDKRW,달러/원,확인 부족,-1,이력 부족: 0/147관측,현재 상태를 판단할 자료가 부족합니다.,확인 부족
2026-08-18,USDJPY,달러/엔,확인 부족,-1,이력 부족: 0/147관측,현재 상태를 판단할 자료가 부족합니다.,확인 부족
2026-08-18,WTI,WTI,확인 부족,-1,이력 부족: 0/147관측,현재 상태를 판단할 자료가 부족합니다.,확인 부족
2026-08-18,GOLD,금,정상,0,5일 -0.39% · 20일 +7.24% · 변동성 기준 9.9/75.8백분위,가격 움직임은 확인되지만 원인을 구분할 교차 근거가 충분하지 않습니다.,낮음
2026-08-18,SILVER,은,정상,0,5일 -1.28% · 20일 +8.68% · 변동성 기준 19.6/63.5백분위,금과 은이 함께 상승합니다. 귀금속 공통 흐름을 확인합니다.,낮음
2026-08-18,COPPER,구리,정상,0,5일 -1.96% · 20일 -0.44% · 변동성 기준 44.6/4.6백분위,가격 움직임은 확인되지만 원인을 구분할 교차 근거가 충분하지 않습니다.,낮음
2026-08-19,SP500,S&P500,확인 부족,-1,이력 부족: 0/252관측,현재 상태를 판단할 자료가 부족합니다.,확인 부족
2026-08-19,NASDAQ,Nasdaq,확인 부족,-1,이력 부족: 0/252관측,현재 상태를 판단할 자료가 부족합니다.,확인 부족
2026-08-19,RUSSELL,Russell 2000,정상,0,5일 -0.4% · 20일 +2.5% · 고점 대비 -1.2%,지표 고유의 상태와 다른 시장 영역의 동반 신호를 구분해 확인합니다.,낮음
2026-08-19,MA200,200일 이동평균 이격,확인 부족,-1,이력 부족: 0/200관측,현재 상태를 판단할 자료가 부족합니다.,확인 부족
2026-08-19,EW,동일가중 상대성과,정상,0,RSP가 SPY 대비 20일 +1.5%p · 5일 상대성과 +0.89%p,지표 고유의 상태와 다른 시장 영역의 동반 신호를 구분해 확인합니다.,낮음
2026-08-19,CAPE,CAPE,확인 부족,-1,이력 부족: 0/120관측,현재 상태를 판단할 자료가 부족합니다.,확인 부족
2026-08-19,ADV,상승 종목 비율,확인 부족,-1,이력 부족: 0/21관측,현재 상태를 판단할 자료가 부족합니다.,확인 부족
2026-08-19,ABOVE200,200DMA 위 종목 비율,확인 부족,-1,이력 부족: 0/21관측,현재 상태를 판단할 자료가 부족합니다.,확인 부족
2026-08-19,HILO,52주 신고가-신저가 비율,확인 부족,-1,이력 부족: 0/21관측,현재 상태를 판단할 자료가 부족합니다.,확인 부족
2026-08-19,EFFR,미국 기준금리,정상,0,20관측 +0bp · 유지 · EFFR 변화는 목표범위 결정 자체와 구분,금리 하락 또는 상대관계 변화을 관찰합니다. 물가·고용·신용의 동반 움직임으로 의미를 구분합니다.,낮음
2026-08-19,US3M,미국 3개월물 국채수익률,확인 부족,-1,이력 부족: 0/25관측,현재 상태를 판단할 자료가 부족합니다.,확인 부족
2026-08-19,US2Y,미국 2년물 국채수익률,확인 부족,-1,이력 부족: 0/25관측,현재 상태를 판단할 자료가 부족합니다.,확인 부족
2026-08-19,US10Y,미국 10년물 국채수익률,확인 부족,-1,이력 부족: 0/25관측,현재 상태를 판단할 자료가 부족합니다.,확인 부족
2026-08-19,US30Y,미국 30년물 국채수익률,확인 부족,-1,이력 부족: 0/25관측,현재 상태를 판단할 자료가 부족합니다.,확인 부족
2026-08-19,REAL10,미국 10년물 실질금리,확인 부족,-1,이력 부족: 0/25관측,현재 상태를 판단할 자료가 부족합니다.,확인 부족
2026-08-19,TERM,미국 10년물 기간프리미엄,주의,2,과거 504관측 대비 97.8백분위 · 20일 +1bp,금리 상승에 따른 부담을 관찰합니다. 물가·고용·신용의 동반 움직임으로 의미를 구분합니다.,낮음
2026-08-19,CURVE2,미국 10년물-2년물 금리차,확인 부족,-1,이력 부족: 0/22관측,현재 상태를 판단할 자료가 부족합니다.,확인 부족
2026-08-19,CURVE3,미국 10년물-3개월물 금리차,확인 부족,-1,이력 부족: 0/22관측,현재 상태를 판단할 자료가 부족합니다.,확인 부족
2026-08-19,CURVEFED,미국 10년물-기준금리 차,확인 부족,-1,이력 부족: 0/22관측,현재 상태를 판단할 자료가 부족합니다.,확인 부족
2026-08-19,VIX,VIX,안정,0,VIX 14.9 · 5일 +2.3% · 20일 -10.5% · 5일 +0.3포인트,지표 고유의 상태와 다른 시장 영역의 동반 신호를 구분해 확인합니다.,낮음
2026-08-19,VIXPOS,VIX 1년 위치,참고,0,과거 252관측 대비 6.7백분위,최근 분포에서의 위치입니다. 별도 위험 신호로 중복 집계하지 않습니다.,낮음
2026-08-19,HY,하이일드 OAS,안정,0,HY 2.73%p · 5일 +2bp · 20일 +5bp,지표 고유의 상태와 다른 시장 영역의 동반 신호를 구분해 확인합니다.,낮음
2026-08-19,BBB,BBB OAS,안정,0,BBB 1.00%p · 5일 +2bp · 20일 +4bp,지표 고유의 상태와 다른 시장 영역의 동반 신호를 구분해 확인합니다.,낮음
2026-08-19,HYPOS,HY 1년 위치,참고,0,과거 252관측 대비 19.6백분위,최근 분포에서의 위치입니다. 별도 위험 신호로 중복 집계하지 않습니다.,낮음
2026-08-19,UNEMP,미국 실업률,확인 부족,-1,월간 관측 누락: 달력 기간 계산 보류,현재 상태를 판단할 자료가 부족합니다.,확인 부족
2026-08-19,SAHM,Sahm Rule,확인 부족,-1,월간 관측 누락: 달력 기간 계산 보류,현재 상태를 판단할 자료가 부족합니다.,확인 부족
2026-08-19,CLAIMS,신규실업수당 4주평균,확인 부족,-1,이력 부족: 0/55관측,현재 상태를 판단할 자료가 부족합니다.,확인 부족
2026-08-19,CPI,CPI,확인 부족,-1,이력 부족: 0/16관측,현재 상태를 판단할 자료가 부족합니다.,확인 부족
2026-08-19,CORECPI,근원 CPI,확인 부족,-1,이력 부족: 0/16관측,현재 상태를 판단할 자료가 부족합니다.,확인 부족
2026-08-19,COREPCE,근원 PCE,확인 부족,-1,이력 부족: 0/16관측,현재 상태를 판단할 자료가 부족합니다.,확인 부족
2026-08-19,DXY,달러지수,확인 부족,-1,이력 부족: 0/147관측,현재 상태를 판단할 자료가 부족합니다.,확인 부족
2026-08-19,USDKRW,달러/원,확인 부족,-1,이력 부족: 0/147관측,현재 상태를 판단할 자료가 부족합니다.,확인 부족
2026-08-19,USDJPY,달러/엔,확인 부족,-1,이력 부족: 0/147관측,현재 상태를 판단할 자료가 부족합니다.,확인 부족
2026-08-19,WTI,WTI,확인 부족,-1,이력 부족: 0/147관측,현재 상태를 판단할 자료가 부족합니다.,확인 부족
2026-08-19,GOLD,금,정상,0,5일 +1.83% · 20일 +8.26% · 변동성 기준 45.8/82.1백분위,가격 움직임은 확인되지만 원인을 구분할 교차 근거가 충분하지 않습니다.,낮음
2026-08-19,SILVER,은,정상,0,5일 +0.27% · 20일 +9.52% · 변동성 기준 4.2/66.3백분위,금과 은이 함께 상승합니다. 귀금속 공통 흐름을 확인합니다.,낮음
2026-08-19,COPPER,구리,정상,0,5일 -1.66% · 20일 +0.57% · 변동성 기준 37.7/5.2백분위,가격 움직임은 확인되지만 원인을 구분할 교차 근거가 충분하지 않습니다.,낮음
2026-08-20,SP500,S&P500,확인 부족,-1,이력 부족: 0/252관측,현재 상태를 판단할 자료가 부족합니다.,확인 부족
2026-08-20,NASDAQ,Nasdaq,확인 부족,-1,이력 부족: 0/252관측,현재 상태를 판단할 자료가 부족합니다.,확인 부족
2026-08-20,RUSSELL,Russell 2000,정상,0,5일 -2.0% · 20일 +1.8% · 고점 대비 -2.5%,지표 고유의 상태와 다른 시장 영역의 동반 신호를 구분해 확인합니다.,낮음
2026-08-20,MA200,200일 이동평균 이격,확인 부족,-1,이력 부족: 0/200관측,현재 상태를 판단할 자료가 부족합니다.,확인 부족
2026-08-20,EW,동일가중 상대성과,정상,0,RSP가 SPY 대비 20일 +0.6%p · 5일 상대성과 +0.86%p,지표 고유의 상태와 다른 시장 영역의 동반 신호를 구분해 확인합니다.,낮음
2026-08-20,CAPE,CAPE,확인 부족,-1,이력 부족: 0/120관측,현재 상태를 판단할 자료가 부족합니다.,확인 부족
2026-08-20,ADV,상승 종목 비율,확인 부족,-1,이력 부족: 0/21관측,현재 상태를 판단할 자료가 부족합니다.,확인 부족
2026-08-20,ABOVE200,200DMA 위 종목 비율,확인 부족,-1,이력 부족: 0/21관측,현재 상태를 판단할 자료가 부족합니다.,확인 부족
2026-08-20,HILO,52주 신고가-신저가 비율,확인 부족,-1,이력 부족: 0/21관측,현재 상태를 판단할 자료가 부족합니다.,확인 부족
2026-08-20,EFFR,미국 기준금리,정상,0,20관측 +0bp · 유지 · EFFR 변화는 목표범위 결정 자체와 구분,금리 하락 또는 상대관계 변화을 관찰합니다. 물가·고용·신용의 동반 움직임으로 의미를 구분합니다.,낮음
2026-08-20,US3M,미국 3개월물 국채수익률,확인 부족,-1,이력 부족: 0/25관측,현재 상태를 판단할 자료가 부족합니다.,확인 부족
2026-08-20,US2Y,미국 2년물 국채수익률,확인 부족,-1,이력 부족: 0/25관측,현재 상태를 판단할 자료가 부족합니다.,확인 부족
2026-08-20,US10Y,미국 10년물 국채수익률,확인 부족,-1,이력 부족: 0/25관측,현재 상태를 판단할 자료가 부족합니다.,확인 부족
2026-08-20,US30Y,미국 30년물 국채수익률,확인 부족,-1,이력 부족: 0/25관측,현재 상태를 판단할 자료가 부족합니다.,확인 부족
2026-08-20,REAL10,미국 10년물 실질금리,확인 부족,-1,이력 부족: 0/25관측,현재 상태를 판단할 자료가 부족합니다.,확인 부족
2026-08-20,TERM,미국 10년물 기간프리미엄,주의,2,과거 504관측 대비 98.4백분위 · 20일 -0bp,금리 하락 또는 상대관계 변화을 관찰합니다. 물가·고용·신용의 동반 움직임으로 의미를 구분합니다.,낮음
2026-08-20,CURVE2,미국 10년물-2년물 금리차,확인 부족,-1,이력 부족: 0/22관측,현재 상태를 판단할 자료가 부족합니다.,확인 부족
2026-08-20,CURVE3,미국 10년물-3개월물 금리차,확인 부족,-1,이력 부족: 0/22관측,현재 상태를 판단할 자료가 부족합니다.,확인 부족
2026-08-20,CURVEFED,미국 10년물-기준금리 차,확인 부족,-1,이력 부족: 0/22관측,현재 상태를 판단할 자료가 부족합니다.,확인 부족
2026-08-20,VIX,VIX,정상,0,VIX 16.0 · 5일 +9.4% · 20일 -14.4% · 5일 +1.4포인트,지표 고유의 상태와 다른 시장 영역의 동반 신호를 구분해 확인합니다.,낮음
2026-08-20,VIXPOS,VIX 1년 위치,참고,0,과거 252관측 대비 24.2백분위,최근 분포에서의 위치입니다. 별도 위험 신호로 중복 집계하지 않습니다.,낮음
2026-08-20,HY,하이일드 OAS,안정,0,HY 2.75%p · 5일 +4bp · 20일 -2bp,지표 고유의 상태와 다른 시장 영역의 동반 신호를 구분해 확인합니다.,낮음
2026-08-20,BBB,BBB OAS,안정,0,BBB 1.00%p · 5일 +2bp · 20일 +2bp,지표 고유의 상태와 다른 시장 영역의 동반 신호를 구분해 확인합니다.,낮음
2026-08-20,HYPOS,HY 1년 위치,참고,0,과거 252관측 대비 26.2백분위,최근 분포에서의 위치입니다. 별도 위험 신호로 중복 집계하지 않습니다.,낮음
2026-08-20,UNEMP,미국 실업률,확인 부족,-1,월간 관측 누락: 달력 기간 계산 보류,현재 상태를 판단할 자료가 부족합니다.,확인 부족
2026-08-20,SAHM,Sahm Rule,확인 부족,-1,월간 관측 누락: 달력 기간 계산 보류,현재 상태를 판단할 자료가 부족합니다.,확인 부족
2026-08-20,CLAIMS,신규실업수당 4주평균,확인 부족,-1,이력 부족: 0/55관측,현재 상태를 판단할 자료가 부족합니다.,확인 부족
2026-08-20,CPI,CPI,확인 부족,-1,이력 부족: 0/16관측,현재 상태를 판단할 자료가 부족합니다.,확인 부족
2026-08-20,CORECPI,근원 CPI,확인 부족,-1,이력 부족: 0/16관측,현재 상태를 판단할 자료가 부족합니다.,확인 부족
2026-08-20,COREPCE,근원 PCE,확인 부족,-1,이력 부족: 0/16관측,현재 상태를 판단할 자료가 부족합니다.,확인 부족
2026-08-20,DXY,달러지수,확인 부족,-1,이력 부족: 0/147관측,현재 상태를 판단할 자료가 부족합니다.,확인 부족
2026-08-20,USDKRW,달러/원,확인 부족,-1,이력 부족: 0/147관측,현재 상태를 판단할 자료가 부족합니다.,확인 부족
2026-08-20,USDJPY,달러/엔,확인 부족,-1,이력 부족: 0/147관측,현재 상태를 판단할 자료가 부족합니다.,확인 부족
2026-08-20,WTI,WTI,확인 부족,-1,이력 부족: 0/147관측,현재 상태를 판단할 자료가 부족합니다.,확인 부족
2026-08-20,GOLD,금,관찰,1,5일 +3.50% · 20일 +11.61% · 변동성 기준 77.6/95.0백분위,가격 움직임은 확인되지만 원인을 구분할 교차 근거가 충분하지 않습니다.,낮음
2026-08-20,SILVER,은,정상,0,5일 +4.86% · 20일 +17.70% · 변동성 기준 66.5/86.1백분위,금과 은이 함께 상승합니다. 귀금속 공통 흐름을 확인합니다.,낮음
2026-08-20,COPPER,구리,정상,0,5일 -2.01% · 20일 +2.46% · 변동성 기준 45.4/25.4백분위,가격 움직임은 확인되지만 원인을 구분할 교차 근거가 충분하지 않습니다.,낮음
2026-08-21,SP500,S&P500,확인 부족,-1,이력 부족: 0/252관측,현재 상태를 판단할 자료가 부족합니다.,확인 부족
2026-08-21,NASDAQ,Nasdaq,확인 부족,-1,이력 부족: 0/252관측,현재 상태를 판단할 자료가 부족합니다.,확인 부족
2026-08-21,RUSSELL,Russell 2000,정상,0,5일 -1.6% · 20일 +3.0% · 고점 대비 -1.6%,지표 고유의 상태와 다른 시장 영역의 동반 신호를 구분해 확인합니다.,낮음
2026-08-21,MA200,200일 이동평균 이격,확인 부족,-1,이력 부족: 0/200관측,현재 상태를 판단할 자료가 부족합니다.,확인 부족
2026-08-21,EW,동일가중 상대성과,정상,0,RSP가 SPY 대비 20일 +0.2%p · 5일 상대성과 +0.87%p,지표 고유의 상태와 다른 시장 영역의 동반 신호를 구분해 확인합니다.,낮음
2026-08-21,CAPE,CAPE,확인 부족,-1,이력 부족: 0/120관측,현재 상태를 판단할 자료가 부족합니다.,확인 부족
2026-08-21,ADV,상승 종목 비율,확인 부족,-1,이력 부족: 0/21관측,현재 상태를 판단할 자료가 부족합니다.,확인 부족
2026-08-21,ABOVE200,200DMA 위 종목 비율,확인 부족,-1,이력 부족: 0/21관측,현재 상태를 판단할 자료가 부족합니다.,확인 부족
2026-08-21,HILO,52주 신고가-신저가 비율,확인 부족,-1,이력 부족: 0/21관측,현재 상태를 판단할 자료가 부족합니다.,확인 부족
2026-08-21,EFFR,미국 기준금리,정상,0,20관측 +0bp · 유지 · EFFR 변화는 목표범위 결정 자체와 구분,금리 하락 또는 상대관계 변화을 관찰합니다. 물가·고용·신용의 동반 움직임으로 의미를 구분합니다.,낮음
2026-08-21,US3M,미국 3개월물 국채수익률,확인 부족,-1,이력 부족: 0/25관측,현재 상태를 판단할 자료가 부족합니다.,확인 부족
2026-08-21,US2Y,미국 2년물 국채수익률,확인 부족,-1,이력 부족: 0/25관측,현재 상태를 판단할 자료가 부족합니다.,확인 부족
2026-08-21,US10Y,미국 10년물 국채수익률,확인 부족,-1,이력 부족: 0/25관측,현재 상태를 판단할 자료가 부족합니다.,확인 부족
2026-08-21,US30Y,미국 30년물 국채수익률,확인 부족,-1,이력 부족: 0/25관측,현재 상태를 판단할 자료가 부족합니다.,확인 부족
2026-08-21,REAL10,미국 10년물 실질금리,확인 부족,-1,이력 부족: 0/25관측,현재 상태를 판단할 자료가 부족합니다.,확인 부족
2026-08-21,TERM,미국 10년물 기간프리미엄,주의,2,과거 504관측 대비 100.0백분위 · 20일 +3bp,금리 상승에 따른 부담을 관찰합니다. 물가·고용·신용의 동반 움직임으로 의미를 구분합니다.,낮음
2026-08-21,CURVE2,미국 10년물-2년물 금리차,확인 부족,-1,이력 부족: 0/22관측,현재 상태를 판단할 자료가 부족합니다.,확인 부족
2026-08-21,CURVE3,미국 10년물-3개월물 금리차,확인 부족,-1,이력 부족: 0/22관측,현재 상태를 판단할 자료가 부족합니다.,확인 부족
2026-08-21,CURVEFED,미국 10년물-기준금리 차,확인 부족,-1,이력 부족: 0/22관측,현재 상태를 판단할 자료가 부족합니다.,확인 부족
2026-08-21,VIX,VIX,정상,0,VIX 15.1 · 5일 +6.2% · 20일 -18.6% · 5일 +0.9포인트,지표 고유의 상태와 다른 시장 영역의 동반 신호를 구분해 확인합니다.,낮음
2026-08-21,VIXPOS,VIX 1년 위치,참고,0,과거 252관측 대비 9.5백분위,최근 분포에서의 위치입니다. 별도 위험 신호로 중복 집계하지 않습니다.,낮음
2026-08-21,HY,하이일드 OAS,안정,0,HY 2.70%p · 5일 +3bp · 20일 -9bp,지표 고유의 상태와 다른 시장 영역의 동반 신호를 구분해 확인합니다.,낮음
2026-08-21,BBB,BBB OAS,안정,0,BBB 1.00%p · 5일 +2bp · 20일 +1bp,지표 고유의 상태와 다른 시장 영역의 동반 신호를 구분해 확인합니다.,낮음
2026-08-21,HYPOS,HY 1년 위치,참고,0,과거 252관측 대비 8.7백분위,최근 분포에서의 위치입니다. 별도 위험 신호로 중복 집계하지 않습니다.,낮음
2026-08-21,UNEMP,미국 실업률,확인 부족,-1,월간 관측 누락: 달력 기간 계산 보류,현재 상태를 판단할 자료가 부족합니다.,확인 부족
2026-08-21,SAHM,Sahm Rule,확인 부족,-1,월간 관측 누락: 달력 기간 계산 보류,현재 상태를 판단할 자료가 부족합니다.,확인 부족
2026-08-21,CLAIMS,신규실업수당 4주평균,확인 부족,-1,이력 부족: 0/55관측,현재 상태를 판단할 자료가 부족합니다.,확인 부족
2026-08-21,CPI,CPI,확인 부족,-1,이력 부족: 0/16관측,현재 상태를 판단할 자료가 부족합니다.,확인 부족
2026-08-21,CORECPI,근원 CPI,확인 부족,-1,이력 부족: 0/16관측,현재 상태를 판단할 자료가 부족합니다.,확인 부족
2026-08-21,COREPCE,근원 PCE,확인 부족,-1,이력 부족: 0/16관측,현재 상태를 판단할 자료가 부족합니다.,확인 부족
2026-08-21,DXY,달러지수,확인 부족,-1,이력 부족: 0/147관측,현재 상태를 판단할 자료가 부족합니다.,확인 부족
2026-08-21,USDKRW,달러/원,확인 부족,-1,이력 부족: 0/147관측,현재 상태를 판단할 자료가 부족합니다.,확인 부족
2026-08-21,USDJPY,달러/엔,확인 부족,-1,이력 부족: 0/147관측,현재 상태를 판단할 자료가 부족합니다.,확인 부족
2026-08-21,WTI,WTI,확인 부족,-1,이력 부족: 0/147관측,현재 상태를 판단할 자료가 부족합니다.,확인 부족
2026-08-21,GOLD,금,주의,2,5일 +5.56% · 20일 +13.68% · 변동성 기준 92.3/97.6백분위,가격 움직임은 확인되지만 원인을 구분할 교차 근거가 충분하지 않습니다.,낮음
2026-08-21,SILVER,은,정상,0,5일 +6.89% · 20일 +18.43% · 변동성 기준 77.8/87.1백분위,금과 은이 함께 상승합니다. 귀금속 공통 흐름을 확인합니다.,낮음
2026-08-21,COPPER,구리,정상,0,5일 -0.30% · 20일 +4.11% · 변동성 기준 7.1/41.9백분위,가격 움직임은 확인되지만 원인을 구분할 교차 근거가 충분하지 않습니다.,낮음
2026-08-24,SP500,S&P500,확인 부족,-1,이력 부족: 0/252관측,현재 상태를 판단할 자료가 부족합니다.,확인 부족
2026-08-24,NASDAQ,Nasdaq,확인 부족,-1,이력 부족: 0/252관측,현재 상태를 판단할 자료가 부족합니다.,확인 부족
2026-08-24,RUSSELL,Russell 2000,정상,0,5일 -2.0% · 20일 +1.6% · 고점 대비 -2.4%,지표 고유의 상태와 다른 시장 영역의 동반 신호를 구분해 확인합니다.,낮음
2026-08-24,MA200,200일 이동평균 이격,확인 부족,-1,이력 부족: 0/200관측,현재 상태를 판단할 자료가 부족합니다.,확인 부족
2026-08-24,EW,동일가중 상대성과,정상,0,RSP가 SPY 대비 20일 -0.2%p · 5일 상대성과 +1.71%p,지표 고유의 상태와 다른 시장 영역의 동반 신호를 구분해 확인합니다.,낮음
2026-08-24,CAPE,CAPE,확인 부족,-1,이력 부족: 0/120관측,현재 상태를 판단할 자료가 부족합니다.,확인 부족
2026-08-24,ADV,상승 종목 비율,확인 부족,-1,이력 부족: 0/21관측,현재 상태를 판단할 자료가 부족합니다.,확인 부족
2026-08-24,ABOVE200,200DMA 위 종목 비율,확인 부족,-1,이력 부족: 0/21관측,현재 상태를 판단할 자료가 부족합니다.,확인 부족
2026-08-24,HILO,52주 신고가-신저가 비율,확인 부족,-1,이력 부족: 0/21관측,현재 상태를 판단할 자료가 부족합니다.,확인 부족
2026-08-24,EFFR,미국 기준금리,정상,0,20관측 +0bp · 유지 · EFFR 변화는 목표범위 결정 자체와 구분,금리 하락 또는 상대관계 변화을 관찰합니다. 물가·고용·신용의 동반 움직임으로 의미를 구분합니다.,낮음
2026-08-24,US3M,미국 3개월물 국채수익률,확인 부족,-1,이력 부족: 0/25관측,현재 상태를 판단할 자료가 부족합니다.,확인 부족
2026-08-24,US2Y,미국 2년물 국채수익률,확인 부족,-1,이력 부족: 0/25관측,현재 상태를 판단할 자료가 부족합니다.,확인 부족
2026-08-24,US10Y,미국 10년물 국채수익률,확인 부족,-1,이력 부족: 0/25관측,현재 상태를 판단할 자료가 부족합니다.,확인 부족
2026-08-24,US30Y,미국 30년물 국채수익률,확인 부족,-1,이력 부족: 0/25관측,현재 상태를 판단할 자료가 부족합니다.,확인 부족
2026-08-24,REAL10,미국 10년물 실질금리,확인 부족,-1,이력 부족: 0/25관측,현재 상태를 판단할 자료가 부족합니다.,확인 부족
2026-08-24,TERM,미국 10년물 기간프리미엄,주의,2,과거 504관측 대비 99.6백분위 · 20일 +4bp,금리 상승에 따른 부담을 관찰합니다. 물가·고용·신용의 동반 움직임으로 의미를 구분합니다.,낮음
2026-08-24,CURVE2,미국 10년물-2년물 금리차,확인 부족,-1,이력 부족: 0/22관측,현재 상태를 판단할 자료가 부족합니다.,확인 부족
2026-08-24,CURVE3,미국 10년물-3개월물 금리차,확인 부족,-1,이력 부족: 0/22관측,현재 상태를 판단할 자료가 부족합니다.,확인 부족
2026-08-24,CURVEFED,미국 10년물-기준금리 차,확인 부족,-1,이력 부족: 0/22관측,현재 상태를 판단할 자료가 부족합니다.,확인 부족
2026-08-24,VIX,VIX,정상,0,VIX 15.8 · 5일 +4.3% · 20일 -15.1% · 5일 +0.7포인트,지표 고유의 상태와 다른 시장 영역의 동반 신호를 구분해 확인합니다.,낮음
2026-08-24,VIXPOS,VIX 1년 위치,참고,0,과거 252관측 대비 22.2백분위,최근 분포에서의 위치입니다. 별도 위험 신호로 중복 집계하지 않습니다.,낮음
2026-08-24,HY,하이일드 OAS,안정,0,HY 2.69%p · 5일 -1bp · 20일 -12bp,지표 고유의 상태와 다른 시장 영역의 동반 신호를 구분해 확인합니다.,낮음
2026-08-24,BBB,BBB OAS,안정,0,BBB 1.00%p · 5일 +1bp · 20일 +0bp,지표 고유의 상태와 다른 시장 영역의 동반 신호를 구분해 확인합니다.,낮음
2026-08-24,HYPOS,HY 1년 위치,참고,0,과거 252관측 대비 6.2백분위,최근 분포에서의 위치입니다. 별도 위험 신호로 중복 집계하지 않습니다.,낮음
2026-08-24,UNEMP,미국 실업률,확인 부족,-1,월간 관측 누락: 달력 기간 계산 보류,현재 상태를 판단할 자료가 부족합니다.,확인 부족
2026-08-24,SAHM,Sahm Rule,확인 부족,-1,월간 관측 누락: 달력 기간 계산 보류,현재 상태를 판단할 자료가 부족합니다.,확인 부족
2026-08-24,CLAIMS,신규실업수당 4주평균,확인 부족,-1,이력 부족: 0/55관측,현재 상태를 판단할 자료가 부족합니다.,확인 부족
2026-08-24,CPI,CPI,확인 부족,-1,이력 부족: 0/16관측,현재 상태를 판단할 자료가 부족합니다.,확인 부족
2026-08-24,CORECPI,근원 CPI,확인 부족,-1,이력 부족: 0/16관측,현재 상태를 판단할 자료가 부족합니다.,확인 부족
2026-08-24,COREPCE,근원 PCE,확인 부족,-1,이력 부족: 0/16관측,현재 상태를 판단할 자료가 부족합니다.,확인 부족
2026-08-24,DXY,달러지수,확인 부족,-1,이력 부족: 0/147관측,현재 상태를 판단할 자료가 부족합니다.,확인 부족
2026-08-24,USDKRW,달러/원,확인 부족,-1,이력 부족: 0/147관측,현재 상태를 판단할 자료가 부족합니다.,확인 부족
2026-08-24,USDJPY,달러/엔,확인 부족,-1,이력 부족: 0/147관측,현재 상태를 판단할 자료가 부족합니다.,확인 부족
2026-08-24,WTI,WTI,확인 부족,-1,이력 부족: 0/147관측,현재 상태를 판단할 자료가 부족합니다.,확인 부족
2026-08-24,GOLD,금,주의,2,5일 +5.05% · 20일 +13.90% · 변동성 기준 89.5/97.6백분위,가격 움직임은 확인되지만 원인을 구분할 교차 근거가 충분하지 않습니다.,낮음
2026-08-24,SILVER,은,정상,0,5일 +3.66% · 20일 +17.22% · 변동성 기준 53.0/85.3백분위,금과 은이 함께 상승합니다. 귀금속 공통 흐름을 확인합니다.,낮음
2026-08-24,COPPER,구리,정상,0,5일 -0.08% · 20일 +4.10% · 변동성 기준 0.6/41.7백분위,가격 움직임은 확인되지만 원인을 구분할 교차 근거가 충분하지 않습니다.,낮음
2026-08-25,SP500,S&P500,확인 부족,-1,이력 부족: 0/252관측,현재 상태를 판단할 자료가 부족합니다.,확인 부족
2026-08-25,NASDAQ,Nasdaq,확인 부족,-1,이력 부족: 0/252관측,현재 상태를 판단할 자료가 부족합니다.,확인 부족
2026-08-25,RUSSELL,Russell 2000,정상,0,5일 -0.3% · 20일 +1.9% · 고점 대비 -1.9%,지표 고유의 상태와 다른 시장 영역의 동반 신호를 구분해 확인합니다.,낮음
2026-08-25,MA200,200일 이동평균 이격,확인 부족,-1,이력 부족: 0/200관측,현재 상태를 판단할 자료가 부족합니다.,확인 부족
2026-08-25,EW,동일가중 상대성과,정상,0,RSP가 SPY 대비 20일 -1.5%p · 5일 상대성과 +1.10%p,지표 고유의 상태와 다른 시장 영역의 동반 신호를 구분해 확인합니다.,낮음
2026-08-25,CAPE,CAPE,확인 부족,-1,이력 부족: 0/120관측,현재 상태를 판단할 자료가 부족합니다.,확인 부족
2026-08-25,ADV,상승 종목 비율,확인 부족,-1,이력 부족: 0/21관측,현재 상태를 판단할 자료가 부족합니다.,확인 부족
2026-08-25,ABOVE200,200DMA 위 종목 비율,확인 부족,-1,이력 부족: 0/21관측,현재 상태를 판단할 자료가 부족합니다.,확인 부족
2026-08-25,HILO,52주 신고가-신저가 비율,확인 부족,-1,이력 부족: 0/21관측,현재 상태를 판단할 자료가 부족합니다.,확인 부족
2026-08-25,EFFR,미국 기준금리,정상,0,20관측 +0bp · 유지 · EFFR 변화는 목표범위 결정 자체와 구분,금리 하락 또는 상대관계 변화을 관찰합니다. 물가·고용·신용의 동반 움직임으로 의미를 구분합니다.,낮음
2026-08-25,US3M,미국 3개월물 국채수익률,확인 부족,-1,이력 부족: 0/25관측,현재 상태를 판단할 자료가 부족합니다.,확인 부족
2026-08-25,US2Y,미국 2년물 국채수익률,확인 부족,-1,이력 부족: 0/25관측,현재 상태를 판단할 자료가 부족합니다.,확인 부족
2026-08-25,US10Y,미국 10년물 국채수익률,확인 부족,-1,이력 부족: 0/25관측,현재 상태를 판단할 자료가 부족합니다.,확인 부족
2026-08-25,US30Y,미국 30년물 국채수익률,확인 부족,-1,이력 부족: 0/25관측,현재 상태를 판단할 자료가 부족합니다.,확인 부족
2026-08-25,REAL10,미국 10년물 실질금리,확인 부족,-1,이력 부족: 0/25관측,현재 상태를 판단할 자료가 부족합니다.,확인 부족
2026-08-25,TERM,미국 10년물 기간프리미엄,관찰,1,과거 504관측 대비 96.8백분위 · 20일 +3bp,금리 상승에 따른 부담을 관찰합니다. 물가·고용·신용의 동반 움직임으로 의미를 구분합니다.,낮음
2026-08-25,CURVE2,미국 10년물-2년물 금리차,확인 부족,-1,이력 부족: 0/22관측,현재 상태를 판단할 자료가 부족합니다.,확인 부족
2026-08-25,CURVE3,미국 10년물-3개월물 금리차,확인 부족,-1,이력 부족: 0/22관측,현재 상태를 판단할 자료가 부족합니다.,확인 부족
2026-08-25,CURVEFED,미국 10년물-기준금리 차,확인 부족,-1,이력 부족: 0/22관측,현재 상태를 판단할 자료가 부족합니다.,확인 부족
2026-08-25,VIX,VIX,정상,0,VIX 15.4 · 5일 -2.5% · 20일 -15.2% · 5일 -0.4포인트,지표 고유의 상태와 다른 시장 영역의 동반 신호를 구분해 확인합니다.,낮음
2026-08-25,VIXPOS,VIX 1년 위치,참고,0,과거 252관측 대비 14.7백분위,최근 분포에서의 위치입니다. 별도 위험 신호로 중복 집계하지 않습니다.,낮음
2026-08-25,HY,하이일드 OAS,안정,0,HY 2.70%p · 5일 -5bp · 20일 -14bp,지표 고유의 상태와 다른 시장 영역의 동반 신호를 구분해 확인합니다.,낮음
2026-08-25,BBB,BBB OAS,안정,0,BBB 1.00%p · 5일 +0bp · 20일 +0bp,지표 고유의 상태와 다른 시장 영역의 동반 신호를 구분해 확인합니다.,낮음
2026-08-25,HYPOS,HY 1년 위치,참고,0,과거 252관측 대비 9.3백분위,최근 분포에서의 위치입니다. 별도 위험 신호로 중복 집계하지 않습니다.,낮음
2026-08-25,UNEMP,미국 실업률,확인 부족,-1,월간 관측 누락: 달력 기간 계산 보류,현재 상태를 판단할 자료가 부족합니다.,확인 부족
2026-08-25,SAHM,Sahm Rule,확인 부족,-1,월간 관측 누락: 달력 기간 계산 보류,현재 상태를 판단할 자료가 부족합니다.,확인 부족
2026-08-25,CLAIMS,신규실업수당 4주평균,확인 부족,-1,이력 부족: 0/55관측,현재 상태를 판단할 자료가 부족합니다.,확인 부족
2026-08-25,CPI,CPI,확인 부족,-1,이력 부족: 0/16관측,현재 상태를 판단할 자료가 부족합니다.,확인 부족
2026-08-25,CORECPI,근원 CPI,확인 부족,-1,이력 부족: 0/16관측,현재 상태를 판단할 자료가 부족합니다.,확인 부족
2026-08-25,COREPCE,근원 PCE,확인 부족,-1,이력 부족: 0/16관측,현재 상태를 판단할 자료가 부족합니다.,확인 부족
2026-08-25,DXY,달러지수,확인 부족,-1,이력 부족: 0/147관측,현재 상태를 판단할 자료가 부족합니다.,확인 부족
2026-08-25,USDKRW,달러/원,확인 부족,-1,이력 부족: 0/147관측,현재 상태를 판단할 자료가 부족합니다.,확인 부족
2026-08-25,USDJPY,달러/엔,확인 부족,-1,이력 부족: 0/147관측,현재 상태를 판단할 자료가 부족합니다.,확인 부족
2026-08-25,WTI,WTI,확인 부족,-1,이력 부족: 0/147관측,현재 상태를 판단할 자료가 부족합니다.,확인 부족
2026-08-25,GOLD,금,주의,2,5일 +6.23% · 20일 +14.91% · 변동성 기준 94.4/98.6백분위,가격 움직임은 확인되지만 원인을 구분할 교차 근거가 충분하지 않습니다.,낮음
2026-08-25,SILVER,은,정상,0,5일 +7.34% · 20일 +19.79% · 변동성 기준 80.0/88.1백분위,금과 은이 함께 상승합니다. 귀금속 공통 흐름을 확인합니다.,낮음
2026-08-25,COPPER,구리,정상,0,5일 +3.50% · 20일 +6.13% · 변동성 기준 68.7/60.9백분위,가격 움직임은 확인되지만 원인을 구분할 교차 근거가 충분하지 않습니다.,낮음
2026-08-26,SP500,S&P500,확인 부족,-1,이력 부족: 0/252관측,현재 상태를 판단할 자료가 부족합니다.,확인 부족
2026-08-26,NASDAQ,Nasdaq,확인 부족,-1,이력 부족: 0/252관측,현재 상태를 판단할 자료가 부족합니다.,확인 부족
2026-08-26,RUSSELL,Russell 2000,정상,0,5일 -0.9% · 20일 +3.4% · 고점 대비 -2.0%,지표 고유의 상태와 다른 시장 영역의 동반 신호를 구분해 확인합니다.,낮음
2026-08-26,MA200,200일 이동평균 이격,확인 부족,-1,이력 부족: 0/200관측,현재 상태를 판단할 자료가 부족합니다.,확인 부족
2026-08-26,EW,동일가중 상대성과,관찰,1,RSP가 SPY 대비 20일 -2.1%p · 5일 상대성과 +0.41%p,지표 고유의 상태와 다른 시장 영역의 동반 신호를 구분해 확인합니다.,낮음
2026-08-26,CAPE,CAPE,확인 부족,-1,이력 부족: 0/120관측,현재 상태를 판단할 자료가 부족합니다.,확인 부족
2026-08-26,ADV,상승 종목 비율,확인 부족,-1,이력 부족: 0/21관측,현재 상태를 판단할 자료가 부족합니다.,확인 부족
2026-08-26,ABOVE200,200DMA 위 종목 비율,확인 부족,-1,이력 부족: 0/21관측,현재 상태를 판단할 자료가 부족합니다.,확인 부족
2026-08-26,HILO,52주 신고가-신저가 비율,확인 부족,-1,이력 부족: 0/21관측,현재 상태를 판단할 자료가 부족합니다.,확인 부족
2026-08-26,EFFR,미국 기준금리,정상,0,20관측 +0bp · 유지 · EFFR 변화는 목표범위 결정 자체와 구분,금리 하락 또는 상대관계 변화을 관찰합니다. 물가·고용·신용의 동반 움직임으로 의미를 구분합니다.,낮음
2026-08-26,US3M,미국 3개월물 국채수익률,확인 부족,-1,이력 부족: 0/25관측,현재 상태를 판단할 자료가 부족합니다.,확인 부족
2026-08-26,US2Y,미국 2년물 국채수익률,확인 부족,-1,이력 부족: 0/25관측,현재 상태를 판단할 자료가 부족합니다.,확인 부족
2026-08-26,US10Y,미국 10년물 국채수익률,확인 부족,-1,이력 부족: 0/25관측,현재 상태를 판단할 자료가 부족합니다.,확인 부족
2026-08-26,US30Y,미국 30년물 국채수익률,확인 부족,-1,이력 부족: 0/25관측,현재 상태를 판단할 자료가 부족합니다.,확인 부족
2026-08-26,REAL10,미국 10년물 실질금리,확인 부족,-1,이력 부족: 0/25관측,현재 상태를 판단할 자료가 부족합니다.,확인 부족
2026-08-26,TERM,미국 10년물 기간프리미엄,주의,2,과거 504관측 대비 97.6백분위 · 20일 +2bp,금리 상승에 따른 부담을 관찰합니다. 물가·고용·신용의 동반 움직임으로 의미를 구분합니다.,낮음
2026-08-26,CURVE2,미국 10년물-2년물 금리차,확인 부족,-1,이력 부족: 0/22관측,현재 상태를 판단할 자료가 부족합니다.,확인 부족
2026-08-26,CURVE3,미국 10년물-3개월물 금리차,확인 부족,-1,이력 부족: 0/22관측,현재 상태를 판단할 자료가 부족합니다.,확인 부족
2026-08-26,CURVEFED,미국 10년물-기준금리 차,확인 부족,-1,이력 부족: 0/22관측,현재 상태를 판단할 자료가 부족합니다.,확인 부족
2026-08-26,VIX,VIX,정상,0,VIX 15.2 · 5일 +2.1% · 20일 -26.4% · 5일 +0.3포인트,지표 고유의 상태와 다른 시장 영역의 동반 신호를 구분해 확인합니다.,낮음
2026-08-26,VIXPOS,VIX 1년 위치,참고,0,과거 252관측 대비 11.1백분위,최근 분포에서의 위치입니다. 별도 위험 신호로 중복 집계하지 않습니다.,낮음
2026-08-26,HY,하이일드 OAS,안정,0,HY 2.67%p · 5일 -6bp · 20일 -20bp,지표 고유의 상태와 다른 시장 영역의 동반 신호를 구분해 확인합니다.,낮음
2026-08-26,BBB,BBB OAS,안정,0,BBB 0.99%p · 5일 -1bp · 20일 -1bp,지표 고유의 상태와 다른 시장 영역의 동반 신호를 구분해 확인합니다.,낮음
2026-08-26,HYPOS,HY 1년 위치,참고,0,과거 252관측 대비 3.6백분위,최근 분포에서의 위치입니다. 별도 위험 신호로 중복 집계하지 않습니다.,낮음
2026-08-26,UNEMP,미국 실업률,확인 부족,-1,월간 관측 누락: 달력 기간 계산 보류,현재 상태를 판단할 자료가 부족합니다.,확인 부족
2026-08-26,SAHM,Sahm Rule,확인 부족,-1,월간 관측 누락: 달력 기간 계산 보류,현재 상태를 판단할 자료가 부족합니다.,확인 부족
2026-08-26,CLAIMS,신규실업수당 4주평균,확인 부족,-1,이력 부족: 0/55관측,현재 상태를 판단할 자료가 부족합니다.,확인 부족
2026-08-26,CPI,CPI,확인 부족,-1,이력 부족: 0/16관측,현재 상태를 판단할 자료가 부족합니다.,확인 부족
2026-08-26,CORECPI,근원 CPI,확인 부족,-1,이력 부족: 0/16관측,현재 상태를 판단할 자료가 부족합니다.,확인 부족
2026-08-26,COREPCE,근원 PCE,확인 부족,-1,이력 부족: 0/16관측,현재 상태를 판단할 자료가 부족합니다.,확인 부족
2026-08-26,DXY,달러지수,확인 부족,-1,이력 부족: 0/147관측,현재 상태를 판단할 자료가 부족합니다.,확인 부족
2026-08-26,USDKRW,달러/원,확인 부족,-1,이력 부족: 0/147관측,현재 상태를 판단할 자료가 부족합니다.,확인 부족
2026-08-26,USDJPY,달러/엔,확인 부족,-1,이력 부족: 0/147관측,현재 상태를 판단할 자료가 부족합니다.,확인 부족
2026-08-26,WTI,WTI,확인 부족,-1,이력 부족: 0/147관측,현재 상태를 판단할 자료가 부족합니다.,확인 부족
2026-08-26,GOLD,금,주의,2,5일 +2.42% · 20일 +13.97% · 변동성 기준 59.3/97.6백분위,가격 움직임은 확인되지만 원인을 구분할 교차 근거가 충분하지 않습니다.,낮음
2026-08-26,SILVER,은,정상,0,5일 +3.43% · 20일 +17.50% · 변동성 기준 49.6/85.5백분위,금과 은이 함께 상승합니다. 귀금속 공통 흐름을 확인합니다.,낮음
2026-08-26,COPPER,구리,정상,0,5일 +1.65% · 20일 +5.12% · 변동성 기준 37.7/49.2백분위,가격 움직임은 확인되지만 원인을 구분할 교차 근거가 충분하지 않습니다.,낮음
2026-08-27,SP500,S&P500,확인 부족,-1,이력 부족: 0/252관측,현재 상태를 판단할 자료가 부족합니다.,확인 부족
2026-08-27,NASDAQ,Nasdaq,확인 부족,-1,이력 부족: 0/252관측,현재 상태를 판단할 자료가 부족합니다.,확인 부족
2026-08-27,RUSSELL,Russell 2000,정상,0,5일 +0.7% · 20일 +2.3% · 고점 대비 -1.8%,지표 고유의 상태와 다른 시장 영역의 동반 신호를 구분해 확인합니다.,낮음
2026-08-27,MA200,200일 이동평균 이격,확인 부족,-1,이력 부족: 0/200관측,현재 상태를 판단할 자료가 부족합니다.,확인 부족
2026-08-27,EW,동일가중 상대성과,정상,0,RSP가 SPY 대비 20일 -1.1%p · 5일 상대성과 -0.58%p,지표 고유의 상태와 다른 시장 영역의 동반 신호를 구분해 확인합니다.,낮음
2026-08-27,CAPE,CAPE,확인 부족,-1,이력 부족: 0/120관측,현재 상태를 판단할 자료가 부족합니다.,확인 부족
2026-08-27,ADV,상승 종목 비율,확인 부족,-1,이력 부족: 0/21관측,현재 상태를 판단할 자료가 부족합니다.,확인 부족
2026-08-27,ABOVE200,200DMA 위 종목 비율,확인 부족,-1,이력 부족: 0/21관측,현재 상태를 판단할 자료가 부족합니다.,확인 부족
2026-08-27,HILO,52주 신고가-신저가 비율,확인 부족,-1,이력 부족: 0/21관측,현재 상태를 판단할 자료가 부족합니다.,확인 부족
2026-08-27,EFFR,미국 기준금리,정상,0,20관측 +0bp · 유지 · EFFR 변화는 목표범위 결정 자체와 구분,금리 하락 또는 상대관계 변화을 관찰합니다. 물가·고용·신용의 동반 움직임으로 의미를 구분합니다.,낮음
2026-08-27,US3M,미국 3개월물 국채수익률,확인 부족,-1,이력 부족: 0/25관측,현재 상태를 판단할 자료가 부족합니다.,확인 부족
2026-08-27,US2Y,미국 2년물 국채수익률,확인 부족,-1,이력 부족: 0/25관측,현재 상태를 판단할 자료가 부족합니다.,확인 부족
2026-08-27,US10Y,미국 10년물 국채수익률,확인 부족,-1,이력 부족: 0/25관측,현재 상태를 판단할 자료가 부족합니다.,확인 부족
2026-08-27,US30Y,미국 30년물 국채수익률,확인 부족,-1,이력 부족: 0/25관측,현재 상태를 판단할 자료가 부족합니다.,확인 부족
2026-08-27,REAL10,미국 10년물 실질금리,확인 부족,-1,이력 부족: 0/25관측,현재 상태를 판단할 자료가 부족합니다.,확인 부족
2026-08-27,TERM,미국 10년물 기간프리미엄,주의,2,과거 504관측 대비 97.8백분위 · 20일 +1bp,금리 상승에 따른 부담을 관찰합니다. 물가·고용·신용의 동반 움직임으로 의미를 구분합니다.,낮음
2026-08-27,CURVE2,미국 10년물-2년물 금리차,확인 부족,-1,이력 부족: 0/22관측,현재 상태를 판단할 자료가 부족합니다.,확인 부족
2026-08-27,CURVE3,미국 10년물-3개월물 금리차,확인 부족,-1,이력 부족: 0/22관측,현재 상태를 판단할 자료가 부족합니다.,확인 부족
2026-08-27,CURVEFED,미국 10년물-기준금리 차,확인 부족,-1,이력 부족: 0/22관측,현재 상태를 판단할 자료가 부족합니다.,확인 부족
2026-08-27,VIX,VIX,안정,0,VIX 14.5 · 5일 -9.4% · 20일 -15.1% · 5일 -1.5포인트,지표 고유의 상태와 다른 시장 영역의 동반 신호를 구분해 확인합니다.,낮음
2026-08-27,VIXPOS,VIX 1년 위치,참고,0,과거 252관측 대비 3.4백분위,최근 분포에서의 위치입니다. 별도 위험 신호로 중복 집계하지 않습니다.,낮음
2026-08-27,HY,하이일드 OAS,안정,0,HY 2.63%p · 5일 -12bp · 20일 -21bp,지표 고유의 상태와 다른 시장 영역의 동반 신호를 구분해 확인합니다.,낮음
2026-08-27,BBB,BBB OAS,안정,0,BBB 0.98%p · 5일 -2bp · 20일 -1bp,지표 고유의 상태와 다른 시장 영역의 동반 신호를 구분해 확인합니다.,낮음
2026-08-27,HYPOS,HY 1년 위치,참고,0,과거 252관측 대비 0.2백분위,최근 분포에서의 위치입니다. 별도 위험 신호로 중복 집계하지 않습니다.,낮음
2026-08-27,UNEMP,미국 실업률,확인 부족,-1,월간 관측 누락: 달력 기간 계산 보류,현재 상태를 판단할 자료가 부족합니다.,확인 부족
2026-08-27,SAHM,Sahm Rule,확인 부족,-1,월간 관측 누락: 달력 기간 계산 보류,현재 상태를 판단할 자료가 부족합니다.,확인 부족
2026-08-27,CLAIMS,신규실업수당 4주평균,확인 부족,-1,이력 부족: 0/55관측,현재 상태를 판단할 자료가 부족합니다.,확인 부족
2026-08-27,CPI,CPI,확인 부족,-1,이력 부족: 0/16관측,현재 상태를 판단할 자료가 부족합니다.,확인 부족
2026-08-27,CORECPI,근원 CPI,확인 부족,-1,이력 부족: 0/16관측,현재 상태를 판단할 자료가 부족합니다.,확인 부족
2026-08-27,COREPCE,근원 PCE,확인 부족,-1,이력 부족: 0/16관측,현재 상태를 판단할 자료가 부족합니다.,확인 부족
2026-08-27,DXY,달러지수,확인 부족,-1,이력 부족: 0/147관측,현재 상태를 판단할 자료가 부족합니다.,확인 부족
2026-08-27,USDKRW,달러/원,확인 부족,-1,이력 부족: 0/147관측,현재 상태를 판단할 자료가 부족합니다.,확인 부족
2026-08-27,USDJPY,달러/엔,확인 부족,-1,이력 부족: 0/147관측,현재 상태를 판단할 자료가 부족합니다.,확인 부족
2026-08-27,WTI,WTI,확인 부족,-1,이력 부족: 0/147관측,현재 상태를 판단할 자료가 부족합니다.,확인 부족
2026-08-27,GOLD,금,관찰,1,5일 +2.07% · 20일 +12.43% · 변동성 기준 52.0/95.4백분위,가격 움직임은 확인되지만 원인을 구분할 교차 근거가 충분하지 않습니다.,낮음
2026-08-27,SILVER,은,정상,0,5일 +2.06% · 20일 +18.05% · 변동성 기준 34.5/86.3백분위,금과 은이 함께 상승합니다. 귀금속 공통 흐름을 확인합니다.,낮음
2026-08-27,COPPER,구리,정상,0,5일 +1.97% · 20일 +2.21% · 변동성 기준 45.4/20.8백분위,가격 움직임은 확인되지만 원인을 구분할 교차 근거가 충분하지 않습니다.,낮음
2026-08-28,SP500,S&P500,확인 부족,-1,이력 부족: 0/252관측,현재 상태를 판단할 자료가 부족합니다.,확인 부족
2026-08-28,NASDAQ,Nasdaq,확인 부족,-1,이력 부족: 0/252관측,현재 상태를 판단할 자료가 부족합니다.,확인 부족
2026-08-28,RUSSELL,Russell 2000,정상,0,5일 -1.5% · 20일 +1.4% · 고점 대비 -3.1%,지표 고유의 상태와 다른 시장 영역의 동반 신호를 구분해 확인합니다.,낮음
2026-08-28,MA200,200일 이동평균 이격,확인 부족,-1,이력 부족: 0/200관측,현재 상태를 판단할 자료가 부족합니다.,확인 부족
2026-08-28,EW,동일가중 상대성과,정상,0,RSP가 SPY 대비 20일 -0.3%p · 5일 상대성과 -0.92%p,지표 고유의 상태와 다른 시장 영역의 동반 신호를 구분해 확인합니다.,낮음
2026-08-28,CAPE,CAPE,확인 부족,-1,이력 부족: 0/120관측,현재 상태를 판단할 자료가 부족합니다.,확인 부족
2026-08-28,ADV,상승 종목 비율,확인 부족,-1,이력 부족: 0/21관측,현재 상태를 판단할 자료가 부족합니다.,확인 부족
2026-08-28,ABOVE200,200DMA 위 종목 비율,확인 부족,-1,이력 부족: 0/21관측,현재 상태를 판단할 자료가 부족합니다.,확인 부족
2026-08-28,HILO,52주 신고가-신저가 비율,확인 부족,-1,이력 부족: 0/21관측,현재 상태를 판단할 자료가 부족합니다.,확인 부족
2026-08-28,EFFR,미국 기준금리,정상,0,20관측 +0bp · 유지 · EFFR 변화는 목표범위 결정 자체와 구분,금리 하락 또는 상대관계 변화을 관찰합니다. 물가·고용·신용의 동반 움직임으로 의미를 구분합니다.,낮음
2026-08-28,US3M,미국 3개월물 국채수익률,확인 부족,-1,이력 부족: 0/25관측,현재 상태를 판단할 자료가 부족합니다.,확인 부족
2026-08-28,US2Y,미국 2년물 국채수익률,확인 부족,-1,이력 부족: 0/25관측,현재 상태를 판단할 자료가 부족합니다.,확인 부족
2026-08-28,US10Y,미국 10년물 국채수익률,확인 부족,-1,이력 부족: 0/25관측,현재 상태를 판단할 자료가 부족합니다.,확인 부족
2026-08-28,US30Y,미국 30년물 국채수익률,확인 부족,-1,이력 부족: 0/25관측,현재 상태를 판단할 자료가 부족합니다.,확인 부족
2026-08-28,REAL10,미국 10년물 실질금리,확인 부족,-1,이력 부족: 0/25관측,현재 상태를 판단할 자료가 부족합니다.,확인 부족
2026-08-28,TERM,미국 10년물 기간프리미엄,주의,2,과거 504관측 대비 100.0백분위 · 20일 +1bp,금리 상승에 따른 부담을 관찰합니다. 물가·고용·신용의 동반 움직임으로 의미를 구분합니다.,낮음
2026-08-28,CURVE2,미국 10년물-2년물 금리차,확인 부족,-1,이력 부족: 0/22관측,현재 상태를 판단할 자료가 부족합니다.,확인 부족
2026-08-28,CURVE3,미국 10년물-3개월물 금리차,확인 부족,-1,이력 부족: 0/22관측,현재 상태를 판단할 자료가 부족합니다.,확인 부족
2026-08-28,CURVEFED,미국 10년물-기준금리 차,확인 부족,-1,이력 부족: 0/22관측,현재 상태를 판단할 자료가 부족합니다.,확인 부족
2026-08-28,VIX,VIX,안정,0,VIX 14.4 · 5일 -4.6% · 20일 -9.8% · 5일 -0.7포인트,지표 고유의 상태와 다른 시장 영역의 동반 신호를 구분해 확인합니다.,낮음
2026-08-28,VIXPOS,VIX 1년 위치,참고,0,과거 252관측 대비 2.8백분위,최근 분포에서의 위치입니다. 별도 위험 신호로 중복 집계하지 않습니다.,낮음
2026-08-28,HY,하이일드 OAS,안정,0,HY 2.60%p · 5일 -10bp · 20일 -25bp,지표 고유의 상태와 다른 시장 영역의 동반 신호를 구분해 확인합니다.,낮음
2026-08-28,BBB,BBB OAS,안정,0,BBB 0.97%p · 5일 -3bp · 20일 -2bp,지표 고유의 상태와 다른 시장 영역의 동반 신호를 구분해 확인합니다.,낮음
2026-08-28,HYPOS,HY 1년 위치,참고,0,과거 252관측 대비 0.0백분위,최근 분포에서의 위치입니다. 별도 위험 신호로 중복 집계하지 않습니다.,낮음
2026-08-28,UNEMP,미국 실업률,확인 부족,-1,월간 관측 누락: 달력 기간 계산 보류,현재 상태를 판단할 자료가 부족합니다.,확인 부족
2026-08-28,SAHM,Sahm Rule,확인 부족,-1,월간 관측 누락: 달력 기간 계산 보류,현재 상태를 판단할 자료가 부족합니다.,확인 부족
2026-08-28,CLAIMS,신규실업수당 4주평균,확인 부족,-1,이력 부족: 0/55관측,현재 상태를 판단할 자료가 부족합니다.,확인 부족
2026-08-28,CPI,CPI,확인 부족,-1,이력 부족: 0/16관측,현재 상태를 판단할 자료가 부족합니다.,확인 부족
2026-08-28,CORECPI,근원 CPI,확인 부족,-1,이력 부족: 0/16관측,현재 상태를 판단할 자료가 부족합니다.,확인 부족
2026-08-28,COREPCE,근원 PCE,확인 부족,-1,이력 부족: 0/16관측,현재 상태를 판단할 자료가 부족합니다.,확인 부족
2026-08-28,DXY,달러지수,확인 부족,-1,이력 부족: 0/147관측,현재 상태를 판단할 자료가 부족합니다.,확인 부족
2026-08-28,USDKRW,달러/원,확인 부족,-1,이력 부족: 0/147관측,현재 상태를 판단할 자료가 부족합니다.,확인 부족
2026-08-28,USDJPY,달러/엔,확인 부족,-1,이력 부족: 0/147관측,현재 상태를 판단할 자료가 부족합니다.,확인 부족
2026-08-28,WTI,WTI,확인 부족,-1,이력 부족: 0/147관측,현재 상태를 판단할 자료가 부족합니다.,확인 부족
2026-08-28,GOLD,금,관찰,1,5일 -3.16% · 20일 +10.59% · 변동성 기준 71.6/92.1백분위,가격 움직임은 확인되지만 원인을 구분할 교차 근거가 충분하지 않습니다.,낮음
2026-08-28,SILVER,은,정상,0,5일 -3.56% · 20일 +16.33% · 변동성 기준 51.4/83.5백분위,금과 은이 함께 상승합니다. 귀금속 공통 흐름을 확인합니다.,낮음
2026-08-28,COPPER,구리,정상,0,5일 -0.27% · 20일 +1.96% · 변동성 기준 6.3/17.9백분위,가격 움직임은 확인되지만 원인을 구분할 교차 근거가 충분하지 않습니다.,낮음
2026-08-31,SP500,S&P500,확인 부족,-1,이력 부족: 0/252관측,현재 상태를 판단할 자료가 부족합니다.,확인 부족
2026-08-31,NASDAQ,Nasdaq,확인 부족,-1,이력 부족: 0/252관측,현재 상태를 판단할 자료가 부족합니다.,확인 부족
2026-08-31,RUSSELL,Russell 2000,정상,0,5일 -1.3% · 20일 -0.9% · 고점 대비 -3.6%,지표 고유의 상태와 다른 시장 영역의 동반 신호를 구분해 확인합니다.,낮음
2026-08-31,MA200,200일 이동평균 이격,확인 부족,-1,이력 부족: 0/200관측,현재 상태를 판단할 자료가 부족합니다.,확인 부족
2026-08-31,EW,동일가중 상대성과,정상,0,RSP가 SPY 대비 20일 -0.2%p · 5일 상대성과 -1.61%p,지표 고유의 상태와 다른 시장 영역의 동반 신호를 구분해 확인합니다.,낮음
2026-08-31,CAPE,CAPE,확인 부족,-1,이력 부족: 0/120관측,현재 상태를 판단할 자료가 부족합니다.,확인 부족
2026-08-31,ADV,상승 종목 비율,확인 부족,-1,이력 부족: 0/21관측,현재 상태를 판단할 자료가 부족합니다.,확인 부족
2026-08-31,ABOVE200,200DMA 위 종목 비율,확인 부족,-1,이력 부족: 0/21관측,현재 상태를 판단할 자료가 부족합니다.,확인 부족
2026-08-31,HILO,52주 신고가-신저가 비율,확인 부족,-1,이력 부족: 0/21관측,현재 상태를 판단할 자료가 부족합니다.,확인 부족
2026-08-31,EFFR,미국 기준금리,정상,0,20관측 +0bp · 유지 · EFFR 변화는 목표범위 결정 자체와 구분,금리 하락 또는 상대관계 변화을 관찰합니다. 물가·고용·신용의 동반 움직임으로 의미를 구분합니다.,낮음
2026-08-31,US3M,미국 3개월물 국채수익률,확인 부족,-1,이력 부족: 0/25관측,현재 상태를 판단할 자료가 부족합니다.,확인 부족
2026-08-31,US2Y,미국 2년물 국채수익률,확인 부족,-1,이력 부족: 0/25관측,현재 상태를 판단할 자료가 부족합니다.,확인 부족
2026-08-31,US10Y,미국 10년물 국채수익률,확인 부족,-1,이력 부족: 0/25관측,현재 상태를 판단할 자료가 부족합니다.,확인 부족
2026-08-31,US30Y,미국 30년물 국채수익률,확인 부족,-1,이력 부족: 0/25관측,현재 상태를 판단할 자료가 부족합니다.,확인 부족
2026-08-31,REAL10,미국 10년물 실질금리,확인 부족,-1,이력 부족: 0/25관측,현재 상태를 판단할 자료가 부족합니다.,확인 부족
2026-08-31,TERM,미국 10년물 기간프리미엄,주의,2,과거 504관측 대비 100.0백분위 · 20일 +1bp,금리 상승에 따른 부담을 관찰합니다. 물가·고용·신용의 동반 움직임으로 의미를 구분합니다.,낮음
2026-08-31,CURVE2,미국 10년물-2년물 금리차,확인 부족,-1,이력 부족: 0/22관측,현재 상태를 판단할 자료가 부족합니다.,확인 부족
2026-08-31,CURVE3,미국 10년물-3개월물 금리차,확인 부족,-1,이력 부족: 0/22관측,현재 상태를 판단할 자료가 부족합니다.,확인 부족
2026-08-31,CURVEFED,미국 10년물-기준금리 차,확인 부족,-1,이력 부족: 0/22관측,현재 상태를 판단할 자료가 부족합니다.,확인 부족
2026-08-31,VIX,VIX,안정,0,VIX 14.9 · 5일 -5.9% · 20일 -5.9% · 5일 -0.9포인트,지표 고유의 상태와 다른 시장 영역의 동반 신호를 구분해 확인합니다.,낮음
2026-08-31,VIXPOS,VIX 1년 위치,참고,0,과거 252관측 대비 8.3백분위,최근 분포에서의 위치입니다. 별도 위험 신호로 중복 집계하지 않습니다.,낮음
2026-08-31,HY,하이일드 OAS,안정,0,HY 2.63%p · 5일 -6bp · 20일 -15bp,지표 고유의 상태와 다른 시장 영역의 동반 신호를 구분해 확인합니다.,낮음
2026-08-31,BBB,BBB OAS,안정,0,BBB 0.98%p · 5일 -2bp · 20일 +1bp,지표 고유의 상태와 다른 시장 영역의 동반 신호를 구분해 확인합니다.,낮음
2026-08-31,HYPOS,HY 1년 위치,참고,0,과거 252관측 대비 0.8백분위,최근 분포에서의 위치입니다. 별도 위험 신호로 중복 집계하지 않습니다.,낮음
2026-08-31,UNEMP,미국 실업률,확인 부족,-1,월간 관측 누락: 달력 기간 계산 보류,현재 상태를 판단할 자료가 부족합니다.,확인 부족
2026-08-31,SAHM,Sahm Rule,확인 부족,-1,월간 관측 누락: 달력 기간 계산 보류,현재 상태를 판단할 자료가 부족합니다.,확인 부족
2026-08-31,CLAIMS,신규실업수당 4주평균,확인 부족,-1,이력 부족: 0/55관측,현재 상태를 판단할 자료가 부족합니다.,확인 부족
2026-08-31,CPI,CPI,확인 부족,-1,이력 부족: 0/16관측,현재 상태를 판단할 자료가 부족합니다.,확인 부족
2026-08-31,CORECPI,근원 CPI,확인 부족,-1,이력 부족: 0/16관측,현재 상태를 판단할 자료가 부족합니다.,확인 부족
2026-08-31,COREPCE,근원 PCE,확인 부족,-1,이력 부족: 0/16관측,현재 상태를 판단할 자료가 부족합니다.,확인 부족
2026-08-31,DXY,달러지수,확인 부족,-1,이력 부족: 0/147관측,현재 상태를 판단할 자료가 부족합니다.,확인 부족
2026-08-31,USDKRW,달러/원,확인 부족,-1,이력 부족: 0/147관측,현재 상태를 판단할 자료가 부족합니다.,확인 부족
2026-08-31,USDJPY,달러/엔,확인 부족,-1,이력 부족: 0/147관측,현재 상태를 판단할 자료가 부족합니다.,확인 부족
2026-08-31,WTI,WTI,확인 부족,-1,이력 부족: 0/147관측,현재 상태를 판단할 자료가 부족합니다.,확인 부족
2026-08-31,GOLD,금,정상,0,5일 -4.52% · 20일 +9.85% · 변동성 기준 86.3/88.9백분위,가격 움직임은 확인되지만 원인을 구분할 교차 근거가 충분하지 않습니다.,낮음
2026-08-31,SILVER,은,정상,0,5일 -3.38% · 20일 +14.83% · 변동성 기준 48.8/79.8백분위,금과 은이 함께 상승합니다. 귀금속 공통 흐름을 확인합니다.,낮음
2026-08-31,COPPER,구리,정상,0,5일 -0.08% · 20일 +1.22% · 변동성 기준 0.8/10.9백분위,가격 움직임은 확인되지만 원인을 구분할 교차 근거가 충분하지 않습니다.,낮음
2026-09-01,SP500,S&P500,확인 부족,-1,이력 부족: 0/252관측,현재 상태를 판단할 자료가 부족합니다.,확인 부족
2026-09-01,NASDAQ,Nasdaq,확인 부족,-1,이력 부족: 0/252관측,현재 상태를 판단할 자료가 부족합니다.,확인 부족
2026-09-01,RUSSELL,Russell 2000,관찰,1,5일 -3.0% · 20일 -3.8% · 고점 대비 -4.8%,지표 고유의 상태와 다른 시장 영역의 동반 신호를 구분해 확인합니다.,낮음
2026-09-01,MA200,200일 이동평균 이격,확인 부족,-1,이력 부족: 0/200관측,현재 상태를 판단할 자료가 부족합니다.,확인 부족
2026-09-01,EW,동일가중 상대성과,정상,0,RSP가 SPY 대비 20일 +0.0%p · 5일 상대성과 -1.35%p,지표 고유의 상태와 다른 시장 영역의 동반 신호를 구분해 확인합니다.,낮음
2026-09-01,CAPE,CAPE,확인 부족,-1,이력 부족: 0/120관측,현재 상태를 판단할 자료가 부족합니다.,확인 부족
2026-09-01,ADV,상승 종목 비율,확인 부족,-1,이력 부족: 0/21관측,현재 상태를 판단할 자료가 부족합니다.,확인 부족
2026-09-01,ABOVE200,200DMA 위 종목 비율,확인 부족,-1,이력 부족: 0/21관측,현재 상태를 판단할 자료가 부족합니다.,확인 부족
2026-09-01,HILO,52주 신고가-신저가 비율,확인 부족,-1,이력 부족: 0/21관측,현재 상태를 판단할 자료가 부족합니다.,확인 부족
2026-09-01,EFFR,미국 기준금리,정상,0,20관측 +0bp · 유지 · EFFR 변화는 목표범위 결정 자체와 구분,금리 하락 또는 상대관계 변화을 관찰합니다. 물가·고용·신용의 동반 움직임으로 의미를 구분합니다.,낮음
2026-09-01,US3M,미국 3개월물 국채수익률,확인 부족,-1,이력 부족: 0/25관측,현재 상태를 판단할 자료가 부족합니다.,확인 부족
2026-09-01,US2Y,미국 2년물 국채수익률,확인 부족,-1,이력 부족: 0/25관측,현재 상태를 판단할 자료가 부족합니다.,확인 부족
2026-09-01,US10Y,미국 10년물 국채수익률,확인 부족,-1,이력 부족: 0/25관측,현재 상태를 판단할 자료가 부족합니다.,확인 부족
2026-09-01,US30Y,미국 30년물 국채수익률,확인 부족,-1,이력 부족: 0/25관측,현재 상태를 판단할 자료가 부족합니다.,확인 부족
2026-09-01,REAL10,미국 10년물 실질금리,확인 부족,-1,이력 부족: 0/25관측,현재 상태를 판단할 자료가 부족합니다.,확인 부족
2026-09-01,TERM,미국 10년물 기간프리미엄,주의,2,과거 504관측 대비 100.0백분위 · 20일 +1bp,금리 상승에 따른 부담을 관찰합니다. 물가·고용·신용의 동반 움직임으로 의미를 구분합니다.,낮음
2026-09-01,CURVE2,미국 10년물-2년물 금리차,확인 부족,-1,이력 부족: 0/22관측,현재 상태를 판단할 자료가 부족합니다.,확인 부족
2026-09-01,CURVE3,미국 10년물-3개월물 금리차,확인 부족,-1,이력 부족: 0/22관측,현재 상태를 판단할 자료가 부족합니다.,확인 부족
2026-09-01,CURVEFED,미국 10년물-기준금리 차,확인 부족,-1,이력 부족: 0/22관측,현재 상태를 판단할 자료가 부족합니다.,확인 부족
2026-09-01,VIX,VIX,정상,0,VIX 16.3 · 5일 +5.8% · 20일 -1.0% · 5일 +0.9포인트,지표 고유의 상태와 다른 시장 영역의 동반 신호를 구분해 확인합니다.,낮음
2026-09-01,VIXPOS,VIX 1년 위치,참고,0,과거 252관측 대비 31.5백분위,최근 분포에서의 위치입니다. 별도 위험 신호로 중복 집계하지 않습니다.,낮음
2026-09-01,HY,하이일드 OAS,안정,0,HY 2.65%p · 5일 -5bp · 20일 -8bp,지표 고유의 상태와 다른 시장 영역의 동반 신호를 구분해 확인합니다.,낮음
2026-09-01,BBB,BBB OAS,안정,0,BBB 0.99%p · 5일 -1bp · 20일 +2bp,지표 고유의 상태와 다른 시장 영역의 동반 신호를 구분해 확인합니다.,낮음
2026-09-01,HYPOS,HY 1년 위치,참고,0,과거 252관측 대비 2.6백분위,최근 분포에서의 위치입니다. 별도 위험 신호로 중복 집계하지 않습니다.,낮음
2026-09-01,UNEMP,미국 실업률,확인 부족,-1,월간 관측 누락: 달력 기간 계산 보류,현재 상태를 판단할 자료가 부족합니다.,확인 부족
2026-09-01,SAHM,Sahm Rule,확인 부족,-1,월간 관측 누락: 달력 기간 계산 보류,현재 상태를 판단할 자료가 부족합니다.,확인 부족
2026-09-01,CLAIMS,신규실업수당 4주평균,확인 부족,-1,이력 부족: 0/55관측,현재 상태를 판단할 자료가 부족합니다.,확인 부족
2026-09-01,CPI,CPI,확인 부족,-1,이력 부족: 0/16관측,현재 상태를 판단할 자료가 부족합니다.,확인 부족
2026-09-01,CORECPI,근원 CPI,확인 부족,-1,이력 부족: 0/16관측,현재 상태를 판단할 자료가 부족합니다.,확인 부족
2026-09-01,COREPCE,근원 PCE,확인 부족,-1,이력 부족: 0/16관측,현재 상태를 판단할 자료가 부족합니다.,확인 부족
2026-09-01,DXY,달러지수,확인 부족,-1,이력 부족: 0/147관측,현재 상태를 판단할 자료가 부족합니다.,확인 부족
2026-09-01,USDKRW,달러/원,확인 부족,-1,이력 부족: 0/147관측,현재 상태를 판단할 자료가 부족합니다.,확인 부족
2026-09-01,USDJPY,달러/엔,확인 부족,-1,이력 부족: 0/147관측,현재 상태를 판단할 자료가 부족합니다.,확인 부족
2026-09-01,WTI,WTI,확인 부족,-1,이력 부족: 0/147관측,현재 상태를 판단할 자료가 부족합니다.,확인 부족
2026-09-01,GOLD,금,관찰,1,5일 -6.25% · 20일 +6.17% · 변동성 기준 94.4/66.1백분위,가격 움직임은 확인되지만 원인을 구분할 교차 근거가 충분하지 않습니다.,낮음
2026-09-01,SILVER,은,정상,0,5일 -5.85% · 20일 +7.60% · 변동성 기준 72.2/54.4백분위,금과 은이 함께 상승합니다. 귀금속 공통 흐름을 확인합니다.,낮음
2026-09-01,COPPER,구리,정상,0,5일 -3.03% · 20일 -1.69% · 변동성 기준 64.1/16.3백분위,가격 움직임은 확인되지만 원인을 구분할 교차 근거가 충분하지 않습니다.,낮음
2026-09-02,SP500,S&P500,확인 부족,-1,이력 부족: 0/252관측,현재 상태를 판단할 자료가 부족합니다.,확인 부족
2026-09-02,NASDAQ,Nasdaq,확인 부족,-1,이력 부족: 0/252관측,현재 상태를 판단할 자료가 부족합니다.,확인 부족
2026-09-02,RUSSELL,Russell 2000,정상,0,5일 -1.8% · 20일 -2.2% · 고점 대비 -3.8%,지표 고유의 상태와 다른 시장 영역의 동반 신호를 구분해 확인합니다.,낮음
2026-09-02,MA200,200일 이동평균 이격,확인 부족,-1,이력 부족: 0/200관측,현재 상태를 판단할 자료가 부족합니다.,확인 부족
2026-09-02,EW,동일가중 상대성과,정상,0,RSP가 SPY 대비 20일 +0.1%p · 5일 상대성과 -1.46%p,지표 고유의 상태와 다른 시장 영역의 동반 신호를 구분해 확인합니다.,낮음
2026-09-02,CAPE,CAPE,확인 부족,-1,이력 부족: 0/120관측,현재 상태를 판단할 자료가 부족합니다.,확인 부족
2026-09-02,ADV,상승 종목 비율,확인 부족,-1,이력 부족: 0/21관측,현재 상태를 판단할 자료가 부족합니다.,확인 부족
2026-09-02,ABOVE200,200DMA 위 종목 비율,확인 부족,-1,이력 부족: 0/21관측,현재 상태를 판단할 자료가 부족합니다.,확인 부족
2026-09-02,HILO,52주 신고가-신저가 비율,확인 부족,-1,이력 부족: 0/21관측,현재 상태를 판단할 자료가 부족합니다.,확인 부족
2026-09-02,EFFR,미국 기준금리,정상,0,20관측 +0bp · 유지 · EFFR 변화는 목표범위 결정 자체와 구분,금리 하락 또는 상대관계 변화을 관찰합니다. 물가·고용·신용의 동반 움직임으로 의미를 구분합니다.,낮음
2026-09-02,US3M,미국 3개월물 국채수익률,확인 부족,-1,이력 부족: 0/25관측,현재 상태를 판단할 자료가 부족합니다.,확인 부족
2026-09-02,US2Y,미국 2년물 국채수익률,확인 부족,-1,이력 부족: 0/25관측,현재 상태를 판단할 자료가 부족합니다.,확인 부족
2026-09-02,US10Y,미국 10년물 국채수익률,확인 부족,-1,이력 부족: 0/25관측,현재 상태를 판단할 자료가 부족합니다.,확인 부족
2026-09-02,US30Y,미국 30년물 국채수익률,확인 부족,-1,이력 부족: 0/25관측,현재 상태를 판단할 자료가 부족합니다.,확인 부족
2026-09-02,REAL10,미국 10년물 실질금리,확인 부족,-1,이력 부족: 0/25관측,현재 상태를 판단할 자료가 부족합니다.,확인 부족
2026-09-02,TERM,미국 10년물 기간프리미엄,주의,2,과거 504관측 대비 100.0백분위 · 20일 +1bp,금리 상승에 따른 부담을 관찰합니다. 물가·고용·신용의 동반 움직임으로 의미를 구분합니다.,낮음
2026-09-02,CURVE2,미국 10년물-2년물 금리차,확인 부족,-1,이력 부족: 0/22관측,현재 상태를 판단할 자료가 부족합니다.,확인 부족
2026-09-02,CURVE3,미국 10년물-3개월물 금리차,확인 부족,-1,이력 부족: 0/22관측,현재 상태를 판단할 자료가 부족합니다.,확인 부족
2026-09-02,CURVEFED,미국 10년물-기준금리 차,확인 부족,-1,이력 부족: 0/22관측,현재 상태를 판단할 자료가 부족합니다.,확인 부족
2026-09-02,VIX,VIX,정상,0,VIX 15.2 · 5일 -0.1% · 20일 -3.9% · 5일 -0.0포인트,지표 고유의 상태와 다른 시장 영역의 동반 신호를 구분해 확인합니다.,낮음
2026-09-02,VIXPOS,VIX 1년 위치,참고,0,과거 252관측 대비 11.1백분위,최근 분포에서의 위치입니다. 별도 위험 신호로 중복 집계하지 않습니다.,낮음
2026-09-02,HY,하이일드 OAS,안정,0,HY 2.66%p · 5일 -1bp · 20일 -9bp,지표 고유의 상태와 다른 시장 영역의 동반 신호를 구분해 확인합니다.,낮음
2026-09-02,BBB,BBB OAS,안정,0,BBB 0.99%p · 5일 +0bp · 20일 +3bp,지표 고유의 상태와 다른 시장 영역의 동반 신호를 구분해 확인합니다.,낮음
2026-09-02,HYPOS,HY 1년 위치,참고,0,과거 252관측 대비 4.2백분위,최근 분포에서의 위치입니다. 별도 위험 신호로 중복 집계하지 않습니다.,낮음
2026-09-02,UNEMP,미국 실업률,확인 부족,-1,월간 관측 누락: 달력 기간 계산 보류,현재 상태를 판단할 자료가 부족합니다.,확인 부족
2026-09-02,SAHM,Sahm Rule,확인 부족,-1,월간 관측 누락: 달력 기간 계산 보류,현재 상태를 판단할 자료가 부족합니다.,확인 부족
2026-09-02,CLAIMS,신규실업수당 4주평균,확인 부족,-1,이력 부족: 0/55관측,현재 상태를 판단할 자료가 부족합니다.,확인 부족
2026-09-02,CPI,CPI,확인 부족,-1,이력 부족: 0/16관측,현재 상태를 판단할 자료가 부족합니다.,확인 부족
2026-09-02,CORECPI,근원 CPI,확인 부족,-1,이력 부족: 0/16관측,현재 상태를 판단할 자료가 부족합니다.,확인 부족
2026-09-02,COREPCE,근원 PCE,확인 부족,-1,이력 부족: 0/16관측,현재 상태를 판단할 자료가 부족합니다.,확인 부족
2026-09-02,DXY,달러지수,확인 부족,-1,이력 부족: 0/147관측,현재 상태를 판단할 자료가 부족합니다.,확인 부족
2026-09-02,USDKRW,달러/원,확인 부족,-1,이력 부족: 0/147관측,현재 상태를 판단할 자료가 부족합니다.,확인 부족
2026-09-02,USDJPY,달러/엔,확인 부족,-1,이력 부족: 0/147관측,현재 상태를 판단할 자료가 부족합니다.,확인 부족
2026-09-02,WTI,WTI,확인 부족,-1,이력 부족: 0/147관측,현재 상태를 판단할 자료가 부족합니다.,확인 부족
2026-09-02,GOLD,금,정상,0,5일 -5.04% · 20일 +2.84% · 변동성 기준 88.9/34.9백분위,가격 움직임은 확인되지만 원인을 구분할 교차 근거가 충분하지 않습니다.,낮음
2026-09-02,SILVER,은,정상,0,5일 -4.81% · 20일 +4.23% · 변동성 기준 65.3/34.1백분위,가격 움직임은 확인되지만 원인을 구분할 교차 근거가 충분하지 않습니다.,낮음
2026-09-02,COPPER,구리,정상,0,5일 -1.42% · 20일 -3.01% · 변동성 기준 31.2/30.6백분위,가격 움직임은 확인되지만 원인을 구분할 교차 근거가 충분하지 않습니다.,낮음
2026-09-03,SP500,S&P500,확인 부족,-1,이력 부족: 0/252관측,현재 상태를 판단할 자료가 부족합니다.,확인 부족
2026-09-03,NASDAQ,Nasdaq,확인 부족,-1,이력 부족: 0/252관측,현재 상태를 판단할 자료가 부족합니다.,확인 부족
2026-09-03,RUSSELL,Russell 2000,정상,0,5일 -1.5% · 20일 -1.1% · 고점 대비 -3.3%,지표 고유의 상태와 다른 시장 영역의 동반 신호를 구분해 확인합니다.,낮음
2026-09-03,MA200,200일 이동평균 이격,확인 부족,-1,이력 부족: 0/200관측,현재 상태를 판단할 자료가 부족합니다.,확인 부족
2026-09-03,EW,동일가중 상대성과,정상,0,RSP가 SPY 대비 20일 +0.1%p · 5일 상대성과 -0.90%p,지표 고유의 상태와 다른 시장 영역의 동반 신호를 구분해 확인합니다.,낮음
2026-09-03,CAPE,CAPE,확인 부족,-1,이력 부족: 0/120관측,현재 상태를 판단할 자료가 부족합니다.,확인 부족
2026-09-03,ADV,상승 종목 비율,확인 부족,-1,이력 부족: 0/21관측,현재 상태를 판단할 자료가 부족합니다.,확인 부족
2026-09-03,ABOVE200,200DMA 위 종목 비율,확인 부족,-1,이력 부족: 0/21관측,현재 상태를 판단할 자료가 부족합니다.,확인 부족
2026-09-03,HILO,52주 신고가-신저가 비율,확인 부족,-1,이력 부족: 0/21관측,현재 상태를 판단할 자료가 부족합니다.,확인 부족
2026-09-03,EFFR,미국 기준금리,정상,0,20관측 +0bp · 유지 · EFFR 변화는 목표범위 결정 자체와 구분,금리 하락 또는 상대관계 변화을 관찰합니다. 물가·고용·신용의 동반 움직임으로 의미를 구분합니다.,낮음
2026-09-03,US3M,미국 3개월물 국채수익률,확인 부족,-1,이력 부족: 0/25관측,현재 상태를 판단할 자료가 부족합니다.,확인 부족
2026-09-03,US2Y,미국 2년물 국채수익률,확인 부족,-1,이력 부족: 0/25관측,현재 상태를 판단할 자료가 부족합니다.,확인 부족
2026-09-03,US10Y,미국 10년물 국채수익률,확인 부족,-1,이력 부족: 0/25관측,현재 상태를 판단할 자료가 부족합니다.,확인 부족
2026-09-03,US30Y,미국 30년물 국채수익률,확인 부족,-1,이력 부족: 0/25관측,현재 상태를 판단할 자료가 부족합니다.,확인 부족
2026-09-03,REAL10,미국 10년물 실질금리,확인 부족,-1,이력 부족: 0/25관측,현재 상태를 판단할 자료가 부족합니다.,확인 부족
2026-09-03,TERM,미국 10년물 기간프리미엄,주의,2,과거 504관측 대비 100.0백분위 · 20일 +1bp,금리 상승에 따른 부담을 관찰합니다. 물가·고용·신용의 동반 움직임으로 의미를 구분합니다.,낮음
2026-09-03,CURVE2,미국 10년물-2년물 금리차,확인 부족,-1,이력 부족: 0/22관측,현재 상태를 판단할 자료가 부족합니다.,확인 부족
2026-09-03,CURVE3,미국 10년물-3개월물 금리차,확인 부족,-1,이력 부족: 0/22관측,현재 상태를 판단할 자료가 부족합니다.,확인 부족
2026-09-03,CURVEFED,미국 10년물-기준금리 차,확인 부족,-1,이력 부족: 0/22관측,현재 상태를 판단할 자료가 부족합니다.,확인 부족
2026-09-03,VIX,VIX,안정,0,VIX 14.3 · 5일 -1.3% · 20일 -5.5% · 5일 -0.2포인트,지표 고유의 상태와 다른 시장 영역의 동반 신호를 구분해 확인합니다.,낮음
2026-09-03,VIXPOS,VIX 1년 위치,참고,0,과거 252관측 대비 2.4백분위,최근 분포에서의 위치입니다. 별도 위험 신호로 중복 집계하지 않습니다.,낮음
2026-09-03,HY,하이일드 OAS,안정,0,HY 2.65%p · 5일 +2bp · 20일 -6bp,지표 고유의 상태와 다른 시장 영역의 동반 신호를 구분해 확인합니다.,낮음
2026-09-03,BBB,BBB OAS,안정,0,BBB 1.00%p · 5일 +2bp · 20일 +3bp,지표 고유의 상태와 다른 시장 영역의 동반 신호를 구분해 확인합니다.,낮음
2026-09-03,HYPOS,HY 1년 위치,참고,0,과거 252관측 대비 2.8백분위,최근 분포에서의 위치입니다. 별도 위험 신호로 중복 집계하지 않습니다.,낮음
2026-09-03,UNEMP,미국 실업률,확인 부족,-1,월간 관측 누락: 달력 기간 계산 보류,현재 상태를 판단할 자료가 부족합니다.,확인 부족
2026-09-03,SAHM,Sahm Rule,확인 부족,-1,월간 관측 누락: 달력 기간 계산 보류,현재 상태를 판단할 자료가 부족합니다.,확인 부족
2026-09-03,CLAIMS,신규실업수당 4주평균,확인 부족,-1,이력 부족: 0/55관측,현재 상태를 판단할 자료가 부족합니다.,확인 부족
2026-09-03,CPI,CPI,확인 부족,-1,이력 부족: 0/16관측,현재 상태를 판단할 자료가 부족합니다.,확인 부족
2026-09-03,CORECPI,근원 CPI,확인 부족,-1,이력 부족: 0/16관측,현재 상태를 판단할 자료가 부족합니다.,확인 부족
2026-09-03,COREPCE,근원 PCE,확인 부족,-1,이력 부족: 0/16관측,현재 상태를 판단할 자료가 부족합니다.,확인 부족
2026-09-03,DXY,달러지수,확인 부족,-1,이력 부족: 0/147관측,현재 상태를 판단할 자료가 부족합니다.,확인 부족
2026-09-03,USDKRW,달러/원,확인 부족,-1,이력 부족: 0/147관측,현재 상태를 판단할 자료가 부족합니다.,확인 부족
2026-09-03,USDJPY,달러/엔,확인 부족,-1,이력 부족: 0/147관측,현재 상태를 판단할 자료가 부족합니다.,확인 부족
2026-09-03,WTI,WTI,확인 부족,-1,이력 부족: 0/147관측,현재 상태를 판단할 자료가 부족합니다.,확인 부족
2026-09-03,GOLD,금,정상,0,5일 -2.56% · 20일 +5.89% · 변동성 기준 60.1/63.7백분위,가격 움직임은 확인되지만 원인을 구분할 교차 근거가 충분하지 않습니다.,낮음
2026-09-03,SILVER,은,정상,0,5일 -3.54% · 20일 +9.01% · 변동성 기준 50.4/62.7백분위,금과 은이 함께 상승합니다. 귀금속 공통 흐름을 확인합니다.,낮음
2026-09-03,COPPER,구리,정상,0,5일 -0.15% · 20일 -1.64% · 변동성 기준 3.2/15.5백분위,가격 움직임은 확인되지만 원인을 구분할 교차 근거가 충분하지 않습니다.,낮음
2026-09-04,SP500,S&P500,확인 부족,-1,이력 부족: 0/252관측,현재 상태를 판단할 자료가 부족합니다.,확인 부족
2026-09-04,NASDAQ,Nasdaq,확인 부족,-1,이력 부족: 0/252관측,현재 상태를 판단할 자료가 부족합니다.,확인 부족
2026-09-04,RUSSELL,Russell 2000,정상,0,5일 +0.1% · 20일 -1.9% · 고점 대비 -3.0%,지표 고유의 상태와 다른 시장 영역의 동반 신호를 구분해 확인합니다.,낮음
2026-09-04,MA200,200일 이동평균 이격,확인 부족,-1,이력 부족: 0/200관측,현재 상태를 판단할 자료가 부족합니다.,확인 부족
2026-09-04,EW,동일가중 상대성과,정상,0,RSP가 SPY 대비 20일 -0.1%p · 5일 상대성과 -0.87%p,지표 고유의 상태와 다른 시장 영역의 동반 신호를 구분해 확인합니다.,낮음
2026-09-04,CAPE,CAPE,확인 부족,-1,이력 부족: 0/120관측,현재 상태를 판단할 자료가 부족합니다.,확인 부족
2026-09-04,ADV,상승 종목 비율,확인 부족,-1,이력 부족: 0/21관측,현재 상태를 판단할 자료가 부족합니다.,확인 부족
2026-09-04,ABOVE200,200DMA 위 종목 비율,확인 부족,-1,이력 부족: 0/21관측,현재 상태를 판단할 자료가 부족합니다.,확인 부족
2026-09-04,HILO,52주 신고가-신저가 비율,확인 부족,-1,이력 부족: 0/21관측,현재 상태를 판단할 자료가 부족합니다.,확인 부족
2026-09-04,EFFR,미국 기준금리,정상,0,20관측 +0bp · 유지 · EFFR 변화는 목표범위 결정 자체와 구분,금리 하락 또는 상대관계 변화을 관찰합니다. 물가·고용·신용의 동반 움직임으로 의미를 구분합니다.,낮음
2026-09-04,US3M,미국 3개월물 국채수익률,확인 부족,-1,이력 부족: 0/25관측,현재 상태를 판단할 자료가 부족합니다.,확인 부족
2026-09-04,US2Y,미국 2년물 국채수익률,확인 부족,-1,이력 부족: 0/25관측,현재 상태를 판단할 자료가 부족합니다.,확인 부족
2026-09-04,US10Y,미국 10년물 국채수익률,확인 부족,-1,이력 부족: 0/25관측,현재 상태를 판단할 자료가 부족합니다.,확인 부족
2026-09-04,US30Y,미국 30년물 국채수익률,확인 부족,-1,이력 부족: 0/25관측,현재 상태를 판단할 자료가 부족합니다.,확인 부족
2026-09-04,REAL10,미국 10년물 실질금리,확인 부족,-1,이력 부족: 0/25관측,현재 상태를 판단할 자료가 부족합니다.,확인 부족
2026-09-04,TERM,미국 10년물 기간프리미엄,주의,2,과거 504관측 대비 100.0백분위 · 20일 +1bp,금리 상승에 따른 부담을 관찰합니다. 물가·고용·신용의 동반 움직임으로 의미를 구분합니다.,낮음
2026-09-04,CURVE2,미국 10년물-2년물 금리차,확인 부족,-1,이력 부족: 0/22관측,현재 상태를 판단할 자료가 부족합니다.,확인 부족
2026-09-04,CURVE3,미국 10년물-3개월물 금리차,확인 부족,-1,이력 부족: 0/22관측,현재 상태를 판단할 자료가 부족합니다.,확인 부족
2026-09-04,CURVEFED,미국 10년물-기준금리 차,확인 부족,-1,이력 부족: 0/22관측,현재 상태를 판단할 자료가 부족합니다.,확인 부족
2026-09-04,VIX,VIX,안정,0,VIX 14.3 · 5일 -1.3% · 20일 -5.5% · 5일 -0.2포인트,지표 고유의 상태와 다른 시장 영역의 동반 신호를 구분해 확인합니다.,낮음
2026-09-04,VIXPOS,VIX 1년 위치,참고,0,과거 252관측 대비 2.4백분위,최근 분포에서의 위치입니다. 별도 위험 신호로 중복 집계하지 않습니다.,낮음
2026-09-04,HY,하이일드 OAS,안정,0,HY 2.65%p · 5일 +2bp · 20일 -6bp,지표 고유의 상태와 다른 시장 영역의 동반 신호를 구분해 확인합니다.,낮음
2026-09-04,BBB,BBB OAS,안정,0,BBB 1.00%p · 5일 +2bp · 20일 +3bp,지표 고유의 상태와 다른 시장 영역의 동반 신호를 구분해 확인합니다.,낮음
2026-09-04,HYPOS,HY 1년 위치,참고,0,과거 252관측 대비 2.8백분위,최근 분포에서의 위치입니다. 별도 위험 신호로 중복 집계하지 않습니다.,낮음
2026-09-04,UNEMP,미국 실업률,확인 부족,-1,월간 관측 누락: 달력 기간 계산 보류,현재 상태를 판단할 자료가 부족합니다.,확인 부족
2026-09-04,SAHM,Sahm Rule,확인 부족,-1,월간 관측 누락: 달력 기간 계산 보류,현재 상태를 판단할 자료가 부족합니다.,확인 부족
2026-09-04,CLAIMS,신규실업수당 4주평균,확인 부족,-1,이력 부족: 0/55관측,현재 상태를 판단할 자료가 부족합니다.,확인 부족
2026-09-04,CPI,CPI,확인 부족,-1,이력 부족: 0/16관측,현재 상태를 판단할 자료가 부족합니다.,확인 부족
2026-09-04,CORECPI,근원 CPI,확인 부족,-1,이력 부족: 0/16관측,현재 상태를 판단할 자료가 부족합니다.,확인 부족
2026-09-04,COREPCE,근원 PCE,확인 부족,-1,이력 부족: 0/16관측,현재 상태를 판단할 자료가 부족합니다.,확인 부족
2026-09-04,DXY,달러지수,확인 부족,-1,이력 부족: 0/147관측,현재 상태를 판단할 자료가 부족합니다.,확인 부족
2026-09-04,USDKRW,달러/원,확인 부족,-1,이력 부족: 0/147관측,현재 상태를 판단할 자료가 부족합니다.,확인 부족
2026-09-04,USDJPY,달러/엔,확인 부족,-1,이력 부족: 0/147관측,현재 상태를 판단할 자료가 부족합니다.,확인 부족
2026-09-04,WTI,WTI,확인 부족,-1,이력 부족: 0/147관측,현재 상태를 판단할 자료가 부족합니다.,확인 부족
2026-09-04,GOLD,금,정상,0,5일 -0.02% · 20일 +3.14% · 변동성 기준 0.0/38.3백분위,가격 움직임은 확인되지만 원인을 구분할 교차 근거가 충분하지 않습니다.,낮음
2026-09-04,SILVER,은,정상,0,5일 -0.26% · 20일 +5.51% · 변동성 기준 3.8/41.7백분위,금과 은이 함께 상승합니다. 귀금속 공통 흐름을 확인합니다.,낮음
2026-09-04,COPPER,구리,정상,0,5일 +1.62% · 20일 +1.48% · 변동성 기준 36.3/13.3백분위,가격 움직임은 확인되지만 원인을 구분할 교차 근거가 충분하지 않습니다.,낮음
